Name,Height,Weight,Reach
"Nariman ""Bayraktar"" Abbasov | Orthodox","5' 8""",155 lbs.,"66.0"""
"Hamdy ""The Hammer"" Abdelwahab | Southpaw","6' 2""",264 lbs.,"72.0"""
Mansur Abdul-Malik | Orthodox,"6' 2""",185 lbs.,"80.0"""
"Shamil ""Abrek"" Abdurakhimov | Orthodox","6' 3""",235 lbs.,"76.0"""
Daichi Abe | Orthodox,"5' 11""",170 lbs.,"71.0"""
"Klidson ""White Bear"" Abreu | Orthodox","6' 0""",205 lbs.,"74.0"""
"John ""The Outlaw"" Adajar | Orthodox","5' 9""",170 lbs.,"75.0"""
"Juan ""The Kraken"" Adams | Orthodox","6' 5""",265 lbs.,"80.0"""
"Anthony ""Sugafoot"" Adams | Orthodox","6' 1""",185 lbs.,"76.0"""
"Zarrukh ""The Lion"" Adashev | Southpaw","5' 5""",125 lbs.,"65.0"""
"Israel ""The Last Stylebender"" Adesanya | Switch","6' 4""",185 lbs.,"80.0"""
Mohamed Ado | Switch,"5' 11""",170 lbs.,"76.0"""
"Mariya ""Money Mashka"" Agapova | Southpaw","5' 6""",125 lbs.,"68.0"""
"Jessica ""Jag"" Aguilar | Orthodox","5' 3""",115 lbs.,"63.0"""
"Kevin ""Angel of Death"" Aguilar | Orthodox","5' 7""",155 lbs.,"73.0"""
Jesus Aguilar | Orthodox,"5' 4""",125 lbs.,"62.0"""
"Christian ""The Beast"" Aguilera | Switch","5' 9""",170 lbs.,"72.0"""
"Nick ""Slick"" Aguirre | Southpaw","5' 9""",135 lbs.,"74.0"""
"Ashiek ""Peak Physique"" Ajim | Switch","5' 8""",135 lbs.,"71.0"""
"Omari ""Wolverine"" Akhmedov | Orthodox","6' 0""",185 lbs.,"73.0"""
Yoshihiro Akiyama | Orthodox,"5' 10""",170 lbs.,"75.0"""
Rostem Akman | Switch,"5' 10""",170 lbs.,"72.0"""
"Abdul-Kareem ""Pride of Palestine"" Al-Selwady | Orthodox","5' 8""",155 lbs.,"69.0"""
Mostapha Al-Turk | Orthodox,"6' 2""",245 lbs.,"77.0"""
Herdem Alacabek | Orthodox,"6' 2""",205 lbs.,"75.0"""
"Amir ""The Prince"" Albazi | Orthodox","5' 5""",125 lbs.,"68.0"""
"John ""Prince"" Albert | Orthodox","5' 8""",135 lbs.,"68.0"""
"Junior ""Baby"" Albini | Orthodox","6' 3""",264 lbs.,"74.0"""
"Aleksandra ""Stitch"" Albu | Orthodox","5' 2""",115 lbs.,"63.0"""
"Iuri ""Marajo"" Alcantara | Southpaw","5' 9""",135 lbs.,"71.0"""
"Ildemar ""Marajo"" Alcantara | Orthodox","6' 2""",185 lbs.,"78.0"""
Irene Aldana | Orthodox,"5' 9""",135 lbs.,"68.0"""
Hector Aldana | Orthodox,"5' 11""",170 lbs.,"72.0"""
"Jose ""Pochito"" Alday | Orthodox","5' 7""",135 lbs.,"68.0"""
Jose Aldo | Orthodox,"5' 7""",135 lbs.,"70.0"""
JJ Aldrich | Southpaw,"5' 5""",125 lbs.,"67.0"""
"Irina ""Russian Ronda"" Alekseeva | Orthodox","5' 8""",135 lbs.,"67.0"""
"Talita ""Problem Child"" Alencar | Orthodox","5' 1""",115 lbs.,"58.0"""
"Jim ""The Beast"" Alers | Orthodox","5' 9""",145 lbs.,"71.0"""
"John ""The Natural"" Alessio | Orthodox","5' 10""",155 lbs.,"72.0"""
"Houston ""The Assassin"" Alexander | Orthodox","6' 0""",205 lbs.,"72.0"""
"Lucas ""The Lion"" Alexander | Orthodox","5' 11""",145 lbs.,"73.0"""
"Marcio ""Lyoto"" Alexandre Junior | Southpaw","6' 0""",185 lbs.,"75.0"""
"Bill ""Senor Perfecto"" Algeo | Switch","6' 0""",145 lbs.,"73.0"""
Sultan Aliev | Orthodox,"5' 11""",170 lbs.,"74.0"""
"Nurullo ""Tajik Eagle"" Aliev | Orthodox","5' 10""",155 lbs.,"72.0"""
Ikram Aliskerov | Southpaw,"6' 0""",185 lbs.,"76.0"""
"Leon ""The Albanian Lion"" Aliu | Orthodox","6' 0""",185 lbs.,"74.0"""
John Allan | Orthodox,"6' 1""",205 lbs.,"75.0"""
"Arnold ""Almighty"" Allen | Southpaw","5' 8""",145 lbs.,"70.0"""
"Brendan ""All In"" Allen | Orthodox","6' 2""",185 lbs.,"75.0"""
Daniel Allen | Southpaw,"6' 0""",155 lbs.,"75.0"""
"Ben ""Blanco"" Alloway | Orthodox","5' 11""",170 lbs.,"76.0"""
"Asu ""Zulfikar"" Almabayev | Orthodox","5' 4""",125 lbs.,"65.0"""
"Bekzat ""The Turan Warrior"" Almakhan | Orthodox","5' 7""",135 lbs.,"68.0"""
"John Dave ""The Striker"" Almanza | Southpaw","5' 7""",125 lbs.,"67.0"""
"Ricardo ""Big Dog"" Almeida | Orthodox","6' 0""",170 lbs.,"74.0"""
"Thomas ""Thominhas"" Almeida | Southpaw","5' 7""",145 lbs.,"70.0"""
"Jailton ""Malhadinho"" Almeida | Orthodox","6' 3""",205 lbs.,"79.0"""
Lucas Almeida | Orthodox,"5' 11""",145 lbs.,"71.0"""
"Cesar ""Cesinha"" Almeida | Orthodox","6' 1""",185 lbs.,"74.0"""
"Sarah ""Too Sweet"" Alpar | Southpaw","5' 4""",135 lbs.,"63.0"""
"Ali ""The Royal Fighter"" AlQaisi | Orthodox","5' 6""",135 lbs.,"68.0"""
"Victor ""El Magnifico"" Altamirano | Switch","5' 8""",125 lbs.,"70.0"""
"Patricia ""The Angel"" Alujas | Orthodox","5' 4""",115 lbs.,"64.0"""
Eddie Alvarez | Orthodox,"5' 9""",155 lbs.,"69.0"""
Jaime Alvarez | Orthodox,"5' 8""",125 lbs.,"69.0"""
"Joel ""El Fenomeno"" Alvarez | Orthodox","6' 3""",155 lbs.,"77.0"""
"Thiago ""Pitbull"" Alves | Orthodox","5' 9""",170 lbs.,"70.0"""
Warlley Alves | Orthodox,"5' 11""",185 lbs.,"72.0"""
"Rafael ""The Turn"" Alves | Orthodox","5' 8""",155 lbs.,"68.0"""
"Sam ""Smile'N"" Alvey | Southpaw","6' 2""",185 lbs.,"75.0"""
"Adlan ""Borz"" Amagov | Orthodox","6' 2""",170 lbs.,"76.0"""
Alen Amedovski | Orthodox,"5' 10""",185 lbs.,"74.0"""
"Hyder ""The Hurricane"" Amil | Switch","5' 9""",145 lbs.,"70.0"""
"Makwan ""Mr. Finland"" Amirkhani | Southpaw","5' 10""",145 lbs.,"72.0"""
Jaqueline Amorim | Orthodox,"5' 3""",115 lbs.,"68.0"""
"Eryk ""Ya Boi"" Anders | Southpaw","6' 1""",185 lbs.,"75.0"""
"Corey ""Overtime"" Anderson | Orthodox","6' 3""",205 lbs.,"79.0"""
Megan Anderson | Orthodox,"6' 0""",145 lbs.,"72.0"""
Liam Anderson | Orthodox,"6' 3""",185 lbs.,"75.0"""
"Tatsuya ""Kirinji"" Ando | Southpaw","5' 4""",145 lbs.,"68.0"""
"Jessica ""Bate Estaca"" Andrade | Orthodox","5' 1""",115 lbs.,"62.0"""
Viscardi Andrade | Orthodox,"5' 11""",170 lbs.,"75.0"""
Juan Andres Luna | Orthodox,"5' 7""",125 lbs.,"72.0"""
"Dylan ""The Villain"" Andrews | Switch","6' 1""",185 lbs.,"74.0"""
Collin Anglin | Orthodox,"5' 9""",145 lbs.,"71.0"""
"Chad ""The Monster"" Anheliger | Orthodox","5' 6""",135 lbs.,"64.0"""
Magomed Ankalaev | Orthodox,"6' 3""",205 lbs.,"75.0"""
Gadzhimurad Antigulov | Orthodox,"5' 11""",205 lbs.,"70.0"""
"Adam ""Captain Chaos"" Antolin | Orthodox","5' 5""",125 lbs.,"63.0"""
Vanilto Antunes | Orthodox,"6' 0""",170 lbs.,"72.0"""
"Shinsho ""Animal"" Anzai | Orthodox","5' 7""",170 lbs.,"70.0"""
Jin Aoi | Orthodox,"5' 6""",145 lbs.,"68.0"""
"Felipe ""Sertanejo"" Arantes | Orthodox","5' 8""",135 lbs.,"73.0"""
Igor Araujo | Orthodox,"6' 1""",170 lbs.,"77.0"""
"Viviane ""Vivi"" Araujo | Orthodox","5' 4""",125 lbs.,"68.0"""
Julio Arce | Southpaw,"5' 7""",145 lbs.,"70.0"""
Alice Ardelean | Orthodox,"5' 3""",115 lbs.,"62.0"""
"Dan ""The Determined"" Argueta | Southpaw","5' 7""",135 lbs.,"68.0"""
Hashem Arkhagha | Orthodox,"6' 2""",185 lbs.,"75.0"""
"Andrei ""The Pitbull"" Arlovski | Orthodox","6' 3""",240 lbs.,"77.0"""
Garrett Armfield | Orthodox,"5' 6""",135 lbs.,"70.0"""
Austin Arnett | Orthodox,"6' 0""",145 lbs.,"72.0"""
"Eli ""The Israeli Tank"" Aronov | Orthodox","5' 10""",185 lbs.,"72.0"""
"Akbarh ""El Caballero"" Arreola | Southpaw","5' 10""",155 lbs.,"71.0"""
"Matt ""No Regard"" Arroyo | Orthodox","5' 10""",170 lbs.,"72.0"""
Antonio Arroyo | Orthodox,"6' 3""",185 lbs.,"73.0"""
Kai Asakura | Orthodox,"5' 8""",125 lbs.,"69.0"""
"Teddy ""Bear"" Ash | Switch","6' 1""",185 lbs.,"73.0"""
"Yanal ""Red Fox"" Ashmouz | Orthodox","5' 9""",155 lbs.,"69.0"""
"Askar ""AK-47"" Askar | Orthodox","5' 7""",145 lbs.,"69.0"""
"Askar ""Bullet"" Askarov | Orthodox","5' 6""",125 lbs.,"67.0"""
"Cyril ""Silverback"" Asker | Orthodox","6' 0""",247 lbs.,"74.0"""
"Khusein ""Nohcho"" Askhabov | Orthodox","5' 8""",145 lbs.,"69.0"""
Scott Askham | Southpaw,"6' 3""",185 lbs.,"75.0"""
"Ben ""Funky"" Askren | Orthodox","5' 11""",170 lbs.,"73.0"""
"Ibo ""The Last Ottoman"" Aslan | Orthodox","6' 3""",205 lbs.,"77.0"""
Tom Aspinall | Orthodox,"6' 5""",256 lbs.,"78.0"""
Junior Assuncao | Orthodox,"5' 9""",145 lbs.,"72.0"""
Raphael Assuncao | Orthodox,"5' 5""",135 lbs.,"66.0"""
"Michael ""The Texas Kid"" Aswell | Orthodox","5' 8""",155 lbs.,"69.0"""
"Rich ""The Raging Bull"" Attonito | Orthodox","5' 10""",170 lbs.,"72.0"""
"Olivier ""The Canadian Gangster"" Aubin-Mercier | Southpaw","5' 9""",155 lbs.,"70.0"""
"Marcus ""Maximus"" Aurelio | Orthodox","5' 10""",155 lbs.,"74.0"""
"Blas ""The Disciple"" Avena | Orthodox","6' 0""",170 lbs.,"74.0"""
"Julia ""Raging Panda"" Avila | Orthodox","5' 7""",135 lbs.,"68.0"""
Jessin Ayari | Orthodox,"6' 0""",155 lbs.,"73.0"""
"Abu ""Captain Morocco"" Azaitar | Orthodox","5' 9""",185 lbs.,"76.0"""
"Ottman ""Bulldozer"" Azaitar | Switch","5' 8""",155 lbs.,"71.0"""
Hunter Azure | Orthodox,"5' 8""",145 lbs.,"69.0"""
"Seth ""The Polish Pistola"" Baczynski | Orthodox","6' 3""",170 lbs.,"75.0"""
"Ryan ""Darth"" Bader | Orthodox","6' 2""",205 lbs.,"74.0"""
"Miguel ""Caramel Thunder"" Baeza | Orthodox","6' 2""",170 lbs.,"74.0"""
"Ali ""Puncher"" Bagautinov | Orthodox","5' 4""",125 lbs.,"65.0"""
"Melsik ""The Gun"" Baghdasaryan | Southpaw","5' 9""",145 lbs.,"70.0"""
"Siyar ""The Great"" Bahadurzada | Orthodox","5' 11""",170 lbs.,"73.0"""
"Ignacio ""La Jaula"" Bahamondes | Orthodox","6' 3""",155 lbs.,"75.0"""
"Bahatebole ""Lion King"" Batebolati | Southpaw","5' 8""",170 lbs.,"71.0"""
Shamar Bailey | Southpaw,"5' 9""",155 lbs.,"75.0"""
"Oluwale ""Holy War Angel"" Bamgbose | Switch","5' 11""",185 lbs.,"78.0"""
Humberto Bandenay | Southpaw,"5' 11""",145 lbs.,"71.0"""
"Tae Hyun ""Supernatural"" Bang | Switch","5' 9""",155 lbs.,"71.0"""
"Shauna ""Mama B"" Bannon | Switch","5' 5""",115 lbs.,"65.0"""
Antonio Banuelos | Orthodox,"5' 5""",135 lbs.,"63.0"""
"Renan ""The Baron"" Barao | Orthodox","5' 6""",145 lbs.,"70.0"""
"Maycee ""The Future"" Barber | Switch","5' 5""",125 lbs.,"65.0"""
"Bryan ""Bam Bam"" Barberena | Southpaw","6' 0""",185 lbs.,"72.0"""
"Dione ""The Witch"" Barbosa | Orthodox","5' 6""",125 lbs.,"66.0"""
"Edson ""Junior"" Barboza | Orthodox","5' 11""",155 lbs.,"75.0"""
Raoni Barcelos | Orthodox,"5' 7""",135 lbs.,"67.0"""
Daniel Barez | Orthodox,"5' 6""",125 lbs.,"66.0"""
"Danny ""LeftHand2God"" Barlow | Southpaw","6' 2""",170 lbs.,"79.0"""
"Luke ""The Bigslow"" Barnatt | Orthodox","6' 6""",185 lbs.,"77.0"""
"James ""Mooka"" Barnes | Orthodox","5' 8""",135 lbs.,"71.0"""
"Shonte ""Shyne"" Barnes | Southpaw","5' 11""",185 lbs.,"76.0"""
"Josh ""The Warmaster"" Barnett | Orthodox","6' 3""",250 lbs.,"78.0"""
"Chris ""Beastboy"" Barnett | Orthodox","5' 9""",265 lbs.,"75.0"""
"Phil ""The New York Bad Ass"" Baroni | Orthodox","5' 9""",170 lbs.,"72.0"""
"Peter ""Slippery"" Barrett | Southpaw","5' 10""",145 lbs.,"73.0"""
"Marc-Andre ""Powerbar"" Barriault | Orthodox","6' 1""",185 lbs.,"74.0"""
"Francimar ""Bodao"" Barroso | Orthodox","6' 1""",205 lbs.,"75.0"""
"Pat ""HD"" Barry | Orthodox","5' 11""",235 lbs.,"74.0"""
"Dean ""The Sniper"" Barry | Orthodox","5' 10""",170 lbs.,"72.0"""
"Enrique ""El Fuerte"" Barzola | Orthodox","5' 7""",145 lbs.,"70.0"""
"Javid ""The Snow Leopard"" Basharat | Orthodox","5' 9""",135 lbs.,"69.0"""
"Farid ""Ferocious"" Basharat | Orthodox","5' 8""",135 lbs.,"71.0"""
Austin Bashi | Orthodox,"5' 6""",145 lbs.,"70.0"""
"Namsrai ""Steppe Warrior"" Batbayar | Orthodox","5' 4""",125 lbs.,"68.0"""
"Bryan ""The Butcher"" Battle | Orthodox","6' 1""",185 lbs.,"77.0"""
"Alan ""The Black Samourai"" Baudot | Orthodox","6' 3""",243 lbs.,"79.0"""
Mario Bautista | Switch,"5' 9""",135 lbs.,"69.0"""
"Chris ""Real Deal"" Beal | Orthodox","5' 7""",125 lbs.,"69.0"""
"Donovan ""The Highlight Reel"" Beard | Orthodox","6' 2""",185 lbs.,"78.0"""
Ariel Beck | Southpaw,"5' 6""",125 lbs.,"66.0"""
Jack Becker | Orthodox,"5' 8""",155 lbs.,"71.0"""
"Johnny ""Brutal"" Bedford | Orthodox","5' 10""",135 lbs.,"71.0"""
"Rolando ""The Machine"" Bedoya | Orthodox","5' 11""",155 lbs.,"74.0"""
Chase Beebe | Orthodox,"5' 7""",135 lbs.,"67.0"""
"Allan ""Mini"" Begosso | Orthodox","5' 5""",135 lbs.,"66.0"""
"Azamat ""Iron"" Bekoev | Orthodox","6' 0""",185 lbs.,"72.0"""
Mirsad Bektic | Orthodox,"5' 8""",145 lbs.,"70.0"""
"Diana ""The Warrior Princess"" Belbita | Orthodox","5' 7""",125 lbs.,"68.0"""
"Alan ""The Talent"" Belcher | Orthodox","6' 2""",185 lbs.,"75.0"""
"Vitor ""The Phenom"" Belfort | Southpaw","6' 0""",185 lbs.,"74.0"""
Yousri Belgaroui | Orthodox,"6' 5""",185 lbs.,"79.0"""
"Rodolfo ""Trator"" Bellato | Orthodox","6' 3""",205 lbs.,"75.0"""
"Danilo ""Caterpillar"" Belluardo | Southpaw","6' 0""",155 lbs.,"74.0"""
"Joey ""The Mexicutioner"" Beltran | Orthodox","6' 1""",185 lbs.,"75.0"""
"Marco ""Psycho"" Beltran | Orthodox","5' 8""",125 lbs.,"69.0"""
Joseph Benavidez | Southpaw,"5' 4""",125 lbs.,"65.0"""
"Gabriel ""Moggly"" Benitez | Southpaw","5' 8""",155 lbs.,"71.0"""
"DeAnna ""The Argentine Assassin"" Bennett | Orthodox","5' 4""",125 lbs.,"68.0"""
"Benjamin ""Mr. Alaska"" Bennett | Switch","6' 0""",170 lbs.,"73.0"""
Lance Benoist | Southpaw,"5' 11""",170 lbs.,"72.0"""
"Ryan ""Baby Face"" Benoit | Orthodox","5' 5""",125 lbs.,"68.0"""
Kenneth Bergh | Orthodox,"6' 2""",205 lbs.,"74.0"""
"Dennis ""The Menace"" Bermudez | Orthodox","5' 6""",155 lbs.,"66.0"""
"Manny ""The Bermudez Triangle"" Bermudez | Orthodox","5' 10""",145 lbs.,"71.0"""
Talita Bernardo | Orthodox,"5' 4""",135 lbs.,"68.0"""
"Matt ""The Mangler"" Bessette | Orthodox","5' 10""",145 lbs.,"70.0"""
Arjan Bhullar | Orthodox,"6' 1""",245 lbs.,"75.0"""
"KB ""The Bengal"" Bhullar | Switch","6' 4""",185 lbs.,"78.0"""
"Bibulatov ""Chaborz"" Magomed | Orthodox","5' 5""",125 lbs.,"65.0"""
David Bielkheden | Orthodox,"5' 10""",155 lbs.,"71.0"""
"Blake ""El Animal"" Bilder | Switch","5' 8""",145 lbs.,"68.0"""
Jonas Bilharinho | Switch,"5' 11""",145 lbs.,"75.0"""
"Anthony ""El Toro"" Birchak | Orthodox","5' 8""",135 lbs.,"69.0"""
Angad Bisht | Orthodox,"5' 7""",125 lbs.,"67.0"""
"Michael ""The Count"" Bisping | Orthodox","6' 1""",185 lbs.,"75.0"""
"Caio ""Leao"" Bittencourt | Orthodox","6' 0""",185 lbs.,"75.0"""
"Davi ""The Black"" Bittencourt | Orthodox","5' 5""",135 lbs.,"65.0"""
Jan Blachowicz | Orthodox,"6' 2""",205 lbs.,"78.0"""
"Brad ""Bad Brad"" Blackburn | Orthodox","5' 10""",170 lbs.,"73.0"""
"Sherrard ""The Thriller"" Blackledge | Orthodox","5' 11""",155 lbs.,"75.0"""
"Da'Mon ""The Monster"" Blackshear | Switch","5' 10""",135 lbs.,"72.0"""
"Chasen ""Mestizo"" Blair | Orthodox","5' 10""",155 lbs.,"71.0"""
"Erin ""Cold Blooded"" Blanchfield | Orthodox","5' 4""",125 lbs.,"66.0"""
"Maximo ""Maxi"" Blanco | Orthodox","5' 8""",145 lbs.,"71.0"""
"Curtis ""Razor"" Blaydes | Orthodox","6' 4""",265 lbs.,"80.0"""
Tereza Bleda | Orthodox,"5' 9""",125 lbs.,"71.0"""
Mark Bocek | Orthodox,"5' 8""",155 lbs.,"75.0"""
"Kyle ""Killer B"" Bochniak | Orthodox","5' 7""",145 lbs.,"70.0"""
James Bochnovic | Orthodox,"6' 4""",205 lbs.,"81.0"""
"Tim ""The Barbarian"" Boetsch | Orthodox","6' 0""",185 lbs.,"74.0"""
Galore Bofando | Switch,"5' 11""",170 lbs.,"72.0"""
Roman Bogatov | Orthodox,"5' 8""",155 lbs.,"73.0"""
"Mandy ""Monster"" Bohm | Orthodox","5' 7""",125 lbs.,"71.0"""
"Gaston ""The Dreamkiller"" Bolanos | Orthodox","5' 7""",135 lbs.,"69.0"""
"Denys ""Psycho"" Bondar | Orthodox","5' 6""",125 lbs.,"69.0"""
"Gabriel ""Marretinha"" Bonfim | Orthodox","6' 1""",170 lbs.,"72.0"""
"Ismael ""Marreta"" Bonfim | Orthodox","5' 8""",155 lbs.,"71.0"""
"Stephan ""The American Psycho"" Bonnar | Orthodox","6' 4""",205 lbs.,"79.0"""
Rogerio Bontorin | Orthodox,"5' 5""",125 lbs.,"67.0"""
"Ray ""The Tazmexican Devil"" Borg | Orthodox","5' 4""",135 lbs.,"63.0"""
"Kevin ""El Gallo Negro"" Borjas | Orthodox","5' 5""",125 lbs.,"68.0"""
Calen Born | Switch,"5' 8""",170 lbs.,"72.0"""
"Caio ""The Natural"" Borralho | Southpaw","6' 1""",185 lbs.,"75.0"""
"Zachary ""The Dragon"" Borrego | Switch","6' 2""",185 lbs.,"78.0"""
"Viacheslav ""Slava Claus"" Borshchev | Orthodox","5' 11""",155 lbs.,"69.0"""
"Tanner ""The Bulldozer"" Boser | Orthodox","6' 2""",205 lbs.,"75.0"""
"Steve ""The Boss"" Bosse | Orthodox","5' 11""",205 lbs.,"72.0"""
Poliana Botelho | Orthodox,"5' 8""",125 lbs.,"67.0"""
"Kyron ""Bullseye"" Bowen | Orthodox","6' 3""",185 lbs.,"73.0"""
Brian Bowles | Orthodox,"5' 7""",135 lbs.,"70.0"""
"Roger ""Relentless"" Bowling | Orthodox","5' 9""",155 lbs.,"68.0"""
Kyle Bradley | Orthodox,"5' 9""",155 lbs.,"71.0"""
Sean Brady | Orthodox,"5' 10""",170 lbs.,"72.0"""
Ramiz Brahimaj | Orthodox,"5' 10""",170 lbs.,"72.0"""
"Adam ""Samurai"" Bramhald | Orthodox","5' 10""",135 lbs.,"70.0"""
David Branch | Orthodox,"6' 1""",185 lbs.,"78.0"""
Billy Brand | Orthodox,"5' 6""",135 lbs.,"65.0"""
"Diego ""DB"" Brandao | Orthodox","5' 7""",145 lbs.,"64.0"""
Bruna Brasil | Orthodox,"5' 6""",115 lbs.,"65.0"""
"Martin ""El Toro"" Bravo | Southpaw","5' 8""",145 lbs.,"71.0"""
"Mike ""Money"" Breeden | Orthodox","5' 10""",155 lbs.,"70.0"""
Tom Breese | Southpaw,"6' 3""",185 lbs.,"73.0"""
Elves Brener | Orthodox,"5' 10""",155 lbs.,"72.0"""
"Charlie ""The Spaniard"" Brenneman | Orthodox","5' 10""",155 lbs.,"70.0"""
"Marcos ""Ironside"" Brigagao | Southpaw","6' 3""",205 lbs.,"76.0"""
"Jason ""Hitman"" Brilz | Orthodox","5' 11""",205 lbs.,"71.0"""
"Marcus ""The Bama Beast"" Brimage | Southpaw","5' 4""",135 lbs.,"71.0"""
"Henry ""Bure"" Briones | Orthodox","5' 8""",135 lbs.,"69.0"""
"Joanderson ""Tubarao"" Brito | Orthodox","5' 8""",145 lbs.,"72.0"""
Kaik Brito | Orthodox,"5' 11""",170 lbs.,"72.0"""
Jonathan Brookins | Southpaw,"6' 0""",145 lbs.,"74.0"""
"Will ""Ill"" Brooks | Orthodox","5' 10""",155 lbs.,"72.0"""
"Jarred ""The Monkey God"" Brooks | Switch","5' 3""",125 lbs.,"62.0"""
"Rob ""The Bear"" Broughton | Orthodox","6' 2""",265 lbs.,"74.0"""
"Matt ""The Immortal"" Brown | Orthodox","6' 0""",170 lbs.,"75.0"""
Mike Brown | Orthodox,"5' 6""",145 lbs.,"70.0"""
"Randy ""Rudeboy"" Brown | Orthodox","6' 3""",170 lbs.,"78.0"""
"Damien ""Beatdown"" Brown | Orthodox","5' 10""",155 lbs.,"68.0"""
"TJ ""Downtown"" Brown | Switch","5' 9""",145 lbs.,"72.0"""
"Travis ""Hapa"" Browne | Orthodox","6' 6""",255 lbs.,"79.0"""
Cody Brundage | Orthodox,"6' 0""",185 lbs.,"72.0"""
"Derek ""The One"" Brunson | Southpaw","6' 1""",185 lbs.,"77.0"""
Robert Bryczek | Orthodox,"6' 0""",185 lbs.,"75.0"""
"Lukasz ""The Bull"" Brzeski | Orthodox","6' 4""",236 lbs.,"78.0"""
Justin Buchholz | Orthodox,"6' 0""",155 lbs.,"73.0"""
"Joaquin ""New Mansa"" Buckley | Southpaw","5' 10""",170 lbs.,"76.0"""
"Martin ""Badys"" Buday | Orthodox","6' 4""",265 lbs.,"77.0"""
"Dylan ""The Mindless Hulk"" Budka | Switch","6' 0""",185 lbs.,"75.0"""
Mike Budnik | Orthodox,"5' 9""",145 lbs.,"68.0"""
"Mayra ""Sheetara"" Bueno Silva | Orthodox","5' 6""",125 lbs.,"66.0"""
"Paul ""The Headhunter"" Buentello | Orthodox","6' 2""",245 lbs.,"77.0"""
"Modestas ""The Baltic Gladiator"" Bukauskas | Switch","6' 3""",205 lbs.,"78.0"""
"Felipe ""Felipinho"" Bunes | Orthodox","5' 7""",125 lbs.,"69.0"""
"Shane ""Hurricane"" Burgos | Orthodox","5' 11""",145 lbs.,"75.0"""
"Joshua ""The People's Warrior"" Burkman | Orthodox","5' 10""",170 lbs.,"72.0"""
Justin Burlinson | Switch,"6' 1""",170 lbs.,"74.0"""
Mads Burnell | Orthodox,"5' 8""",145 lbs.,"69.0"""
"Kevin ""The Fire"" Burns | Orthodox","5' 10""",170 lbs.,"74.0"""
"Gilbert ""Durinho"" Burns | Orthodox","5' 10""",170 lbs.,"71.0"""
"Herbert ""The Blaze"" Burns | Orthodox","5' 9""",145 lbs.,"73.0"""
Dakota Bush | Orthodox,"5' 10""",155 lbs.,"73.0"""
Jesse Butler | Orthodox,"5' 10""",135 lbs.,"73.0"""
"JP ""Young Savage"" Buys | Orthodox","5' 5""",135 lbs.,"67.0"""
"Dennis ""The Great"" Buzukja | Switch","5' 9""",145 lbs.,"70.0"""
"Charles ""Kid Dynamite"" Byrd | Orthodox","5' 10""",185 lbs.,"73.0"""
Yan Cabral | Orthodox,"5' 11""",155 lbs.,"73.0"""
"Alex ""Bruce Leeroy"" Caceres | Southpaw","5' 10""",145 lbs.,"73.0"""
"Vince ""The Anomaly"" Cachero | Orthodox","5' 6""",145 lbs.,"68.0"""
"Priscila ""Zombie Girl"" Cachoeira | Orthodox","5' 7""",135 lbs.,"65.0"""
"Carlos ""Chief"" Calderon | Southpaw","5' 11""",145 lbs.,"71.0"""
Nicolle Caliari | Orthodox,"5' 3""",125 lbs.,"62.0"""
Cynthia Calvillo | Orthodox,"5' 4""",115 lbs.,"64.0"""
"Frank ""The Crank"" Camacho | Orthodox","5' 10""",155 lbs.,"73.0"""
Lucas Camacho | Orthodox,"6' 4""",265 lbs.,"80.0"""
"Matheus ""Jaguar"" Camilo | Orthodox","5' 10""",155 lbs.,"69.0"""
"Fabricio ""Morango"" Camoes | Orthodox","5' 10""",155 lbs.,"71.0"""
Chris Camozzi | Orthodox,"6' 2""",185 lbs.,"75.0"""
"Brian ""Mantis"" Camozzi | Orthodox","6' 2""",170 lbs.,"78.0"""
"Shane ""Shaolin"" Campbell | Orthodox","6' 0""",155 lbs.,"71.0"""
"Charlie ""The Cannibal"" Campbell | Orthodox","6' 0""",155 lbs.,"72.0"""
Will Campuzano | Orthodox,"5' 9""",125 lbs.,"70.0"""
Aleksa Camur | Orthodox,"6' 1""",205 lbs.,"74.0"""
"Chico ""The King"" Camus | Orthodox","5' 6""",125 lbs.,"66.0"""
"Carlos ""The Cannon"" Candelario | Southpaw","5' 8""",125 lbs.,"68.0"""
"Luiz ""Banha"" Cane | Southpaw","6' 2""",185 lbs.,"77.0"""
"Guido ""Ninja"" Cannetti | Southpaw","5' 6""",135 lbs.,"68.0"""
"Jared ""The Killa Gorilla"" Cannonier | Switch","5' 11""",185 lbs.,"77.0"""
"Steve ""The Robot"" Cantwell | Orthodox","6' 2""",185 lbs.,"75.0"""
"Phil ""The Hitman"" Caracappa | Orthodox","5' 8""",135 lbs.,"70.0"""
"Bryan ""Kid Lightning"" Caraway | Orthodox","5' 8""",135 lbs.,"68.0"""
"Chris ""Kamikaze"" Cariaso | Southpaw","5' 3""",125 lbs.,"64.0"""
"Antonio ""Cara de Sapato"" Carlos Junior | Orthodox","6' 2""",185 lbs.,"79.0"""
"Spike ""Alpha Ginger"" Carlyle | Switch","5' 8""",145 lbs.,"71.0"""
"Francis ""Limitless"" Carmont | Orthodox","6' 3""",205 lbs.,"78.0"""
"Liz ""Girlrilla"" Carmouche | Orthodox","5' 6""",125 lbs.,"66.0"""
"Roan ""Jucao"" Carneiro | Orthodox","5' 11""",170 lbs.,"76.0"""
"Ariane ""Sorriso"" Carnelossi | Orthodox","5' 2""",115 lbs.,"61.0"""
"Luana ""Dread"" Carolina | Orthodox","5' 6""",125 lbs.,"69.0"""
Clayton Carpenter | Orthodox,"5' 6""",125 lbs.,"66.0"""
Jack Cartwright | Orthodox,"5' 9""",135 lbs.,"68.0"""
"Antonio ""Pato"" Carvalho | Orthodox","5' 9""",145 lbs.,"70.0"""
"Shane ""The Engineer"" Carwin | Orthodox","6' 2""",265 lbs.,"80.0"""
"Johnny ""Hollywood"" Case | Orthodox","5' 10""",155 lbs.,"72.0"""
"Kevin ""King"" Casey | Southpaw","5' 11""",185 lbs.,"77.0"""
"Cortney ""Cast Iron"" Casey | Orthodox","5' 7""",125 lbs.,"67.0"""
"John ""Sexi Mexi"" Castaneda | Switch","5' 6""",135 lbs.,"71.0"""
"Danny ""Last Call"" Castillo | Orthodox","5' 9""",155 lbs.,"71.0"""
"Nick ""The Jersey Devil"" Catone | Southpaw","6' 0""",185 lbs.,"72.0"""
"Gesias ""JZ"" Cavalcante | Orthodox","5' 8""",155 lbs.,"71.0"""
"Rafael ""Feijao"" Cavalcante | Orthodox","6' 1""",205 lbs.,"74.0"""
Jacqueline Cavalcanti | Orthodox,"5' 8""",135 lbs.,"70.0"""
"Igor ""Jacare"" Cavalcanti | Orthodox","5' 11""",170 lbs.,"79.0"""
"Magnus ""Jycken"" Cedenblad | Orthodox","6' 5""",185 lbs.,"79.0"""
"Yosdenis ""Pink Panther"" Cedeno | Orthodox","5' 8""",155 lbs.,"69.0"""
"Henry ""Triple C"" Cejudo | Orthodox","5' 4""",135 lbs.,"64.0"""
"Vinicius ""Chambinho"" Cenci | Orthodox","6' 1""",155 lbs.,"74.0"""
"Katlyn ""Blonde Fighter"" Cerminara | Orthodox","5' 9""",125 lbs.,"68.0"""
"Rafael ""The Lion"" Cerqueira | Southpaw","6' 3""",205 lbs.,"76.0"""
"Donald ""Cowboy"" Cerrone | Orthodox","6' 1""",155 lbs.,"73.0"""
"Luan ""Tarzan"" Chagas | Orthodox","6' 0""",170 lbs.,"75.0"""
"Edgar ""Puro Chicali"" Chairez | Orthodox","5' 7""",125 lbs.,"71.0"""
"Alex ""Astro Girl"" Chambers | Southpaw","5' 3""",115 lbs.,"63.0"""
"Michael ""Iron"" Chandler | Orthodox","5' 8""",155 lbs.,"71.0"""
Chelsea Chandler | Southpaw,"5' 8""",135 lbs.,"68.0"""
"Morgan ""The Last Pirate"" Charriere | Orthodox","5' 8""",145 lbs.,"69.0"""
"Ernest ""EJ"" Chavez | Orthodox","5' 8""",145 lbs.,"70.0"""
"Danny ""The Colombian Warrior"" Chavez | Orthodox","5' 8""",145 lbs.,"67.0"""
"Fabio ""Water Buffalo"" Cherant | Southpaw","6' 1""",205 lbs.,"74.0"""
"Mark ""The Pride of Bloomfield"" Cherico | Orthodox","5' 7""",145 lbs.,"69.0"""
Macy Chiasson | Orthodox,"5' 11""",135 lbs.,"72.0"""
"Michael ""Maverick"" Chiesa | Southpaw","6' 1""",170 lbs.,"75.0"""
"Giga ""Ninja"" Chikadze | Orthodox","6' 0""",145 lbs.,"74.0"""
"Khamzat ""Borz"" Chimaev | Orthodox","6' 2""",185 lbs.,"75.0"""
"Dooho ""The Korean Superboy"" Choi | Orthodox","5' 10""",145 lbs.,"70.0"""
"SeungWoo ""Sting"" Choi | Orthodox","6' 0""",145 lbs.,"74.0"""
SeungGuk Choi | Orthodox,"5' 6""",125 lbs.,"64.0"""
DongHun Choi | Switch,"5' 5""",125 lbs.,"66.0"""
"Mark ""The Shark"" Choinski | Orthodox","5' 8""",155 lbs.,"69.0"""
John Cholish | Orthodox,"5' 11""",155 lbs.,"74.0"""
"Ryo ""Piranah"" Chonan | Orthodox","5' 9""",170 lbs.,"70.0"""
Joachim Christensen | Orthodox,"6' 3""",205 lbs.,"76.0"""
Kevin Christian | Orthodox,"6' 7""",205 lbs.,"80.0"""
Cameron Church | Orthodox,"5' 11""",155 lbs.,"72.0"""
"Hannah ""Shockwave"" Cifers | Orthodox","5' 1""",115 lbs.,"62.0"""
Misha Cirkunov | Orthodox,"6' 3""",205 lbs.,"77.0"""
"Heather ""Hurricane"" Clark | Orthodox","5' 6""",115 lbs.,"64.0"""
"Devin ""Brown Bear"" Clark | Orthodox","6' 0""",205 lbs.,"75.0"""
Jessica-Rose Clark | Orthodox,"5' 5""",135 lbs.,"64.0"""
"Shannon ""MMA Barbie"" Clark | Orthodox","5' 5""",125 lbs.,"64.0"""
"Mitch ""Danger Zone"" Clarke | Orthodox","5' 10""",155 lbs.,"73.0"""
"Rich ""No Love"" Clementi | Southpaw","5' 9""",155 lbs.,"72.0"""
"Chris ""The Menace"" Clements | Orthodox","5' 10""",170 lbs.,"70.0"""
Mark Climaco | Southpaw,"5' 4""",125 lbs.,"65.0"""
"Felipe ""Cabocao"" Colares | Orthodox","5' 8""",145 lbs.,"69.0"""
"Chandler ""The Hammer"" Cole | Orthodox","5' 10""",264 lbs.,"72.0"""
"Mark ""The Hammer"" Coleman | Orthodox","6' 1""",205 lbs.,"75.0"""
"Clay ""Cassius"" Collard | Orthodox","5' 11""",145 lbs.,"73.0"""
Jamie Colleen | Orthodox,"5' 3""",115 lbs.,"65.0"""
"Jake ""The Prototype"" Collier | Orthodox","6' 3""",230 lbs.,"78.0"""
Rose Conceicao | Orthodox,"4' 7""",115 lbs.,"65.0"""
"Carlos ""The Natural Born Killer"" Condit | Orthodox","6' 2""",170 lbs.,"75.0"""
"Tristan ""Boondock"" Connelly | Orthodox","5' 10""",145 lbs.,"68.0"""
"Amanda ""ABC"" Cooper | Switch","5' 3""",115 lbs.,"64.0"""
"Chris ""C-Murder"" Cope | Orthodox","6' 0""",170 lbs.,"72.0"""
"Michael ""Kookie Monster"" Cora | Southpaw","6' 1""",170 lbs.,"77.0"""
Akira Corassani | Orthodox,"5' 8""",145 lbs.,"68.0"""
"Daniel ""DC"" Cormier | Orthodox","5' 11""",235 lbs.,"72.0"""
Nora Cornolle | Orthodox,"5' 7""",135 lbs.,"67.0"""
"Bethe ""Pitbull"" Correia | Orthodox","5' 5""",135 lbs.,"64.0"""
"Waldo ""Salsa Boy"" Cortes-Acosta | Orthodox","6' 4""",260 lbs.,"78.0"""
Tracy Cortez | Orthodox,"5' 5""",125 lbs.,"65.0"""
Reyes Cortez Jr. | Orthodox,"5' 7""",135 lbs.,"68.0"""
Louis Cosce | Orthodox,"5' 9""",170 lbs.,"71.0"""
"Orion ""Galaxy"" Cosce | Switch","5' 11""",170 lbs.,"71.0"""
"Paulo ""The Eraser"" Costa | Orthodox","6' 1""",185 lbs.,"72.0"""
"Randy ""The Zohan"" Costa | Switch","5' 9""",135 lbs.,"73.0"""
"Alessandro ""Nono"" Costa | Orthodox","5' 4""",125 lbs.,"67.0"""
"Melquizael ""Melk Cauthy"" Costa | Southpaw","5' 10""",145 lbs.,"71.0"""
"Oscar ""Elevation"" Cota | Orthodox","6' 0""",230 lbs.,"72.0"""
"Patrick ""The Predator"" Cote | Orthodox","5' 11""",170 lbs.,"75.0"""
"Rashad ""Daywalker"" Coulter | Orthodox","5' 11""",205 lbs.,"76.0"""
"Randy ""The Natural"" Couture | Orthodox","6' 1""",205 lbs.,"75.0"""
Ryan Couture | Orthodox,"5' 10""",155 lbs.,"73.0"""
"Colby ""Chaos"" Covington | Orthodox","5' 11""",170 lbs.,"72.0"""
"Hailey ""All Hail"" Cowan | Southpaw","5' 8""",135 lbs.,"67.0"""
"Nathan ""Soulforce"" Coy | Southpaw","5' 10""",170 lbs.,"69.0"""
"Andrew ""Highlight"" Craig | Orthodox","6' 1""",170 lbs.,"76.0"""
"Paul ""Bearjew"" Craig | Orthodox","6' 3""",205 lbs.,"76.0"""
Tim Credeur | Orthodox,"6' 3""",185 lbs.,"75.0"""
"Kevin ""Crash"" Croom | Orthodox","5' 11""",135 lbs.,"73.0"""
"Kiefer ""BDK"" Crosbie | Switch","5' 11""",170 lbs.,"70.0"""
"Ken ""The Boss"" Cross | Southpaw","6' 0""",155 lbs.,"72.0"""
"Allen ""Pretty Boy"" Crowder | Orthodox","6' 3""",245 lbs.,"76.0"""
"Daron ""Detroit Superstar"" Cruickshank | Switch","5' 8""",155 lbs.,"72.0"""
Jimmy Crute | Orthodox,"6' 2""",205 lbs.,"74.0"""
"Dominick ""The Dominator"" Cruz | Orthodox","5' 8""",135 lbs.,"68.0"""
Aalon Cruz | Switch,"6' 0""",145 lbs.,"78.0"""
"Timmy ""Twilight"" Cuamba | Orthodox","5' 9""",145 lbs.,"71.0"""
"Josh ""Kuya"" Culibao | Orthodox","5' 10""",145 lbs.,"73.0"""
Zak Cummings | Southpaw,"6' 0""",205 lbs.,"75.0"""
"Patrick ""Durkin"" Cummins | Orthodox","6' 2""",205 lbs.,"76.0"""
Luke Cummo | Orthodox,"6' 0""",170 lbs.,"74.0"""
"Hugo ""Silverback"" Cunha | Orthodox","6' 3""",263 lbs.,"79.0"""
"Alton ""The Bo-Man"" Cunningham | Orthodox","6' 2""",205 lbs.,"77.0"""
"AJ ""The Savage"" Cunningham | Orthodox","5' 10""",135 lbs.,"71.0"""
Santo Curatolo | Southpaw,"5' 3""",125 lbs.,"62.0"""
"Jeff ""Big Frog"" Curran | Orthodox","5' 6""",135 lbs.,"69.0"""
Kailin Curran | Orthodox,"5' 4""",115 lbs.,"65.0"""
"Will ""Drago"" Currie | Switch","6' 3""",185 lbs.,"76.0"""
"Chris ""Action-Man"" Curtis | Orthodox","5' 10""",170 lbs.,"75.0"""
"Ion ""The Hulk"" Cutelaba | Southpaw","6' 1""",205 lbs.,"75.0"""
"Henrique ""Frankenstein"" da Silva | Orthodox","6' 3""",205 lbs.,"76.0"""
"Ariane ""Queen of Violence"" da Silva | Orthodox","5' 6""",125 lbs.,"67.0"""
"Alex ""Leko"" Da Silva | Orthodox","5' 8""",155 lbs.,"73.0"""
Deni Daffa | Orthodox,"6' 0""",155 lbs.,"74.0"""
"Nicolas ""Danish Dynamite"" Dalby | Orthodox","5' 11""",170 lbs.,"74.0"""
"Paul ""Semtex"" Daley | Orthodox","5' 9""",170 lbs.,"76.0"""
"Aisling ""Ais the Bash"" Daly | Orthodox","5' 2""",115 lbs.,"64.0"""
"Leonardo ""Puppy"" Damiani | Orthodox","5' 10""",170 lbs.,"69.0"""
Rodrigo Damm | Orthodox,"5' 7""",155 lbs.,"71.0"""
"Batgerel ""Storm"" Danaa | Orthodox","5' 7""",135 lbs.,"70.0"""
"Peter ""The Asian Viking"" Danesoe | Orthodox","5' 6""",135 lbs.,"68.0"""
"Jarjis ""Man Mountain"" Danho | Orthodox","6' 3""",265 lbs.,"74.0"""
Mac Danzig | Orthodox,"5' 8""",155 lbs.,"70.0"""
Karen Darabedyan | Orthodox,"5' 7""",155 lbs.,"68.0"""
Beneil Dariush | Southpaw,"5' 10""",155 lbs.,"72.0"""
Kyle Daukaus | Southpaw,"6' 3""",185 lbs.,"76.0"""
Chris Daukaus | Orthodox,"6' 3""",205 lbs.,"76.0"""
"Marcus ""The Irish Hand Grenade"" Davis | Southpaw","5' 10""",170 lbs.,"70.0"""
LC Davis | Southpaw,"5' 8""",135 lbs.,"69.0"""
"Phil ""Mr. Wonderful"" Davis | Orthodox","6' 2""",205 lbs.,"79.0"""
Alexis Davis | Orthodox,"5' 6""",135 lbs.,"68.0"""
"Brandon ""Killer B"" Davis | Orthodox","5' 10""",135 lbs.,"72.0"""
"Mike ""Beast Boy"" Davis | Orthodox","6' 0""",155 lbs.,"72.0"""
"Hakeem ""Mean"" Dawodu | Orthodox","5' 8""",145 lbs.,"73.0"""
"Grant ""KGD"" Dawson | Switch","5' 10""",155 lbs.,"72.0"""
"Jason ""Dooms"" Day | Orthodox","6' 0""",185 lbs.,"72.0"""
"Martin ""The Spartan"" Day | Orthodox","5' 10""",145 lbs.,"73.0"""
"Yorgan ""The Mad Titan"" De Castro | Orthodox","6' 0""",250 lbs.,"74.0"""
"Geraldo ""Spartan"" de Freitas | Orthodox","5' 7""",135 lbs.,"72.0"""
Philip De Fries | Orthodox,"6' 5""",250 lbs.,"79.0"""
Chris de la Rocha | Orthodox,"6' 3""",250 lbs.,"80.0"""
Montana De La Rosa | Orthodox,"5' 7""",125 lbs.,"68.0"""
"Mark ""Bumblebee"" De La Rosa | Orthodox","5' 6""",135 lbs.,"65.0"""
"Mike ""El Cucuy"" de la Torre | Orthodox","5' 11""",145 lbs.,"71.0"""
"Isabela ""Belinha"" de Padua | Orthodox","5' 3""",125 lbs.,"64.0"""
"Gloria ""Glorinha"" de Paula | Orthodox","5' 5""",115 lbs.,"67.0"""
"Germaine ""The Iron Lady"" de Randamie | Orthodox","5' 9""",135 lbs.,"71.0"""
"Reinier ""RdR"" de Ridder | Southpaw","6' 4""",185 lbs.,"78.0"""
"Carl ""The Anishinaabe Kid"" Deaton | Orthodox","5' 7""",155 lbs.,"69.0"""
Wallen Del Rosario | Orthodox,"5' 4""",125 lbs.,"67.0"""
"Yadier ""The Cuban Problem"" del Valle | Southpaw","5' 9""",145 lbs.,"69.0"""
"Rolando ""Roli"" Delgado | Orthodox","6' 3""",155 lbs.,"77.0"""
Jose Delgado | Switch,"5' 11""",145 lbs.,"74.0"""
Jack Della Maddalena | Switch,"5' 11""",170 lbs.,"73.0"""
Roland Delorme | Orthodox,"5' 9""",135 lbs.,"71.0"""
"Jon ""The Heat"" Delos Reyes | Orthodox","5' 6""",125 lbs.,"67.0"""
"Vanessa ""Lil Monster"" Demopoulos | Orthodox","5' 2""",125 lbs.,"59.0"""
Chris Dempsey | Orthodox,"5' 10""",185 lbs.,"72.0"""
"Jason ""Dynamite"" Dent | Orthodox","5' 10""",155 lbs.,"71.0"""
Mackenzie Dern | Orthodox,"5' 4""",115 lbs.,"63.0"""
Tony DeSouza | Southpaw,"6' 0""",170 lbs.,"70.0"""
"Robelis ""The Big Boy"" Despaigne | Orthodox","6' 7""",265 lbs.,"84.0"""
"Alessio ""Manzo"" Di Chirico | Orthodox","6' 0""",185 lbs.,"74.0"""
Micol Di Segni | Orthodox,"5' 3""",115 lbs.,"60.0"""
"Cyrille ""The Snake"" Diabate | Southpaw","6' 6""",205 lbs.,"81.0"""
"Marc ""Bonecrusher"" Diakiese | Orthodox","5' 10""",155 lbs.,"73.0"""
Tyler Diamond | Orthodox,"5' 7""",145 lbs.,"69.0"""
Blood Diamond | Switch,"5' 11""",170 lbs.,"76.0"""
"Hacran ""Barnabe"" Dias | Orthodox","5' 8""",155 lbs.,"69.0"""
"Victor ""Crazy Horse"" Dias | Orthodox","5' 6""",125 lbs.,"69.0"""
Nick Diaz | Southpaw,"6' 1""",170 lbs.,"76.0"""
Nate Diaz | Southpaw,"6' 0""",170 lbs.,"76.0"""
Ozzy Diaz | Orthodox,"6' 4""",185 lbs.,"79.0"""
Seth Dikun | Orthodox,"5' 10""",135 lbs.,"69.0"""
TJ Dillashaw | Orthodox,"5' 6""",135 lbs.,"67.0"""
"Ding ""The Assassin"" Meng | Orthodox","6' 2""",170 lbs.,"73.0"""
Jhonata Diniz | Orthodox,"6' 4""",254 lbs.,"79.0"""
"Matt ""Magic"" Dixon | Switch","5' 10""",170 lbs.,"75.0"""
Russell Doane | Orthodox,"5' 7""",135 lbs.,"70.0"""
Drew Dober | Southpaw,"5' 8""",155 lbs.,"70.0"""
"Shana ""Danger"" Dobson | Orthodox","5' 6""",125 lbs.,"69.0"""
AJ Dobson | Orthodox,"6' 1""",185 lbs.,"76.0"""
"John ""The Magician"" Dodson | Orthodox","5' 3""",135 lbs.,"66.0"""
"Joe ""El Dirte"" Doerksen | Orthodox","6' 0""",185 lbs.,"75.0"""
Roman Dolidze | Orthodox,"6' 2""",185 lbs.,"76.0"""
"CB ""The Doberman"" Dollaway | Orthodox","6' 2""",185 lbs.,"76.0"""
Dong Huaxiang | Switch,"5' 3""",115 lbs.,"61.0"""
"Cody ""Donnybrook"" Donovan | Orthodox","6' 3""",205 lbs.,"74.0"""
Rafael Dos Anjos | Southpaw,"5' 8""",170 lbs.,"70.0"""
"Junior ""Cigano"" Dos Santos | Orthodox","6' 4""",238 lbs.,"77.0"""
"Anderson ""Berinja"" Dos Santos | Orthodox","5' 5""",135 lbs.,"70.0"""
"Acacio ""Pequeno"" Dos Santos | Orthodox","6' 4""",205 lbs.,"79.0"""
Rayanne dos Santos | Orthodox,"5' 2""",115 lbs.,"62.0"""
"Felipe ""Lipe Detona"" dos Santos | Orthodox","5' 7""",125 lbs.,"70.0"""
"Tiago ""Trator"" dos Santos e Silva | Orthodox","5' 9""",145 lbs.,"70.0"""
Danny Downes | Orthodox,"6' 0""",155 lbs.,"72.0"""
Anthony Drilich | Southpaw,"5' 5""",125 lbs.,"65.0"""
"Kyle ""KD"" Driscoll | Orthodox","5' 11""",145 lbs.,"74.0"""
"Tomasz ""Gorilla"" Drwal | Orthodox","6' 1""",205 lbs.,"76.0"""
"Dricus ""Stillknocks"" Du Plessis | Switch","6' 1""",185 lbs.,"76.0"""
Yuneisy Duben | Orthodox,"5' 4""",125 lbs.,"65.0"""
Matthieu Duclos | Orthodox,"6' 3""",185 lbs.,"77.0"""
"Emily ""Gordinha"" Ducote | Orthodox","5' 2""",115 lbs.,"63.0"""
Viktoriia Dudakova | Orthodox,"5' 5""",115 lbs.,"67.0"""
Todd Duffee | Orthodox,"6' 3""",260 lbs.,"78.0"""
"Joe ""Irish"" Duffy | Orthodox","5' 10""",155 lbs.,"73.0"""
"Jack ""The Fury"" Duffy | Switch","5' 7""",125 lbs.,"69.0"""
"Jessamyn ""The Gun"" Duke | Orthodox","5' 11""",135 lbs.,"73.0"""
"Islam ""The Ripper"" Dulatov | Orthodox","6' 3""",170 lbs.,"75.0"""
"Isaac ""The Midwest Choppa"" Dulgarian | Orthodox","5' 7""",145 lbs.,"71.0"""
"Sedriques ""The Reaper"" Dumas | Orthodox","6' 2""",185 lbs.,"79.0"""
"Norma ""The Immortal"" Dumont | Orthodox","5' 7""",135 lbs.,"67.0"""
"Chris ""The Problem"" Duncan | Orthodox","5' 10""",155 lbs.,"71.0"""
"Christian Leroy ""CLD"" Duncan | Switch","6' 2""",185 lbs.,"79.0"""
Evan Dunham | Southpaw,"5' 10""",155 lbs.,"70.0"""
"Tom ""Fire Kid"" Duquesnoy | Orthodox","5' 7""",135 lbs.,"68.0"""
Albert Duraev | Orthodox,"5' 11""",185 lbs.,"75.0"""
Reuben Duran | Orthodox,"5' 7""",135 lbs.,"71.0"""
"Cody ""Custom Made"" Durden | Southpaw","5' 7""",125 lbs.,"67.0"""
"Merab ""The Machine"" Dvalishvili | Orthodox","5' 6""",135 lbs.,"68.0"""
"David ""Undertaker"" Dvorak | Orthodox","5' 5""",125 lbs.,"68.0"""
Matt Dwyer | Orthodox,"6' 4""",170 lbs.,"76.0"""
"Rolando ""Dy Incredible"" Dy | Orthodox","5' 8""",145 lbs.,"69.0"""
"Marvin ""The Beastman"" Eastman | Orthodox","5' 9""",185 lbs.,"73.0"""
"Mike ""The Hulk"" Easton | Southpaw","5' 6""",135 lbs.,"70.0"""
"Brian ""Bad Boy"" Ebersole | Southpaw","6' 0""",170 lbs.,"73.0"""
"Roybert ""The Unbroken"" Echeverria | Switch","5' 5""",125 lbs.,"67.0"""
Mark Eddiva | Orthodox,"5' 8""",145 lbs.,"68.0"""
"Frankie ""The Answer"" Edgar | Orthodox","5' 6""",135 lbs.,"68.0"""
Johnny Eduardo | Orthodox,"5' 7""",135 lbs.,"71.0"""
Yves Edwards | Southpaw,"5' 9""",155 lbs.,"73.0"""
"Justin ""Fast Eddy"" Edwards | Orthodox","5' 10""",155 lbs.,"70.0"""
"Leon ""Rocky"" Edwards | Southpaw","6' 2""",170 lbs.,"74.0"""
Te Edwards | Orthodox,"5' 8""",155 lbs.,"72.0"""
"Joselyne ""La Pantera"" Edwards | Orthodox","5' 8""",135 lbs.,"70.0"""
Stephanie Egger | Orthodox,"5' 6""",135 lbs.,"68.0"""
Per Eklund | Orthodox,"5' 10""",155 lbs.,"72.0"""
"Evan ""The Phenom"" Elder | Switch","5' 10""",155 lbs.,"72.0"""
"Billy ""Son of Susie"" Elekana | Southpaw","6' 3""",205 lbs.,"77.0"""
"Joao ""Alicate"" Elias | Southpaw","5' 3""",125 lbs.,"64.0"""
"Darren ""The Damage"" Elkins | Orthodox","5' 10""",145 lbs.,"71.0"""
"Jake ""The Juggernaut"" Ellenberger | Orthodox","5' 9""",170 lbs.,"71.0"""
"Joe ""Excalibur"" Ellenberger | Orthodox","5' 9""",155 lbs.,"72.0"""
Tim Elliott | Southpaw,"5' 7""",125 lbs.,"66.0"""
"Oban ""The Welsh Gangster"" Elliott | Orthodox","6' 0""",170 lbs.,"72.0"""
"Cameron ""Camchida"" Else | Switch","5' 9""",135 lbs.,"71.0"""
"Ramazan ""Gorets"" Emeev | Southpaw","5' 10""",170 lbs.,"76.0"""
"Fedor ""The Last Emperor"" Emelianenko | Orthodox","6' 0""",230 lbs.,"74.0"""
"Rob ""The Saint"" Emerson | Orthodox","5' 9""",155 lbs.,"70.0"""
"Jamall ""Pretty Boy"" Emmers | Orthodox","5' 10""",145 lbs.,"74.0"""
"Josh ""CC0"" Emmett | Orthodox","5' 6""",145 lbs.,"70.0"""
"Kolton ""White Assassin"" Englund | Orthodox","5' 10""",155 lbs.,"69.0"""
Oliver Enkamp | Switch,"6' 0""",170 lbs.,"77.0"""
"Andy ""Tank Mode"" Enz | Orthodox","6' 3""",185 lbs.,"78.0"""
"Yuji ""The Chef"" Ephoevi-Ga | Switch","5' 9""",155 lbs.,"75.0"""
"Abdellah ""The Golden Boy"" Er-Ramy | Orthodox","6' 0""",185 lbs.,"74.0"""
"Steve ""Astroboy"" Erceg | Orthodox","5' 8""",125 lbs.,"68.0"""
"Julian ""Juicy J"" Erosa | Southpaw","6' 1""",145 lbs.,"74.0"""
Jarno Errens | Orthodox,"5' 11""",145 lbs.,"73.0"""
Ivan Erslan | Orthodox,"6' 2""",205 lbs.,"72.0"""
"Cole ""Apache Kid"" Escovedo | Orthodox","5' 7""",135 lbs.,"72.0"""
"Efrain ""Hecho En Mexico"" Escudero | Orthodox","5' 9""",155 lbs.,"71.0"""
"Carla ""Cookie Monster"" Esparza | Orthodox","5' 1""",115 lbs.,"63.0"""
"Juan ""El Guapo"" Espino | Orthodox","6' 3""",255 lbs.,"80.0"""
"Jordan ""The Gamer"" Espinosa | Orthodox","5' 6""",125 lbs.,"69.0"""
Jodie Esquibel | Orthodox,"5' 1""",115 lbs.,"64.0"""
"Rafael ""Macapa"" Estevam | Orthodox","5' 8""",125 lbs.,"69.0"""
Achilles Estremadura | Orthodox,"5' 10""",155 lbs.,"68.0"""
"Shaun ""The Buzzsaw"" Etchell | Switch","5' 7""",125 lbs.,"68.0"""
Terry Etim | Orthodox,"6' 1""",155 lbs.,"73.0"""
"Sijara ""SarJ"" Eubanks | Orthodox","5' 4""",125 lbs.,"67.0"""
Billy Evangelista | Orthodox,"5' 8""",155 lbs.,"68.0"""
"Rashad ""Suga"" Evans | Orthodox","6' 0""",205 lbs.,"75.0"""
"Ashlee ""Rebel Girl"" Evans-Smith | Orthodox","5' 8""",135 lbs.,"67.0"""
"Tonya ""Triple Threat"" Evinger | Orthodox","5' 7""",135 lbs.,"70.0"""
Movsar Evloev | Orthodox,"5' 7""",145 lbs.,"72.0"""
"Andre ""Mr. Highlight"" Ewell | Southpaw","5' 8""",145 lbs.,"75.0"""
"Chris ""El Tanke"" Ewert | Orthodox","6' 0""",185 lbs.,"75.0"""
"Jessica ""Evil"" Eye | Orthodox","5' 6""",125 lbs.,"66.0"""
"Urijah ""The California Kid"" Faber | Orthodox","5' 6""",135 lbs.,"67.0"""
Melinda Fabian | Orthodox,"5' 6""",125 lbs.,"66.0"""
"Wagnney ""The Silencer"" Fabiano | Southpaw","5' 6""",145 lbs.,"69.0"""
"Bartosz ""The Butcher"" Fabinski | Orthodox","6' 0""",170 lbs.,"75.0"""
"Zarah ""Infinite"" Fairn | Orthodox","5' 8""",135 lbs.,"72.0"""
"Rinat ""Gladiator"" Fakhretdinov | Orthodox","6' 0""",170 lbs.,"74.0"""
"Pedro ""Pedrinho"" Falcao | Orthodox","5' 6""",135 lbs.,"66.0"""
"Jair ""Chosen"" Farias | Orthodox","6' 1""",145 lbs.,"76.0"""
"Rico ""The Triggerman"" Farrington | Southpaw","6' 4""",170 lbs.,"79.0"""
"Paul ""The Irish Dragon"" Felder | Orthodox","5' 11""",155 lbs.,"70.0"""
"Carlos ""Boi"" Felipe | Orthodox","6' 0""",245 lbs.,"75.0"""
Feng Xiaocan | Southpaw,"5' 7""",115 lbs.,"67.0"""
"Kevin ""Kimbo Slice"" Ferguson | Orthodox","6' 2""",235 lbs.,"77.0"""
"Tony ""El Cucuy"" Ferguson | Orthodox","5' 11""",170 lbs.,"76.0"""
"Gabriella ""Gabi"" Fernandes | Southpaw","5' 6""",125 lbs.,"66.0"""
Kaue Fernandes | Orthodox,"5' 9""",155 lbs.,"73.0"""
"Cezar ""Mutante"" Ferreira | Southpaw","6' 1""",185 lbs.,"78.0"""
Diego Ferreira | Orthodox,"5' 9""",155 lbs.,"74.0"""
"Erisson ""Gato"" Ferreira | Orthodox","5' 6""",125 lbs.,"70.0"""
"Brunno ""The Hulk"" Ferreira | Orthodox","5' 10""",185 lbs.,"72.0"""
Timo Feucht | Orthodox,"6' 3""",205 lbs.,"79.0"""
Andre Fialho | Orthodox,"6' 0""",170 lbs.,"74.0"""
"Drew ""The Master"" Fickett | Orthodox","5' 10""",155 lbs.,"70.0"""
"Michal ""Mad Dog"" Figlak | Orthodox","5' 10""",155 lbs.,"70.0"""
"Deiveson ""Deus da Guerra"" Figueiredo | Orthodox","5' 5""",135 lbs.,"68.0"""
"Francisco ""Sniper"" Figueiredo | Southpaw","5' 6""",125 lbs.,"68.0"""
"Edwin ""El Feroz"" Figueroa | Orthodox","5' 7""",135 lbs.,"69.0"""
"Jafel ""Pastor"" Filho | Orthodox","5' 7""",125 lbs.,"68.0"""
"Andre ""Touchy"" Fili | Orthodox","5' 11""",145 lbs.,"74.0"""
"Mirko ""Cro Cop"" Filipovic | Southpaw","6' 2""",230 lbs.,"73.0"""
"Torrez ""The Punisher"" Finney | Orthodox","5' 8""",185 lbs.,"75.0"""
Luigi Fioravanti | Orthodox,"5' 8""",170 lbs.,"70.0"""
Nick Fiore | Orthodox,"5' 10""",155 lbs.,"72.0"""
"Manon ""The Beast"" Fiorot | Orthodox","5' 7""",125 lbs.,"65.0"""
"Spencer ""The King"" Fisher | Southpaw","5' 7""",155 lbs.,"68.0"""
Chris Fishgold | Orthodox,"5' 8""",145 lbs.,"68.0"""
Jon Fitch | Orthodox,"6' 0""",170 lbs.,"74.0"""
"Rafael ""Ataman"" Fiziev | Switch","5' 8""",155 lbs.,"71.0"""
"AJ ""The Ghost"" Fletcher | Switch","5' 10""",170 lbs.,"67.0"""
Nathan Fletcher | Orthodox,"5' 7""",135 lbs.,"70.0"""
"Jimmy ""The Brick"" Flick | Orthodox","5' 7""",125 lbs.,"68.0"""
Luke Flores | Southpaw,"6' 0""",155 lbs.,"73.0"""
"Ty ""Big Medicine"" Flores | Switch","6' 3""",205 lbs.,"73.0"""
"Alejandro ""El Gallito"" Flores | Orthodox","5' 10""",145 lbs.,"73.0"""
"Kenny ""KenFlo"" Florian | Southpaw","5' 10""",145 lbs.,"74.0"""
"Darrius ""Beast Mode"" Flowers | Orthodox","5' 9""",155 lbs.,"71.0"""
"Caros ""The Future"" Fodor | Orthodox","5' 9""",155 lbs.,"74.0"""
Rob Font | Orthodox,"5' 8""",135 lbs.,"71.0"""
"Jesse ""Kid Hercules"" Forbes | Southpaw","6' 2""",185 lbs.,"75.0"""
"Raheam ""Rambo"" Forest | Switch","5' 11""",170 lbs.,"73.0"""
Jussier Formiga | Orthodox,"5' 5""",125 lbs.,"67.0"""
Renee Forte | Orthodox,"5' 7""",155 lbs.,"71.0"""
"Brianna ""The Bull"" Fortino | Southpaw","5' 0""",115 lbs.,"62.0"""
Marcel Fortuna | Orthodox,"6' 1""",205 lbs.,"74.0"""
"Brian ""The Foster Boy"" Foster | Orthodox","5' 9""",170 lbs.,"71.0"""
Hermes Franca | Orthodox,"5' 6""",155 lbs.,"71.0"""
"Glaico ""Nego"" Franca Moreira | Orthodox","6' 0""",155 lbs.,"77.0"""
John Franchi | Orthodox,"5' 6""",145 lbs.,"67.0"""
"Rich ""Ace"" Franklin | Southpaw","6' 1""",185 lbs.,"76.0"""
"Xavier ""Mr. Benjamin"" Franklin | Southpaw","5' 6""",135 lbs.,"66.0"""
"Stephanie ""Lil Bovy"" Frausto | Orthodox","5' 2""",115 lbs.,"61.0"""
"Justin ""The Grizzly Bear"" Frazier | Southpaw","6' 0""",265 lbs.,"75.0"""
"Patricio ""Pitbull"" Freire | Orthodox","5' 6""",145 lbs.,"67.0"""
Josh Fremd | Orthodox,"6' 4""",185 lbs.,"76.0"""
"Matt ""The SteamRolla"" Frevola | Orthodox","5' 9""",155 lbs.,"71.0"""
Jinh Yu Frey | Southpaw,"5' 3""",115 lbs.,"65.0"""
"Sarah ""A Treta"" Frota | Southpaw","5' 6""",125 lbs.,"69.0"""
Daniel Frunza | Orthodox,"6' 1""",170 lbs.,"73.0"""
Adam Fugitt | Southpaw,"6' 1""",170 lbs.,"77.0"""
Riki Fukuda | Southpaw,"6' 0""",185 lbs.,"73.0"""
"Masio ""Lobo"" Fullen | Orthodox","5' 10""",145 lbs.,"70.0"""
"Ricardo ""Golden Boy"" Funch | Southpaw","5' 10""",170 lbs.,"74.0"""
"Claudia ""Claudinha"" Gadelha | Orthodox","5' 4""",115 lbs.,"63.0"""
Magomed Gadzhiyasulov | Orthodox,"6' 2""",205 lbs.,"75.0"""
"Justin ""The Highlight"" Gaethje | Orthodox","5' 11""",155 lbs.,"70.0"""
"Muin ""Tajik"" Gafurov | Orthodox","5' 7""",135 lbs.,"68.0"""
Mitch Gagnon | Southpaw,"5' 5""",135 lbs.,"65.0"""
Mickey Gall | Switch,"6' 2""",170 lbs.,"74.0"""
"Manvel ""The Anvil"" Gamburyan | Orthodox","5' 5""",135 lbs.,"67.0"""
"Mateusz ""Gamer"" Gamrot | Southpaw","5' 10""",155 lbs.,"70.0"""
Shamil Gamzatov | Orthodox,"6' 2""",205 lbs.,"76.0"""
"Ciryl ""Bon Gamin"" Gane | Orthodox","6' 4""",245 lbs.,"81.0"""
Eduardo Garagorri | Orthodox,"5' 9""",145 lbs.,"70.0"""
"Cody ""No Love"" Garbrandt | Orthodox","5' 8""",135 lbs.,"65.0"""
"Leonard ""Bad Boy"" Garcia | Orthodox","5' 10""",145 lbs.,"68.0"""
Edgar Garcia | Orthodox,"5' 10""",170 lbs.,"71.0"""
"Alex ""The Dominican Nightmare"" Garcia | Orthodox","5' 9""",170 lbs.,"72.0"""
"Steve ""Mean Machine"" Garcia | Southpaw","6' 0""",145 lbs.,"75.0"""
Elias Garcia | Southpaw,"5' 5""",125 lbs.,"67.0"""
"Rafa ""Gifted"" Garcia | Orthodox","5' 7""",155 lbs.,"70.0"""
Fernie Garcia | Orthodox,"5' 7""",135 lbs.,"67.0"""
"Pablo ""The Scarecrow"" Garza | Orthodox","6' 1""",145 lbs.,"73.0"""
Kelvin Gastelum | Southpaw,"5' 9""",185 lbs.,"71.0"""
Willie Gates | Orthodox,"5' 8""",125 lbs.,"72.0"""
Melissa Gatto | Orthodox,"5' 5""",135 lbs.,"69.0"""
Sean Gauci | Switch,"5' 5""",125 lbs.,"64.0"""
"Louis ""Goodnight"" Gaudinot | Orthodox","5' 3""",125 lbs.,"63.0"""
"Ateba ""The Silent Assassin"" Gautier | Switch","6' 4""",185 lbs.,"81.0"""
Shamil Gaziev | Orthodox,"6' 4""",265 lbs.,"78.0"""
"Chad ""Savage"" George | Southpaw","5' 6""",135 lbs.,"68.0"""
"Yanis ""The Desert Warrior"" Ghemmouri | Orthodox","5' 9""",135 lbs.,"69.0"""
"Christos ""The Spartan"" Giagos | Orthodox","5' 10""",155 lbs.,"71.0"""
Joe Giannetti | Southpaw,"6' 0""",155 lbs.,"74.0"""
"Cody ""The Renegade"" Gibson | Orthodox","5' 10""",135 lbs.,"71.0"""
"Chase ""El Guero"" Gibson | Orthodox","5' 10""",155 lbs.,"72.0"""
"Thomas ""The Young Lion"" Gifford | Orthodox","6' 1""",155 lbs.,"75.0"""
Trevin Giles | Orthodox,"6' 0""",170 lbs.,"74.0"""
"Gregor ""The Gift"" Gillespie | Orthodox","5' 7""",155 lbs.,"71.0"""
"Micheal ""The Gentleman"" Gillmore | Orthodox","5' 11""",170 lbs.,"72.0"""
"Eperaim ""The Wolfman"" Ginting | Orthodox","5' 4""",135 lbs.,"64.0"""
"Ricky ""The Gladiator"" Glenn | Southpaw","6' 0""",170 lbs.,"70.0"""
"Mark ""The Hand Of"" Godbeer | Orthodox","6' 4""",240 lbs.,"77.0"""
Loopy Godinez | Orthodox,"5' 2""",115 lbs.,"61.0"""
Billy Ray Goff | Switch,"5' 10""",170 lbs.,"72.0"""
Amiran Gogoladze | Switch,"6' 1""",170 lbs.,"74.0"""
"Hannah ""24K"" Goldy | Orthodox","5' 4""",115 lbs.,"61.0"""
Marcelo Golm | Orthodox,"6' 3""",249 lbs.,"75.0"""
"Denise ""Dee"" Gomes | Orthodox","5' 2""",115 lbs.,"63.0"""
Frank Gomez | Orthodox,"5' 10""",135 lbs.,"67.0"""
"Joey ""KO King"" Gomez | Orthodox","5' 10""",135 lbs.,"73.0"""
"Luis ""Tiger Junior"" Gomez | Orthodox","5' 7""",145 lbs.,"68.0"""
Joey Gomez | Orthodox,"5' 10""",155 lbs.,"71.0"""
Edson Gomez | Switch,"5' 8""",170 lbs.,"69.0"""
"Silvana ""La Malvada"" Gomez Juarez | Orthodox","5' 3""",115 lbs.,"65.0"""
"Takanori ""The Fireball Kid"" Gomi | Southpaw","5' 7""",155 lbs.,"70.0"""
"William ""Jaguar"" Gomis | Southpaw","6' 0""",145 lbs.,"73.0"""
Akihiro Gono | Switch,"5' 7""",170 lbs.,"68.0"""
"Gabriel ""Napao"" Gonzaga | Orthodox","6' 2""",242 lbs.,"76.0"""
"Justin ""J-Train"" Gonzales | Orthodox","5' 9""",145 lbs.,"72.0"""
"Fernando ""The Menifee Maniac"" Gonzalez | Southpaw","5' 9""",170 lbs.,"68.0"""
"Jason ""Nicoya"" Gonzalez | Southpaw","6' 2""",155 lbs.,"74.0"""
"Jorge ""Street"" Gonzalez | Orthodox","6' 2""",205 lbs.,"76.0"""
"Mikey ""Rolls"" Gonzalez | Orthodox","5' 11""",155 lbs.,"74.0"""
"Erick ""The Ghost Pepper"" Gonzalez | Orthodox","5' 11""",155 lbs.,"75.0"""
"Lyman ""Cyborg"" Good | Orthodox","6' 0""",170 lbs.,"74.0"""
"Jared ""NiteTrain"" Gooden | Orthodox","6' 0""",170 lbs.,"77.0"""
"Eddie ""Truck"" Gordon | Orthodox","6' 0""",185 lbs.,"76.0"""
"Jared ""Flash"" Gordon | Orthodox","5' 9""",155 lbs.,"68.0"""
"Malcolm ""X"" Gordon | Switch","5' 7""",125 lbs.,"71.0"""
"Tresean ""Mr. Vicious"" Gore | Switch","6' 0""",185 lbs.,"75.0"""
"Alex ""Hitman"" Gorgees | Switch","6' 2""",155 lbs.,"74.0"""
"Themba ""The Answer"" Gorimbo | Orthodox","6' 1""",170 lbs.,"77.0"""
"Jonathan ""The Road Warrior"" Goulet | Orthodox","6' 0""",170 lbs.,"73.0"""
"Thibault ""GT"" Gouti | Orthodox","5' 10""",155 lbs.,"72.0"""
Wilson Gouveia | Orthodox,"6' 1""",185 lbs.,"76.0"""
"Damian ""The Polish Pitbull"" Grabowski | Orthodox","6' 1""",241 lbs.,"75.0"""
Roger Gracie | Orthodox,"6' 4""",185 lbs.,"79.0"""
Kron Gracie | Southpaw,"5' 9""",145 lbs.,"70.0"""
"Bogdan ""The Unleashed"" Grad | Orthodox","5' 8""",145 lbs.,"70.0"""
"Miranda ""Danger"" Granger | Orthodox","5' 7""",115 lbs.,"68.0"""
TJ Grant | Orthodox,"5' 10""",155 lbs.,"72.0"""
"Davey ""Dangerous"" Grant | Orthodox","5' 8""",135 lbs.,"69.0"""
"Dwight ""The Body Snatcher"" Grant | Switch","6' 1""",185 lbs.,"76.0"""
Alexa Grasso | Orthodox,"5' 5""",125 lbs.,"66.0"""
Tony Gravely | Orthodox,"5' 5""",135 lbs.,"69.0"""
Michael Graves | Orthodox,"5' 10""",170 lbs.,"71.0"""
"Shelton ""The Gravedigger"" Graves | Southpaw","6' 2""",255 lbs.,"76.0"""
"Kevin ""Pocket Herc"" Gray | Orthodox","5' 4""",125 lbs.,"67.0"""
King Green | Orthodox,"5' 10""",155 lbs.,"71.0"""
"Desmond ""The Predator"" Green | Southpaw","5' 10""",155 lbs.,"73.0"""
"Gabe ""Gifted"" Green | Switch","5' 10""",155 lbs.,"73.0"""
"Maurice ""The Crochet Boss"" Greene | Orthodox","6' 7""",258 lbs.,"80.0"""
"Matt ""The Real One"" Grice | Orthodox","5' 8""",145 lbs.,"70.0"""
Forrest Griffin | Orthodox,"6' 3""",205 lbs.,"77.0"""
Tyson Griffin | Orthodox,"5' 6""",145 lbs.,"68.0"""
"Max ""Pain"" Griffin | Orthodox","5' 11""",170 lbs.,"76.0"""
"Jordan ""Native Psycho"" Griffin | Southpaw","5' 10""",145 lbs.,"73.0"""
"Chad ""The Grave Digger"" Griggs | Orthodox","6' 1""",205 lbs.,"73.0"""
"Charalampos ""Ferocious"" Grigoriou | Orthodox","5' 7""",135 lbs.,"67.0"""
"Maxim ""Maximus"" Grishin | Orthodox","6' 3""",205 lbs.,"78.0"""
"Josh ""The Fluke"" Grispi | Orthodox","5' 11""",145 lbs.,"74.0"""
"Kendall ""Da Spyder"" Grove | Orthodox","6' 6""",185 lbs.,"79.0"""
"Chris ""Gritz"" Gruetzemacher | Orthodox","5' 8""",155 lbs.,"68.0"""
"Vik ""The Spartan"" Grujic | Orthodox","5' 11""",170 lbs.,"73.0"""
Mike Grundy | Orthodox,"5' 7""",145 lbs.,"72.0"""
"Wang ""The Dongbei Tiger"" Guan | Orthodox","5' 9""",145 lbs.,"71.0"""
"Rainn ""Purple Rainn"" Guerrero | Orthodox","5' 6""",125 lbs.,"65.0"""
Shannon Gugerty | Orthodox,"5' 10""",155 lbs.,"71.0"""
"Clay ""The Carpenter"" Guida | Orthodox","5' 7""",155 lbs.,"70.0"""
"Melvin ""The Young Assassin"" Guillard | Orthodox","5' 9""",155 lbs.,"71.0"""
"Marcelo ""Magrao"" Guimaraes | Orthodox","6' 0""",185 lbs.,"73.0"""
"John ""Quick Guns"" Gunderson | Orthodox","5' 9""",155 lbs.,"69.0"""
"John ""The Machine"" Gunther | Orthodox","5' 9""",155 lbs.,"72.0"""
Jorge Gurgel | Orthodox,"5' 7""",155 lbs.,"69.0"""
"Luis ""Grim"" Gurule | Orthodox","5' 5""",125 lbs.,"64.0"""
"Bogdan ""Czarevitch"" Guskov | Orthodox","6' 3""",205 lbs.,"76.0"""
"Gugun ""The Tiger"" Gusman | Orthodox","5' 7""",135 lbs.,"68.0"""
"Alexander ""The Mauler"" Gustafsson | Orthodox","6' 5""",205 lbs.,"79.0"""
"Andreas ""Bane"" Gustafsson | Orthodox","6' 1""",170 lbs.,"73.0"""
"Chris ""El Guapo"" Gutierrez | Orthodox","5' 9""",135 lbs.,"67.0"""
"Mando ""El Toro"" Gutierrez | Southpaw","5' 6""",135 lbs.,"70.0"""
"Mike ""The Joker"" Guymon | Orthodox","6' 0""",170 lbs.,"74.0"""
"Chelsea ""Hammer"" Hackett | Switch","5' 4""",125 lbs.,"66.0"""
Cody Haddon | Orthodox,"5' 7""",135 lbs.,"69.0"""
"Jake ""White Kong"" Hadley | Southpaw","5' 7""",135 lbs.,"70.0"""
"Damir ""The Bosnian Bomber"" Hadzovic | Orthodox","5' 9""",155 lbs.,"70.0"""
"Bassil ""The Habibi"" Hafez | Orthodox","5' 11""",170 lbs.,"72.0"""
"Tim ""The Trashing Machine"" Hague | Orthodox","6' 4""",260 lbs.,"76.0"""
"Uriah ""Prime Time"" Hall | Orthodox","6' 0""",185 lbs.,"79.0"""
"Ryan ""The Wizard"" Hall | Southpaw","5' 10""",145 lbs.,"70.0"""
"Dennis ""Superman"" Hallman | Orthodox","5' 9""",155 lbs.,"72.0"""
"Piotr ""Pletwal"" Hallmann | Orthodox","5' 9""",155 lbs.,"71.0"""
Seo Hee Ham | Southpaw,"5' 2""",115 lbs.,"62.0"""
Rami Hamed | Orthodox,"6' 1""",170 lbs.,"71.0"""
"Matt ""The Hammer"" Hamill | Orthodox","6' 1""",205 lbs.,"76.0"""
"Anthony ""Freight Train"" Hamilton | Orthodox","6' 5""",260 lbs.,"76.0"""
"CJ ""The Autobot"" Hamilton | Switch","5' 7""",125 lbs.,"68.0"""
"Jared ""The Messenger"" Hamman | Orthodox","6' 3""",185 lbs.,"75.0"""
"Chad ""Superman"" Hanekom | Orthodox","6' 4""",185 lbs.,"74.0"""
Kay Hansen | Orthodox,"5' 2""",115 lbs.,"63.0"""
Nasrat Haqparast | Southpaw,"5' 10""",155 lbs.,"72.0"""
Shin Haraguchi | Switch,"5' 5""",145 lbs.,"68.0"""
Antoni Hardonk | Orthodox,"6' 4""",245 lbs.,"78.0"""
"George ""King"" Hardwick | Orthodox","5' 10""",155 lbs.,"72.0"""
"Dan ""The Outlaw"" Hardy | Orthodox","6' 0""",170 lbs.,"74.0"""
Veronica Hardy | Southpaw,"5' 4""",125 lbs.,"64.0"""
"Greg ""Prince of War"" Hardy | Orthodox","6' 5""",265 lbs.,"80.0"""
"Josiah ""Muscle Hamster"" Harrell | Southpaw","5' 7""",170 lbs.,"68.0"""
Gerald Harris | Southpaw,"5' 11""",185 lbs.,"77.0"""
"Phil ""Billy"" Harris | Orthodox","5' 4""",125 lbs.,"65.0"""
"Walt ""The Big Ticket"" Harris | Southpaw","6' 5""",250 lbs.,"77.0"""
"Carlston ""Mocambique"" Harris | Orthodox","6' 0""",170 lbs.,"76.0"""
Kayla Harrison | Southpaw,"5' 8""",135 lbs.,"66.0"""
"Joey ""The Hitman"" Hart | Orthodox","6' 3""",170 lbs.,"79.0"""
Dale Hartt | Orthodox,"5' 10""",155 lbs.,"69.0"""
"Clay ""Bushwacker"" Harvison | Orthodox","6' 1""",170 lbs.,"74.0"""
"Ahmad ""Lion of the Ring"" Hassanzada | Orthodox","6' 1""",155 lbs.,"75.0"""
"John ""The Hitman"" Hathaway | Orthodox","6' 1""",170 lbs.,"75.0"""
"Phil ""No Hype"" Hawes | Orthodox","6' 0""",185 lbs.,"77.0"""
"Dustin ""McLovin"" Hazelett | Orthodox","6' 1""",170 lbs.,"76.0"""
James Head | Orthodox,"6' 1""",170 lbs.,"73.0"""
"Pat ""Bam Bam"" Healy | Orthodox","6' 0""",155 lbs.,"72.0"""
David Heath | Orthodox,"5' 11""",205 lbs.,"72.0"""
"Jake ""Hitman"" Hecht | Orthodox","6' 0""",170 lbs.,"73.0"""
"Nick ""Sergeant"" Hein | Southpaw","5' 6""",155 lbs.,"66.0"""
"Ian ""The Hurricane"" Heinisch | Orthodox","5' 11""",185 lbs.,"72.0"""
Marcin Held | Orthodox,"5' 9""",155 lbs.,"71.0"""
"Dan ""Hendo"" Henderson | Orthodox","5' 11""",185 lbs.,"74.0"""
"Benson ""Smooth"" Henderson | Southpaw","5' 9""",170 lbs.,"70.0"""
"Johny ""Bigg Rigg"" Hendricks | Southpaw","5' 9""",185 lbs.,"69.0"""
"Luis ""KLB"" Henrique | Orthodox","6' 2""",243 lbs.,"74.0"""
"Jose ""Canela"" Henrique | Orthodox","6' 3""",170 lbs.,"79.0"""
"Danny ""The Hatchet"" Henry | Orthodox","6' 0""",145 lbs.,"73.0"""
"Victor ""La Mangosta"" Henry | Switch","5' 7""",135 lbs.,"68.0"""
"Jai ""Black Country Banger"" Herbert | Orthodox","6' 1""",155 lbs.,"77.0"""
"Ed ""Short Fuse"" Herman | Orthodox","6' 1""",205 lbs.,"77.0"""
Dave Herman | Orthodox,"6' 4""",242 lbs.,"77.0"""
"Jack ""The Joker"" Hermansson | Orthodox","6' 1""",185 lbs.,"77.0"""
"Alexander ""The Great Ape"" Hernandez | Orthodox","5' 9""",155 lbs.,"72.0"""
"Anthony ""Fluffy"" Hernandez | Orthodox","6' 0""",185 lbs.,"75.0"""
"Nohelin ""Suave"" Hernandez | Orthodox","5' 10""",135 lbs.,"71.0"""
Carlos Hernandez | Orthodox,"5' 8""",125 lbs.,"67.0"""
"Leslie ""Dora The Destroyer"" Hernandez | Orthodox","5' 3""",115 lbs.,"64.0"""
"Geane ""La Pulga"" Herrera | Orthodox","5' 5""",125 lbs.,"66.0"""
"Alvaro ""Chango"" Herrera Mendoza | Orthodox","6' 0""",155 lbs.,"74.0"""
"Felice ""Lil Bulldog"" Herrig | Orthodox","5' 4""",115 lbs.,"65.0"""
"Heath ""The Texas Crazy Horse"" Herring | Orthodox","6' 4""",250 lbs.,"78.0"""
"Clint ""Headbussa"" Hester | Orthodox","6' 2""",205 lbs.,"77.0"""
"Jimy ""The Kid"" Hettes | Southpaw","5' 9""",145 lbs.,"71.0"""
"Marcus ""The Wrecking Ball"" Hicks | Southpaw","5' 6""",155 lbs.,"64.0"""
"Jay ""The Thoroughbred"" Hieron | Orthodox","6' 0""",170 lbs.,"75.0"""
"Brady ""Bam Bam"" Hiestand | Orthodox","5' 8""",135 lbs.,"71.0"""
"Jason ""The Kansas City Bandit"" High | Southpaw","5' 8""",155 lbs.,"73.0"""
Corey Hill | Orthodox,"6' 4""",155 lbs.,"80.0"""
"Angela ""Overkill"" Hill | Orthodox","5' 3""",115 lbs.,"64.0"""
"Jamahal ""Sweet Dreams"" Hill | Southpaw","6' 4""",205 lbs.,"79.0"""
Kailan Hill | Southpaw,"6' 1""",185 lbs.,"77.0"""
"Alvin ""Goozie"" Hines | Orthodox","6' 2""",265 lbs.,"74.0"""
Hatsu Hioki | Orthodox,"5' 11""",145 lbs.,"73.0"""
Kuniyoshi Hironaka | Orthodox,"5' 10""",168 lbs.,"70.0"""
"Mizuto ""Pugnus"" Hirota | Orthodox","5' 7""",155 lbs.,"67.0"""
"An Tuan ""Highlight"" Ho | Switch","5' 6""",125 lbs.,"66.0"""
"Matt ""The Crowbar"" Hobar | Southpaw","5' 10""",135 lbs.,"70.0"""
Chris Hofmann | Orthodox,"6' 0""",170 lbs.,"72.0"""
Andrew Holbrook | Southpaw,"5' 11""",155 lbs.,"70.0"""
"Kevin ""Trailblazer"" Holland | Orthodox","6' 3""",170 lbs.,"81.0"""
"Max ""Blessed"" Holloway | Orthodox","5' 11""",145 lbs.,"69.0"""
"Holly ""The Preacher's Daughter"" Holm | Southpaw","5' 8""",135 lbs.,"69.0"""
"Joseph ""Uglyman Joe"" Holmes | Orthodox","6' 4""",185 lbs.,"80.0"""
"Kurt ""The Hurt"" Holobaugh | Orthodox","5' 11""",155 lbs.,"70.0"""
"Paddy ""The Hooligan"" Holohan | Orthodox","5' 10""",125 lbs.,"69.0"""
"Scott ""Hot Sauce"" Holtzman | Orthodox","5' 9""",155 lbs.,"69.0"""
Sabah Homasi | Orthodox,"6' 0""",170 lbs.,"72.0"""
"Mark ""The Machine"" Hominick | Orthodox","5' 8""",145 lbs.,"68.0"""
"Barb ""Little Warrior"" Honchak | Orthodox","5' 4""",125 lbs.,"65.0"""
"JunYoung ""Drunken Red"" Hong | Orthodox","5' 9""",145 lbs.,"69.0"""
"SeongChan ""Honey Badger"" Hong | Orthodox","5' 7""",155 lbs.,"69.0"""
"Lorenzo ""Dream Killer"" Hood | Southpaw","6' 3""",265 lbs.,"80.0"""
"Dan ""The Hangman"" Hooker | Switch","6' 0""",155 lbs.,"75.0"""
"Chase ""The Dream"" Hooper | Southpaw","6' 1""",155 lbs.,"74.0"""
"Darrell ""The Saint"" Horcher | Southpaw","5' 10""",155 lbs.,"70.0"""
Yoshinori Horie | Orthodox,"5' 8""",145 lbs.,"70.0"""
Kyoji Horiguchi | Orthodox,"5' 5""",125 lbs.,"66.0"""
"Yuma ""Ichiban"" Horiuchi | Switch","5' 6""",125 lbs.,"67.0"""
"Jeremy ""Gumby"" Horn | Orthodox","6' 1""",185 lbs.,"74.0"""
"Chris ""The Polish Hammer"" Horodecki | Orthodox","5' 9""",155 lbs.,"69.0"""
Jamey-Lyn Horth | Orthodox,"5' 7""",125 lbs.,"66.0"""
"Jeff ""Hellbound"" Hougland | Orthodox","5' 7""",135 lbs.,"68.0"""
"John ""Doomsday"" Howard | Orthodox","5' 7""",170 lbs.,"72.0"""
"Hu ""Totoro"" Yaozong | Orthodox","6' 3""",185 lbs.,"72.0"""
"Carlos ""Perro Malo"" Huachin | Southpaw","5' 4""",135 lbs.,"67.0"""
"Brady ""The Kung Fu Warrior"" Huang | Orthodox","5' 9""",135 lbs.,"69.0"""
"Huang ""Muscle Barbie"" Feier | Orthodox","5' 5""",115 lbs.,"65.0"""
"Austin ""Thud"" Hubbard | Orthodox","5' 10""",155 lbs.,"71.0"""
"Collin ""All In"" Huckbody | Orthodox","6' 3""",185 lbs.,"76.0"""
"Roger ""El Matador"" Huerta | Orthodox","5' 9""",155 lbs.,"70.0"""
Matt Hughes | Switch,"5' 9""",170 lbs.,"73.0"""
"Jeff ""Lights Out"" Hughes | Orthodox","6' 2""",250 lbs.,"77.0"""
"Sam ""Sampage"" Hughes | Orthodox","5' 5""",115 lbs.,"64.0"""
"Victor ""Striker"" Hugo | Orthodox","5' 7""",135 lbs.,"71.0"""
"Harry ""The Hurricane"" Hunsucker | Orthodox","6' 2""",205 lbs.,"75.0"""
"Mark ""Super Samoan"" Hunt | Orthodox","5' 10""",265 lbs.,"72.0"""
"Al ""Raging"" Iaquinta | Orthodox","5' 10""",155 lbs.,"70.0"""
Khadis Ibragimov | Orthodox,"6' 3""",205 lbs.,"78.0"""
"Dan ""50K"" Ige | Orthodox","5' 7""",145 lbs.,"71.0"""
Zelim Imadaev | Orthodox,"6' 0""",170 lbs.,"76.0"""
"Nassourdine ""The Sniper"" Imavov | Orthodox","6' 3""",185 lbs.,"75.0"""
Michael Imperato | Switch,"5' 7""",135 lbs.,"66.0"""
Rui Imura | Southpaw,"5' 9""",135 lbs.,"69.0"""
Naoki Inoue | Orthodox,"5' 9""",125 lbs.,"71.0"""
"James ""The Sandman"" Irvin | Orthodox","6' 2""",205 lbs.,"75.0"""
"Issa ""Determinator"" Isakov | Orthodox","5' 9""",155 lbs.,"70.0"""
"Teruto ""Yashabo"" Ishihara | Southpaw","5' 7""",135 lbs.,"69.0"""
"Damir ""Qazaq"" Ismagulov | Orthodox","5' 10""",155 lbs.,"74.0"""
"Leandro ""Brodinho"" Issa | Orthodox","5' 7""",135 lbs.,"69.0"""
"Kuya ""Psycho Zombie"" Ito | Orthodox","5' 4""",135 lbs.,"66.0"""
"Blagoy ""Baga"" Ivanov | Southpaw","5' 11""",250 lbs.,"73.0"""
"Anthony ""Aquaman"" Ivy | Orthodox","6' 2""",185 lbs.,"74.0"""
Taiga Iwasaki | Orthodox,"6' 1""",185 lbs.,"73.0"""
"Yves ""Tiger"" Jabouin | Orthodox","5' 7""",135 lbs.,"68.0"""
"Quinton ""Rampage"" Jackson | Orthodox","6' 1""",205 lbs.,"73.0"""
"Damon ""The Leech"" Jackson | Switch","5' 11""",155 lbs.,"71.0"""
"Mike ""The Truth"" Jackson | Orthodox","6' 2""",170 lbs.,"74.0"""
"Jason ""Jah-Son"" Jackson | Orthodox","6' 1""",170 lbs.,"78.0"""
"Montel ""Quik"" Jackson | Southpaw","5' 10""",135 lbs.,"75.0"""
Richard Jacobi | Orthodox,"6' 4""",260 lbs.,"75.0"""
"Dustin ""The Hanyak"" Jacoby | Orthodox","6' 3""",205 lbs.,"76.0"""
"Virna ""Carcara"" Jandiroba | Orthodox","5' 3""",115 lbs.,"64.0"""
Ryan Janes | Orthodox,"6' 3""",185 lbs.,"76.0"""
Dave Jansen | Orthodox,"5' 9""",155 lbs.,"73.0"""
"Keith ""The Dean of Mean"" Jardine | Orthodox","6' 2""",185 lbs.,"76.0"""
Rony Jason | Orthodox,"5' 7""",145 lbs.,"73.0"""
Jasmine Jasudavicius | Orthodox,"5' 7""",125 lbs.,"68.0"""
Yazmin Jauregui | Orthodox,"5' 3""",115 lbs.,"64.0"""
"Justin ""The Guitar Hero"" Jaynes | Orthodox","5' 7""",145 lbs.,"68.0"""
Joanna Jedrzejczyk | Orthodox,"5' 6""",115 lbs.,"65.0"""
Aaron Jeffery | Orthodox,"6' 2""",185 lbs.,"73.0"""
"Brandon ""The Human Highlight Reel"" Jenkins | Switch","6' 0""",155 lbs.,"71.0"""
"Jack ""Phar"" Jenkins | Switch","5' 7""",145 lbs.,"68.0"""
Ryan Jensen | Orthodox,"6' 1""",185 lbs.,"76.0"""
Baergeng Jieleyisi | Orthodox,"5' 9""",145 lbs.,"71.0"""
"Ryan ""The Big Deal"" Jimmo | Orthodox","6' 1""",205 lbs.,"73.0"""
Jinensibieke Asikeerbai | Orthodox,"5' 6""",155 lbs.,"69.0"""
"Sung Bin ""Korean Falcon"" Jo | Orthodox","6' 0""",145 lbs.,"72.0"""
Carls John De Tomas | Southpaw,"5' 5""",125 lbs.,"71.0"""
"Brett ""The Pikey"" Johns | Orthodox","5' 7""",135 lbs.,"71.0"""
"Miles ""Chapo"" Johns | Orthodox","5' 7""",135 lbs.,"66.0"""
"Anthony ""Rumble"" Johnson | Orthodox","6' 2""",205 lbs.,"78.0"""
"DaMarques ""Darkness"" Johnson | Orthodox","6' 1""",170 lbs.,"75.0"""
Tony Johnson | Orthodox,"6' 2""",205 lbs.,"76.0"""
"Lavar ""Big"" Johnson | Orthodox","6' 4""",240 lbs.,"82.0"""
"Demetrious ""Mighty Mouse"" Johnson | Orthodox","5' 3""",125 lbs.,"66.0"""
"Michael ""The Menace"" Johnson | Southpaw","5' 10""",155 lbs.,"73.0"""
"Kajan ""Ragin'"" Johnson | Orthodox","5' 11""",155 lbs.,"75.0"""
Timothy Johnson | Southpaw,"6' 3""",265 lbs.,"77.0"""
Jordan Johnson | Orthodox,"6' 2""",205 lbs.,"79.0"""
"Taylor ""Tombstone"" Johnson | Switch","6' 0""",185 lbs.,"74.0"""
"Chad ""Big Rigg"" Johnson | Orthodox","6' 2""",230 lbs.,"80.0"""
"Jose ""Zhakwarius"" Johnson | Orthodox","6' 0""",125 lbs.,"71.0"""
"Charles ""InnerG"" Johnson | Switch","5' 9""",125 lbs.,"70.0"""
"Liana ""She Wolf"" Jojua | Orthodox","5' 4""",125 lbs.,"62.0"""
"Daniel ""The Werewolf of Texas"" Jolly | Orthodox","6' 1""",205 lbs.,"75.0"""
"Jon ""Bones"" Jones | Orthodox","6' 4""",248 lbs.,"84.0"""
"Jamelle ""The Beast"" Jones | Orthodox","6' 0""",205 lbs.,"75.0"""
"Trevin ""5 Star"" Jones | Southpaw","5' 7""",135 lbs.,"70.0"""
"Mason ""The Dragon"" Jones | Orthodox","5' 10""",155 lbs.,"74.0"""
"Jacobi ""Big Toe"" Jones | Orthodox","5' 9""",155 lbs.,"72.0"""
Jocelyn Jones-Lybarger | Orthodox,"5' 7""",115 lbs.,"64.0"""
"Shawn ""The Savage"" Jordan | Southpaw","6' 0""",260 lbs.,"75.0"""
"Ivan ""Batman"" Jorge | Orthodox","5' 9""",155 lbs.,"73.0"""
"Scott ""Young Guns"" Jorgensen | Orthodox","5' 5""",135 lbs.,"66.0"""
Krzysztof Jotko | Southpaw,"6' 1""",185 lbs.,"77.0"""
"Alan ""Brahma"" Jouban | Southpaw","6' 0""",170 lbs.,"73.0"""
"Charles ""Air"" Jourdain | Switch","5' 9""",135 lbs.,"69.0"""
"Kevin ""Air"" Jousset | Orthodox","6' 2""",170 lbs.,"75.0"""
Dustin Joynson | Orthodox,"6' 6""",244 lbs.,"78.0"""
"Anshul ""King of Lions"" Jubli | Switch","6' 0""",155 lbs.,"69.0"""
"Carli ""Crispy"" Judice | Southpaw","5' 7""",125 lbs.,"68.0"""
"Luke ""The Jedi"" Jumeau | Orthodox","5' 11""",170 lbs.,"72.0"""
"Chan Sung ""The Korean Zombie"" Jung | Orthodox","5' 7""",145 lbs.,"72.0"""
"Da Woon ""Sseda"" Jung | Orthodox","6' 4""",205 lbs.,"78.0"""
"Myles ""Fury"" Jury | Orthodox","5' 10""",145 lbs.,"73.0"""
"Cristiane ""Cyborg"" Justino | Orthodox","5' 8""",145 lbs.,"68.0"""
Oron Kahlon | Orthodox,"5' 8""",135 lbs.,"70.0"""
Saidyokub Kakhramonov | Orthodox,"5' 8""",135 lbs.,"69.0"""
"Kai ""The Fighting Hawaiian"" Kamaka | Orthodox","5' 7""",145 lbs.,"69.0"""
"Shuya ""Stealth"" Kamikubo | Switch","5' 5""",135 lbs.,"68.0"""
Daichi Kamiya | Southpaw,"5' 8""",155 lbs.,"68.0"""
"Martin ""The Hitman"" Kampmann | Orthodox","6' 0""",170 lbs.,"72.0"""
"Koya ""Bushido"" Kanda | Southpaw","5' 9""",145 lbs.,"75.0"""
"Bharat ""Daring"" Kandare | Orthodox","5' 7""",135 lbs.,"72.0"""
Masanori Kanehara | Orthodox,"5' 7""",135 lbs.,"67.0"""
Denis Kang | Orthodox,"5' 11""",185 lbs.,"77.0"""
"Kyung Ho ""Mr. Perfect"" Kang | Orthodox","5' 9""",135 lbs.,"73.0"""
"Manel ""StarBoy"" Kape | Southpaw","5' 5""",125 lbs.,"68.0"""
"Kai ""Don't Blink"" Kara-France | Orthodox","5' 4""",125 lbs.,"69.0"""
"Alex ""The Assassin"" Karalexis | Orthodox","5' 8""",155 lbs.,"66.0"""
"Ernesta ""Heavy-Handed"" Kareckaite | Orthodox","5' 9""",125 lbs.,"71.0"""
"Impa ""Tshilobo"" Kasanganay | Orthodox","5' 11""",170 lbs.,"75.0"""
Jinnosuke Kashimura | Southpaw,"5' 7""",155 lbs.,"71.0"""
Nadia Kassem | Southpaw,"5' 5""",125 lbs.,"66.0"""
"Brad ""Superman"" Katona | Orthodox","5' 6""",135 lbs.,"64.0"""
Calvin Kattar | Orthodox,"5' 11""",145 lbs.,"72.0"""
Sarah Kaufman | Orthodox,"5' 5""",135 lbs.,"66.0"""
Lone'er Kavanagh | Orthodox,"5' 4""",125 lbs.,"67.0"""
Canaan Kawaihae | Southpaw,"6' 0""",145 lbs.,"71.0"""
"Tatsuya ""Crusher"" Kawajiri | Orthodox","5' 7""",145 lbs.,"69.0"""
"Masuto ""Mast"" Kawana | Orthodox","5' 6""",145 lbs.,"69.0"""
Toshiomi Kazama | Orthodox,"5' 7""",135 lbs.,"69.0"""
"Chris ""The Greek Assassin"" Kelades | Orthodox","5' 7""",125 lbs.,"68.0"""
"Brian ""Boom"" Kelleher | Switch","5' 6""",135 lbs.,"66.0"""
"Tony ""Primetime"" Kelley | Switch","5' 9""",135 lbs.,"70.0"""
Paul Kelly | Orthodox,"5' 9""",155 lbs.,"70.0"""
Daniel Kelly | Southpaw,"6' 0""",185 lbs.,"70.0"""
Tim Kennedy | Orthodox,"5' 11""",185 lbs.,"74.0"""
"Jeremy ""JBC"" Kennedy | Orthodox","5' 11""",145 lbs.,"71.0"""
Casey Kenney | Southpaw,"5' 7""",135 lbs.,"68.0"""
"Maimaitituoheti ""Kyrgyz Mountain Eagle"" Keremuaili | Orthodox","5' 6""",135 lbs.,"66.0"""
Will Kerr | Orthodox,"5' 10""",155 lbs.,"69.0"""
"Rustam ""Tiger"" Khabilov | Orthodox","5' 8""",155 lbs.,"73.0"""
"Sergey ""Honda"" Khandozhko | Orthodox","6' 1""",170 lbs.,"74.0"""
"Alfred ""The Fearless"" Khashakyan | Orthodox","5' 8""",135 lbs.,"70.0"""
Aziz Khaydarov | Orthodox,"5' 8""",155 lbs.,"72.0"""
"Mansher ""New Era"" Khera | Orthodox","5' 7""",155 lbs.,"68.0"""
"Aliaskhab ""Black Wolf"" Khizriev | Southpaw","5' 9""",185 lbs.,"74.0"""
"WonBin ""The Danger"" Ki | Orthodox","5' 11""",155 lbs.,"73.0"""
"Pannie ""Banzai"" Kianzad | Orthodox","5' 7""",135 lbs.,"66.0"""
Katsunori Kikuno | Orthodox,"5' 8""",145 lbs.,"66.0"""
"Jacob ""The Killer"" Kilburn | Orthodox","5' 9""",145 lbs.,"72.0"""
"Dong Hyun ""Stun Gun"" Kim | Southpaw","6' 2""",170 lbs.,"76.0"""
"Ji Yeon ""Firefist"" Kim | Orthodox","5' 7""",125 lbs.,"72.0"""
"MinWoo ""Korean MOAI"" Kim | Orthodox","5' 8""",135 lbs.,"72.0"""
"HanSeul ""Spade"" Kim | Southpaw","6' 1""",170 lbs.,"73.0"""
"KyeungPyo ""Redhorse"" Kim | Orthodox","5' 9""",155 lbs.,"71.0"""
"Sangwook ""Frogman"" Kim | Orthodox","6' 0""",155 lbs.,"71.0"""
"SangWon ""No Problem"" Kim | Orthodox","5' 9""",145 lbs.,"69.0"""
KyuSung Kim | Orthodox,"5' 11""",125 lbs.,"69.0"""
Jeremy Kimball | Switch,"6' 0""",205 lbs.,"72.0"""
"Rob ""The Rosedale Reaper"" Kimmons | Orthodox","5' 10""",185 lbs.,"73.0"""
"Dustin ""The Diamond"" Kimura | Orthodox","5' 7""",135 lbs.,"71.0"""
"Kyle ""Kingsbu"" Kingsbury | Orthodox","6' 4""",205 lbs.,"79.0"""
Yusaku Kinoshita | Southpaw,"6' 0""",170 lbs.,"71.0"""
"Kamuela ""The Jawaiian"" Kirk | Switch","5' 10""",155 lbs.,"75.0"""
Justine Kish | Orthodox,"5' 5""",125 lbs.,"64.0"""
Top Noi Kiwram | Southpaw,"5' 5""",125 lbs.,"67.0"""
"Ludovit ""Mr. Highlight"" Klein | Southpaw","5' 7""",155 lbs.,"72.0"""
"Nick ""Blue Collar"" Klein | Orthodox","6' 1""",185 lbs.,"77.0"""
"Fatima ""The Archangel"" Kline | Orthodox","5' 6""",115 lbs.,"67.0"""
Drakkar Klose | Orthodox,"5' 9""",155 lbs.,"70.0"""
"Jason ""The Kid"" Knight | Orthodox","5' 10""",145 lbs.,"71.0"""
"William ""Knightmare"" Knight | Orthodox","5' 10""",205 lbs.,"73.0"""
"Josefine ""Thunder"" Knutsson | Orthodox","5' 3""",115 lbs.,"60.0"""
"Seokhyeon ""The Korean Tyson"" Ko | Southpaw","5' 10""",170 lbs.,"71.0"""
"Erik ""Phoenix"" Koch | Southpaw","5' 10""",170 lbs.,"71.0"""
Kaloyan Kolev | Orthodox,"6' 2""",205 lbs.,"73.0"""
Syuri Kondo | Orthodox,"5' 4""",115 lbs.,"66.0"""
Cheick Kongo | Orthodox,"6' 4""",240 lbs.,"82.0"""
Roman Kopylov | Southpaw,"6' 0""",185 lbs.,"75.0"""
Josh Koscheck | Orthodox,"5' 10""",170 lbs.,"73.0"""
"Steven ""Obi Won Shinobi The Pillow"" Koslow | Switch","5' 7""",125 lbs.,"69.0"""
Naoyuki Kotani | Southpaw,"5' 8""",155 lbs.,"66.0"""
Karolina Kowalkiewicz | Orthodox,"5' 3""",115 lbs.,"64.0"""
"Derrick ""D-Rock"" Krantz | Orthodox","5' 10""",170 lbs.,"72.0"""
"James ""The"" Krause | Orthodox","6' 2""",170 lbs.,"73.0"""
"Kaynan ""Bahia"" Kruschewsky | Orthodox","6' 0""",155 lbs.,"73.0"""
"Nikita ""The Miner"" Krylov | Orthodox","6' 3""",205 lbs.,"77.0"""
"Mariusz ""The Iron Pol"" Ksiazkiewicz | Southpaw","6' 3""",185 lbs.,"75.0"""
Michael Kuiper | Orthodox,"6' 0""",185 lbs.,"73.0"""
Anton Kuivanen | Orthodox,"5' 8""",155 lbs.,"72.0"""
"Sumit ""The Indian Kid"" Kumar | Orthodox","5' 5""",125 lbs.,"66.0"""
Aleksei Kunchenko | Orthodox,"5' 8""",170 lbs.,"70.0"""
Rizvan Kuniev | Orthodox,"6' 4""",240 lbs.,"76.0"""
"Kiichi ""Strasser"" Kunimoto | Orthodox","5' 10""",170 lbs.,"71.0"""
Korey Kuppe | Switch,"6' 5""",170 lbs.,"77.0"""
Ramazan Kuramagomedov | Orthodox,"6' 1""",170 lbs.,"73.0"""
"Guram ""Georgian Viking"" Kutateladze | Orthodox","5' 11""",155 lbs.,"72.0"""
Vadym Kutsyi | Orthodox,"6' 0""",170 lbs.,"71.0"""
"Mike ""MAK"" Kyle | Orthodox","6' 4""",205 lbs.,"77.0"""
"Lisa ""The Savage"" Kyriacou | Orthodox","5' 5""",125 lbs.,"64.0"""
"Daniel ""Miojo"" Lacerda | Switch","5' 6""",125 lbs.,"70.0"""
Luan Lacerda | Orthodox,"5' 7""",135 lbs.,"71.0"""
Aspen Ladd | Orthodox,"5' 6""",135 lbs.,"66.0"""
Ryan LaFlare | Southpaw,"6' 1""",170 lbs.,"74.0"""
Corinne Laframboise | Orthodox,"5' 4""",125 lbs.,"65.0"""
"Noad ""Neo"" Lahat | Orthodox","5' 9""",145 lbs.,"69.0"""
"Yohan ""White Lion"" Lainesse | Orthodox","6' 1""",170 lbs.,"76.0"""
"Ricardo ""The Bully"" Lamas | Orthodox","5' 8""",145 lbs.,"71.0"""
"Jason ""The Punisher"" Lambert | Orthodox","6' 3""",185 lbs.,"75.0"""
"Nate ""The Train"" Landwehr | Orthodox","5' 9""",145 lbs.,"72.0"""
Austen Lane | Orthodox,"6' 6""",245 lbs.,"80.0"""
"Lina ""Elbow Queen"" Lansberg | Orthodox","5' 7""",135 lbs.,"65.0"""
"Taylor ""Double Impact"" Lapilus | Southpaw","5' 6""",135 lbs.,"73.0"""
"Chad ""The Disciple"" Laprise | Orthodox","5' 10""",170 lbs.,"71.0"""
TJ Laramie | Orthodox,"5' 6""",145 lbs.,"66.0"""
"Lorenz ""The Monsoon"" Larkin | Orthodox","5' 11""",170 lbs.,"72.0"""
Jeremy Larsen | Orthodox,"5' 10""",145 lbs.,"70.0"""
Brock Larson | Southpaw,"5' 11""",170 lbs.,"71.0"""
Bobby Lashley | Orthodox,"6' 3""",255 lbs.,"78.0"""
"Ilir ""The Sledgehammer"" Latifi | Orthodox","5' 10""",230 lbs.,"73.0"""
"Phillip ""The Doctor"" Latu | Orthodox","6' 3""",205 lbs.,"76.0"""
Jenel Lausa | Orthodox,"5' 5""",125 lbs.,"68.0"""
Joe Lauzon | Orthodox,"5' 10""",155 lbs.,"71.0"""
"Sandra ""Peruvian Zombie"" Lavado | Orthodox","5' 7""",115 lbs.,"66.0"""
"Muhammed ""King Mo"" Lawal | Southpaw","6' 0""",205 lbs.,"78.0"""
"Robbie ""Ruthless"" Lawler | Southpaw","5' 11""",170 lbs.,"74.0"""
"Tom ""Filthy"" Lawlor | Southpaw","6' 0""",205 lbs.,"74.0"""
"Justin ""The American Kidd"" Lawrence | Orthodox","5' 8""",145 lbs.,"67.0"""
Lance Lawrence | Orthodox,"6' 1""",145 lbs.,"74.0"""
"Ronnie ""The Heat"" Lawrence | Switch","5' 8""",135 lbs.,"68.0"""
"Jimmy ""Greedy"" Lawson | Orthodox","6' 0""",265 lbs.,"77.0"""
"Valmir ""Bidu"" Lazaro | Orthodox","6' 0""",155 lbs.,"73.0"""
Zviad Lazishvili | Orthodox,"5' 6""",135 lbs.,"69.0"""
"Mounir ""The Sniper"" Lazzez | Orthodox","6' 1""",170 lbs.,"76.0"""
Cung Le | Southpaw,"5' 9""",185 lbs.,"70.0"""
Thanh Le | Orthodox,"5' 9""",145 lbs.,"74.0"""
"Quang ""Bang"" Le | Orthodox","5' 6""",135 lbs.,"70.0"""
"Carlos ""The Lion"" Leal | Orthodox","5' 11""",170 lbs.,"74.0"""
"Jordan ""The Monkey King"" Leavitt | Southpaw","5' 9""",155 lbs.,"71.0"""
"Chris ""The Crippler"" Leben | Southpaw","5' 11""",185 lbs.,"73.0"""
"Mickael ""Ragnar"" Lebout | Orthodox","5' 11""",155 lbs.,"73.0"""
"Justin ""El Blanco"" Ledet | Orthodox","6' 4""",205 lbs.,"80.0"""
Vaughan Lee | Orthodox,"5' 6""",125 lbs.,"66.0"""
"Kevin ""The Motown Phenom"" Lee | Orthodox","5' 9""",170 lbs.,"77.0"""
"Andrea ""KGB"" Lee | Orthodox","5' 6""",125 lbs.,"69.0"""
"JeongYeong ""Korean Tiger"" Lee | Orthodox","5' 10""",145 lbs.,"73.0"""
"JungHyun ""The Phenom"" Lee | Orthodox","5' 5""",125 lbs.,"65.0"""
ChangHo Lee | Orthodox,"5' 8""",135 lbs.,"69.0"""
"Cheyden ""Steadfast"" Leialoha | Orthodox","5' 8""",135 lbs.,"73.0"""
Claudia Leite | Orthodox,"5' 3""",135 lbs.,"64.0"""
Thales Leites | Orthodox,"6' 1""",185 lbs.,"78.0"""
Amanda Lemos | Southpaw,"5' 4""",115 lbs.,"65.0"""
Giacomo Lemos | Orthodox,"6' 3""",247 lbs.,"75.0"""
"Jesse ""The Ox"" Lennox | Orthodox","5' 9""",170 lbs.,"72.0"""
"Nik ""The Carny"" Lentz | Orthodox","5' 8""",145 lbs.,"68.0"""
"Victoria ""Fury"" Leonardo | Orthodox","5' 5""",125 lbs.,"64.0"""
Brock Lesnar | Orthodox,"6' 3""",265 lbs.,"81.0"""
"Valerie ""Trouble"" Letourneau | Orthodox","5' 7""",115 lbs.,"68.0"""
"Leah ""Nidas"" Letson | Southpaw","5' 7""",145 lbs.,"71.0"""
"Marcus ""The Prospect"" LeVesseur | Southpaw","5' 9""",155 lbs.,"70.0"""
"Natan ""Lethal"" Levy | Southpaw","5' 9""",155 lbs.,"71.0"""
"Derrick ""The Black Beast"" Lewis | Orthodox","6' 3""",260 lbs.,"79.0"""
Bevon Lewis | Orthodox,"6' 3""",185 lbs.,"79.0"""
Brandon Lewis | Orthodox,"5' 4""",135 lbs.,"70.0"""
"Malik ""Hard Knock"" Lewis | Orthodox","6' 0""",155 lbs.,"75.0"""
"Li ""The Leech"" Jingliang | Orthodox","6' 0""",170 lbs.,"71.0"""
Li Yunfeng | Orthodox,"5' 8""",135 lbs.,"68.0"""
"Liang ""The Dragon Girl"" Na | Orthodox","5' 5""",125 lbs.,"67.0"""
"Jess ""The Joker"" Liaudin | Orthodox","5' 9""",170 lbs.,"72.0"""
"Chuck ""The Iceman"" Liddell | Orthodox","6' 2""",205 lbs.,"76.0"""
"Rodrigo ""Dynamis"" Lidio | Orthodox","5' 11""",155 lbs.,"73.0"""
"Hyun Gyu ""The Ace"" Lim | Orthodox","6' 3""",170 lbs.,"77.0"""
"Juliana ""Ju Thai"" Lima | Orthodox","5' 5""",115 lbs.,"65.0"""
Dhiego Lima | Orthodox,"6' 2""",170 lbs.,"75.0"""
"Andre ""Mascote"" Lima | Orthodox","5' 7""",125 lbs.,"67.0"""
"Felipe ""Jungle Boy"" Lima | Orthodox","5' 6""",135 lbs.,"68.0"""
"Emiliano ""Golden Bull"" Linares | Orthodox","5' 8""",145 lbs.,"72.0"""
"Matt ""The Law"" Lindland | Southpaw","6' 0""",185 lbs.,"74.0"""
"John ""Hands of Stone"" Lineker | Orthodox","5' 3""",135 lbs.,"67.0"""
"Austin ""Lights Out"" Lingo | Orthodox","5' 10""",145 lbs.,"70.0"""
"Philipe ""Monstro"" Lins | Orthodox","6' 2""",205 lbs.,"78.0"""
"Tainara ""Thai Panther"" Lisboa | Orthodox","5' 7""",135 lbs.,"67.0"""
"Dean ""The Boogeyman"" Lister | Orthodox","6' 1""",185 lbs.,"75.0"""
"James ""Goku"" Llontop | Orthodox","6' 0""",155 lbs.,"73.0"""
"Artem ""The Russian Hammer"" Lobov | Southpaw","5' 9""",145 lbs.,"65.0"""
Dylan Lockard | Orthodox,"5' 9""",145 lbs.,"72.0"""
"Ryan ""Man of Steel"" Loder | Southpaw","6' 2""",185 lbs.,"76.0"""
"Christian ""Hollywood"" Lohsen | Southpaw","6' 2""",155 lbs.,"77.0"""
"David ""The Crow"" Loiseau | Orthodox","6' 0""",185 lbs.,"76.0"""
Hector Lombard | Southpaw,"5' 9""",185 lbs.,"71.0"""
"Michael ""The Don"" Lombardo | Orthodox","6' 0""",170 lbs.,"72.0"""
Loma Lookboonmee | Orthodox,"5' 1""",115 lbs.,"61.0"""
"Ange ""The Last Ninja"" Loosa | Orthodox","5' 10""",170 lbs.,"74.0"""
Diego Lopes | Orthodox,"5' 11""",145 lbs.,"72.0"""
"Bruno ""Brunao"" Lopes | Orthodox","6' 2""",205 lbs.,"74.0"""
"Arthur ""Demolidor"" Lopes | Southpaw","6' 2""",234 lbs.,"77.0"""
Matthew Lopez | Southpaw,"5' 7""",135 lbs.,"69.0"""
"Benito ""Golden Boy"" Lopez | Switch","5' 10""",135 lbs.,"73.0"""
Gustavo Lopez | Orthodox,"5' 5""",135 lbs.,"67.0"""
Brendan Loughnane | Switch,"5' 10""",145 lbs.,"70.0"""
"Caolan ""The Don"" Loughran | Orthodox","5' 6""",135 lbs.,"68.0"""
Joe Lowry | Orthodox,"5' 11""",155 lbs.,"73.0"""
"Lu ""The Last Gladiator"" Kai | Orthodox","5' 9""",145 lbs.,"69.0"""
"Stephanie ""Rondinha"" Luciano | Orthodox","5' 6""",115 lbs.,"65.0"""
Iasmin Lucindo | Orthodox,"5' 3""",115 lbs.,"66.0"""
"Duane ""Bang"" Ludwig | Orthodox","5' 10""",170 lbs.,"70.0"""
"Lawrence ""Lok Yin"" Lui | Orthodox","5' 7""",135 lbs.,"72.0"""
"Paula ""La Prodigia"" Luna | Orthodox","5' 2""",125 lbs.,"62.0"""
"Dalcha ""Champion"" Lungiambula | Orthodox","5' 8""",185 lbs.,"76.0"""
"Vicente ""The Silent Assassin"" Luque | Orthodox","5' 11""",170 lbs.,"75.0"""
"Travis ""The Serial Killer"" Lutter | Orthodox","5' 11""",185 lbs.,"75.0"""
"Joilton ""Peregrino"" Lutterbach | Orthodox","6' 1""",185 lbs.,"75.0"""
"Tucker ""Top Gun"" Lutz | Orthodox","5' 8""",145 lbs.,"72.0"""
Lv Zhenhong | Switch,"5' 8""",145 lbs.,"67.0"""
"Chris ""Lights Out"" Lytle | Orthodox","5' 11""",170 lbs.,"68.0"""
"Dong Hyun ""Maestro"" Ma | Orthodox","5' 11""",155 lbs.,"70.0"""
Pawan Maan | Orthodox,"5' 7""",155 lbs.,"70.0"""
"William ""Patolino"" Macario | Orthodox","5' 11""",170 lbs.,"75.0"""
"Jason ""The Athlete"" MacDonald | Orthodox","6' 3""",185 lbs.,"80.0"""
"Rob ""Maximus"" MacDonald | Orthodox","6' 3""",205 lbs.,"78.0"""
"Rory ""Red King"" MacDonald | Orthodox","6' 0""",170 lbs.,"76.0"""
"Ryan ""Main Event"" MacDonald | Switch","5' 11""",135 lbs.,"71.0"""
"Valesca ""Tina Black"" Machado | Orthodox","5' 4""",115 lbs.,"63.0"""
"Caio ""Bigfoot"" Machado | Southpaw","6' 4""",250 lbs.,"78.0"""
"Ian ""The Future"" Machado Garry | Orthodox","6' 3""",170 lbs.,"74.0"""
"Lyoto ""The Dragon"" Machida | Southpaw","6' 1""",185 lbs.,"74.0"""
"Pauline ""PITA"" Macias | Southpaw","5' 4""",115 lbs.,"64.0"""
"Reza ""Mad Dog"" Madadi | Orthodox","5' 11""",155 lbs.,"73.0"""
"Don ""Magic Man"" Madge | Southpaw","6' 0""",155 lbs.,"72.0"""
"Victor ""Periquito"" Madrigal | Orthodox","5' 7""",135 lbs.,"71.0"""
Jon Madsen | Orthodox,"6' 0""",240 lbs.,"72.0"""
"Mark ""The Olympian"" Madsen | Orthodox","5' 8""",155 lbs.,"72.0"""
Yoshiro Maeda | Southpaw,"5' 7""",139 lbs.,"68.0"""
"Leonardo ""Macarrao"" Mafra | Orthodox","5' 10""",155 lbs.,"70.0"""
"Vinny ""Pezao"" Magalhaes | Orthodox","6' 3""",205 lbs.,"75.0"""
"Caio ""Hellboy"" Magalhaes | Orthodox","6' 1""",185 lbs.,"73.0"""
"Angela ""Your Majesty"" Magana | Orthodox","5' 1""",115 lbs.,"65.0"""
"Neil ""The Haitian Sensation"" Magny | Orthodox","6' 3""",170 lbs.,"80.0"""
Raimond Magomedaliev | Orthodox,"6' 1""",170 lbs.,"75.0"""
"Rashid ""Highlander"" Magomedov | Orthodox","5' 9""",155 lbs.,"70.0"""
"Ruslan ""Leopard"" Magomedov | Orthodox","6' 3""",242 lbs.,"78.0"""
Abus Magomedov | Orthodox,"6' 2""",185 lbs.,"78.0"""
"Shara ""Bullet"" Magomedov | Orthodox","6' 2""",185 lbs.,"73.0"""
Zabit Magomedsharipov | Orthodox,"6' 1""",145 lbs.,"73.0"""
"John ""The One"" Maguire | Southpaw","5' 9""",155 lbs.,"69.0"""
Demian Maia | Southpaw,"6' 1""",170 lbs.,"72.0"""
Jennifer Maia | Orthodox,"5' 4""",125 lbs.,"64.0"""
"Nayara ""Capita"" Maia | Orthodox","5' 5""",125 lbs.,"66.0"""
"Levan ""The Hornet"" Makashvili | Orthodox","5' 8""",145 lbs.,"68.0"""
"John ""The Bull"" Makdessi | Orthodox","5' 8""",155 lbs.,"68.0"""
Islam Makhachev | Southpaw,"5' 10""",155 lbs.,"70.0"""
"Zach ""Fun Size"" Makovsky | Southpaw","5' 4""",125 lbs.,"64.0"""
"Azat ""Qazaq"" Maksum | Southpaw","5' 7""",125 lbs.,"70.0"""
"Fabio ""Caipira de Aco"" Maldonado | Orthodox","6' 1""",205 lbs.,"75.0"""
Bea Malecki | Orthodox,"5' 9""",135 lbs.,"74.0"""
"Jacob ""Mamba"" Malkoun | Orthodox","5' 9""",185 lbs.,"73.0"""
"Mike ""Proper"" Malott | Orthodox","6' 1""",170 lbs.,"73.0"""
"Nate ""Mayhem"" Maness | Orthodox","5' 10""",125 lbs.,"72.0"""
"Marnic ""The Sawed-Off Savage"" Mann | Southpaw","5' 0""",115 lbs.,"64.0"""
"Dylan ""The Quiet Man"" Mantello | Orthodox","6' 1""",155 lbs.,"73.0"""
"Jimi ""Poster Boy"" Manuwa | Orthodox","6' 1""",205 lbs.,"79.0"""
"Dominic ""Street Buddha"" Mar Fan | Orthodox","5' 11""",155 lbs.,"75.0"""
Cristiano Marcello | Orthodox,"5' 9""",155 lbs.,"72.0"""
"Daniel ""Soncora"" Marcos | Orthodox","5' 7""",135 lbs.,"69.0"""
"Marcos ""Dhalsim"" Mariano | Switch","6' 1""",155 lbs.,"76.0"""
"Chepe ""Machine Gun"" Mariscal | Orthodox","5' 7""",145 lbs.,"69.0"""
Ronny Markes | Orthodox,"6' 1""",185 lbs.,"75.0"""
Rory Markham | Orthodox,"6' 0""",170 lbs.,"71.0"""
"Randa ""Quiet Storm"" Markos | Orthodox","5' 4""",115 lbs.,"63.0"""
Christina Marks | Orthodox,"5' 7""",125 lbs.,"69.0"""
"Brendon ""The Kid"" Marotte | Orthodox","5' 9""",145 lbs.,"70.0"""
"Nate ""The Great"" Marquardt | Orthodox","6' 0""",185 lbs.,"74.0"""
Danilo Marques | Orthodox,"6' 6""",205 lbs.,"77.0"""
"Julian ""The Cuban Missile Crisis"" Marquez | Orthodox","6' 2""",185 lbs.,"72.0"""
"Carmelo ""The Fury"" Marrero | Orthodox","6' 0""",205 lbs.,"73.0"""
"Eliot ""Fire"" Marshall | Orthodox","6' 2""",205 lbs.,"77.0"""
"Francis ""Fire"" Marshall | Orthodox","5' 9""",145 lbs.,"72.0"""
"Jack ""The Hammer"" Marshman | Orthodox","6' 0""",185 lbs.,"73.0"""
Terry Martin | Orthodox,"5' 8""",185 lbs.,"71.0"""
Anthony Rocco Martin | Orthodox,"6' 0""",170 lbs.,"73.0"""
Mallory Martin | Orthodox,"5' 4""",115 lbs.,"63.0"""
"Danny ""The Gremlin"" Martinez | Orthodox","5' 6""",125 lbs.,"67.0"""
"Henry ""Sicario"" Martinez | Southpaw","5' 7""",155 lbs.,"69.0"""
"Jonathan ""Dragon"" Martinez | Southpaw","5' 8""",135 lbs.,"70.0"""
"Mana ""ManaBoi"" Martinez | Orthodox","5' 10""",135 lbs.,"70.0"""
"Victor ""The Brick"" Martinez | Orthodox","5' 8""",155 lbs.,"70.0"""
Roque Martinez | Orthodox,"5' 10""",250 lbs.,"72.0"""
"Melissa ""Super Mely"" Martinez | Southpaw","5' 2""",115 lbs.,"66.0"""
"Julieta ""The Ninja Ferret"" Martinez | Orthodox","5' 1""",115 lbs.,"62.0"""
"David ""Black Spartan"" Martinez | Orthodox","5' 5""",135 lbs.,"67.0"""
Adriano Martins | Southpaw,"5' 10""",155 lbs.,"72.0"""
"Lucas ""Mineiro"" Martins | Southpaw","6' 0""",145 lbs.,"72.0"""
Bristol Marunde | Orthodox,"6' 1""",170 lbs.,"75.0"""
"Kazuma ""Gluttony"" Maruyama | Orthodox","5' 11""",155 lbs.,"72.0"""
"Islem ""Lightning"" Masraf | Southpaw","6' 0""",205 lbs.,"74.0"""
"Mike ""The Master of Disaster"" Massenzio | Southpaw","6' 2""",185 lbs.,"73.0"""
Jameel Massouh | Orthodox,"5' 10""",145 lbs.,"72.0"""
"Tiffany ""Rainbow Renegade"" Masters | Orthodox","5' 3""",115 lbs.,"65.0"""
"Jorge ""Gamebred"" Masvidal | Orthodox","5' 11""",170 lbs.,"74.0"""
"Al ""Sweetness"" Matavao | Orthodox","5' 8""",205 lbs.,"67.0"""
Arisa Matsuda | Orthodox,"5' 3""",115 lbs.,"64.0"""
Toki Matsui | Orthodox,"5' 6""",125 lbs.,"65.0"""
Jean Matsumoto | Orthodox,"5' 6""",135 lbs.,"68.0"""
Koyomi Matsushima | Orthodox,"5' 7""",145 lbs.,"66.0"""
"Jake ""The Celtic Kid"" Matthews | Orthodox","5' 11""",170 lbs.,"73.0"""
"Connor ""The Controller"" Matthews | Switch","5' 8""",145 lbs.,"71.0"""
"Vladimir ""The Janitor"" Matyushenko | Orthodox","6' 0""",205 lbs.,"74.0"""
"Miranda ""Fear The"" Maverick | Southpaw","5' 3""",125 lbs.,"65.0"""
Nick Maximov | Southpaw,"6' 0""",185 lbs.,"76.0"""
"Don'Tale ""Lord Kong"" Mayes | Orthodox","6' 6""",260 lbs.,"81.0"""
Gray Maynard | Orthodox,"5' 9""",155 lbs.,"70.0"""
"Gina ""Danger"" Mazany | Southpaw","5' 6""",125 lbs.,"68.0"""
"Sabina ""Colombian Queen"" Mazo | Orthodox","5' 7""",125 lbs.,"70.0"""
Francesco Mazzeo | Orthodox,"6' 3""",205 lbs.,"75.0"""
"Ian ""Uncle Creepy"" McCall | Orthodox","5' 5""",125 lbs.,"64.0"""
"Molly ""Meatball"" McCann | Orthodox","5' 4""",115 lbs.,"62.0"""
"Charles ""Chainsaw"" McCarthy | Orthodox","5' 10""",185 lbs.,"71.0"""
Eric McConico | Southpaw,"6' 0""",185 lbs.,"77.0"""
Sean McCorkle | Orthodox,"6' 7""",265 lbs.,"81.0"""
"Danni ""Mac"" McCormack | Southpaw","5' 4""",125 lbs.,"62.0"""
"Kris ""Savage"" McCray | Orthodox","6' 0""",170 lbs.,"76.0"""
"Tamdan ""The Barncat"" McCrory | Switch","6' 4""",185 lbs.,"76.0"""
"Rob ""Razor"" McCullough | Orthodox","5' 9""",155 lbs.,"69.0"""
"Justin ""The Insane One"" McCully | Orthodox","6' 1""",225 lbs.,"73.0"""
"Robert ""Bubba"" McDaniel | Southpaw","6' 3""",185 lbs.,"75.0"""
"Michael ""Mayday"" McDonald | Orthodox","5' 9""",135 lbs.,"70.0"""
"Drew ""The Massacre"" McFedries | Southpaw","6' 0""",185 lbs.,"72.0"""
"Court ""The Crusher"" McGee | Orthodox","5' 11""",170 lbs.,"75.0"""
"Marcus ""The Maniac"" McGhee | Orthodox","5' 8""",135 lbs.,"69.0"""
"Conor ""The Notorious"" McGregor | Southpaw","5' 9""",155 lbs.,"74.0"""
"Rhys ""Skeletor"" McKee | Orthodox","6' 2""",170 lbs.,"78.0"""
"Cory ""Poppins"" McKenna | Orthodox","5' 3""",115 lbs.,"58.0"""
Tim McKenzie | Orthodox,"6' 0""",185 lbs.,"74.0"""
Cody McKenzie | Switch,"6' 0""",155 lbs.,"72.0"""
"Terrance ""T. Wrecks"" McKinney | Switch","5' 10""",155 lbs.,"73.0"""
"Garreth ""Soldier Boy"" McLellan | Southpaw","6' 1""",185 lbs.,"72.0"""
Sara McMann | Orthodox,"5' 6""",135 lbs.,"66.0"""
"James ""The Hammer"" McSweeney | Switch","6' 4""",230 lbs.,"77.0"""
"Jackson ""The Moose"" McVey | Southpaw","6' 4""",185 lbs.,"77.0"""
"Tim ""The Dirty Bird"" Means | Orthodox","6' 2""",170 lbs.,"75.0"""
Yancy Medeiros | Orthodox,"5' 10""",155 lbs.,"75.0"""
MarQuel Mederos | Orthodox,"5' 10""",155 lbs.,"69.0"""
"Uros ""The Doctor"" Medic | Southpaw","6' 1""",170 lbs.,"71.0"""
"Jose Daniel ""Chicho"" Medina | Orthodox","6' 0""",185 lbs.,"74.0"""
"Emil ""Valhalla"" Meek | Switch","5' 11""",170 lbs.,"74.0"""
Sanford Alton Meeks | Orthodox,"6' 5""",265 lbs.,"75.0"""
"Gerald ""GM3"" Meerschaert | Southpaw","6' 1""",185 lbs.,"77.0"""
"Jordan ""Young Gun"" Mein | Orthodox","6' 0""",170 lbs.,"73.0"""
"Gilbert ""El Nino"" Melendez | Orthodox","5' 9""",145 lbs.,"73.0"""
Vanessa Melo | Orthodox,"5' 5""",135 lbs.,"65.0"""
"Antonio ""Samurai"" Mendes | Southpaw","6' 3""",205 lbs.,"77.0"""
"Chad ""Money"" Mendes | Orthodox","5' 6""",145 lbs.,"66.0"""
"Augusto ""Tanquinho"" Mendes | Orthodox","5' 6""",135 lbs.,"65.0"""
"Mateus ""Bocao"" Mendonca | Orthodox","5' 6""",125 lbs.,"71.0"""
Pietro Menga | Southpaw,"5' 7""",125 lbs.,"68.0"""
"Alonzo ""Atomic"" Menifield | Orthodox","6' 0""",205 lbs.,"76.0"""
"Ivan ""The Pride of El Salvador"" Menjivar | Orthodox","5' 6""",145 lbs.,"64.0"""
Yaotzin Meza | Orthodox,"5' 9""",145 lbs.,"71.0"""
"Jonathan ""The Captain"" Micallef | Southpaw","6' 0""",170 lbs.,"77.0"""
"Andreas ""The Spartan"" Michailidis | Orthodox","6' 0""",170 lbs.,"76.0"""
Zachary Micklewright | Southpaw,"6' 0""",155 lbs.,"74.0"""
Bojan Mihajlovic | Orthodox,"5' 11""",205 lbs.,"73.0"""
"Curtis ""Curtious"" Millender | Orthodox","6' 2""",170 lbs.,"76.0"""
Dan Miller | Orthodox,"6' 1""",185 lbs.,"74.0"""
"Jim ""A-10"" Miller | Southpaw","5' 8""",155 lbs.,"71.0"""
"Cole ""Magrinho"" Miller | Orthodox","6' 1""",145 lbs.,"73.0"""
"Mo ""Moshow"" Miller | Orthodox","5' 8""",135 lbs.,"72.0"""
"Juliana ""Killer"" Miller | Orthodox","5' 7""",125 lbs.,"66.0"""
"Che ""Beautiful"" Mills | Orthodox","6' 1""",170 lbs.,"76.0"""
"Adam ""The Prototype"" Milstead | Orthodox","6' 3""",205 lbs.,"76.0"""
"Alberto ""Soldier of God"" Mina | Orthodox","6' 0""",170 lbs.,"77.0"""
Darrick Minner | Orthodox,"5' 7""",145 lbs.,"69.0"""
"Carlton ""Clutch"" Minus | Orthodox","5' 10""",170 lbs.,"75.0"""
Stipe Miocic | Orthodox,"6' 4""",240 lbs.,"80.0"""
Frank Mir | Southpaw,"6' 3""",264 lbs.,"79.0"""
Mario Miranda | Orthodox,"6' 3""",185 lbs.,"74.0"""
"Vitor ""Lex Luthor"" Miranda | Orthodox","6' 1""",185 lbs.,"77.0"""
"Gabriel ""Fly"" Miranda | Orthodox","5' 11""",145 lbs.,"71.0"""
"David ""Daudi"" Mitchell | Orthodox","6' 0""",170 lbs.,"75.0"""
"Bryce ""Thug Nasty"" Mitchell | Southpaw","5' 10""",135 lbs.,"70.0"""
Terrence Mitchell | Orthodox,"5' 10""",135 lbs.,"74.0"""
Matt Mitrione | Switch,"6' 3""",265 lbs.,"82.0"""
Hiromitsu Miura | Orthodox,"5' 9""",170 lbs.,"71.0"""
"Patchy ""No Love"" Mix | Southpaw","5' 11""",135 lbs.,"70.0"""
Takeya Mizugaki | Orthodox,"5' 7""",135 lbs.,"69.0"""
"Roxanne ""The Happy Warrior"" Modafferi | Orthodox","5' 7""",125 lbs.,"69.0"""
"Bobby ""The Wolfman"" Moffett | Orthodox","5' 10""",145 lbs.,"73.0"""
Nate Mohr | Orthodox,"5' 9""",155 lbs.,"72.0"""
Renato Moicano | Orthodox,"5' 11""",155 lbs.,"72.0"""
Thiago Moises | Orthodox,"5' 9""",155 lbs.,"70.0"""
"Muhammad ""The Punisher"" Mokaev | Orthodox","5' 7""",125 lbs.,"70.0"""
"Ashkan ""The Assassin"" Mokhtarian | Southpaw","5' 6""",125 lbs.,"67.0"""
Suman Mokhtarian | Orthodox,"5' 8""",145 lbs.,"72.0"""
"Jeff ""El Jefe"" Molina | Orthodox","5' 6""",125 lbs.,"69.0"""
"Jeff ""The Snowman"" Monson | Orthodox","5' 9""",247 lbs.,"74.0"""
"Darrell ""Mongoose"" Montague | Southpaw","5' 6""",125 lbs.,"67.0"""
"Augusto ""Dodger"" Montano | Orthodox","6' 1""",170 lbs.,"73.0"""
"Erick ""Perry"" Montano | Orthodox","6' 0""",170 lbs.,"73.0"""
Nicco Montano | Southpaw,"5' 5""",135 lbs.,"65.0"""
"Antonio ""Junior Negao"" Monteiro | Orthodox","5' 7""",145 lbs.,"70.0"""
"Alberto ""The Promise"" Montes | Orthodox","5' 7""",145 lbs.,"69.0"""
"James ""Moon Walker"" Moontasri | Switch","5' 10""",170 lbs.,"71.0"""
Todd Moore | Southpaw,"5' 9""",170 lbs.,"71.0"""
Taylor Moore | Southpaw,"5' 10""",135 lbs.,"70.0"""
"Sergio ""The Panther"" Moraes | Orthodox","6' 0""",170 lbs.,"72.0"""
"Marlon ""Magic"" Moraes | Orthodox","5' 6""",135 lbs.,"67.0"""
Sheymon Moraes | Orthodox,"5' 8""",145 lbs.,"72.0"""
John Moraga | Orthodox,"5' 6""",125 lbs.,"66.0"""
"Albert ""The Warrior"" Morales | Orthodox","5' 9""",135 lbs.,"72.0"""
Joseph Morales | Switch,"5' 6""",125 lbs.,"69.0"""
"Vince ""Vandetta"" Morales | Orthodox","5' 7""",135 lbs.,"70.0"""
"Omar ""Venezuelan Fighter"" Morales | Orthodox","5' 11""",155 lbs.,"73.0"""
Michael Morales | Orthodox,"6' 0""",170 lbs.,"79.0"""
"Sarah ""Cheesecake"" Moras | Orthodox","5' 7""",135 lbs.,"67.0"""
Christian Morecraft | Orthodox,"6' 6""",260 lbs.,"81.0"""
"Vinicius ""Mamute"" Moreira | Orthodox","6' 4""",205 lbs.,"76.0"""
"Brandon ""The Assassin Baby"" Moreno | Orthodox","5' 7""",125 lbs.,"70.0"""
"Dan ""The Hitman"" Moret | Southpaw","6' 0""",155 lbs.,"73.0"""
"Alexander ""The Chess Master"" Morgan | Orthodox","5' 10""",145 lbs.,"71.0"""
"Alex ""The Great White"" Morono | Orthodox","5' 11""",170 lbs.,"72.0"""
"Maryna ""Iron Lady"" Moroz | Orthodox","5' 7""",125 lbs.,"67.0"""
Sergey Morozov | Orthodox,"5' 6""",135 lbs.,"67.0"""
"Carlos ""Tizil"" Mota | Orthodox","5' 4""",125 lbs.,"69.0"""
Miki Motono | Southpaw,"5' 2""",115 lbs.,"63.0"""
"Nikolas ""Iron"" Motta | Orthodox","5' 9""",155 lbs.,"70.0"""
"Eduarda ""Ronda"" Moura | Orthodox","5' 6""",125 lbs.,"67.0"""
Gegard Mousasi | Orthodox,"6' 2""",185 lbs.,"76.0"""
Kris Moutinho | Southpaw,"5' 7""",135 lbs.,"68.0"""
Jamie Moyle | Orthodox,"5' 1""",115 lbs.,"65.0"""
Askar Mozharov | Orthodox,"6' 3""",205 lbs.,"74.0"""
"Lauren ""Princess Tiger"" Mueller | Orthodox","5' 5""",125 lbs.,"67.0"""
"Belal ""Remember the Name"" Muhammad | Orthodox","5' 11""",170 lbs.,"72.0"""
James Mulheron | Orthodox,"5' 10""",243 lbs.,"73.0"""
Jamie Mullarkey | Orthodox,"6' 0""",155 lbs.,"74.0"""
"Melissa ""No Mess"" Mullins | Orthodox","5' 7""",135 lbs.,"68.0"""
"Pedro ""The Young Punisher"" Munhoz | Orthodox","5' 6""",135 lbs.,"65.0"""
"Andre ""Sergipano"" Muniz | Southpaw","6' 1""",185 lbs.,"78.0"""
"Mark ""The Filipino Wrecking Machine"" Munoz | Orthodox","6' 0""",185 lbs.,"71.0"""
Alexander Munoz | Switch,"5' 9""",155 lbs.,"72.0"""
"Johnny ""Kid Kvenbo"" Munoz | Orthodox","5' 9""",135 lbs.,"71.0"""
"Olivier ""Warrior of God"" Murad | Southpaw","5' 10""",145 lbs.,"72.0"""
Makhmud Muradov | Orthodox,"6' 2""",185 lbs.,"75.0"""
Kanako Murata | Orthodox,"5' 1""",115 lbs.,"62.0"""
Vince Murdock | Orthodox,"5' 6""",145 lbs.,"64.0"""
Samandar Murodov | Orthodox,"6' 1""",170 lbs.,"75.0"""
"Lauren ""Lucky"" Murphy | Orthodox","5' 5""",125 lbs.,"67.0"""
"Lerone ""The Miracle"" Murphy | Orthodox","5' 9""",145 lbs.,"73.0"""
"Jesse ""Hollywood"" Murray | Orthodox","6' 3""",205 lbs.,"78.0"""
Khalid Murtazaliev | Orthodox,"6' 0""",185 lbs.,"76.0"""
"Azamat ""The Professional"" Murzakanov | Southpaw","5' 10""",205 lbs.,"71.0"""
"Josias ""The KO Wizard"" Musasa | Southpaw","5' 8""",135 lbs.,"74.0"""
Tofiq Musayev | Orthodox,"5' 9""",155 lbs.,"69.0"""
"Nicholas ""Nico"" Musoke | Orthodox","6' 0""",170 lbs.,"75.0"""
"Magomed ""The Sniper"" Mustafaev | Orthodox","5' 8""",155 lbs.,"71.0"""
"Elvis ""The King"" Mutapcic | Orthodox","6' 0""",185 lbs.,"72.0"""
"Muhammad ""Hillman"" Naimov | Orthodox","5' 9""",145 lbs.,"70.0"""
"Yura ""2 FACE"" Naito | Orthodox","6' 0""",185 lbs.,"74.0"""
"Kazuhiro ""Kaz"" Nakamura | Orthodox","5' 11""",205 lbs.,"70.0"""
"Keita ""K-Taro"" Nakamura | Southpaw","5' 11""",170 lbs.,"73.0"""
"Rinya ""Hybred"" Nakamura | Southpaw","5' 7""",135 lbs.,"68.0"""
Keiichiro Nakamura | Southpaw,"5' 8""",145 lbs.,"70.0"""
"Tokitaka ""Toky"" Nakanishi | Orthodox","5' 6""",135 lbs.,"66.0"""
Tyson Nam | Orthodox,"5' 7""",125 lbs.,"68.0"""
"Rose ""Thug"" Namajunas | Orthodox","5' 5""",125 lbs.,"65.0"""
"Nad ""Smiler"" Narimani | Orthodox","5' 8""",145 lbs.,"70.0"""
"Allan ""Puro Osso"" Nascimento | Orthodox","5' 8""",125 lbs.,"69.0"""
"Rodrigo ""Ze Colmeia"" Nascimento | Orthodox","6' 2""",246 lbs.,"80.0"""
Bobby Nash | Orthodox,"6' 0""",170 lbs.,"74.0"""
Nasrudin Nasrudinov | Orthodox,"6' 0""",205 lbs.,"71.0"""
"Rafael ""Sapo"" Natal | Orthodox","6' 0""",185 lbs.,"77.0"""
"Kevin ""Quicksand"" Natividad | Orthodox","5' 6""",135 lbs.,"70.0"""
Ismail Naurdiev | Orthodox,"5' 10""",185 lbs.,"74.0"""
"Tafon ""Da Don"" Nchukwi | Orthodox","6' 0""",185 lbs.,"77.0"""
"Geoff ""Handz of Steel"" Neal | Southpaw","5' 11""",170 lbs.,"75.0"""
"Stanislav ""Stucky"" Nedkov | Orthodox","5' 11""",205 lbs.,"71.0"""
"Josh ""The Dentist"" Neer | Orthodox","5' 11""",170 lbs.,"72.0"""
Nicolae Negumereanu | Orthodox,"6' 0""",205 lbs.,"78.0"""
"Shane ""Sugar"" Nelson | Southpaw","5' 9""",155 lbs.,"70.0"""
"Roy ""Big Country"" Nelson | Orthodox","6' 0""",263 lbs.,"73.0"""
"Gunnar ""Gunni"" Nelson | Switch","5' 11""",170 lbs.,"72.0"""
"Kyle ""The Monster"" Nelson | Switch","5' 11""",145 lbs.,"71.0"""
Antonio Braga Neto | Orthodox,"6' 3""",185 lbs.,"77.0"""
"Eduardo ""Bebezao"" Neves | Orthodox","6' 2""",263 lbs.,"78.0"""
Journey Newson | Orthodox,"5' 5""",135 lbs.,"67.0"""
"Francis ""The Predator"" Ngannou | Orthodox","6' 4""",250 lbs.,"83.0"""
Nghiem Van Y | Orthodox,"5' 7""",135 lbs.,"68.0"""
"Ben ""Ten"" Nguyen | Switch","5' 5""",125 lbs.,"65.0"""
"Steven ""The Ninja"" Nguyen | Switch","5' 11""",145 lbs.,"73.0"""
"Alex ""The Spartan"" Nicholson | Orthodox","6' 4""",185 lbs.,"77.0"""
Bo Nickal | Southpaw,"6' 1""",185 lbs.,"76.0"""
Matheus Nicolau | Orthodox,"5' 6""",125 lbs.,"66.0"""
"Stewart ""Kakamora"" Nicoll | Orthodox","5' 5""",125 lbs.,"65.0"""
"Tom ""Stoneface"" Niinimaki | Orthodox","5' 9""",145 lbs.,"69.0"""
Ramsey Nijem | Orthodox,"5' 11""",155 lbs.,"75.0"""
"Guangyou ""Smasher"" Ning | Southpaw","5' 4""",145 lbs.,"64.0"""
"Anthony ""The Assassin"" Njokuani | Orthodox","6' 1""",155 lbs.,"75.0"""
"Chidi ""Bang Bang"" Njokuani | Orthodox","6' 3""",170 lbs.,"80.0"""
"Antonio Rodrigo ""Minotauro"" Nogueira | Orthodox","6' 3""",240 lbs.,"77.0"""
"Rogerio ""Minotouro"" Nogueira | Southpaw","6' 2""",205 lbs.,"75.0"""
Kyle Noke | Southpaw,"6' 1""",170 lbs.,"76.0"""
"Tom ""Big Train"" Nolan | Southpaw","6' 3""",155 lbs.,"73.0"""
"KJ ""King"" Noons | Orthodox","5' 10""",155 lbs.,"70.0"""
"Sage ""Super"" Northcutt | Orthodox","6' 0""",170 lbs.,"71.0"""
Shohei Nose | Switch,"5' 6""",135 lbs.,"68.0"""
"Phillipe ""The Filipino Assassin"" Nover | Orthodox","5' 9""",145 lbs.,"72.0"""
"Taiyilake ""Super Saiyan"" Nueraji | Southpaw","6' 2""",170 lbs.,"75.0"""
"Shayilan ""Wolverine"" Nuerdanbieke | Orthodox","5' 8""",145 lbs.,"69.0"""
"Diego ""The Gun"" Nunes | Orthodox","5' 6""",145 lbs.,"67.0"""
"Amanda ""The Lioness"" Nunes | Orthodox","5' 8""",135 lbs.,"69.0"""
Nina Nunes | Orthodox,"5' 5""",125 lbs.,"64.0"""
Istela Nunes | Orthodox,"5' 4""",115 lbs.,"66.0"""
"Josiane ""Josi"" Nunes | Southpaw","5' 2""",135 lbs.,"67.0"""
Diyar Nurgozhay | Southpaw,"6' 2""",205 lbs.,"74.0"""
"Khabib ""The Eagle"" Nurmagomedov | Orthodox","5' 10""",155 lbs.,"70.0"""
Said Nurmagomedov | Orthodox,"5' 8""",135 lbs.,"70.0"""
Abubakar Nurmagomedov | Orthodox,"5' 11""",170 lbs.,"72.0"""
Umar Nurmagomedov | Orthodox,"5' 8""",135 lbs.,"69.0"""
"Kennedy ""African Savage"" Nzechukwu | Southpaw","6' 5""",236 lbs.,"83.0"""
"Jake ""Irish"" O'Brien | Orthodox","6' 3""",205 lbs.,"76.0"""
"Sean ""The Real OC"" O'Connell | Orthodox","6' 1""",205 lbs.,"74.0"""
"Sean ""Suga"" O'Malley | Switch","5' 11""",135 lbs.,"72.0"""
"Casey ""King"" O'Neill | Orthodox","5' 6""",125 lbs.,"69.0"""
"Brendan ""Badger"" O'Reilly | Orthodox","5' 7""",170 lbs.,"69.0"""
"Jose ""Kalzifer"" Ochoa | Southpaw","5' 7""",125 lbs.,"67.0"""
Christian Ocon | Orthodox,"5' 8""",135 lbs.,"69.0"""
"Volkan ""No Time"" Oezdemir | Orthodox","6' 2""",205 lbs.,"75.0"""
"Kaan ""Genghis"" Ofli | Orthodox","5' 7""",145 lbs.,"66.0"""
"Trey ""Shamurai"" Ogden | Orthodox","5' 11""",155 lbs.,"72.0"""
"Andy ""The Little Axe"" Ogle | Orthodox","5' 8""",145 lbs.,"69.0"""
"Yushin ""Thunder"" Okami | Southpaw","6' 2""",170 lbs.,"75.0"""
"JJ ""The Bosnian Bomber"" Okanovich | Orthodox","5' 11""",155 lbs.,"76.0"""
"Bolaji ""The Zulu Warrior"" Oki | Orthodox","5' 10""",155 lbs.,"73.0"""
"Aleksei ""The Boa Constrictor"" Oleinik | Orthodox","6' 2""",240 lbs.,"80.0"""
"Michal ""Hussar"" Oleksiejczuk | Southpaw","6' 0""",185 lbs.,"74.0"""
"Rafaello ""Tractor"" Oliveira | Orthodox","5' 8""",155 lbs.,"71.0"""
"Charles ""Do Bronxs"" Oliveira | Orthodox","5' 10""",155 lbs.,"74.0"""
"Alex ""Cowboy"" Oliveira | Orthodox","5' 11""",170 lbs.,"76.0"""
"Maria ""Spider-Girl"" Oliveira | Orthodox","5' 6""",115 lbs.,"69.0"""
Bruno Oliveira | Orthodox,"6' 4""",205 lbs.,"80.0"""
Saimon Oliveira | Orthodox,"5' 4""",135 lbs.,"72.0"""
"Vinicius ""LokDog"" Oliveira | Switch","5' 9""",135 lbs.,"70.0"""
"Ravena ""Kenoudy"" Oliveira | Orthodox","5' 5""",115 lbs.,"65.0"""
"Cameron ""Cap'n Crunch"" Olson | Orthodox","6' 1""",205 lbs.,"75.0"""
Gadzhi Omargadzhiev | Switch,"6' 1""",170 lbs.,"71.0"""
Daniel Omielanczuk | Southpaw,"6' 0""",247 lbs.,"74.0"""
Michihiro Omigawa | Orthodox,"5' 6""",145 lbs.,"68.0"""
David Onama | Orthodox,"5' 11""",145 lbs.,"74.0"""
"Charlie ""American Bad Boy"" Ontiveros | Switch","6' 2""",155 lbs.,"74.0"""
Myktybek Orolbai | Orthodox,"5' 10""",155 lbs.,"74.0"""
"Brian ""T-City"" Ortega | Switch","5' 8""",145 lbs.,"69.0"""
"Tito ""The People's Champ"" Ortiz | Orthodox","6' 3""",205 lbs.,"74.0"""
Dustin Ortiz | Orthodox,"5' 5""",125 lbs.,"65.0"""
Kenji Osawa | Orthodox,"5' 7""",135 lbs.,"66.0"""
"Ode ""The Jamaican Sensation"" Osbourne | Southpaw","5' 7""",125 lbs.,"73.0"""
Nick Osipczak | Orthodox,"6' 2""",170 lbs.,"76.0"""
Rachael Ostovich | Orthodox,"5' 3""",125 lbs.,"62.0"""
Quemuel Ottoni | Orthodox,"6' 0""",155 lbs.,"72.0"""
"Zak ""The Barbarian"" Ottow | Orthodox","5' 11""",170 lbs.,"72.0"""
Sidney Outlaw | Orthodox,"5' 8""",170 lbs.,"74.0"""
"Alistair ""The Demolition Man"" Overeem | Orthodox","6' 4""",265 lbs.,"80.0"""
Ren Ozaki | Orthodox,"5' 7""",135 lbs.,"68.0"""
"Alptekin ""The Turkish Delight"" Ozkilic | Orthodox","5' 5""",125 lbs.,"65.0"""
Nick Pace | Orthodox,"5' 7""",135 lbs.,"68.0"""
Angel Pacheco | Orthodox,"5' 8""",135 lbs.,"70.0"""
"Teemu ""Pacu"" Packalen | Orthodox","6' 1""",155 lbs.,"75.0"""
"Fernando ""El Valiente"" Padilla | Orthodox","6' 1""",145 lbs.,"76.0"""
"Chris ""Taco"" Padilla | Orthodox","5' 9""",155 lbs.,"74.0"""
"Damacio ""The Angel of Death"" Page | Orthodox","5' 6""",135 lbs.,"66.0"""
"Michael ""Venom"" Page | Switch","6' 3""",185 lbs.,"79.0"""
"Dustin ""The Disciple"" Pague | Orthodox","5' 9""",135 lbs.,"74.0"""
Raulian Paiva | Orthodox,"5' 8""",135 lbs.,"69.0"""
"Dinis ""Sweetbread"" Paiva Jr. | Southpaw","5' 9""",145 lbs.,"71.0"""
Fredson Paixao | Orthodox,"5' 6""",145 lbs.,"66.0"""
"Luis ""Corazon de Leon"" Pajuelo | Orthodox","5' 10""",145 lbs.,"69.0"""
"Bart ""Bartimus"" Palaszewski | Orthodox","5' 9""",145 lbs.,"70.0"""
Sasha Palatnikov | Switch,"6' 1""",170 lbs.,"72.0"""
"Soa ""The Hulk"" Palelei | Orthodox","6' 4""",265 lbs.,"81.0"""
"Rousimar ""Toquinho"" Palhares | Orthodox","5' 8""",170 lbs.,"71.0"""
Ruel Panales | Southpaw,"5' 5""",125 lbs.,"67.0"""
"Yuri ""The Russian Polar Bear"" Panferov | Orthodox","6' 1""",185 lbs.,"72.0"""
"Alexandre ""The Cannibal"" Pantoja | Orthodox","5' 5""",125 lbs.,"67.0"""
"Jared ""The Jackhammer"" Papazian | Southpaw","5' 8""",135 lbs.,"67.0"""
Kathryn Paprocki | Orthodox,"5' 3""",115 lbs.,"63.0"""
Josh Parisian | Orthodox,"6' 4""",265 lbs.,"79.0"""
"Karo ""The Heat"" Parisyan | Orthodox","5' 10""",170 lbs.,"72.0"""
"JunYong ""The Iron Turtle"" Park | Orthodox","5' 10""",185 lbs.,"73.0"""
"Harvey ""Fightbot"" Park | Orthodox","6' 0""",155 lbs.,"70.0"""
"HyunSung ""Peace of Mind"" Park | Orthodox","5' 7""",125 lbs.,"66.0"""
"JaeHyun ""The First Prospect"" Park | Orthodox","5' 8""",155 lbs.,"73.0"""
"EoJin ""Young Boss"" Park | Orthodox","6' 0""",145 lbs.,"71.0"""
"Norman ""Stormin'"" Parke | Southpaw","5' 11""",155 lbs.,"70.0"""
Mick Parkin | Orthodox,"6' 4""",265 lbs.,"79.0"""
"Preston ""Pressure"" Parsons | Orthodox","5' 11""",170 lbs.,"71.0"""
"Jonny ""The Sluggernaut"" Parsons | Orthodox","5' 9""",170 lbs.,"69.0"""
Ramona Pascual | Southpaw,"5' 7""",135 lbs.,"66.0"""
Billy Pasulatan | Switch,"5' 5""",125 lbs.,"66.0"""
"Jhonoven ""The Samoan Savage"" Pati | Switch","6' 1""",185 lbs.,"75.0"""
Windri Patilima | Southpaw,"5' 6""",155 lbs.,"71.0"""
"Claude ""The Prince"" Patrick | Orthodox","5' 11""",170 lbs.,"75.0"""
"Alan ""Nuguette"" Patrick | Southpaw","5' 11""",155 lbs.,"74.0"""
Sam Patterson | Orthodox,"6' 3""",170 lbs.,"78.0"""
"Zac ""The High Chief"" Pauga | Orthodox","6' 2""",205 lbs.,"76.0"""
"Thomas ""Juggernaut"" Paull | Orthodox","5' 7""",155 lbs.,"67.0"""
Sergei Pavlovich | Southpaw,"6' 3""",257 lbs.,"84.0"""
Pawel Pawlak | Orthodox,"6' 0""",170 lbs.,"73.0"""
"Jonathan ""JSP"" Pearce | Switch","6' 0""",145 lbs.,"71.0"""
"Ross ""The Real Deal"" Pearson | Orthodox","5' 8""",155 lbs.,"69.0"""
"Carlo ""Semento"" Pedersoli Jr. | Southpaw","5' 11""",170 lbs.,"75.0"""
Tyson Pedro | Orthodox,"6' 3""",205 lbs.,"79.0"""
Trevor Peek | Switch,"5' 9""",145 lbs.,"70.0"""
"Kurt ""Batman"" Pellegrino | Orthodox","5' 8""",155 lbs.,"70.0"""
"Julianna ""The Venezuelan Vixen"" Pena | Orthodox","5' 6""",135 lbs.,"69.0"""
"Luis ""Violent Bob Ross"" Pena | Southpaw","6' 3""",155 lbs.,"75.0"""
"Matej ""Money"" Penaz | Southpaw","6' 3""",185 lbs.,"83.0"""
"Cathal ""The Punisher"" Pendred | Orthodox","6' 1""",170 lbs.,"75.0"""
"BJ ""The Prodigy"" Penn | Orthodox","5' 9""",155 lbs.,"70.0"""
Jessica Penne | Orthodox,"5' 5""",115 lbs.,"67.0"""
"Raquel ""Rocky"" Pennington | Orthodox","5' 7""",135 lbs.,"67.0"""
"Tecia ""Tiny Tornado"" Pennington | Orthodox","5' 1""",115 lbs.,"60.0"""
Godofredo Pepey | Orthodox,"5' 7""",145 lbs.,"73.0"""
"Robert ""Problems"" Peralta | Orthodox","5' 8""",145 lbs.,"71.0"""
"Viviane ""Sucuri"" Pereira | Orthodox","5' 1""",115 lbs.,"63.0"""
"Michel ""Demolidor"" Pereira | Orthodox","6' 1""",185 lbs.,"73.0"""
"Alex ""Poatan"" Pereira | Orthodox","6' 4""",205 lbs.,"79.0"""
"Erik ""Goyito"" Perez | Orthodox","5' 8""",135 lbs.,"68.0"""
"Alejandro ""Turbo"" Perez | Orthodox","5' 6""",135 lbs.,"67.0"""
Frankie Perez | Orthodox,"5' 11""",155 lbs.,"73.0"""
Alex Perez | Orthodox,"5' 6""",125 lbs.,"65.0"""
"Markus ""Maluko"" Perez | Orthodox","6' 1""",185 lbs.,"73.0"""
"Ailin ""Fiona"" Perez | Switch","5' 5""",135 lbs.,"66.0"""
"Anthony ""The Hippo"" Perosh | Orthodox","6' 3""",205 lbs.,"75.0"""
"Jay ""The Joker"" Perrin | Switch","5' 7""",135 lbs.,"67.0"""
"Mike ""Platinum"" Perry | Orthodox","5' 10""",170 lbs.,"71.0"""
"Raphael ""Bebezao"" Pessoa | Orthodox","6' 3""",262 lbs.,"78.0"""
Viktor Pesta | Orthodox,"6' 3""",240 lbs.,"77.0"""
"Thomas ""The Train"" Petersen | Southpaw","6' 1""",264 lbs.,"74.0"""
"Steven ""Ocho"" Peterson | Orthodox","5' 10""",145 lbs.,"70.0"""
Vitor Petrino | Orthodox,"6' 2""",205 lbs.,"77.0"""
Andre Petroski | Switch,"6' 0""",185 lbs.,"73.0"""
"Armen ""Superman"" Petrosyan | Orthodox","6' 3""",185 lbs.,"71.0"""
Ivana Petrovic | Southpaw,"5' 8""",125 lbs.,"70.0"""
"Seth ""The Silverback"" Petruzelli | Orthodox","6' 0""",205 lbs.,"76.0"""
"Peter ""The Joker"" Petties | Southpaw","5' 11""",145 lbs.,"72.0"""
"Anthony ""Showtime"" Pettis | Orthodox","5' 10""",155 lbs.,"72.0"""
Sergio Pettis | Orthodox,"5' 6""",125 lbs.,"69.0"""
"Forrest ""The Meat Cleaver"" Petz | Orthodox","5' 9""",170 lbs.,"71.0"""
"Cody ""The Fist"" Pfister | Orthodox","5' 10""",155 lbs.,"73.0"""
Nam Phan | Orthodox,"5' 6""",135 lbs.,"70.0"""
Constantinos Philippou | Orthodox,"5' 11""",185 lbs.,"73.0"""
"Aaron ""The Dragon"" Phillips | Southpaw","5' 9""",135 lbs.,"71.0"""
Elizabeth Phillips | Orthodox,"5' 6""",135 lbs.,"65.0"""
"John ""The Welsh Wrecking Machine"" Phillips | Southpaw","5' 11""",185 lbs.,"75.0"""
"Kyler ""The Matrix"" Phillips | Orthodox","5' 8""",135 lbs.,"72.0"""
Mario Piazzon | Orthodox,"5' 9""",265 lbs.,"73.0"""
Nick Piccininni | Orthodox,"5' 6""",125 lbs.,"66.0"""
"Vinc ""From Hell"" Pichel | Orthodox","5' 10""",155 lbs.,"72.0"""
"Brad ""One Punch"" Pickett | Orthodox","5' 6""",135 lbs.,"68.0"""
"Jamie ""The Night Wolf"" Pickett | Orthodox","6' 2""",185 lbs.,"80.0"""
"Oskar ""Imadlo"" Piechota | Southpaw","6' 0""",185 lbs.,"76.0"""
Mike Pierce | Orthodox,"5' 8""",170 lbs.,"71.0"""
"Jonathan ""Warhawk"" Piersma | Orthodox","5' 11""",170 lbs.,"73.0"""
"Sean ""The Punisher"" Pierson | Southpaw","6' 0""",170 lbs.,"76.0"""
"Domingo ""Son of Fire"" Pilarte | Southpaw","6' 0""",135 lbs.,"73.0"""
"Paddy ""The Baddy"" Pimblett | Orthodox","5' 10""",155 lbs.,"73.0"""
"Daniel ""The Pit"" Pineda | Orthodox","5' 7""",145 lbs.,"69.0"""
Pingyuan Liu | Orthodox,"5' 6""",135 lbs.,"72.0"""
Luana Pinheiro | Orthodox,"5' 2""",115 lbs.,"62.0"""
Mario Pinto | Orthodox,"6' 5""",265 lbs.,"79.0"""
"Gaetano ""El Tigre"" Pirrello | Orthodox","5' 7""",135 lbs.,"65.0"""
"Maki ""Coconut Bombz"" Pitolo | Orthodox","5' 10""",185 lbs.,"75.0"""
Jamal Pogues | Orthodox,"6' 3""",205 lbs.,"77.0"""
"Dustin ""The Diamond"" Poirier | Southpaw","5' 9""",155 lbs.,"72.0"""
"Igor ""The Duke"" Pokrajac | Orthodox","6' 0""",205 lbs.,"74.0"""
"Julia ""Psycho"" Polastri | Orthodox","5' 2""",115 lbs.,"63.0"""
"Santiago ""Argentine Dagger"" Ponzinibbio | Orthodox","6' 0""",170 lbs.,"73.0"""
Grigory Popov | Switch,"5' 7""",135 lbs.,"68.0"""
Parker Porter | Orthodox,"6' 0""",265 lbs.,"75.0"""
"Ihor ""Duelist"" Potieria | Southpaw","6' 3""",185 lbs.,"75.0"""
"Callan ""The Rockstar"" Potter | Orthodox","6' 0""",170 lbs.,"72.0"""
"Dylan ""Big Poppa"" Potter | Switch","6' 2""",225 lbs.,"77.0"""
"Ruan ""Fangzz"" Potts | Orthodox","6' 2""",247 lbs.,"75.0"""
Devin Powell | Orthodox,"6' 0""",155 lbs.,"73.0"""
Marcin Prachnio | Orthodox,"6' 3""",205 lbs.,"74.0"""
"Wagner ""Caldeirao"" Prado | Southpaw","6' 0""",205 lbs.,"74.0"""
Francisco Prado | Orthodox,"5' 10""",170 lbs.,"69.0"""
Trevor Prangley | Orthodox,"6' 1""",185 lbs.,"75.0"""
"Ricardo ""Alemao"" Prasel | Orthodox","6' 7""",238 lbs.,"78.0"""
"Carlo ""Neo"" Prater | Switch","5' 11""",155 lbs.,"72.0"""
"Carlos ""The Nightmare"" Prates | Switch","6' 1""",170 lbs.,"78.0"""
"Michel ""Tractor"" Prazeres | Orthodox","5' 6""",170 lbs.,"67.0"""
"Kyle ""Killshot"" Prepolec | Southpaw","5' 10""",155 lbs.,"70.0"""
"Niko ""The Hybrid"" Price | Orthodox","6' 0""",170 lbs.,"76.0"""
Jiri Prochazka | Orthodox,"6' 3""",205 lbs.,"80.0"""
Lara Procopio | Orthodox,"5' 4""",125 lbs.,"67.0"""
Joe Proctor | Orthodox,"5' 10""",155 lbs.,"72.0"""
Cole Province | Orthodox,"5' 9""",145 lbs.,"68.0"""
Lucie Pudilova | Orthodox,"5' 8""",125 lbs.,"67.0"""
"Claudio ""Prince of Peru"" Puelles | Southpaw","5' 10""",155 lbs.,"72.0"""
"Juan ""Leadfeather"" Puerta | Southpaw","5' 9""",125 lbs.,"71.0"""
"Jens ""Little Evil"" Pulver | Southpaw","5' 7""",145 lbs.,"70.0"""
Andrey Pulyaev | Southpaw,"6' 4""",185 lbs.,"78.0"""
CM Punk | Orthodox,"6' 1""",170 lbs.,"73.0"""
"Joe ""Bodybagz"" Pyfer | Orthodox","6' 2""",185 lbs.,"75.0"""
"Mike ""Quicksand"" Pyle | Orthodox","6' 0""",170 lbs.,"74.0"""
Pat Pytlik | Orthodox,"6' 0""",170 lbs.,"73.0"""
"Qiu ""Tibetan Knight"" Lun | Southpaw","5' 8""",125 lbs.,"66.0"""
Billy Quarantillo | Orthodox,"5' 10""",145 lbs.,"70.0"""
"Nate ""Rock"" Quarry | Open Stance","6' 0""",185 lbs.,"72.0"""
"Josh ""Bushido"" Quinlan | Orthodox","6' 0""",170 lbs.,"72.0"""
"Michel ""El Capo"" Quinones | Orthodox","5' 10""",155 lbs.,"73.0"""
"Landon ""The Lone Wolf"" Quinones | Southpaw","5' 9""",155 lbs.,"70.0"""
"Jose ""Teco"" Quinonez | Southpaw","5' 8""",135 lbs.,"69.0"""
"Cristian ""Problema"" Quinonez | Orthodox","5' 8""",135 lbs.,"70.0"""
"Charles ""Chuck Buffalo"" Radtke | Orthodox","5' 9""",170 lbs.,"72.0"""
"Loik ""The Tajik Tank"" Radzhabov | Orthodox","5' 11""",155 lbs.,"69.0"""
"Ricky ""The Sniper"" Rainey | Switch","6' 1""",170 lbs.,"77.0"""
"Shavkat ""Nomad"" Rakhmonov | Orthodox","6' 1""",170 lbs.,"77.0"""
"Aleksandar ""Rocket"" Rakic | Orthodox","6' 4""",205 lbs.,"78.0"""
Zygimantas Ramaska | Orthodox,"5' 11""",145 lbs.,"71.0"""
Mitch Ramirez | Orthodox,"5' 11""",155 lbs.,"71.0"""
Ricardo Ramos | Orthodox,"5' 9""",145 lbs.,"72.0"""
"Davi ""Tasmanian Devil"" Ramos | Orthodox","5' 6""",155 lbs.,"70.0"""
Dorian Ramos | Orthodox,"5' 8""",145 lbs.,"70.0"""
Mitch Raposo | Switch,"5' 5""",125 lbs.,"64.0"""
"Ed ""9mm"" Ratcliff | Orthodox","5' 10""",155 lbs.,"71.0"""
"Bec ""Rowdy"" Rawlings | Orthodox","5' 6""",125 lbs.,"64.0"""
"Stevie ""Braveheart"" Ray | Southpaw","5' 10""",155 lbs.,"70.0"""
Abdul Razak Alhassan | Orthodox,"5' 10""",185 lbs.,"73.0"""
Mateusz Rebecki | Southpaw,"5' 7""",155 lbs.,"66.0"""
"Rafael ""Rafinha"" Rebello | Orthodox","5' 5""",135 lbs.,"67.0"""
"Greg ""Ribz"" Rebello | Southpaw","6' 0""",240 lbs.,"73.0"""
"Karl ""No Worries"" Reed | Orthodox","6' 3""",205 lbs.,"78.0"""
Elise Reed | Orthodox,"5' 3""",115 lbs.,"63.0"""
"Zachary ""Savage"" Reese | Switch","6' 4""",185 lbs.,"77.0"""
Stephen Regman | Orthodox,"5' 11""",185 lbs.,"76.0"""
Wilson Reis | Southpaw,"5' 4""",125 lbs.,"65.0"""
Goran Reljic | Southpaw,"6' 3""",205 lbs.,"81.0"""
Ren Yawei | Orthodox,"5' 9""",155 lbs.,"69.0"""
Paulo Renato Junior | Orthodox,"6' 0""",205 lbs.,"73.0"""
"Chance ""Black Eagle"" Rencountre | Southpaw","6' 2""",170 lbs.,"75.0"""
"Montserrat ""Monster"" Rendon | Orthodox","5' 8""",135 lbs.,"68.0"""
"Marion ""The Belizean Bruiser"" Reneau | Orthodox","5' 6""",135 lbs.,"68.0"""
"Solomon ""The Black Dragon"" Renfro | Switch","5' 9""",170 lbs.,"72.0"""
Marco Polo Reyes | Orthodox,"5' 11""",155 lbs.,"71.0"""
"Dominick ""The Devastator"" Reyes | Southpaw","6' 4""",205 lbs.,"77.0"""
"Alex ""The Executioner"" Reyes | Orthodox","5' 11""",155 lbs.,"73.0"""
"Victor ""Kelevra"" Reyna | Southpaw","5' 11""",170 lbs.,"74.0"""
"Mike ""Biggie"" Rhodes | Orthodox","6' 1""",170 lbs.,"74.0"""
Amanda Ribas | Orthodox,"5' 3""",115 lbs.,"66.0"""
Claudio Ribeiro | Orthodox,"6' 1""",185 lbs.,"77.0"""
"Brendson ""The Gorilla"" Ribeiro | Orthodox","6' 3""",205 lbs.,"81.0"""
"Esteban ""El Gringo"" Ribovics | Orthodox","5' 10""",155 lbs.,"69.0"""
"Mike ""The Martian"" Ricci | Southpaw","6' 0""",155 lbs.,"76.0"""
"Tabatha ""Baby Shark"" Ricci | Orthodox","5' 1""",115 lbs.,"61.0"""
"Brad ""Quake"" Riddell | Orthodox","5' 7""",155 lbs.,"71.0"""
"Matthew ""Deep Waters"" Riddle | Southpaw","6' 1""",170 lbs.,"76.0"""
"Joe ""Diesel"" Riggs | Southpaw","6' 0""",185 lbs.,"70.0"""
Aaron Riley | Southpaw,"5' 8""",155 lbs.,"69.0"""
"Jordan ""All Day"" Rinaldi | Orthodox","5' 10""",145 lbs.,"72.0"""
"Nick ""The Promise"" Ring | Southpaw","6' 0""",185 lbs.,"74.0"""
"Robbie ""Razor"" Ring | Orthodox","5' 9""",145 lbs.,"68.0"""
"Mike ""The Wolverine"" Rio | Orthodox","5' 10""",155 lbs.,"70.0"""
"Diego ""Pitbull"" Rivas | Orthodox","5' 8""",145 lbs.,"69.0"""
"Jorge ""El Conquistador"" Rivera | Orthodox","6' 1""",185 lbs.,"73.0"""
"Francisco ""Cisco"" Rivera | Orthodox","5' 8""",135 lbs.,"70.0"""
"Jimmie ""El Terror"" Rivera | Orthodox","5' 4""",135 lbs.,"68.0"""
"Irwin ""The Beast"" Rivera | Southpaw","5' 6""",135 lbs.,"67.0"""
"Jerome ""Renegade"" Rivera | Southpaw","5' 10""",125 lbs.,"72.0"""
"Theo ""Jungle King"" Rlayang | Orthodox","5' 7""",145 lbs.,"65.0"""
"Kali ""Pop Tart"" Robbins | Orthodox","5' 3""",115 lbs.,"63.0"""
"Karl ""Baby K"" Roberson | Southpaw","6' 1""",205 lbs.,"74.0"""
"Daniel ""Ninja"" Roberts | Southpaw","5' 10""",170 lbs.,"74.0"""
"Danny ""Hot Chocolate"" Roberts | Southpaw","6' 1""",170 lbs.,"74.0"""
"Roosevelt ""The Predator"" Roberts | Orthodox","6' 2""",155 lbs.,"73.0"""
Kenny Robertson | Orthodox,"5' 10""",170 lbs.,"74.0"""
"Gillian ""The Savage"" Robertson | Orthodox","5' 5""",115 lbs.,"63.0"""
Alvin Robinson | Southpaw,"5' 9""",155 lbs.,"68.0"""
"Vagner ""Ceara"" Rocha | Orthodox","5' 10""",155 lbs.,"73.0"""
"Carlos Eduardo ""Ta Danado"" Rocha | Orthodox","5' 10""",170 lbs.,"73.0"""
"Lucas ""Fenomeno"" Rocha | Orthodox","5' 3""",125 lbs.,"64.0"""
Luke Rockhold | Southpaw,"6' 3""",185 lbs.,"77.0"""
"Gregory ""Robocop"" Rodrigues | Orthodox","6' 3""",185 lbs.,"75.0"""
"Kleydson ""KR"" Rodrigues | Orthodox","5' 5""",135 lbs.,"67.0"""
"Yair ""El Pantera"" Rodriguez | Orthodox","5' 11""",145 lbs.,"71.0"""
"Mike ""Slo Mike"" Rodriguez | Southpaw","6' 4""",205 lbs.,"82.0"""
Marina Rodriguez | Orthodox,"5' 6""",115 lbs.,"65.0"""
"Daniel ""D-Rod"" Rodriguez | Southpaw","6' 1""",170 lbs.,"74.0"""
"Ray ""The Judge"" Rodriguez | Orthodox","5' 7""",135 lbs.,"70.0"""
"Ronaldo ""Lazy Boy"" Rodriguez | Orthodox","5' 6""",125 lbs.,"65.0"""
Drako Rodriguez | Orthodox,"5' 8""",135 lbs.,"69.0"""
"Victor ""Vicious"" Rodriguez | Switch","5' 5""",125 lbs.,"67.0"""
"Piera ""La Fiera"" Rodriguez | Orthodox","5' 3""",115 lbs.,"63.0"""
Christian Rodriguez | Orthodox,"5' 7""",145 lbs.,"71.0"""
"Pete ""Dead Game"" Rodriguez | Switch","5' 9""",170 lbs.,"71.0"""
"Marcos ""Pezao"" Rogerio de Lima | Orthodox","6' 1""",253 lbs.,"75.0"""
"Brett ""The Grim"" Rogers | Orthodox","6' 5""",265 lbs.,"81.0"""
"Max ""Rated R"" Rohskopf | Orthodox","6' 1""",155 lbs.,"71.0"""
"Marcelo ""Pitbull"" Rojo | Orthodox","5' 8""",145 lbs.,"71.0"""
Shane Roller | Orthodox,"5' 10""",155 lbs.,"72.0"""
"Alexandr ""King Kong"" Romanov | Southpaw","6' 2""",262 lbs.,"75.0"""
Ricardo Romero | Orthodox,"6' 0""",205 lbs.,"76.0"""
"Yoel ""Soldier of God"" Romero | Southpaw","6' 0""",185 lbs.,"73.0"""
"Anthony ""The Genius"" Romero | Orthodox","5' 11""",155 lbs.,"70.0"""
"Kaleio ""KO"" Romero | Switch","5' 10""",145 lbs.,"69.0"""
"Roberto ""El Charro Negro"" Romero | Orthodox","5' 8""",145 lbs.,"70.0"""
Mara Romero Borella | Orthodox,"5' 6""",125 lbs.,"69.0"""
Cortavious Romious | Southpaw,"5' 4""",135 lbs.,"68.0"""
"Juancamilo ""100"" Ronderos | Southpaw","5' 3""",125 lbs.,"64.0"""
"Jesse ""The Body Snatcher"" Ronson | Southpaw","5' 10""",155 lbs.,"70.0"""
George Roop | Orthodox,"6' 1""",135 lbs.,"72.0"""
Aaron Rosa | Orthodox,"6' 4""",205 lbs.,"77.0"""
"Charles ""Boston Strong"" Rosa | Switch","5' 9""",145 lbs.,"69.0"""
Karol Rosa | Orthodox,"5' 5""",135 lbs.,"67.0"""
"Jacob ""The Lil Badger"" Rosales | Orthodox","5' 11""",155 lbs.,"74.0"""
"Raul ""El Nino Problema"" Rosas Jr. | Switch","5' 9""",135 lbs.,"67.0"""
Hilarie Rose | Orthodox,"5' 3""",115 lbs.,"63.0"""
Jared Rosholt | Orthodox,"6' 2""",265 lbs.,"75.0"""
"Shannon ""The Turkish Delight"" Ross | Switch","5' 6""",125 lbs.,"66.0"""
Ben Rothwell | Orthodox,"6' 4""",265 lbs.,"78.0"""
Khalil Rountree Jr. | Southpaw,"6' 1""",205 lbs.,"76.0"""
"Ronda ""Rowdy"" Rousey | Orthodox","5' 7""",135 lbs.,"66.0"""
"Phil ""The Fresh Prince"" Rowe | Orthodox","6' 3""",170 lbs.,"80.0"""
"Cam ""Battle Giraffe"" Rowston | Orthodox","6' 2""",185 lbs.,"78.0"""
"Brandon ""Raw Dawg"" Royval | Southpaw","5' 9""",125 lbs.,"68.0"""
"Jairzinho ""Bigi Boy"" Rozenstruik | Orthodox","6' 2""",242 lbs.,"78.0"""
"Mauricio ""Shogun"" Rua | Orthodox","6' 1""",205 lbs.,"76.0"""
Mauricio Ruffy | Orthodox,"5' 11""",155 lbs.,"75.0"""
Montserrat Conejo Ruiz | Southpaw,"5' 0""",115 lbs.,"61.0"""
Mike Russow | Orthodox,"6' 1""",255 lbs.,"73.0"""
"Mashrabjon ""Black Junior"" Ruzibaev | Orthodox","5' 8""",155 lbs.,"67.0"""
"Nursulton ""Black"" Ruziboev | Orthodox","6' 5""",185 lbs.,"76.0"""
"Cameron ""MSP"" Saaiman | Southpaw","5' 8""",135 lbs.,"67.0"""
"Danny ""Italian Gangster"" Sabatello | Orthodox","5' 10""",135 lbs.,"71.0"""
Pat Sabatini | Orthodox,"5' 8""",145 lbs.,"70.0"""
Amir Sadollah | Orthodox,"5' 10""",170 lbs.,"75.0"""
"Nazim ""Black Wolf"" Sadykhov | Southpaw","5' 10""",155 lbs.,"69.0"""
Frankie Saenz | Orthodox,"5' 6""",135 lbs.,"66.0"""
Saparbeg Safarov | Orthodox,"6' 1""",185 lbs.,"78.0"""
"Tarec ""Sponge"" Saffiedine | Switch","5' 10""",170 lbs.,"70.0"""
Jason Saggo | Orthodox,"5' 11""",155 lbs.,"71.0"""
Kiru Sahota | Orthodox,"5' 10""",125 lbs.,"73.0"""
"Tatsuya ""Yanbo"" Saika | Orthodox","6' 0""",155 lbs.,"73.0"""
"Mridul ""Crusher"" Saikia | Orthodox","5' 7""",125 lbs.,"68.0"""
"Benoit ""God of War"" Saint Denis | Southpaw","5' 11""",155 lbs.,"73.0"""
Ovince Saint Preux | Southpaw,"6' 3""",205 lbs.,"80.0"""
"Lukasz ""Wookie"" Sajewski | Orthodox","5' 8""",155 lbs.,"71.0"""
Augusto Sakai | Orthodox,"6' 3""",265 lbs.,"77.0"""
"Alessio ""Legionarius"" Sakara | Orthodox","6' 0""",185 lbs.,"72.0"""
"Gokhan ""The Rebel"" Saki | Orthodox","6' 0""",205 lbs.,"73.0"""
"Justin ""J-Bomb"" Salas | Southpaw","5' 8""",155 lbs.,"70.0"""
Luis Saldana | Orthodox,"5' 11""",145 lbs.,"73.0"""
"Muslim ""King of Kung Fu"" Salikhov | Orthodox","5' 11""",170 lbs.,"70.0"""
Quillan Salkilld | Orthodox,"6' 0""",155 lbs.,"75.0"""
"Boston ""Boom Boom"" Salmon | Southpaw","5' 9""",135 lbs.,"69.0"""
John Salter | Southpaw,"6' 1""",185 lbs.,"74.0"""
Vinicius Salvador | Southpaw,"5' 7""",135 lbs.,"70.0"""
Dylan Salvador | Southpaw,"5' 9""",155 lbs.,"69.0"""
"Josh ""Anqa"" Samman | Orthodox","6' 3""",185 lbs.,"79.0"""
"Josh ""The Gremlin"" Sampo | Orthodox","5' 4""",125 lbs.,"64.0"""
"Diego ""Nightmare"" Sanchez | Southpaw","5' 10""",170 lbs.,"72.0"""
"Eddie ""The Manic Hispanic"" Sanchez | Orthodox","6' 2""",230 lbs.,"74.0"""
Joby Sanchez | Orthodox,"5' 6""",135 lbs.,"68.0"""
"Andrew ""El Dirte"" Sanchez | Orthodox","6' 1""",185 lbs.,"74.0"""
"Robert ""Littlefury"" Sanchez | Orthodox","5' 6""",125 lbs.,"66.0"""
"Luke ""Cool Hand"" Sanders | Southpaw","5' 6""",135 lbs.,"67.0"""
"Jerrod ""J-Reazie"" Sanders | Orthodox","5' 8""",135 lbs.,"72.0"""
Cory Sandhagen | Switch,"5' 11""",135 lbs.,"70.0"""
"Hector ""Kid Alex"" Sandoval | Orthodox","5' 2""",125 lbs.,"64.0"""
"Martin ""Spartan"" Sano | Orthodox","5' 11""",170 lbs.,"75.0"""
"Duda ""Cowboyzinha"" Santana | Orthodox","5' 7""",145 lbs.,"73.0"""
"Shaheen ""Shazam"" Santana | Orthodox","6' 1""",155 lbs.,"75.0"""
"Jorge ""The Sandman"" Santiago | Orthodox","6' 1""",170 lbs.,"75.0"""
Mike Santiago | Orthodox,"5' 10""",145 lbs.,"69.0"""
"Richie ""The Milford Mauler"" Santiago | Southpaw","5' 7""",135 lbs.,"67.0"""
"Evangelista ""Cyborg"" Santos | Orthodox","5' 10""",170 lbs.,"76.0"""
Iliarde Santos | Orthodox,"5' 5""",125 lbs.,"67.0"""
Leonardo Santos | Orthodox,"6' 0""",155 lbs.,"75.0"""
"Thiago ""Marreta"" Santos | Orthodox","6' 2""",205 lbs.,"76.0"""
Yana Santos | Orthodox,"5' 6""",135 lbs.,"68.0"""
Taila Santos | Orthodox,"5' 6""",125 lbs.,"68.0"""
"Edivan ""Pe De Sapo"" Santos | Orthodox","6' 4""",248 lbs.,"78.0"""
"Daniel ""Willycat"" Santos | Orthodox","5' 7""",145 lbs.,"67.0"""
"Gabriel ""Mosquitinho"" Santos | Orthodox","5' 9""",145 lbs.,"70.0"""
Luana Santos | Orthodox,"5' 6""",135 lbs.,"67.0"""
"Djorden ""Shakur"" Santos | Orthodox","6' 0""",185 lbs.,"75.0"""
"Mairon ""The Legend"" Santos | Orthodox","5' 7""",155 lbs.,"72.0"""
Daniel Sarafian | Orthodox,"5' 9""",185 lbs.,"73.0"""
Jeka Saragih | Orthodox,"5' 8""",145 lbs.,"69.0"""
"Yuta ""Ulka"" Sasaki | Southpaw","5' 10""",125 lbs.,"71.0"""
Paul Sass | Orthodox,"6' 0""",155 lbs.,"73.0"""
"Keisuke ""Sasuke"" Sasu | Switch","5' 5""",145 lbs.,"69.0"""
"Takashi ""Ten"" Sato | Southpaw","5' 10""",170 lbs.,"73.0"""
"Shogo ""Tora"" Sato | Southpaw","5' 5""",170 lbs.,"66.0"""
"Uran ""Gorilla"" Satybaldiev | Orthodox","6' 4""",205 lbs.,"79.0"""
"Ben ""Killa B"" Saunders | Orthodox","6' 2""",170 lbs.,"77.0"""
"Christien ""The Tiger"" Savoie | Orthodox","5' 11""",170 lbs.,"72.0"""
Matt Sayles | Orthodox,"5' 7""",155 lbs.,"68.0"""
"Mikheil ""Spartan"" Sazhiniani | Orthodox","6' 0""",205 lbs.,"71.0"""
"Eric ""Red"" Schafer | Orthodox","6' 3""",185 lbs.,"76.0"""
"Brendan ""Big Brown"" Schaub | Orthodox","6' 4""",245 lbs.,"78.0"""
"Matheus ""Buffa"" Scheffel | Orthodox","6' 2""",205 lbs.,"75.0"""
"Matt ""Danger"" Schnell | Orthodox","5' 8""",125 lbs.,"70.0"""
"Bailey ""Berserk"" Schoenfelder | Orthodox","6' 3""",265 lbs.,"76.0"""
"Wes ""Party Time"" Schultz | Orthodox","6' 2""",185 lbs.,"77.0"""
Justin Scoggins | Southpaw,"5' 7""",125 lbs.,"66.0"""
"Brad ""Bear"" Scott | Orthodox","6' 1""",170 lbs.,"76.0"""
Zachary Scroggin | Orthodox,"6' 3""",170 lbs.,"74.0"""
"Neil ""2Tap"" Seery | Orthodox","5' 4""",125 lbs.,"64.0"""
Stefan Sekulic | Southpaw,"6' 0""",170 lbs.,"75.0"""
"Pete ""Drago"" Sell | Orthodox","5' 11""",170 lbs.,"75.0"""
"Matthew ""Semi The Jedi"" Semelsberger | Switch","6' 1""",170 lbs.,"75.0"""
"Mackens ""Da Menace"" Semerzier | Orthodox","5' 9""",145 lbs.,"72.0"""
YeDam Seo | Orthodox,"5' 3""",115 lbs.,"63.0"""
"DongHyun ""Pinnacle"" Seo | Orthodox","5' 5""",145 lbs.,"67.0"""
"Alex ""The Russian Crusher"" Serdyukov | Orthodox","6' 2""",170 lbs.,"74.0"""
"Matt ""The Terra"" Serra | Orthodox","5' 6""",170 lbs.,"68.0"""
"Fredy ""El Profe"" Serrano | Orthodox","5' 3""",125 lbs.,"65.0"""
Igor Severino | Orthodox,"5' 7""",125 lbs.,"69.0"""
"Edmen ""The Golden Boy"" Shahbazyan | Orthodox","6' 2""",185 lbs.,"75.0"""
Leon Shahbazyan | Orthodox,"6' 4""",170 lbs.,"74.0"""
"Don ""Shameless"" Shainis | Orthodox","5' 6""",145 lbs.,"67.0"""
Liliya Shakirova | Orthodox,"5' 4""",125 lbs.,"65.0"""
"Kamal ""Prince of Persia"" Shalorus | Orthodox","5' 8""",155 lbs.,"68.0"""
"Ken ""The World's Most Dangerous Man"" Shamrock | Orthodox","6' 1""",205 lbs.,"72.0"""
"Shang ""Northeast Flying Tiger"" Zhifa | Orthodox","5' 7""",125 lbs.,"63.0"""
"Sean ""The Smoke"" Sharaf | Orthodox","6' 3""",252 lbs.,"77.0"""
"Priya ""The Catwoman"" Sharma | Orthodox","5' 1""",115 lbs.,"59.0"""
"Eric ""Showtime"" Shelton | Orthodox","5' 6""",125 lbs.,"68.0"""
"Sean ""The Muscle Shark"" Sherk | Orthodox","5' 6""",155 lbs.,"67.0"""
"Chase ""The Vanilla Gorilla"" Sherman | Orthodox","6' 4""",250 lbs.,"78.0"""
"Valentina ""Bullet"" Shevchenko | Southpaw","5' 5""",125 lbs.,"66.0"""
"Antonina ""La Pantera"" Shevchenko | Southpaw","5' 8""",125 lbs.,"67.0"""
Shi Ming | Orthodox,"5' 2""",115 lbs.,"60.0"""
Jake Shields | Orthodox,"6' 0""",170 lbs.,"72.0"""
Henrique Shiguemoto | Orthodox,"5' 11""",185 lbs.,"72.0"""
"Liudvik ""Palmeyros"" Sholinian | Orthodox","5' 10""",135 lbs.,"71.0"""
"Jack ""Tank"" Shore | Orthodox","5' 8""",145 lbs.,"71.0"""
"Ivan ""Ural Hulk"" Shtyrkov | Orthodox","6' 0""",205 lbs.,"74.0"""
"Ronal ""Naga Sakti"" Siahaan | Southpaw","5' 7""",125 lbs.,"71.0"""
Sam Sicilia | Orthodox,"5' 8""",145 lbs.,"67.0"""
Serhiy Sidey | Switch,"5' 11""",135 lbs.,"72.0"""
"Steven ""Super"" Siler | Orthodox","5' 11""",145 lbs.,"70.0"""
"Anderson ""The Spider"" Silva | Southpaw","6' 2""",185 lbs.,"77.0"""
"Wanderlei ""The Axe Murderer"" Silva | Orthodox","5' 11""",205 lbs.,"74.0"""
Thiago Silva | Orthodox,"6' 2""",205 lbs.,"74.0"""
"Antonio ""Bigfoot"" Silva | Orthodox","6' 4""",264 lbs.,"82.0"""
Erick Silva | Orthodox,"6' 0""",170 lbs.,"74.0"""
"Leandro ""Buscape"" Silva | Orthodox","5' 9""",155 lbs.,"72.0"""
"Claudio ""Hannibal"" Silva | Southpaw","5' 11""",170 lbs.,"71.0"""
"Joaquim ""Netto BJJ"" Silva | Southpaw","5' 8""",155 lbs.,"69.0"""
Felipe Silva | Orthodox,"6' 0""",155 lbs.,"77.0"""
"Bruno ""Bulldog"" Silva | Orthodox","5' 4""",125 lbs.,"65.0"""
"Bruno ""Blindado"" Silva | Orthodox","6' 0""",185 lbs.,"74.0"""
Gabriel Silva | Orthodox,"5' 6""",135 lbs.,"71.0"""
"Jacob ""Lil Animal"" Silva | Orthodox","5' 5""",125 lbs.,"67.0"""
Natalia Silva | Southpaw,"5' 4""",125 lbs.,"65.0"""
"Jansey ""Jones"" Silva | Orthodox","6' 2""",185 lbs.,"67.0"""
"Maria ""Viuva Negra"" Silva | Orthodox","5' 3""",115 lbs.,"64.0"""
"Karine ""Killer"" Silva | Orthodox","5' 5""",125 lbs.,"67.0"""
"Erik ""The King"" Silva | Orthodox","5' 9""",145 lbs.,"71.0"""
"Janaina ""Jana-Iron-Hand"" Silva | Orthodox","5' 1""",115 lbs.,"60.0"""
Jhonata Silva | Orthodox,"5' 5""",125 lbs.,"66.0"""
"Jean ""Lord"" Silva | Orthodox","5' 7""",145 lbs.,"69.0"""
"Danny ""El Puma"" Silva | Switch","5' 11""",145 lbs.,"70.0"""
"Douglas ""D Silva"" Silva de Andrade | Orthodox","5' 7""",135 lbs.,"68.0"""
"Elias ""Xuxu"" Silverio | Orthodox","5' 11""",155 lbs.,"73.0"""
"Sim ""Kobra"" Kai Xiong | Orthodox","5' 6""",135 lbs.,"67.0"""
"Jamey ""The Afro Samurai"" Simmons | Orthodox","5' 6""",135 lbs.,"70.0"""
Ricky Simon | Orthodox,"5' 6""",135 lbs.,"69.0"""
"Aaron ""A-Train"" Simpson | Orthodox","6' 0""",170 lbs.,"73.0"""
Tony Sims | Southpaw,"5' 11""",155 lbs.,"70.0"""
"Everett ""Sexual Chocolate"" Sims | Southpaw","6' 5""",260 lbs.,"77.0"""
"Rory ""Outburst"" Singer | Orthodox","6' 2""",185 lbs.,"77.0"""
"Rana Rudra Pratap ""Ashwathama"" Singh | Orthodox","5' 10""",135 lbs.,"69.0"""
"Kiran ""Stubborn"" Singh | Orthodox","5' 1""",115 lbs.,"65.0"""
"Elvis ""The King of Rock n' Rumble"" Sinosic | Orthodox","6' 3""",205 lbs.,"77.0"""
"Gian ""Pitbull"" Siqueira | Orthodox","6' 1""",170 lbs.,"74.0"""
"Jeremia ""The Teacher"" Siregar | Orthodox","5' 2""",125 lbs.,"63.0"""
Dennis Siver | Orthodox,"5' 6""",145 lbs.,"70.0"""
"Chas ""The Scrapper"" Skelly | Orthodox","5' 11""",145 lbs.,"72.0"""
"Scott ""Hands of Steel"" Smith | Orthodox","6' 0""",185 lbs.,"70.0"""
"Trevor ""Hot Sauce"" Smith | Orthodox","6' 3""",185 lbs.,"75.0"""
"Anthony ""Lionheart"" Smith | Orthodox","6' 4""",205 lbs.,"76.0"""
Colton Smith | Orthodox,"6' 0""",155 lbs.,"71.0"""
"Leslie ""The Peacemaker"" Smith | Orthodox","5' 9""",135 lbs.,"66.0"""
"Devonte ""King Kage"" Smith | Orthodox","5' 9""",155 lbs.,"76.0"""
"Cole ""The Cole Train"" Smith | Orthodox","5' 11""",135 lbs.,"67.0"""
"Nate ""The Savage"" Smith | Switch","5' 6""",125 lbs.,"69.0"""
"Braxton ""The Beautiful Monster"" Smith | Orthodox","5' 11""",257 lbs.,"72.0"""
"Elijah ""Swift"" Smith | Orthodox","5' 9""",135 lbs.,"71.0"""
"Jacobe ""Cobe"" Smith | Southpaw","5' 10""",170 lbs.,"72.0"""
"Dmitrii ""The Lifeguard"" Smoliakov | Switch","6' 2""",253 lbs.,"74.0"""
"Louis ""Da Last Samurai"" Smolka | Orthodox","5' 9""",135 lbs.,"68.0"""
"Cameron ""The Baby-Faced Killa"" Smotherman | Orthodox","5' 9""",135 lbs.,"69.0"""
"Shimon ""The Assassin"" Smotritsky | Orthodox","6' 2""",170 lbs.,"74.0"""
Richie Smullen | Orthodox,"5' 9""",155 lbs.,"68.0"""
Devin Smyth | Switch,"5' 10""",170 lbs.,"72.0"""
Peter Sobotta | Southpaw,"6' 0""",170 lbs.,"75.0"""
"Renato ""Babalu"" Sobral | Orthodox","6' 1""",205 lbs.,"75.0"""
"Rameau Thierry ""The African Assassin"" Sokoudjou | Orthodox","5' 10""",205 lbs.,"78.0"""
Alexander Soldatkin | Orthodox,"6' 2""",250 lbs.,"75.0"""
Joe Solecki | Orthodox,"5' 9""",155 lbs.,"70.0"""
"Song ""The Assassin"" Kenan | Orthodox","6' 0""",170 lbs.,"71.0"""
"Song ""Kung Fu Kid"" Yadong | Orthodox","5' 8""",135 lbs.,"67.0"""
"YoungJae ""Super Rookie"" Song | Orthodox","5' 7""",145 lbs.,"70.0"""
"Emrah ""Anatolian Wolf"" Sonmez | Orthodox","5' 10""",145 lbs.,"71.0"""
Chael Sonnen | Southpaw,"6' 1""",205 lbs.,"73.0"""
Jin Soo Son | Orthodox,"5' 6""",135 lbs.,"69.0"""
"Benardo ""Lion King"" Sopaj | Orthodox","5' 6""",135 lbs.,"66.0"""
Sean Soriano | Orthodox,"5' 9""",145 lbs.,"70.0"""
"Punahele ""Puna"" Soriano | Southpaw","5' 11""",170 lbs.,"72.0"""
"Dmitry ""Wicked Machine"" Sosnovskiy | Orthodox","6' 3""",240 lbs.,"77.0"""
"Ben ""Combat Wombat"" Sosoli | Southpaw","6' 0""",265 lbs.,"72.0"""
"Krzysztof ""The Polish Experiment"" Soszynski | Open Stance","6' 1""",205 lbs.,"77.0"""
George Sotiropoulos | Orthodox,"5' 10""",155 lbs.,"71.0"""
Greg Soto | Orthodox,"5' 11""",170 lbs.,"73.0"""
"Joe ""One Bad Mofo"" Soto | Orthodox","5' 6""",135 lbs.,"65.0"""
"Andre ""The Asian Sensation"" Soukhamthath | Orthodox","5' 9""",135 lbs.,"70.0"""
"Mario ""Coracao Valente"" Sousa | Orthodox","6' 3""",185 lbs.,"79.0"""
Jacare Souza | Orthodox,"6' 1""",185 lbs.,"72.0"""
"Edimilson ""Kevin"" Souza | Orthodox","6' 0""",145 lbs.,"74.0"""
"Livinha ""The Brazilian Gangsta"" Souza | Orthodox","5' 3""",115 lbs.,"63.0"""
"Bruno ""The Tiger"" Souza | Orthodox","5' 10""",145 lbs.,"70.0"""
"Ketlen ""Esquentadinha"" Souza | Orthodox","5' 3""",115 lbs.,"63.0"""
"Heraldo ""Savage"" Souza | Orthodox","5' 11""",185 lbs.,"73.0"""
"Ryan ""Superman"" Spann | Orthodox","6' 5""",205 lbs.,"79.0"""
Tommy Speer | Orthodox,"5' 10""",170 lbs.,"71.0"""
"Sean ""Black Magic"" Spencer | Orthodox","5' 10""",170 lbs.,"74.0"""
"Felicia ""FeeNom"" Spencer | Orthodox","5' 6""",145 lbs.,"68.0"""
"Eric ""Zebrinha"" Spicely | Orthodox","6' 1""",185 lbs.,"73.0"""
Daniel Spitz | Orthodox,"6' 7""",245 lbs.,"82.0"""
"Serghei ""Polar Bear"" Spivac | Orthodox","6' 3""",260 lbs.,"78.0"""
"Daniel ""Dragon"" Spohn | Southpaw","6' 4""",205 lbs.,"79.0"""
Austin Springer | Orthodox,"5' 8""",145 lbs.,"71.0"""
"Georges ""Rush"" St-Pierre | Orthodox","5' 11""",185 lbs.,"76.0"""
"Ron ""The Choir Boy"" Stallings | Southpaw","6' 2""",170 lbs.,"75.0"""
"Cody ""The Spartan"" Stamann | Orthodox","5' 6""",135 lbs.,"64.0"""
"Brian ""All American"" Stann | Orthodox","6' 1""",205 lbs.,"74.0"""
"Josh ""The Sandman"" Stansbury | Orthodox","6' 2""",205 lbs.,"74.0"""
Clifford Starks | Orthodox,"6' 0""",185 lbs.,"78.0"""
Kalib Starnes | Orthodox,"6' 3""",185 lbs.,"74.0"""
"Laureano ""Pepi"" Staropoli | Orthodox","6' 1""",185 lbs.,"71.0"""
"Damian ""Webster"" Stasiak | Orthodox","5' 5""",135 lbs.,"70.0"""
"Dominique ""Non-Stop Action-Packed"" Steele | Orthodox","5' 10""",170 lbs.,"74.0"""
"Ricky ""The Karate Kid"" Steele | Orthodox","5' 9""",135 lbs.,"74.0"""
Kody Steele | Orthodox,"5' 9""",155 lbs.,"71.0"""
"Steve ""The Hooligan"" Steinbeiss | Orthodox","6' 3""",185 lbs.,"75.0"""
"Jeremy ""Lil' Heathen"" Stephens | Orthodox","5' 9""",155 lbs.,"71.0"""
"Aljamain ""Funk Master"" Sterling | Orthodox","5' 7""",145 lbs.,"71.0"""
"Joe ""Daddy"" Stevenson | Orthodox","5' 7""",145 lbs.,"70.0"""
Maia Stevenson | Orthodox,"5' 4""",115 lbs.,"62.0"""
"Darren ""The Dentist"" Stewart | Orthodox","6' 0""",205 lbs.,"74.0"""
"Kyle ""Gunz Up"" Stewart | Orthodox","6' 0""",170 lbs.,"76.0"""
Navajo Stirling | Orthodox,"6' 4""",205 lbs.,"79.0"""
"Lazar ""The Bronx Bomber"" Stojadinovic | Southpaw","5' 7""",145 lbs.,"68.0"""
Julija Stoliarenko | Orthodox,"5' 7""",125 lbs.,"66.0"""
Dustin Stoltzfus | Orthodox,"6' 0""",185 lbs.,"75.0"""
"Niklas ""Green Mask"" Stolze | Switch","6' 1""",155 lbs.,"74.0"""
Ken Stone | Southpaw,"5' 8""",135 lbs.,"71.0"""
"Rick ""The Horror"" Story | Southpaw","5' 9""",170 lbs.,"71.0"""
Darko Stosic | Orthodox,"6' 0""",205 lbs.,"76.0"""
"Sam ""Hands of Stone"" Stout | Orthodox","5' 9""",155 lbs.,"70.0"""
"Jesse ""Sui Generis"" Strader | Orthodox","5' 7""",135 lbs.,"70.0"""
Sean Strickland | Orthodox,"6' 1""",185 lbs.,"76.0"""
"Mark ""Mugen"" Striegl | Southpaw","5' 8""",145 lbs.,"70.0"""
"Stefan ""Skyscraper"" Struve | Orthodox","6' 11""",265 lbs.,"84.0"""
Tatiana Suarez | Southpaw,"5' 5""",115 lbs.,"66.0"""
Lucasz Sudolski | Orthodox,"6' 4""",205 lbs.,"75.0"""
"George ""The Silencer"" Sullivan | Orthodox","6' 0""",170 lbs.,"73.0"""
Justin Sumter | Southpaw,"6' 2""",185 lbs.,"80.0"""
"Rama ""Hellboy"" Supandhi | Southpaw","5' 5""",125 lbs.,"66.0"""
Daniel Swain | Orthodox,"5' 9""",145 lbs.,"70.0"""
Cub Swanson | Orthodox,"5' 8""",145 lbs.,"70.0"""
"Mike ""Quick"" Swick | Orthodox","6' 1""",170 lbs.,"77.0"""
Oumar Sy | Orthodox,"6' 4""",205 lbs.,"83.0"""
Klaudia Sygula | Orthodox,"5' 8""",135 lbs.,"69.0"""
"Kevin ""El Nino Bala"" Syler | Switch","5' 9""",155 lbs.,"71.0"""
"Tim ""The Maine-iac"" Sylvia | Orthodox","6' 8""",265 lbs.,"80.0"""
Kevin Szaflarski | Orthodox,"6' 5""",260 lbs.,"77.0"""
"Sebastian ""Seb"" Szalay | Orthodox","5' 6""",145 lbs.,"66.0"""
Bartosz Szewczyk | Orthodox,"6' 4""",205 lbs.,"73.0"""
"Justin ""Bad Man"" Tafa | Southpaw","6' 0""",264 lbs.,"74.0"""
"Junior ""The Juggernaut"" Tafa | Orthodox","6' 3""",205 lbs.,"75.0"""
"Khalid ""The Warrior"" Taha | Orthodox","5' 5""",135 lbs.,"69.0"""
Tatsuro Taira | Orthodox,"5' 7""",125 lbs.,"70.0"""
"Mairbek ""Beckan"" Taisumov | Orthodox","5' 9""",155 lbs.,"73.0"""
Payton Talbott | Switch,"5' 10""",135 lbs.,"70.0"""
Nordine Taleb | Orthodox,"6' 1""",170 lbs.,"74.0"""
Murtaza Talha | Orthodox,"6' 0""",185 lbs.,"74.0"""
"Akitoshi ""The Ironman"" Tamura | Orthodox","5' 9""",135 lbs.,"70.0"""
Issei Tamura | Orthodox,"5' 5""",135 lbs.,"63.0"""
Michinori Tanaka | Orthodox,"5' 5""",135 lbs.,"67.0"""
Evan Tanner | Orthodox,"6' 0""",185 lbs.,"74.0"""
Kasey Tanner | Orthodox,"5' 7""",135 lbs.,"69.0"""
Otari Tanzilovi | Orthodox,"5' 10""",135 lbs.,"70.0"""
"Manny ""The Mangler"" Tapia | Orthodox","5' 5""",135 lbs.,"67.0"""
"Miesha ""Cupcake"" Tate | Orthodox","5' 6""",135 lbs.,"65.0"""
"Aaron ""Tauzemup"" Tau | Switch","5' 4""",125 lbs.,"66.0"""
Deividas Taurosevicius | Southpaw,"5' 9""",145 lbs.,"68.0"""
Thiago Tavares | Orthodox,"5' 7""",145 lbs.,"70.0"""
Brad Tavares | Orthodox,"6' 1""",185 lbs.,"74.0"""
"Ramon ""The Savage"" Taveras | Southpaw","5' 8""",135 lbs.,"70.0"""
"Paul ""Relentless"" Taylor | Orthodox","6' 0""",155 lbs.,"72.0"""
"Jesse ""JT Money"" Taylor | Orthodox","6' 0""",170 lbs.,"73.0"""
"Danielle ""Dynamite"" Taylor | Orthodox","5' 0""",115 lbs.,"60.0"""
James Te Huna | Orthodox,"6' 2""",185 lbs.,"75.0"""
"Cam ""Chaos"" Teague | Orthodox","5' 10""",145 lbs.,"69.0"""
Glover Teixeira | Orthodox,"6' 2""",205 lbs.,"76.0"""
"Tallison ""Xicao"" Teixeira | Orthodox","6' 7""",258 lbs.,"83.0"""
"Ramazan ""Temurlan"" Temirov | Orthodox","5' 4""",125 lbs.,"63.0"""
"Taneisha ""Triple Threat"" Tennant | Orthodox","5' 7""",145 lbs.,"70.0"""
David Teymur | Southpaw,"5' 9""",155 lbs.,"73.0"""
"Daniel ""Kid Dynamite"" Teymur | Orthodox","5' 5""",145 lbs.,"69.0"""
"Alexia ""Burguesinha"" Thainara | Orthodox","5' 4""",115 lbs.,"67.0"""
"Brandon ""Rukus"" Thatch | Switch","6' 2""",170 lbs.,"74.0"""
"Elias ""The Spartan"" Theodorou | Orthodox","6' 1""",185 lbs.,"75.0"""
Paulo Thiago | Orthodox,"5' 11""",170 lbs.,"74.0"""
"Colby ""Slickness"" Thicknesse | Orthodox","5' 7""",135 lbs.,"69.0"""
"Nick ""The Goat"" Thompson | Orthodox","6' 1""",170 lbs.,"74.0"""
Oli Thompson | Orthodox,"6' 1""",242 lbs.,"75.0"""
"Stephen ""Wonderboy"" Thompson | Orthodox","6' 0""",170 lbs.,"75.0"""
"Josh ""The Punk"" Thomson | Orthodox","5' 10""",155 lbs.,"71.0"""
"Simeon ""The Grin"" Thoresen | Orthodox","6' 1""",170 lbs.,"79.0"""
Gleison Tibau | Southpaw,"5' 10""",155 lbs.,"71.0"""
"Darren ""The Gorilla"" Till | Southpaw","6' 0""",185 lbs.,"74.0"""
Rio Tirto | Switch,"5' 4""",125 lbs.,"66.0"""
Denis Tiuliulin | Orthodox,"6' 1""",185 lbs.,"77.0"""
"Dusko ""Thunder"" Todorovic | Orthodox","6' 1""",185 lbs.,"74.0"""
Tuco Tokkos | Orthodox,"6' 4""",205 lbs.,"76.0"""
Kazuki Tokudome | Southpaw,"5' 11""",155 lbs.,"73.0"""
"Puja ""Cyclone"" Tomar | Southpaw","5' 4""",115 lbs.,"59.0"""
Tyler Toner | Orthodox,"5' 8""",145 lbs.,"70.0"""
"Ilia ""El Matador"" Topuria | Orthodox","5' 7""",155 lbs.,"69.0"""
"Aleksandre ""El Conquistador"" Topuria | Orthodox","5' 7""",135 lbs.,"68.0"""
Miguel Torres | Orthodox,"5' 9""",135 lbs.,"76.0"""
"Jose ""Shorty"" Torres | Orthodox","5' 4""",125 lbs.,"65.0"""
Desmond Torres | Orthodox,"5' 6""",135 lbs.,"69.0"""
"Manuel ""El Loco"" Torres | Switch","5' 10""",155 lbs.,"73.0"""
"Eduardo ""Cyborg"" Torres Caut | Orthodox","5' 7""",135 lbs.,"70.0"""
"Salim ""Grizzly"" Touahri | Orthodox","5' 10""",170 lbs.,"72.0"""
"Dequan ""The Tarantula"" Townsend | Orthodox","6' 3""",205 lbs.,"79.0"""
"Francisco ""Sitkayan"" Trevino | Orthodox","5' 9""",155 lbs.,"70.0"""
"Frank ""Twinkle Toes"" Trigg | Southpaw","5' 9""",170 lbs.,"71.0"""
"Francisco ""Massaranduba"" Trinaldo | Southpaw","5' 9""",170 lbs.,"70.0"""
"Michael ""The Lone Wolf"" Trizano | Orthodox","5' 11""",145 lbs.,"71.0"""
"Antonio ""Malvado"" Trocoli | Orthodox","6' 6""",185 lbs.,"79.0"""
"Abel ""Killa"" Trujillo | Orthodox","5' 8""",155 lbs.,"70.0"""
"Arman ""Ahalkalakets"" Tsarukyan | Orthodox","5' 7""",155 lbs.,"72.0"""
Rei Tsuruya | Orthodox,"5' 6""",125 lbs.,"68.0"""
"Chris ""The Crowbar"" Tuchscherer | Orthodox","6' 2""",258 lbs.,"76.0"""
"Jon ""Super Saiyan"" Tuck | Orthodox","5' 11""",155 lbs.,"73.0"""
"Gavin ""Guv'nor"" Tucker | Southpaw","5' 6""",145 lbs.,"66.0"""
"Tai ""Bam Bam"" Tuivasa | Southpaw","6' 2""",264 lbs.,"75.0"""
"Zubaira ""Warrior"" Tukhugov | Orthodox","5' 8""",155 lbs.,"68.0"""
"Marco ""Matuto"" Tulio | Orthodox","6' 0""",185 lbs.,"74.0"""
"Nyamjargal ""Art of Knockout"" Tumendemberel | Orthodox","5' 7""",125 lbs.,"71.0"""
"Albert ""Einstein"" Tumenov | Orthodox","5' 11""",170 lbs.,"73.0"""
Ricky Turcios | Orthodox,"5' 9""",135 lbs.,"71.0"""
"Anton ""The Pleasure Man"" Turkalj | Orthodox","6' 4""",205 lbs.,"78.0"""
"Wellington ""The Prodigy"" Turman | Orthodox","6' 0""",170 lbs.,"72.0"""
"Jalin ""The Tarantula"" Turner | Southpaw","6' 3""",155 lbs.,"77.0"""
"Marcin ""Tybur"" Tybura | Orthodox","6' 3""",249 lbs.,"78.0"""
Takeru Uchida | Southpaw,"5' 5""",125 lbs.,"68.0"""
Tagir Ulanbekov | Southpaw,"5' 7""",125 lbs.,"70.0"""
"Carlos ""Black Jag"" Ulberg | Orthodox","6' 4""",205 lbs.,"77.0"""
"Gasan ""Cobra"" Umalatov | Orthodox","5' 11""",170 lbs.,"71.0"""
"Caol ""Uno Shoten"" Uno | Southpaw","5' 7""",155 lbs.,"70.0"""
"Logan ""Hulk"" Urban | Orthodox","6' 0""",170 lbs.,"72.0"""
"Hector ""El Toro"" Urbina | Orthodox","5' 11""",170 lbs.,"73.0"""
Elias Urbina | Southpaw,"6' 3""",185 lbs.,"77.0"""
"Gilbert ""The RGV Bad Boy"" Urbina | Orthodox","6' 3""",170 lbs.,"75.0"""
Nick Urso | Southpaw,"5' 6""",125 lbs.,"66.0"""
"Sho Patrick ""Savage"" Usami | Orthodox","5' 9""",155 lbs.,"70.0"""
"Kamaru ""The Nigerian Nightmare"" Usman | Switch","6' 0""",170 lbs.,"76.0"""
"Mohammed ""The Motor"" Usman | Orthodox","6' 2""",239 lbs.,"79.0"""
"Darren ""BC"" Uyenoyama | Orthodox","5' 6""",125 lbs.,"65.0"""
"Richie ""Vas"" Vaculik | Orthodox","5' 6""",125 lbs.,"69.0"""
Artem Vakhitov | Orthodox,"6' 1""",205 lbs.,"75.0"""
"Genaro ""Rayadito"" Valdez | Orthodox","5' 9""",155 lbs.,"72.0"""
Charlie Valencia | Orthodox,"5' 3""",135 lbs.,"64.0"""
"Robert ""Robzilla"" Valentin | Orthodox","6' 2""",185 lbs.,"77.0"""
"Ivan ""Bam Bam"" Valenzuela | Orthodox","6' 2""",185 lbs.,"77.0"""
"Timur ""Lucky"" Valiev | Orthodox","5' 6""",135 lbs.,"67.0"""
"Kevin ""El Chino"" Vallejos | Switch","5' 7""",145 lbs.,"68.0"""
Isaac Vallie-Flagg | Orthodox,"5' 8""",155 lbs.,"70.0"""
"Joshua ""The Fearless"" Van | Orthodox","5' 5""",125 lbs.,"65.0"""
"Cameron ""Jumpman"" VanCamp | Switch","6' 2""",155 lbs.,"74.0"""
Jared Vanderaa | Orthodox,"6' 4""",265 lbs.,"80.0"""
Austin Vanderford | Orthodox,"5' 11""",170 lbs.,"74.0"""
"Lando ""Groovy"" Vannata | Orthodox","5' 9""",155 lbs.,"71.0"""
"Paige ""12 Gauge"" VanZant | Orthodox","5' 4""",115 lbs.,"65.0"""
Kazula Vargas | Southpaw,"5' 8""",155 lbs.,"71.0"""
Jamie Varner | Orthodox,"5' 8""",155 lbs.,"71.0"""
"Javier ""Showtime"" Vazquez | Southpaw","5' 7""",145 lbs.,"69.0"""
Manny Vazquez | Orthodox,"5' 10""",125 lbs.,"72.0"""
"Greg ""The Viking King"" Velasco | Southpaw","6' 2""",265 lbs.,"70.0"""
Cain Velasquez | Orthodox,"6' 1""",240 lbs.,"77.0"""
"Bojan ""Serbian Steel"" Velickovic | Southpaw","6' 0""",170 lbs.,"76.0"""
Karlos Vemola | Orthodox,"6' 0""",185 lbs.,"75.0"""
"Luigi ""The Italian Stallion"" Vendramini | Orthodox","5' 8""",155 lbs.,"73.0"""
"Brandon ""The Truth"" Vera | Orthodox","6' 3""",230 lbs.,"78.0"""
"Marlon ""Chito"" Vera | Switch","5' 8""",135 lbs.,"70.0"""
"Carlos ""Pequeno"" Vera | Orthodox","5' 6""",135 lbs.,"69.0"""
"Isis ""Fight Queen"" Verbeek | Orthodox","5' 4""",115 lbs.,"64.0"""
Nikolay Veretennikov | Orthodox,"6' 1""",170 lbs.,"74.0"""
CJ Vergara | Orthodox,"5' 6""",125 lbs.,"68.0"""
"Marvin ""The Italian Dream"" Vettori | Southpaw","6' 0""",185 lbs.,"74.0"""
"Hugo ""Wolverine"" Viana | Orthodox","5' 6""",135 lbs.,"67.0"""
"Polyana ""Dama de Ferro"" Viana | Orthodox","5' 5""",115 lbs.,"67.0"""
"James ""The Texecutioner"" Vick | Orthodox","6' 3""",155 lbs.,"76.0"""
"Tamires ""Tractor"" Vidal | Orthodox","5' 6""",135 lbs.,"68.0"""
Reginaldo Vieira | Orthodox,"5' 7""",135 lbs.,"65.0"""
"Ketlen ""Fenomeno"" Vieira | Orthodox","5' 8""",135 lbs.,"68.0"""
Rodolfo Vieira | Orthodox,"6' 0""",185 lbs.,"73.0"""
Gian Villante | Orthodox,"6' 3""",230 lbs.,"76.0"""
"Ike ""Hurricane"" Villanueva | Orthodox","6' 1""",205 lbs.,"73.0"""
"Armando ""La Lumbre"" Villarreal | Southpaw","5' 7""",135 lbs.,"66.0"""
Yuri Villefort | Orthodox,"6' 0""",170 lbs.,"73.0"""
"Brandon ""The Viper"" Visher | Orthodox","5' 6""",135 lbs.,"68.0"""
"Cheyanne ""The Warrior Princess"" Vlismas | Switch","5' 3""",115 lbs.,"63.0"""
"Bobby ""Vicious"" Voelker | Orthodox","6' 0""",170 lbs.,"74.0"""
"Mateo ""Carrapato"" Vogel | Orthodox","5' 8""",145 lbs.,"71.0"""
Danylo Voievodkin | Southpaw,"6' 4""",265 lbs.,"78.0"""
"Alexander ""The Great"" Volkanovski | Orthodox","5' 6""",145 lbs.,"71.0"""
"Jacob ""Christmas"" Volkmann | Southpaw","5' 9""",155 lbs.,"71.0"""
"Alexander ""Drago"" Volkov | Orthodox","6' 7""",250 lbs.,"80.0"""
"Jordan ""The Epidemic"" Vucenic | Orthodox","5' 10""",155 lbs.,"73.0"""
Chris Wade | Orthodox,"5' 10""",155 lbs.,"70.0"""
TJ Waldburger | Orthodox,"5' 11""",170 lbs.,"75.0"""
Chase Waldon | Orthodox,"6' 1""",185 lbs.,"75.0"""
Johnny Walker | Orthodox,"6' 6""",205 lbs.,"82.0"""
"Brogan ""The Bear"" Walker | Switch","5' 4""",125 lbs.,"67.0"""
"Valter ""The Clean Monster"" Walker | Orthodox","6' 6""",265 lbs.,"78.0"""
"Julius ""Juice Box"" Walker | Orthodox","6' 4""",205 lbs.,"78.0"""
"Rodney ""Shonuff the Master"" Wallace | Switch","5' 9""",205 lbs.,"72.0"""
"Randall ""Braveheart"" Wallace | Orthodox","5' 11""",185 lbs.,"73.0"""
"James ""Jesse"" Wallace | Orthodox","5' 10""",155 lbs.,"69.0"""
"Richard ""Filthy Rich"" Walsh | Orthodox","6' 0""",170 lbs.,"73.0"""
"Wang ""The Joker"" Cong | Southpaw","5' 6""",125 lbs.,"66.0"""
"Joshua ""Twin Dragon"" Wang-Kim | Switch","5' 9""",135 lbs.,"71.0"""
Curt Warburton | Orthodox,"6' 0""",155 lbs.,"73.0"""
"Terrion ""Flash"" Ware | Orthodox","5' 8""",135 lbs.,"71.0"""
"Dominic ""Sho Nuff"" Waters | Orthodox","6' 1""",170 lbs.,"79.0"""
"Trey ""The Truth"" Waters | Orthodox","6' 5""",170 lbs.,"77.0"""
"Michelle ""The Karate Hottie"" Waterson-Gomez | Orthodox","5' 3""",115 lbs.,"62.0"""
"Walel ""The Gazelle"" Watson | Orthodox","5' 11""",135 lbs.,"75.0"""
"Tom ""Kong"" Watson | Orthodox","6' 1""",185 lbs.,"73.0"""
"Brok ""Chata Tuska"" Weaver | Southpaw","6' 0""",155 lbs.,"73.0"""
Royston Wee | Orthodox,"5' 7""",135 lbs.,"67.0"""
Darian Weeks | Orthodox,"5' 11""",170 lbs.,"72.0"""
"Joshua ""Wide Open"" Weems | Orthodox","5' 8""",135 lbs.,"69.0"""
"Chris ""The All-American"" Weidman | Orthodox","6' 2""",185 lbs.,"78.0"""
"Christian ""The Hungarian Nightmare"" Wellisch | Orthodox","6' 2""",234 lbs.,"77.0"""
"Malcolm ""The Machine"" Wellmaker | Switch","5' 10""",135 lbs.,"71.0"""
Jeremiah Wells | Switch,"5' 9""",170 lbs.,"74.0"""
"Fabricio ""Vai Cavalo"" Werdum | Orthodox","6' 4""",231 lbs.,"77.0"""
Sheldon Westcott | Southpaw,"6' 1""",170 lbs.,"71.0"""
"Coty ""Ox"" Wheeler | Orthodox","5' 6""",135 lbs.,"67.0"""
"Alex ""The Spartan"" White | Southpaw","6' 0""",155 lbs.,"71.0"""
"Craig ""The Thundercat"" White | Orthodox","6' 2""",170 lbs.,"76.0"""
"Patrik ""Primetime"" White | Orthodox","6' 0""",155 lbs.,"72.0"""
"Robert ""The Hammer"" Whiteford | Southpaw","5' 9""",145 lbs.,"69.0"""
"Garett ""Goodnight"" Whiteley | Orthodox","6' 0""",155 lbs.,"72.0"""
"Emily ""Spitfire"" Whitmire | Orthodox","5' 5""",125 lbs.,"63.0"""
"Robert ""The Reaper"" Whittaker | Orthodox","6' 0""",185 lbs.,"73.0"""
"Josh ""The White Mamba"" Wick | Switch","5' 9""",155 lbs.,"69.0"""
"Adam ""Siwy"" Wieczorek | Orthodox","6' 5""",250 lbs.,"81.0"""
"Mike ""The Warrior"" Wilkinson | Orthodox","5' 7""",145 lbs.,"66.0"""
"Rob ""Razor"" Wilkinson | Orthodox","6' 3""",185 lbs.,"80.0"""
"James ""Lightning"" Wilks | Orthodox","6' 1""",170 lbs.,"75.0"""
"Patrick ""The Animal"" Williams | Orthodox","5' 8""",135 lbs.,"73.0"""
"Tim ""The South Jersey Strangler"" Williams | Orthodox","6' 2""",185 lbs.,"76.0"""
"Jordan ""Bomaye"" Williams | Southpaw","6' 1""",185 lbs.,"75.0"""
"Cole ""Havoc"" Williams | Orthodox","6' 0""",170 lbs.,"73.0"""
"Khaos ""The OxFighter"" Williams | Orthodox","6' 0""",170 lbs.,"77.0"""
Karl Williams | Orthodox,"6' 3""",235 lbs.,"79.0"""
"Justin ""Big Pretty"" Willis | Southpaw","6' 1""",264 lbs.,"78.0"""
"Chris ""The Professor"" Wilson | Orthodox","6' 1""",170 lbs.,"75.0"""
"Jonathan ""Johnny Bravo"" Wilson | Southpaw","6' 2""",205 lbs.,"75.0"""
Westin Wilson | Southpaw,"6' 1""",145 lbs.,"73.0"""
Matt Wiman | Orthodox,"5' 10""",155 lbs.,"68.0"""
Eddie Wineland | Orthodox,"5' 7""",135 lbs.,"69.0"""
Deron Winn | Orthodox,"5' 6""",185 lbs.,"70.0"""
Andre Winner | Orthodox,"5' 11""",155 lbs.,"73.0"""
"Jason ""The Vanilla Gorilla"" Witt | Orthodox","5' 10""",170 lbs.,"70.0"""
Danyelle Wolf | Orthodox,"5' 11""",145 lbs.,"70.0"""
"Joanne ""JoJo"" Wood | Orthodox","5' 6""",125 lbs.,"65.0"""
"Nathaniel ""The Prospect"" Wood | Orthodox","5' 6""",145 lbs.,"69.0"""
"Val ""The Animal"" Woodburn | Orthodox","5' 8""",170 lbs.,"74.0"""
"Tyron ""The Chosen One"" Woodley | Orthodox","5' 9""",170 lbs.,"74.0"""
"Sean ""The Sniper"" Woodson | Orthodox","6' 2""",145 lbs.,"78.0"""
"Khama ""The Death Star"" Worthy | Orthodox","5' 11""",155 lbs.,"74.0"""
"Jordan ""The Beverly Hills Ninja"" Wright | Orthodox","6' 2""",205 lbs.,"77.0"""
"Wu ""Mulan"" Yanan | Orthodox","5' 8""",135 lbs.,"66.0"""
"Wuziazibieke ""Prairie Kitty"" Jiahefu | Orthodox","5' 9""",145 lbs.,"70.0"""
Xiao Long | Orthodox,"5' 8""",135 lbs.,"70.0"""
"Xie ""The Stalker"" Bin | Orthodox","5' 8""",145 lbs.,"72.0"""
Rani Yahya | Orthodox,"5' 6""",135 lbs.,"67.0"""
"Mohammad ""The UAE Warrior"" Yahya | Switch","5' 9""",145 lbs.,"73.0"""
"Alexander ""Russian Thunder"" Yakovlev | Southpaw","6' 3""",155 lbs.,"74.0"""
"Norifumi ""Kid"" Yamamoto | Southpaw","5' 4""",135 lbs.,"66.0"""
Wataru Yamauchi | Orthodox,"5' 4""",125 lbs.,"68.0"""
Yan Xiaonan | Orthodox,"5' 5""",115 lbs.,"63.0"""
"Petr ""No Mercy"" Yan | Switch","5' 7""",135 lbs.,"67.0"""
"Yan ""Queen Kong"" Qihui | Orthodox","5' 3""",125 lbs.,"62.0"""
"Adam ""Boroda"" Yandiev | Orthodox","5' 9""",185 lbs.,"74.0"""
Adrian Yanez | Orthodox,"5' 7""",135 lbs.,"70.0"""
"Dongi ""The Ox"" Yang | Southpaw","5' 10""",185 lbs.,"73.0"""
"Yin ""Black Panther"" Shuai | Southpaw","5' 5""",125 lbs.,"66.0"""
"Ashley ""SpiderMonkey"" Yoder | Southpaw","5' 7""",115 lbs.,"69.0"""
"SangHoon ""Assassin"" Yoo | Orthodox","6' 0""",170 lbs.,"74.0"""
"JooSang ""Zombie Jr."" Yoo | Orthodox","5' 7""",145 lbs.,"71.0"""
"ChangMin ""The Big Heart"" Yoon | Orthodox","5' 7""",145 lbs.,"70.0"""
"Yoshiyuki ""Zenko"" Yoshida | Southpaw","5' 11""",170 lbs.,"70.0"""
"Kai ""Scorpion"" Yoshida | Southpaw","5' 7""",125 lbs.,"69.0"""
"SuYoung ""Yoo-Jitsu"" You | Orthodox","5' 6""",135 lbs.,"65.0"""
"Jason ""Shotgun"" Young | Orthodox","5' 9""",145 lbs.,"73.0"""
"Shane ""Smokin'"" Young | Orthodox","5' 8""",145 lbs.,"72.0"""
"Shanna ""The Shanimal"" Young | Orthodox","5' 7""",125 lbs.,"65.0"""
"Gauge ""Gee Money"" Young | Orthodox","5' 9""",155 lbs.,"70.0"""
"Sodiq ""Super"" Yusuff | Orthodox","5' 9""",155 lbs.,"71.0"""
"Gilbert ""The Hurricane"" Yvel | Orthodox","6' 2""",225 lbs.,"77.0"""
Luke Zachrich | Orthodox,"6' 2""",185 lbs.,"74.0"""
Aiemann Zahabi | Orthodox,"5' 8""",135 lbs.,"68.0"""
"Youssef ""The Moroccan Devil"" Zalal | Switch","5' 10""",145 lbs.,"72.0"""
"Elizeu ""Capoeira"" Zaleski dos Santos | Orthodox","5' 11""",170 lbs.,"73.0"""
"Zach ""The Hurricane"" Zane | Southpaw","5' 7""",145 lbs.,"69.0"""
"David ""Sagat"" Zawada | Orthodox","6' 0""",170 lbs.,"75.0"""
"Manolo ""Angelo Veneziano"" Zecchini | Orthodox","5' 8""",145 lbs.,"68.0"""
"Daniel ""Golden Boy"" Zellhuber | Switch","6' 1""",155 lbs.,"77.0"""
"Rickson ""The King"" Zenidim | Orthodox","5' 7""",125 lbs.,"67.0"""
"Zhang ""The Wolf"" Tiequan | Orthodox","5' 8""",155 lbs.,"69.0"""
"Zhang ""The Warrior"" Lipeng | Southpaw","5' 11""",155 lbs.,"71.0"""
"Zhang ""Magnum"" Weili | Switch","5' 4""",115 lbs.,"63.0"""
"Zhang ""Mountain Tiger"" Mingyang | Orthodox","6' 2""",205 lbs.,"75.0"""
Zhang Qinghe | Southpaw,"5' 7""",135 lbs.,"67.0"""
Daermisi Zhawupasi | Switch,"5' 8""",135 lbs.,"68.0"""
"Daria ""Iron Lady"" Zhelezniakova | Orthodox","5' 9""",135 lbs.,"68.0"""
"Yao ""The Conqueror"" Zhikui | Orthodox","5' 5""",125 lbs.,"64.0"""
Zhu Kangjie | Orthodox,"5' 6""",145 lbs.,"70.0"""
Zhalgas Zhumagulov | Switch,"5' 4""",125 lbs.,"66.0"""
"Fares ""Smile Killer"" Ziam | Orthodox","6' 1""",155 lbs.,"75.0"""
"Cat ""Alpha"" Zingano | Southpaw","5' 6""",145 lbs.,"68.0"""
"Allan ""Tigre"" Zuniga | Orthodox","5' 7""",155 lbs.,"70.0"""
