resultId,year,raceId,eventId,boatType,bib,classID,place,primaryClass,time,allCourses,overall,byBoat,byClass,byYrOver,byYrClass,byYrBoat,courseID,isRacePaddler,raceRoleId,personId,displayName,sortName,city,state,country,1_id,1_dType,1_value,teamName
258145,2019,KENDUSKEAG,Downriver,Unknown,1,open,1,TRUE,7113,6,5,1,1,5,1,1,kenduskeag2019,TRUE,paddler,deighaan02,Andrew Deighan,Deighan Andrew,Newburgh,ME,USA,1,T,7113,NA
258145,2019,KENDUSKEAG,Downriver,Unknown,1,open,1,TRUE,7113,6,5,1,1,5,1,1,kenduskeag2019,TRUE,paddler,deighaan01,Angus Deighan,Deighan Angus,Newburgh,ME,USA,1,T,7113,NA
258145,2019,KENDUSKEAG,Downriver,Unknown,1,open,1,TRUE,7113,6,5,1,1,5,1,1,kenduskeag2019,TRUE,paddler,deighapa01,Patric Deighan,Deighan Patric,Newburgh,ME,USA,1,T,7113,NA
258145,2019,KENDUSKEAG,Downriver,Unknown,1,open,1,TRUE,7113,6,5,1,1,5,1,1,kenduskeag2019,TRUE,paddler,NA,Anna Leavitt,Leavitt Anna,Hampden,ME,USA,1,T,7113,NA
258145,2019,KENDUSKEAG,Downriver,Unknown,1,open,1,TRUE,7113,6,5,1,1,5,1,1,kenduskeag2019,TRUE,paddler,mabeeas01,Ashton Mabee,Mabee Ashton,Bangor,ME,USA,1,T,7113,NA
258145,2019,KENDUSKEAG,Downriver,Unknown,1,open,1,TRUE,7113,6,5,1,1,5,1,1,kenduskeag2019,TRUE,paddler,mabeejr01,James Mabee,Mabee James,Bangor,ME,USA,1,T,7113,NA
258145,2019,KENDUSKEAG,Downriver,Unknown,1,open,1,TRUE,7113,6,5,1,1,5,1,1,kenduskeag2019,TRUE,paddler,mabeeno01,Nolan Mabee,Mabee Nolan,Bangor,ME,USA,1,T,7113,NA
258145,2019,KENDUSKEAG,Downriver,Unknown,1,open,1,TRUE,7113,6,5,1,1,5,1,1,kenduskeag2019,TRUE,paddler,NA,Abigail Robertson,Robertson Abigail,Eliot,ME,USA,1,T,7113,NA
258145,2019,KENDUSKEAG,Downriver,Unknown,1,open,1,TRUE,7113,6,5,1,1,5,1,1,kenduskeag2019,TRUE,paddler,robertri01,River Robertson,Robertson River,Eliot,ME,USA,1,T,7113,NA
258145,2019,KENDUSKEAG,Downriver,Unknown,1,open,1,TRUE,7113,6,5,1,1,5,1,1,kenduskeag2019,TRUE,paddler,wardweju01,Justin Wardwell,Wardwell Justin,Hampdnn,ME,USA,1,T,7113,NA
240165,2017,KENDUSKEAG,Downriver,Canoe,36,open,1,TRUE,7455,12,4,1,1,3,1,1,kenduskeag,TRUE,paddler,francich01,Chris Francis,Francis Chris,Levant,ME,USA,1,T,7455,NA
240165,2017,KENDUSKEAG,Downriver,Canoe,36,open,1,TRUE,7455,12,4,1,1,3,1,1,kenduskeag,TRUE,paddler,NA,Rod McClain,McClain Rod,Stockton Springs,ME,USA,1,T,7455,NA
240165,2017,KENDUSKEAG,Downriver,Canoe,36,open,1,TRUE,7455,12,4,1,1,3,1,1,kenduskeag,TRUE,paddler,rancoma01,Mark Ranco,Ranco Mark,Bangor,ME,USA,1,T,7455,NA
240165,2017,KENDUSKEAG,Downriver,Canoe,36,open,1,TRUE,7455,12,4,1,1,3,1,1,kenduskeag,TRUE,paddler,NA,Sue Soctomah,Soctomah Sue,Glenburn,ME,USA,1,T,7455,NA
240139,2017,KENDUSKEAG,Downriver,Canoe,1,open,2,TRUE,7666,13,5,2,2,4,2,2,kenduskeag,TRUE,paddler,dorrgr01,Gregg Dorr,Dorr Gregg,Bangor,ME,USA,1,T,7666,NA
240139,2017,KENDUSKEAG,Downriver,Canoe,1,open,2,TRUE,7666,13,5,2,2,4,2,2,kenduskeag,TRUE,paddler,NA,JD Goulet,Goulet JD,Charleston,ME,USA,1,T,7666,NA
240139,2017,KENDUSKEAG,Downriver,Canoe,1,open,2,TRUE,7666,13,5,2,2,4,2,2,kenduskeag,TRUE,paddler,littleda01,Dan Littlefield,Littlefield Dan,Belfast,ME,USA,1,T,7666,NA
240139,2017,KENDUSKEAG,Downriver,Canoe,1,open,2,TRUE,7666,13,5,2,2,4,2,2,kenduskeag,TRUE,paddler,mabeeas01,Ashton Mabee,Mabee Ashton,Bangor,ME,USA,1,T,7666,NA
240139,2017,KENDUSKEAG,Downriver,Canoe,1,open,2,TRUE,7666,13,5,2,2,4,2,2,kenduskeag,TRUE,paddler,mabeejr01,JR Mabee,Mabee JR,Bangor,ME,USA,1,T,7666,NA
240139,2017,KENDUSKEAG,Downriver,Canoe,1,open,2,TRUE,7666,13,5,2,2,4,2,2,kenduskeag,TRUE,paddler,mabeeno01,Nolan Mabee,Mabee Nolan,Bangor,ME,USA,1,T,7666,NA
258370,2019,KENDUSKEAG,Downriver,Canoe,313,oc2shortrec,1,TRUE,7766,20,11,5,1,11,1,5,kenduskeag2019,TRUE,paddler,gauseri01,Rick Gause,Gause Rick,North Yarmouth,ME,USA,1,T,7766,NA
258370,2019,KENDUSKEAG,Downriver,Canoe,313,oc2shortrec,1,TRUE,7766,20,11,5,1,11,1,5,kenduskeag2019,TRUE,paddler,soulegr01,Greg Soule,Soule Greg,Standish,ME,USA,1,T,7766,NA
258154,2019,KENDUSKEAG,Downriver,Unknown,18,open,2,TRUE,7921,23,12,2,2,12,2,2,kenduskeag2019,TRUE,paddler,batesmi01,Mike Bates,Bates Mike,Arundel,ME,USA,1,T,7921,NA
258154,2019,KENDUSKEAG,Downriver,Unknown,18,open,2,TRUE,7921,23,12,2,2,12,2,2,kenduskeag2019,TRUE,paddler,erskinmi01,Michael Erskine,Erskine Michael,Arundel,ME,USA,1,T,7921,NA
258154,2019,KENDUSKEAG,Downriver,Unknown,18,open,2,TRUE,7921,23,12,2,2,12,2,2,kenduskeag2019,TRUE,paddler,feenerja01,Jake Feener,Feener Jake,Patten,ME,USA,1,T,7921,NA
258154,2019,KENDUSKEAG,Downriver,Unknown,18,open,2,TRUE,7921,23,12,2,2,12,2,2,kenduskeag2019,TRUE,paddler,NA,Nick Sirois,Sirois Nick,Bowdoin,ME,USA,1,T,7921,NA
258305,2019,KENDUSKEAG,Downriver,Canoe,232,oc2mixrec,1,TRUE,7959,25,13,6,1,13,1,6,kenduskeag2019,TRUE,paddler,martinle01,Lee Martin,Martin Lee,Bangor,ME,USA,1,T,7959,NA
258305,2019,KENDUSKEAG,Downriver,Canoe,232,oc2mixrec,1,TRUE,7959,25,13,6,1,13,1,6,kenduskeag2019,TRUE,paddler,NA,Dawn Pelletier,Pelletier Dawn,Bangor,ME,USA,1,T,7959,NA
358464,2022,KENDUSKEAG,Downriver,Unknown,1,open,1,TRUE,8183,39,22,1,3,3,1,1,kenduskeag,TRUE,paddler,burkebr01,Brady Burke,Burke Brady,Hampden,ME,USA,NA,NA,NA,NA
358464,2022,KENDUSKEAG,Downriver,Unknown,1,open,1,TRUE,8183,39,22,1,3,3,1,1,kenduskeag,TRUE,paddler,burkeja01,Jack Burke,Burke Jack,Hampden,ME,USA,NA,NA,NA,NA
358464,2022,KENDUSKEAG,Downriver,Unknown,1,open,1,TRUE,8183,39,22,1,3,3,1,1,kenduskeag,TRUE,paddler,danaev01,Eve Dana,Dana Eve,Old Town,ME,USA,NA,NA,NA,NA
358464,2022,KENDUSKEAG,Downriver,Unknown,1,open,1,TRUE,8183,39,22,1,3,3,1,1,kenduskeag,TRUE,paddler,mabeeas01,Ashton Mabee,Mabee Ashton,Bangor,ME,USA,NA,NA,NA,NA
358464,2022,KENDUSKEAG,Downriver,Unknown,1,open,1,TRUE,8183,39,22,1,3,3,1,1,kenduskeag,TRUE,paddler,mabeejr01,James Mabee,Mabee James,Bangor,ME,USA,NA,NA,NA,NA
358464,2022,KENDUSKEAG,Downriver,Unknown,1,open,1,TRUE,8183,39,22,1,3,3,1,1,kenduskeag,TRUE,paddler,wardweju01,Justin Wardwell,Wardwell Justin,Hampden,ME,USA,NA,NA,NA,NA
249317,2018,KENDUSKEAG,Downriver,Canoe,75,oc2hs,1,TRUE,8208,43,26,9,1,8,1,4,kenduskeag,TRUE,paddler,doyleke01,Kellen Doyle,Doyle Kellen,Orono,ME,USA,1,T,8208,NA
249317,2018,KENDUSKEAG,Downriver,Canoe,75,oc2hs,1,TRUE,8208,43,26,9,1,8,1,4,kenduskeag,TRUE,paddler,mayco01,Cole May,May Cole,Orono,ME,USA,1,T,8208,NA
258256,2019,KENDUSKEAG,Downriver,Kayak,159,k1rec,1,TRUE,8243,44,18,6,1,18,1,6,kenduskeag2019,TRUE,paddler,francoka01,Karen Francoeur,Francoeur Karen,Orono,ME,USA,1,T,8243,NA
258354,2019,KENDUSKEAG,Downriver,Canoe,292,oc2mediumrec,1,TRUE,8250,45,19,11,1,19,1,11,kenduskeag2019,TRUE,paddler,kelleyda01,Dan Kelley,Kelley Dan,Corinth,ME,USA,1,T,8250,NA
258354,2019,KENDUSKEAG,Downriver,Canoe,292,oc2mediumrec,1,TRUE,8250,45,19,11,1,19,1,11,kenduskeag2019,TRUE,paddler,kelleydi01,Dick Kelley,Kelley Dick,Brewer,ME,USA,1,T,8250,NA
258209,2019,KENDUSKEAG,Downriver,Canoe,86,oc2short,1,TRUE,8336,47,20,12,1,20,1,12,kenduskeag2019,TRUE,paddler,NA,Alexander Introne,Introne Alexander,Orono,ME,USA,1,T,8336,NA
258209,2019,KENDUSKEAG,Downriver,Canoe,86,oc2short,1,TRUE,8336,47,20,12,1,20,1,12,kenduskeag2019,TRUE,paddler,perryda01,Dan Perry,Perry Dan,Orono,ME,USA,1,T,8336,NA
249258,2018,KENDUSKEAG,Downriver,Canoe,1,open,1,TRUE,8352,48,28,11,4,9,1,5,kenduskeag,TRUE,paddler,dorrgr01,Gregg Dorr,Dorr Gregg,Bangor,ME,USA,1,T,8352,NA
249258,2018,KENDUSKEAG,Downriver,Canoe,1,open,1,TRUE,8352,48,28,11,4,9,1,5,kenduskeag,TRUE,paddler,kelleyta01,Tammy Kelley,Kelley Tammy,Bangor,ME,USA,1,T,8352,NA
249258,2018,KENDUSKEAG,Downriver,Canoe,1,open,1,TRUE,8352,48,28,11,4,9,1,5,kenduskeag,TRUE,paddler,littleda01,Dan Littlefield,Littlefield Dan,Bangor,ME,USA,1,T,8352,NA
249258,2018,KENDUSKEAG,Downriver,Canoe,1,open,1,TRUE,8352,48,28,11,4,9,1,5,kenduskeag,TRUE,paddler,mabeeas01,Ashton Mabee,Mabee Ashton,Bangor,ME,USA,1,T,8352,NA
249258,2018,KENDUSKEAG,Downriver,Canoe,1,open,1,TRUE,8352,48,28,11,4,9,1,5,kenduskeag,TRUE,paddler,mabeejr01,James Mabee,Mabee James,Bangor,ME,USA,1,T,8352,NA
249258,2018,KENDUSKEAG,Downriver,Canoe,1,open,1,TRUE,8352,48,28,11,4,9,1,5,kenduskeag,TRUE,paddler,mabeeno01,Nolan Mabee,Mabee Nolan,Bangor,ME,USA,1,T,8352,NA
258231,2019,KENDUSKEAG,Downriver,Kayak,119,k1short,1,TRUE,8352,49,21,7,1,21,1,7,kenduskeag2019,TRUE,paddler,foleybr01,Brian Foley,Foley Brian,Orono,ME,USA,1,T,8352,NA
240407,2017,KENDUSKEAG,Downriver,Canoe,340,oc2mediumrec,1,TRUE,8362,50,29,12,1,12,1,6,kenduskeag,TRUE,paddler,beebeth01,Thomas Beebe,Beebe Thomas,Bangor,ME,USA,1,T,8362,NA
240407,2017,KENDUSKEAG,Downriver,Canoe,340,oc2mediumrec,1,TRUE,8362,50,29,12,1,12,1,6,kenduskeag,TRUE,paddler,nelsonsc01,Scott Nelson,Nelson Scott,Bangor,ME,USA,1,T,8362,NA
219589,2015,KENDUSKEAG,Downriver,Canoe,6,open,1,TRUE,8388,52,31,13,5,3,1,2,kenduskeag,TRUE,paddler,harttda01,Dale Hartt,Hartt Dale,Swanville,ME,USA,1,T,8388,NA
219589,2015,KENDUSKEAG,Downriver,Canoe,6,open,1,TRUE,8388,52,31,13,5,3,1,2,kenduskeag,TRUE,paddler,loringch01,Chip Loring,Loring Chip,Old Town,ME,USA,1,T,8388,NA
219589,2015,KENDUSKEAG,Downriver,Canoe,6,open,1,TRUE,8388,52,31,13,5,3,1,2,kenduskeag,TRUE,paddler,mitchero01,Bob Mitchell,Mitchell Bob,Clinton Corners,NY,USA,1,T,8388,NA
219589,2015,KENDUSKEAG,Downriver,Canoe,6,open,1,TRUE,8388,52,31,13,5,3,1,2,kenduskeag,TRUE,paddler,odonalri01,Rick ODonald,ODonald Rick,Newburgh,ME,USA,1,T,8388,NA
219589,2015,KENDUSKEAG,Downriver,Canoe,6,open,1,TRUE,8388,52,31,13,5,3,1,2,kenduskeag,TRUE,paddler,robertra01,Ralph Robertson,Robertson Ralph,Bucksport,ME,USA,1,T,8388,NA
219589,2015,KENDUSKEAG,Downriver,Canoe,6,open,1,TRUE,8388,52,31,13,5,3,1,2,kenduskeag,TRUE,paddler,robertri01,River Robertson,Robertson River,Bucksport,ME,USA,1,T,8388,NA
219589,2015,KENDUSKEAG,Downriver,Canoe,6,open,1,TRUE,8388,52,31,13,5,3,1,2,kenduskeag,TRUE,paddler,wescotte01,Terry Wescott,Wescott Terry,Thorndike,ME,USA,1,T,8388,NA
219604,2015,KENDUSKEAG,Downriver,Canoe,24,open,2,TRUE,8452,55,33,14,6,4,2,3,kenduskeag,TRUE,paddler,danaba01,Barry Dana,Dana Barry,Solon,ME,USA,1,T,8452,NA
219604,2015,KENDUSKEAG,Downriver,Canoe,24,open,2,TRUE,8452,55,33,14,6,4,2,3,kenduskeag,TRUE,paddler,danaev01,Eve Dana,Dana Eve,Solon,ME,USA,1,T,8452,NA
219604,2015,KENDUSKEAG,Downriver,Canoe,24,open,2,TRUE,8452,55,33,14,6,4,2,3,kenduskeag,TRUE,paddler,NA,Andrew Deighon,Deighon Andrew,Newburgh,ME,USA,1,T,8452,NA
219604,2015,KENDUSKEAG,Downriver,Canoe,24,open,2,TRUE,8452,55,33,14,6,4,2,3,kenduskeag,TRUE,paddler,NA,Angus Deighon,Deighon Angus,Newburgh,ME,USA,1,T,8452,NA
219604,2015,KENDUSKEAG,Downriver,Canoe,24,open,2,TRUE,8452,55,33,14,6,4,2,3,kenduskeag,TRUE,paddler,dorrgr01,Greg Dorr,Dorr Greg,Bangor,ME,USA,1,T,8452,NA
219604,2015,KENDUSKEAG,Downriver,Canoe,24,open,2,TRUE,8452,55,33,14,6,4,2,3,kenduskeag,TRUE,paddler,gouletjo01,John Goulet,Goulet John,Holden,ME,USA,1,T,8452,NA
219604,2015,KENDUSKEAG,Downriver,Canoe,24,open,2,TRUE,8452,55,33,14,6,4,2,3,kenduskeag,TRUE,paddler,littleda01,Dan Littlefield,Littlefield Dan,Belfast,ME,USA,1,T,8452,NA
219604,2015,KENDUSKEAG,Downriver,Canoe,24,open,2,TRUE,8452,55,33,14,6,4,2,3,kenduskeag,TRUE,paddler,piersobr01,Bronwen Pierson,Pierson Bronwen,Holden,ME,USA,1,T,8452,NA
219604,2015,KENDUSKEAG,Downriver,Canoe,24,open,2,TRUE,8452,55,33,14,6,4,2,3,kenduskeag,TRUE,paddler,NA,Stuart Siddons,Siddons Stuart,Trenton,ME,USA,1,T,8452,NA
219604,2015,KENDUSKEAG,Downriver,Canoe,24,open,2,TRUE,8452,55,33,14,6,4,2,3,kenduskeag,TRUE,paddler,verrieab01,Abby Verrier,Verrier Abby,Newburgh,ME,USA,1,T,8452,NA
219585,2015,KENDUSKEAG,Downriver,Canoe,1,open,3,TRUE,8456,56,34,15,7,5,3,4,kenduskeag,TRUE,paddler,kelleyta01,Tammy Kelley,Kelley Tammy,Bangor,ME,USA,1,T,8456,NA
219585,2015,KENDUSKEAG,Downriver,Canoe,1,open,3,TRUE,8456,56,34,15,7,5,3,4,kenduskeag,TRUE,paddler,mabeejr01,James Mabee,Mabee James,Bangor,ME,USA,1,T,8456,NA
219585,2015,KENDUSKEAG,Downriver,Canoe,1,open,3,TRUE,8456,56,34,15,7,5,3,4,kenduskeag,TRUE,paddler,mabeeno01,Nolan Mabee,Mabee Nolan,Bangor,ME,USA,1,T,8456,NA
219585,2015,KENDUSKEAG,Downriver,Canoe,1,open,3,TRUE,8456,56,34,15,7,5,3,4,kenduskeag,TRUE,paddler,smithdw01,DW Smith,Smith DW,Bangor,ME,USA,1,T,8456,NA
219585,2015,KENDUSKEAG,Downriver,Canoe,1,open,3,TRUE,8456,56,34,15,7,5,3,4,kenduskeag,TRUE,paddler,wardweju01,Justin Wardwell,Wardwell Justin,Bangor,ME,USA,1,T,8456,NA
219585,2015,KENDUSKEAG,Downriver,Canoe,1,open,3,TRUE,8456,56,34,15,7,5,3,4,kenduskeag,TRUE,paddler,winchele01,Leslie Winchester,Winchester Leslie,Bangor,ME,USA,1,T,8456,NA
258232,2019,KENDUSKEAG,Downriver,Kayak,121,k1short,2,TRUE,8472,58,23,8,2,23,2,8,kenduskeag2019,TRUE,paddler,bamforma01,Mark Bamford,Bamford Mark,Bucksport,ME,USA,1,T,8472,NA
527619,2025,KENDUSKEAG,Downriver,Unknown,1,open,1,TRUE,8581,68,43,2,8,2,1,1,kenduskeag,TRUE,paddler,burkebr01,Brady Burke,Burke Brady,Bangor,ME,USA,NA,NA,NA,NA
527619,2025,KENDUSKEAG,Downriver,Unknown,1,open,1,TRUE,8581,68,43,2,8,2,1,1,kenduskeag,TRUE,paddler,burkejd01,Jd Burke,Burke Jd,Bangor,ME,USA,NA,NA,NA,NA
527619,2025,KENDUSKEAG,Downriver,Unknown,1,open,1,TRUE,8581,68,43,2,8,2,1,1,kenduskeag,TRUE,paddler,deighaan01,Angus Deighan,Deighan Angus,Newburgh,ME,USA,NA,NA,NA,NA
527619,2025,KENDUSKEAG,Downriver,Unknown,1,open,1,TRUE,8581,68,43,2,8,2,1,1,kenduskeag,TRUE,paddler,mabeeas01,Ashton Mabee,Mabee Ashton,Bangor,ME,USA,NA,NA,NA,NA
527619,2025,KENDUSKEAG,Downriver,Unknown,1,open,1,TRUE,8581,68,43,2,8,2,1,1,kenduskeag,TRUE,paddler,mabeejr01,Jr Mabee,Mabee Jr,Bangor,ME,USA,NA,NA,NA,NA
527619,2025,KENDUSKEAG,Downriver,Unknown,1,open,1,TRUE,8581,68,43,2,8,2,1,1,kenduskeag,TRUE,paddler,NA,Eric Nevens,Nevens Eric,Freeport,ME,USA,NA,NA,NA,NA
527619,2025,KENDUSKEAG,Downriver,Unknown,1,open,1,TRUE,8581,68,43,2,8,2,1,1,kenduskeag,TRUE,paddler,baxtermo01,Morgan Baxter,Baxter Morgan,Gorham,ME,USA,NA,NA,NA,NA
527619,2025,KENDUSKEAG,Downriver,Unknown,1,open,1,TRUE,8581,68,43,2,8,2,1,1,kenduskeag,TRUE,paddler,farnswri01,Rick Farnsworth,Farnsworth Rick,Portland,ME,USA,NA,NA,NA,NA
527619,2025,KENDUSKEAG,Downriver,Unknown,1,open,1,TRUE,8581,68,43,2,8,2,1,1,kenduskeag,TRUE,paddler,gauseri01,Rick Gause,Gause Rick,North Yarmouth,ME,USA,NA,NA,NA,NA
527619,2025,KENDUSKEAG,Downriver,Unknown,1,open,1,TRUE,8581,68,43,2,8,2,1,1,kenduskeag,TRUE,paddler,soulegr01,Greg Soule,Soule Greg,Standish,ME,USA,NA,NA,NA,NA
423902,2023,KENDUSKEAG,Downriver,Unknown,1,open,1,TRUE,8588,69,44,3,9,2,1,1,kenduskeag,TRUE,paddler,burkebr01,Brady Burke,Burke Brady,Hampden,ME,USA,NA,NA,NA,NA
423902,2023,KENDUSKEAG,Downriver,Unknown,1,open,1,TRUE,8588,69,44,3,9,2,1,1,kenduskeag,TRUE,paddler,burkeja01,Jack Burke,Burke Jack,Hampden,ME,USA,NA,NA,NA,NA
423902,2023,KENDUSKEAG,Downriver,Unknown,1,open,1,TRUE,8588,69,44,3,9,2,1,1,kenduskeag,TRUE,paddler,burkejd01,Jd Burke,Burke Jd,Newburgh,ME,USA,NA,NA,NA,NA
423902,2023,KENDUSKEAG,Downriver,Unknown,1,open,1,TRUE,8588,69,44,3,9,2,1,1,kenduskeag,TRUE,paddler,mabeeas01,Ashton Mabee,Mabee Ashton,Bangor,ME,USA,NA,NA,NA,NA
423902,2023,KENDUSKEAG,Downriver,Unknown,1,open,1,TRUE,8588,69,44,3,9,2,1,1,kenduskeag,TRUE,paddler,mabeejr01,James Mabee,Mabee James,Bangor,ME,USA,NA,NA,NA,NA
423902,2023,KENDUSKEAG,Downriver,Unknown,1,open,1,TRUE,8588,69,44,3,9,2,1,1,kenduskeag,TRUE,paddler,mabeerh01,Rheannon Mabee,Mabee Rheannon,Bangor,ME,USA,NA,NA,NA,NA
258161,2019,KENDUSKEAG,Downriver,Unknown,25,open,3,TRUE,8634,75,27,3,3,27,3,3,kenduskeag2019,TRUE,paddler,hallel01,Ellen Hall,Hall Ellen,Bangor,ME,USA,1,T,8634,NA
258161,2019,KENDUSKEAG,Downriver,Unknown,25,open,3,TRUE,8634,75,27,3,3,27,3,3,kenduskeag2019,TRUE,paddler,martinbo01,Robert Martin,Martin Robert,Dedham,ME,USA,1,T,8634,NA
258161,2019,KENDUSKEAG,Downriver,Unknown,25,open,3,TRUE,8634,75,27,3,3,27,3,3,kenduskeag2019,TRUE,paddler,taylorer01,Eric Taylor,Taylor Eric,Bangor,ME,USA,1,T,8634,NA
258161,2019,KENDUSKEAG,Downriver,Unknown,25,open,3,TRUE,8634,75,27,3,3,27,3,3,kenduskeag2019,TRUE,paddler,NA,Gilman Taylor,Taylor Gilman,Bangor,ME,USA,1,T,8634,NA
249478,2018,KENDUSKEAG,Downriver,Canoe,272,oc2mixrec,1,TRUE,8637,76,49,25,1,15,1,9,kenduskeag,TRUE,paddler,cochrach01,Chip Cochrane,Cochrane Chip,Carrabassett Valley,ME,USA,1,T,8637,NA
249478,2018,KENDUSKEAG,Downriver,Canoe,272,oc2mixrec,1,TRUE,8637,76,49,25,1,15,1,9,kenduskeag,TRUE,paddler,lovela01,Lani Love,Love Lani,Carrabassett Valley,ME,USA,1,T,8637,NA
258233,2019,KENDUSKEAG,Downriver,Kayak,122,k1short,3,TRUE,8650,77,28,10,3,28,3,10,kenduskeag2019,TRUE,paddler,NA,Matt Jameson,Jameson Matt,Gorham,NH,USA,1,T,8650,NA
258414,2019,KENDUSKEAG,Downriver,Canoe,378,oc2shortbeg,1,TRUE,8652,78,29,16,1,29,1,16,kenduskeag2019,TRUE,paddler,lanech01,Chris Lane,Lane Chris,Hermon,ME,USA,1,T,8652,NA
258414,2019,KENDUSKEAG,Downriver,Canoe,378,oc2shortbeg,1,TRUE,8652,78,29,16,1,29,1,16,kenduskeag2019,TRUE,paddler,whitema01,David White,White David,Levant,ME,USA,1,T,8652,NA
240251,2017,KENDUSKEAG,Downriver,Kayak,148,k1short,1,TRUE,8770,89,59,23,1,23,1,7,kenduskeag,TRUE,paddler,foleybr01,Brian Foley,Foley Brian,Orono,ME,USA,1,T,8770,NA
258333,2019,KENDUSKEAG,Downriver,Canoe,268,oc2mediumrec,2,TRUE,8775,93,32,19,2,32,2,19,kenduskeag2019,TRUE,paddler,NA,Aaron Megquier,Megquier Aaron,Belmont,ME,USA,1,T,8775,NA
258333,2019,KENDUSKEAG,Downriver,Canoe,268,oc2mediumrec,2,TRUE,8775,93,32,19,2,32,2,19,kenduskeag2019,TRUE,paddler,NA,Matthew Powers,Powers Matthew,Orono,ME,USA,1,T,8775,NA
258247,2019,KENDUSKEAG,Downriver,Kayak,144,k1short,4,TRUE,8785,94,33,11,4,33,4,11,kenduskeag2019,TRUE,paddler,baumerda01,Daniel Baumert,Baumert Daniel,Levant,ME,USA,1,T,8785,NA
258203,2019,KENDUSKEAG,Downriver,Canoe,79,oc2short,2,TRUE,8795,95,34,20,2,34,2,20,kenduskeag2019,TRUE,paddler,brooksra01,Rachel Brooks,Brooks Rachel,Clifton,ME,USA,1,T,8795,NA
258203,2019,KENDUSKEAG,Downriver,Canoe,79,oc2short,2,TRUE,8795,95,34,20,2,34,2,20,kenduskeag2019,TRUE,paddler,brooksti01,Tim Brooks,Brooks Tim,Clifton,ME,USA,1,T,8795,NA
258238,2019,KENDUSKEAG,Downriver,Kayak,130,k1short,5,TRUE,8812,98,36,12,5,36,5,12,kenduskeag2019,TRUE,paddler,baltesja01,Jay Baltes,Baltes Jay,Brunswick,ME,USA,1,T,8812,NA
240346,2017,KENDUSKEAG,Downriver,Canoe,273,oc2mixrec,1,TRUE,8815,99,63,35,2,25,1,18,kenduskeag,TRUE,paddler,martinle01,Lee Martin,Martin Lee,Bangor,ME,USA,1,T,8815,NA
240346,2017,KENDUSKEAG,Downriver,Canoe,273,oc2mixrec,1,TRUE,8815,99,63,35,2,25,1,18,kenduskeag,TRUE,paddler,NA,Dawn Pellitier,Pellitier Dawn,Bangor,ME,USA,1,T,8815,NA
258350,2019,KENDUSKEAG,Downriver,Canoe,288,oc2mediumrec,3,TRUE,8821,101,37,22,3,37,3,22,kenduskeag2019,TRUE,paddler,cassidth01,Thomas Cassidy,Cassidy Thomas,Orono,ME,USA,1,T,8821,NA
258350,2019,KENDUSKEAG,Downriver,Canoe,288,oc2mediumrec,3,TRUE,8821,101,37,22,3,37,3,22,kenduskeag2019,TRUE,paddler,NA,Klaus Meinhof,Meinhof Klaus,Bangor,ME,USA,1,T,8821,NA
249517,2018,KENDUSKEAG,Downriver,Canoe,321,oc2mediumrec,1,TRUE,8829,103,65,37,2,17,1,11,kenduskeag,TRUE,paddler,farnswri01,Rick Farnsworth,Farnsworth Rick,Portland,ME,USA,1,T,8829,NA
249517,2018,KENDUSKEAG,Downriver,Canoe,321,oc2mediumrec,1,TRUE,8829,103,65,37,2,17,1,11,kenduskeag,TRUE,paddler,gauseri01,Rick Gause,Gause Rick,North Yarmouth,ME,USA,1,T,8829,NA
240403,2017,KENDUSKEAG,Downriver,Canoe,335,oc2mediumrec,2,TRUE,8835,105,67,39,3,27,2,20,kenduskeag,TRUE,paddler,baxtermo01,Morgan Baxter,Baxter Morgan,Gorham,ME,USA,1,T,8835,NA
240403,2017,KENDUSKEAG,Downriver,Canoe,335,oc2mediumrec,2,TRUE,8835,105,67,39,3,27,2,20,kenduskeag,TRUE,paddler,farnswri01,Rick Farnsworth,Farnsworth Rick,Portland,ME,USA,1,T,8835,NA
240359,2017,KENDUSKEAG,Downriver,Canoe,289,oc2mixrec,2,TRUE,8836,106,68,40,3,28,2,21,kenduskeag,TRUE,paddler,harttda01,Dale Hartt,Hartt Dale,Veazie,ME,USA,1,T,8836,NA
240359,2017,KENDUSKEAG,Downriver,Canoe,289,oc2mixrec,2,TRUE,8836,106,68,40,3,28,2,21,kenduskeag,TRUE,paddler,whittysa01,Sarah Whitty,Whitty Sarah,Veazie,ME,USA,1,T,8836,NA
258380,2019,KENDUSKEAG,Downriver,Canoe,325,oc2shortrec,2,TRUE,8843,107,39,24,2,39,2,24,kenduskeag2019,TRUE,paddler,hwalekjo01,John Hwalek,Hwalek John,Bangor,ME,USA,1,T,8843,NA
258380,2019,KENDUSKEAG,Downriver,Canoe,325,oc2shortrec,2,TRUE,8843,107,39,24,2,39,2,24,kenduskeag2019,TRUE,paddler,NA,Lucas Mathers,Mathers Lucas,Kittery,ME,USA,1,T,8843,NA
258312,2019,KENDUSKEAG,Downriver,Canoe,239,oc2mixrec,2,TRUE,8845,109,40,25,2,40,2,25,kenduskeag2019,TRUE,paddler,NA,Kristin Beebe,Beebe Kristin,Bangor,ME,USA,1,T,8845,NA
258312,2019,KENDUSKEAG,Downriver,Canoe,239,oc2mixrec,2,TRUE,8845,109,40,25,2,40,2,25,kenduskeag2019,TRUE,paddler,beebeth01,Thomas Beebe,Beebe Thomas,Bangor,ME,USA,1,T,8845,NA
240397,2017,KENDUSKEAG,Downriver,Canoe,329,oc2mediumrec,3,TRUE,8854,112,71,43,4,29,3,22,kenduskeag,TRUE,paddler,daltonch01,Chris Dalton,Dalton Chris,Bangor,ME,USA,1,T,8854,NA
240397,2017,KENDUSKEAG,Downriver,Canoe,329,oc2mediumrec,3,TRUE,8854,112,71,43,4,29,3,22,kenduskeag,TRUE,paddler,risingma01,Mark Risinger,Risinger Mark,Hermon,ME,USA,1,T,8854,NA
249460,2018,KENDUSKEAG,Downriver,Canoe,253,oc2mixrec,2,TRUE,8875,114,73,45,4,20,2,14,kenduskeag,TRUE,paddler,martinle01,Lee Martin,Martin Lee,Bangor,ME,USA,1,T,8875,NA
249460,2018,KENDUSKEAG,Downriver,Canoe,253,oc2mixrec,2,TRUE,8875,114,73,45,4,20,2,14,kenduskeag,TRUE,paddler,NA,Dawn Pelletier,Pelletier Dawn,Bangor,ME,USA,1,T,8875,NA
240259,2017,KENDUSKEAG,Downriver,Kayak,160,k1short,2,TRUE,8878,115,74,26,2,31,2,8,kenduskeag,TRUE,paddler,NA,Chad Robertson,Robertson Chad,Madison,ME,USA,1,T,8878,NA
258206,2019,KENDUSKEAG,Downriver,Canoe,82,oc2short,3,TRUE,8892,116,42,27,3,42,3,27,kenduskeag2019,TRUE,paddler,NA,Matt Leavitt,Leavitt Matt,Bowdoinham,ME,USA,1,T,8892,NA
258206,2019,KENDUSKEAG,Downriver,Canoe,82,oc2short,3,TRUE,8892,116,42,27,3,42,3,27,kenduskeag2019,TRUE,paddler,NA,Charlie Rackley,Rackley Charlie,Bowdoin,ME,USA,1,T,8892,NA
258373,2019,KENDUSKEAG,Downriver,Canoe,317,oc2shortrec,3,TRUE,8941,118,44,29,3,44,3,29,kenduskeag2019,TRUE,paddler,pricean01,Andy Price,Price Andy,Portland,ME,USA,1,T,8941,NA
258373,2019,KENDUSKEAG,Downriver,Canoe,317,oc2shortrec,3,TRUE,8941,118,44,29,3,44,3,29,kenduskeag2019,TRUE,paddler,widmergl01,Glen Widmer,Widmer Glen,Montville,ME,USA,1,T,8941,NA
258361,2019,KENDUSKEAG,Downriver,Canoe,300,oc2mediumrec,4,TRUE,8965,120,45,30,4,45,4,30,kenduskeag2019,TRUE,paddler,boudrede01,Dean Boudreau,Boudreau Dean,Trenton,ME,USA,1,T,8965,NA
258361,2019,KENDUSKEAG,Downriver,Canoe,300,oc2mediumrec,4,TRUE,8965,120,45,30,4,45,4,30,kenduskeag2019,TRUE,paddler,stolljo01,Josh Stoll,Stoll Josh,Lamoine,ME,USA,1,T,8965,NA
358638,2022,KENDUSKEAG,Downriver,Canoe,344,oc2rec,1,TRUE,8984,121,76,47,1,6,1,3,kenduskeag,TRUE,paddler,galipebe01,Bem Galipeau,Galipeau Bem,Bangor,ME,USA,NA,NA,NA,NA
358638,2022,KENDUSKEAG,Downriver,Canoe,344,oc2rec,1,TRUE,8984,121,76,47,1,6,1,3,kenduskeag,TRUE,paddler,galipeda01,Damon Galipeau,Galipeau Damon,Indian Island,ME,USA,NA,NA,NA,NA
240493,2017,KENDUSKEAG,Downriver,Canoe,448,oc2hs,1,TRUE,8985,122,77,48,2,32,1,24,kenduskeag,TRUE,paddler,doyleke01,Kellen Doyle,Doyle Kellen,Orono,ME,USA,1,T,8985,NA
240493,2017,KENDUSKEAG,Downriver,Canoe,448,oc2hs,1,TRUE,8985,122,77,48,2,32,1,24,kenduskeag,TRUE,paddler,mayco01,Cole May,May Cole,Orono,ME,USA,1,T,8985,NA
229375,2016,KENDUSKEAG,Downriver,Canoe,36,open,1,TRUE,8998,124,79,50,10,3,1,1,kenduskeag,TRUE,paddler,NA,Chirs Francis,Francis Chirs,Levant,ME,USA,1,T,8998,NA
229375,2016,KENDUSKEAG,Downriver,Canoe,36,open,1,TRUE,8998,124,79,50,10,3,1,1,kenduskeag,TRUE,paddler,harttda01,Dale Hartt,Hartt Dale,Veazie,ME,USA,1,T,8998,NA
229375,2016,KENDUSKEAG,Downriver,Canoe,36,open,1,TRUE,8998,124,79,50,10,3,1,1,kenduskeag,TRUE,paddler,rancoma01,Mark Ranco,Ranco Mark,Bangor,ME,USA,1,T,8998,NA
229375,2016,KENDUSKEAG,Downriver,Canoe,36,open,1,TRUE,8998,124,79,50,10,3,1,1,kenduskeag,TRUE,paddler,whittysa01,Sarah Whitty,Whitty Sarah,Veazie,ME,USA,1,T,8998,NA
258318,2019,KENDUSKEAG,Downriver,Canoe,248,oc2mixrec,3,TRUE,8999,125,46,31,3,46,3,31,kenduskeag2019,TRUE,paddler,risingal01,Allisen Risinger,Risinger Allisen,Saco,ME,USA,1,T,8999,NA
258318,2019,KENDUSKEAG,Downriver,Canoe,248,oc2mixrec,3,TRUE,8999,125,46,31,3,46,3,31,kenduskeag2019,TRUE,paddler,risingma01,Mark Risinger,Risinger Mark,Saco,ME,USA,1,T,8999,NA
258369,2019,KENDUSKEAG,Downriver,Canoe,311,oc2shortrec,4,TRUE,9004,126,47,32,4,47,4,32,kenduskeag2019,TRUE,paddler,grayda01,Darren Gray,Gray Darren,Riverview,NB,CAN,1,T,9004,NA
258369,2019,KENDUSKEAG,Downriver,Canoe,311,oc2shortrec,4,TRUE,9004,126,47,32,4,47,4,32,kenduskeag2019,TRUE,paddler,levybe01,Bernie Levy,Levy Bernie,Sackville,NS,CAN,1,T,9004,NA
240250,2017,KENDUSKEAG,Downriver,Kayak,146,k1short,3,TRUE,9030,133,83,28,3,34,3,9,kenduskeag,TRUE,paddler,bamforma01,Mark Bamford,Bamford Mark,Bucksport,ME,USA,1,T,9030,NA
249316,2018,KENDUSKEAG,Downriver,Canoe,73,oc2short,1,TRUE,9062,134,84,53,1,22,1,16,kenduskeag,TRUE,paddler,martinbo01,Bob Martin,Martin Bob,Bangor,ME,USA,1,T,9062,NA
249316,2018,KENDUSKEAG,Downriver,Canoe,73,oc2short,1,TRUE,9062,134,84,53,1,22,1,16,kenduskeag,TRUE,paddler,taylorer01,Eric Taylor,Taylor Eric,Bangor,ME,USA,1,T,9062,NA
258155,2019,KENDUSKEAG,Downriver,Unknown,19,open,4,TRUE,9098,142,53,4,4,53,4,4,kenduskeag2019,TRUE,paddler,NA,Tyler Carl,Carl Tyler,China,ME,USA,1,T,9098,NA
258155,2019,KENDUSKEAG,Downriver,Unknown,19,open,4,TRUE,9098,142,53,4,4,53,4,4,kenduskeag2019,TRUE,paddler,NA,Cody Kirk,Kirk Cody,Augusta,ME,USA,1,T,9098,NA
258155,2019,KENDUSKEAG,Downriver,Unknown,19,open,4,TRUE,9098,142,53,4,4,53,4,4,kenduskeag2019,TRUE,paddler,NA,Tyler Leet,Leet Tyler,Windsor,ME,USA,1,T,9098,NA
258155,2019,KENDUSKEAG,Downriver,Unknown,19,open,4,TRUE,9098,142,53,4,4,53,4,4,kenduskeag2019,TRUE,paddler,NA,Josh Zayac,Zayac Josh,Windsor,ME,USA,1,T,9098,NA
240256,2017,KENDUSKEAG,Downriver,Kayak,155,k1short,4,TRUE,9139,146,93,30,4,37,4,10,kenduskeag,TRUE,paddler,baumerda01,Daniel Baumert,Baumert Daniel,Levant,ME,USA,1,T,9139,NA
240253,2017,KENDUSKEAG,Downriver,Kayak,152,k1short,5,TRUE,9144,147,94,31,5,38,5,11,kenduskeag,TRUE,paddler,NA,Scott Forbes,Forbes Scott,Vassalboro,ME,USA,1,T,9144,NA
424121,2023,KENDUSKEAG,Downriver,Canoe,187,oc2shortrec,1,TRUE,9164,150,97,62,1,6,1,3,kenduskeag,TRUE,paddler,galipebe01,Apemeism Galipeau,Galipeau Apemeism,Old Town,ME,USA,NA,NA,NA,NA
424121,2023,KENDUSKEAG,Downriver,Canoe,187,oc2shortrec,1,TRUE,9164,150,97,62,1,6,1,3,kenduskeag,TRUE,paddler,galipeda01,Damon Galipeau,Galipeau Damon,Indian Island,ME,USA,NA,NA,NA,NA
258167,2019,KENDUSKEAG,Downriver,Canoe,33,oc2mixrec,4,TRUE,9170,152,54,38,4,54,4,38,kenduskeag2019,TRUE,paddler,NA,Elizabeth Allan,Allan Elizabeth,Orono,ME,USA,1,T,9170,NA
258167,2019,KENDUSKEAG,Downriver,Canoe,33,oc2mixrec,4,TRUE,9170,152,54,38,4,54,4,38,kenduskeag2019,TRUE,paddler,NA,Brian Rahill,Rahill Brian,Orono,ME,USA,1,T,9170,NA
258404,2019,KENDUSKEAG,Downriver,Canoe,362,oc2shortbeg,2,TRUE,9195,154,56,40,2,56,2,40,kenduskeag2019,TRUE,paddler,NA,David Kerns,Kerns David,Ellsworth,ME,USA,1,T,9195,NA
258404,2019,KENDUSKEAG,Downriver,Canoe,362,oc2shortbeg,2,TRUE,9195,154,56,40,2,56,2,40,kenduskeag2019,TRUE,paddler,NA,Eric McLaughlin,McLaughlin Eric,Hancock,ME,USA,1,T,9195,NA
219764,2015,KENDUSKEAG,Downriver,Canoe,224,oc2mixrec,1,TRUE,9206,156,100,65,5,12,1,9,kenduskeag,TRUE,paddler,hesslebo01,Bob Hessler,Hessler Bob,Ellsworth,ME,USA,1,T,9206,NA
219764,2015,KENDUSKEAG,Downriver,Canoe,224,oc2mixrec,1,TRUE,9206,156,100,65,5,12,1,9,kenduskeag,TRUE,paddler,thebauan01,Ander Thebaud,Thebaud Ander,MDI,ME,USA,1,T,9206,NA
358535,2022,KENDUSKEAG,Downriver,Kayak,89,k1short,1,TRUE,9230,160,104,33,6,9,1,5,kenduskeag,TRUE,paddler,thorbuha01,Hank Thorburn,Thorburn Hank,Harpswell,ME,USA,NA,NA,NA,NA
258326,2019,KENDUSKEAG,Downriver,Canoe,257,oc2mixrec,5,TRUE,9232,161,57,41,5,57,5,41,kenduskeag2019,TRUE,paddler,deabaytr01,Travis Deabay,Deabay Travis,Bangor,ME,USA,1,T,9232,NA
258326,2019,KENDUSKEAG,Downriver,Canoe,257,oc2mixrec,5,TRUE,9232,161,57,41,5,57,5,41,kenduskeag2019,TRUE,paddler,guyro01,Rose Guy,Guy Rose,Medway,ME,USA,1,T,9232,NA
249285,2018,KENDUSKEAG,Downriver,Canoe,36,open,2,TRUE,9239,162,105,69,11,26,2,20,kenduskeag,TRUE,paddler,piersobr01,Bronwen Pierson,Pierson Bronwen,Dedham,ME,USA,1,T,9239,NA
249285,2018,KENDUSKEAG,Downriver,Canoe,36,open,2,TRUE,9239,162,105,69,11,26,2,20,kenduskeag,TRUE,paddler,scheerti01,Tina Scheer,Scheer Tina,Ellsworth,ME,USA,1,T,9239,NA
249285,2018,KENDUSKEAG,Downriver,Canoe,36,open,2,TRUE,9239,162,105,69,11,26,2,20,kenduskeag,TRUE,paddler,NA,Finn Wardwell,Wardwell Finn,Dedham,ME,USA,1,T,9239,NA
249285,2018,KENDUSKEAG,Downriver,Canoe,36,open,2,TRUE,9239,162,105,69,11,26,2,20,kenduskeag,TRUE,paddler,wescotte01,Terry Wescott,Wescott Terry,Thorndike,ME,USA,1,T,9239,NA
249285,2018,KENDUSKEAG,Downriver,Canoe,36,open,2,TRUE,9239,162,105,69,11,26,2,20,kenduskeag,TRUE,paddler,winsloaa01,Aaron Winslow,Winslow Aaron,Belmont,ME,USA,1,T,9239,NA
258342,2019,KENDUSKEAG,Downriver,Canoe,278,oc2mediumrec,5,TRUE,9245,164,58,42,5,58,5,42,kenduskeag2019,TRUE,paddler,NA,Johnson Whippie,Whippie Johnson,Westport Island,ME,USA,1,T,9245,NA
258342,2019,KENDUSKEAG,Downriver,Canoe,278,oc2mediumrec,5,TRUE,9245,164,58,42,5,58,5,42,kenduskeag2019,TRUE,paddler,NA,Marcel Whippie,Whippie Marcel,Alna,ME,USA,1,T,9245,NA
249493,2018,KENDUSKEAG,Downriver,Canoe,290,oc2mediumrec,2,TRUE,9247,165,107,70,5,27,2,21,kenduskeag,TRUE,paddler,daltonch01,Chris Dalton,Dalton Chris,Saco,ME,USA,1,T,9247,NA
249493,2018,KENDUSKEAG,Downriver,Canoe,290,oc2mediumrec,2,TRUE,9247,165,107,70,5,27,2,21,kenduskeag,TRUE,paddler,risingma01,Mark Risinger,Risinger Mark,Saco,ME,USA,1,T,9247,NA
240153,2017,KENDUSKEAG,Downriver,Canoe,21,open,3,TRUE,9249,167,109,72,12,41,3,30,kenduskeag,TRUE,paddler,NA,Moe Brown,Brown Moe,Wilson Cove,NB,CAN,1,T,9249,NA
240153,2017,KENDUSKEAG,Downriver,Canoe,21,open,3,TRUE,9249,167,109,72,12,41,3,30,kenduskeag,TRUE,paddler,kelleyta01,Tammy Kelley,Kelley Tammy,Lamoine,ME,USA,1,T,9249,NA
240153,2017,KENDUSKEAG,Downriver,Canoe,21,open,3,TRUE,9249,167,109,72,12,41,3,30,kenduskeag,TRUE,paddler,thebauan01,Ander Thebaud,Thebaud Ander,Mount Desert,ME,USA,1,T,9249,NA
240401,2017,KENDUSKEAG,Downriver,Canoe,333,oc2mediumrec,4,TRUE,9261,168,110,73,6,42,4,31,kenduskeag,TRUE,paddler,NA,Ryan Blanchette,Blanchette Ryan,Bangor,ME,USA,1,T,9261,NA
240401,2017,KENDUSKEAG,Downriver,Canoe,333,oc2mediumrec,4,TRUE,9261,168,110,73,6,42,4,31,kenduskeag,TRUE,paddler,cousinjo01,Joe Cousins,Cousins Joe,Glenburn,ME,USA,1,T,9261,NA
423903,2023,KENDUSKEAG,Downriver,Unknown,8,open,2,TRUE,9268,173,113,4,13,7,2,2,kenduskeag,TRUE,paddler,archibdo01,Doug Archibald,Archibald Doug,Mill Lake,NS,CAN,NA,NA,NA,NA
423903,2023,KENDUSKEAG,Downriver,Unknown,8,open,2,TRUE,9268,173,113,4,13,7,2,2,kenduskeag,TRUE,paddler,grayda01,Darren Gray,Gray Darren,Riverview,NB,CAN,NA,NA,NA,NA
423903,2023,KENDUSKEAG,Downriver,Unknown,8,open,2,TRUE,9268,173,113,4,13,7,2,2,kenduskeag,TRUE,paddler,NA,Levi Gray,Gray Levi,Riverview,NB,CAN,NA,NA,NA,NA
423903,2023,KENDUSKEAG,Downriver,Unknown,8,open,2,TRUE,9268,173,113,4,13,7,2,2,kenduskeag,TRUE,paddler,NA,Ben Levy,Levy Ben,Bedford,NS,CAN,NA,NA,NA,NA
423903,2023,KENDUSKEAG,Downriver,Unknown,8,open,2,TRUE,9268,173,113,4,13,7,2,2,kenduskeag,TRUE,paddler,levybe01,Bernie Levy,Levy Bernie,Middle Sackville,NS,CAN,NA,NA,NA,NA
423903,2023,KENDUSKEAG,Downriver,Unknown,8,open,2,TRUE,9268,173,113,4,13,7,2,2,kenduskeag,TRUE,paddler,warnicgo01,Gordon Warnica,Warnica Gordon,Fall River,NS,CAN,NA,NA,NA,NA
249367,2018,KENDUSKEAG,Downriver,Kayak,136,k1short,1,TRUE,9274,174,114,36,7,28,1,7,kenduskeag,TRUE,paddler,bamforma01,Mark Bamford,Bamford Mark,Bucksport,ME,USA,1,T,9274,NA
240402,2017,KENDUSKEAG,Downriver,Canoe,334,oc2mediumrec,5,TRUE,9290,176,116,76,7,43,5,32,kenduskeag,TRUE,paddler,mitchero01,Bob Mitchell,Mitchell Bob,Clinton Corners,NY,USA,1,T,9290,NA
240402,2017,KENDUSKEAG,Downriver,Canoe,334,oc2mediumrec,5,TRUE,9290,176,116,76,7,43,5,32,kenduskeag,TRUE,paddler,wescotte01,Terry Wescott,Wescott Terry,Thorndike,ME,USA,1,T,9290,NA
358639,2022,KENDUSKEAG,Downriver,Canoe,217,oc2rec,2,TRUE,9297,177,117,77,2,11,2,5,kenduskeag,TRUE,paddler,reddinde01,Dean Redding,Redding Dean,Bangor,ME,USA,NA,NA,NA,NA
358639,2022,KENDUSKEAG,Downriver,Canoe,217,oc2rec,2,TRUE,9297,177,117,77,2,11,2,5,kenduskeag,TRUE,paddler,risingma01,Mark Risinger,Risinger Mark,Saco,ME,USA,NA,NA,NA,NA
249512,2018,KENDUSKEAG,Downriver,Canoe,316,oc2mediumrec,3,TRUE,9312,178,118,78,8,29,3,22,kenduskeag,TRUE,paddler,cousinjo01,Joe Cousins,Cousins Joe,Glenburn,ME,USA,1,T,9312,NA
249512,2018,KENDUSKEAG,Downriver,Canoe,316,oc2mediumrec,3,TRUE,9312,178,118,78,8,29,3,22,kenduskeag,TRUE,paddler,NA,Brett Vicary,Vicary Brett,Old Town,ME,USA,1,T,9312,NA
240361,2017,KENDUSKEAG,Downriver,Canoe,291,oc2mixrec,3,TRUE,9317,179,119,79,6,44,3,33,kenduskeag,TRUE,paddler,conleyda01,Dave Conley,Conley Dave,Weston,ME,USA,1,T,9317,NA
240361,2017,KENDUSKEAG,Downriver,Canoe,291,oc2mixrec,3,TRUE,9317,179,119,79,6,44,3,33,kenduskeag,TRUE,paddler,matulata01,Tammi Matula,Matula Tammi,Weston,ME,USA,1,T,9317,NA
240369,2017,KENDUSKEAG,Downriver,Canoe,300,oc2mixrec,4,TRUE,9325,182,122,81,7,45,4,34,kenduskeag,TRUE,paddler,danaev01,Eve Dana,Dana Eve,Old Town,ME,USA,1,T,9325,NA
240369,2017,KENDUSKEAG,Downriver,Canoe,300,oc2mixrec,4,TRUE,9325,182,122,81,7,45,4,34,kenduskeag,TRUE,paddler,wardweju01,Justin Wardwell,Wardwell Justin,Hampden,ME,USA,1,T,9325,NA
424050,2023,KENDUSKEAG,Downriver,Canoe,58,oc2mixrec,1,TRUE,9352,189,128,85,8,10,1,6,kenduskeag,TRUE,paddler,martinle01,Lee Martin,Martin Lee,Bangor,ME,USA,NA,NA,NA,NA
424050,2023,KENDUSKEAG,Downriver,Canoe,58,oc2mixrec,1,TRUE,9352,189,128,85,8,10,1,6,kenduskeag,TRUE,paddler,NA,Dawn Pelletier,Pelletier Dawn,Bangor,ME,USA,NA,NA,NA,NA
240262,2017,KENDUSKEAG,Downriver,Kayak,163,k1short,6,TRUE,9359,190,129,40,8,47,6,12,kenduskeag,TRUE,paddler,sandsje01,Jeff Sands,Sands Jeff,Dexter,ME,USA,1,T,9359,NA
249386,2018,KENDUSKEAG,Downriver,Kayak,159,k1short,2,TRUE,9362,191,130,41,9,31,2,9,kenduskeag,TRUE,paddler,NA,Adam Swett,Swett Adam,Hermon,ME,USA,1,T,9362,NA
219634,2015,KENDUSKEAG,Downriver,Canoe,54,oc2short,1,TRUE,9373,193,131,86,2,15,1,11,kenduskeag,TRUE,paddler,martinbo01,Robert Martin,Martin Robert,Deham,ME,USA,1,T,9373,NA
219634,2015,KENDUSKEAG,Downriver,Canoe,54,oc2short,1,TRUE,9373,193,131,86,2,15,1,11,kenduskeag,TRUE,paddler,taylorer01,Eric Taylor,Taylor Eric,Bangor,ME,USA,1,T,9373,NA
258432,2019,KENDUSKEAG,Downriver,Canoe,410,oc2hs,1,TRUE,9374,194,63,46,1,63,1,46,kenduskeag2019,TRUE,paddler,NA,Noah Coogan,Coogan Noah,Stillwater,ME,USA,1,T,9374,NA
258432,2019,KENDUSKEAG,Downriver,Canoe,410,oc2hs,1,TRUE,9374,194,63,46,1,63,1,46,kenduskeag2019,TRUE,paddler,NA,Frank Schweizer,Schweizer Frank,Blue Hill,ME,USA,1,T,9374,NA
240199,2017,KENDUSKEAG,Downriver,Canoe,81,oc2short,1,TRUE,9391,196,133,88,3,49,1,37,kenduskeag,TRUE,paddler,brooksra01,Rachel Brooks,Brooks Rachel,Clifton,ME,USA,1,T,9391,NA
240199,2017,KENDUSKEAG,Downriver,Canoe,81,oc2short,1,TRUE,9391,196,133,88,3,49,1,37,kenduskeag,TRUE,paddler,brooksti01,Tim Brooks,Brooks Tim,Clifton,ME,USA,1,T,9391,NA
240287,2017,KENDUSKEAG,Downriver,Kayak,205,k1rec,1,TRUE,9401,197,134,42,1,50,1,13,kenduskeag,TRUE,paddler,gregorle01,Leslie Gregory,Gregory Leslie,Monroe,ME,USA,1,T,9401,NA
423979,2023,KENDUSKEAG,Downriver,Kayak,74,k1short,1,TRUE,9419,200,136,44,10,12,1,4,kenduskeag,TRUE,paddler,thorbuha01,Hank Thorburn,Thorburn Hank,Harpswell,ME,USA,NA,NA,NA,NA
258152,2019,KENDUSKEAG,Downriver,Unknown,14,open,5,TRUE,9435,202,66,5,5,66,5,5,kenduskeag2019,TRUE,paddler,NA,Drew Bowling,Bowling Drew,Fargo,ND,USA,1,T,9435,NA
258152,2019,KENDUSKEAG,Downriver,Unknown,14,open,5,TRUE,9435,202,66,5,5,66,5,5,kenduskeag2019,TRUE,paddler,NA,Brendan Shumway,Shumway Brendan,Denver,CO,USA,1,T,9435,NA
258152,2019,KENDUSKEAG,Downriver,Unknown,14,open,5,TRUE,9435,202,66,5,5,66,5,5,kenduskeag2019,TRUE,paddler,steeleno01,Nolan Steele,Steele Nolan,Hope,ME,USA,1,T,9435,NA
249370,2018,KENDUSKEAG,Downriver,Kayak,139,k1short,3,TRUE,9441,203,137,45,11,32,3,10,kenduskeag,TRUE,paddler,foleybr01,Brian Foley,Foley Brian,Orono,ME,USA,1,T,9441,NA
249355,2018,KENDUSKEAG,Downriver,Kayak,121,k1short,4,TRUE,9448,204,138,46,12,33,4,11,kenduskeag,TRUE,paddler,baumerda01,Dan Baumert,Baumert Dan,Levant,ME,USA,1,T,9448,NA
258269,2019,KENDUSKEAG,Downriver,Kayak,183,k1rec,2,TRUE,9448,205,67,14,2,67,2,14,kenduskeag2019,TRUE,paddler,gregorle01,Leslie Gregory,Gregory Leslie,Monroe,ME,USA,1,T,9448,NA
249324,2018,KENDUSKEAG,Downriver,Canoe,85,oc2short,2,TRUE,9461,207,139,89,4,34,2,23,kenduskeag,TRUE,paddler,brooksra01,Rachel Brooks,Brooks Rachel,Clifton,ME,USA,1,T,9461,NA
249324,2018,KENDUSKEAG,Downriver,Canoe,85,oc2short,2,TRUE,9461,207,139,89,4,34,2,23,kenduskeag,TRUE,paddler,brooksti01,Tim Brooks,Brooks Tim,Clifton,ME,USA,1,T,9461,NA
258378,2019,KENDUSKEAG,Downriver,Canoe,322,oc2shortrec,5,TRUE,9464,208,69,50,5,69,5,50,kenduskeag2019,TRUE,paddler,NA,Thomas Salamone,Salamone Thomas,Portland,ME,USA,1,T,9464,NA
258378,2019,KENDUSKEAG,Downriver,Canoe,322,oc2shortrec,5,TRUE,9464,208,69,50,5,69,5,50,kenduskeag2019,TRUE,paddler,NA,Derrek Diesel Schultz,Schultz Derrek Diesel,Bangor,ME,USA,1,T,9464,NA
219761,2015,KENDUSKEAG,Downriver,Canoe,220,oc2mixrec,2,TRUE,9492,211,141,91,9,16,2,12,kenduskeag,TRUE,paddler,gallaner01,Eric Gallandt,Gallandt Eric,Orono,ME,USA,1,T,9492,NA
219761,2015,KENDUSKEAG,Downriver,Canoe,220,oc2mixrec,2,TRUE,9492,211,141,91,9,16,2,12,kenduskeag,TRUE,paddler,mallorel01,Ellen Mallory,Mallory Ellen,Orono,ME,USA,1,T,9492,NA
358602,2022,KENDUSKEAG,Downriver,Canoe,332,oc2mixrec,1,TRUE,9500,212,142,92,10,13,1,7,kenduskeag,TRUE,paddler,cochrach01,Chip Cochrane,Cochrane Chip,Carrabassett Valley,ME,USA,NA,NA,NA,NA
358602,2022,KENDUSKEAG,Downriver,Canoe,332,oc2mixrec,1,TRUE,9500,212,142,92,10,13,1,7,kenduskeag,TRUE,paddler,lovela01,Lani Love,Love Lani,Carrabassett Valley,ME,USA,NA,NA,NA,NA
258210,2019,KENDUSKEAG,Downriver,Canoe,87,oc2mixrec,6,TRUE,9512,217,71,52,6,71,6,52,kenduskeag2019,TRUE,paddler,kennedme01,Meghan Kennedy,Kennedy Meghan,Round Pond,ME,USA,1,T,9512,NA
258210,2019,KENDUSKEAG,Downriver,Canoe,87,oc2mixrec,6,TRUE,9512,217,71,52,6,71,6,52,kenduskeag2019,TRUE,paddler,NA,Tom Moriarity,Moriarity Tom,Milford,ME,USA,1,T,9512,NA
258147,2019,KENDUSKEAG,Downriver,Unknown,4,open,6,TRUE,9525,218,72,6,6,72,6,6,kenduskeag2019,TRUE,paddler,NA,Cam Hempen,Hempen Cam,Bangor,ME,USA,1,T,9525,NA
258147,2019,KENDUSKEAG,Downriver,Unknown,4,open,6,TRUE,9525,218,72,6,6,72,6,6,kenduskeag2019,TRUE,paddler,NA,Aiden Mcdonough,Mcdonough Aiden,Bangor,ME,USA,1,T,9525,NA
258147,2019,KENDUSKEAG,Downriver,Unknown,4,open,6,TRUE,9525,218,72,6,6,72,6,6,kenduskeag2019,TRUE,paddler,mcdonobo01,Bob Mcdonough,Mcdonough Bob,Bangor,ME,USA,1,T,9525,NA
478945,2024,KENDUSKEAG,Downriver,Unknown,1,open,1,TRUE,9526,219,147,5,14,4,1,1,kenduskeag,TRUE,paddler,burkebr01,Brady Burke,Burke Brady,Bangor,ME,USA,NA,NA,NA,NA
478945,2024,KENDUSKEAG,Downriver,Unknown,1,open,1,TRUE,9526,219,147,5,14,4,1,1,kenduskeag,TRUE,paddler,burkejd01,Jd Burke,Burke Jd,Newburgh,ME,USA,NA,NA,NA,NA
478945,2024,KENDUSKEAG,Downriver,Unknown,1,open,1,TRUE,9526,219,147,5,14,4,1,1,kenduskeag,TRUE,paddler,mabeeas01,Ashton Mabee,Mabee Ashton,Bangor,ME,USA,NA,NA,NA,NA
478945,2024,KENDUSKEAG,Downriver,Unknown,1,open,1,TRUE,9526,219,147,5,14,4,1,1,kenduskeag,TRUE,paddler,mabeejr01,James Mabee,Mabee James,Newburgh,ME,USA,NA,NA,NA,NA
478945,2024,KENDUSKEAG,Downriver,Unknown,1,open,1,TRUE,9526,219,147,5,14,4,1,1,kenduskeag,TRUE,paddler,mabeerh01,Rheannon Mabee,Mabee Rheannon,Bangor,ME,USA,NA,NA,NA,NA
478945,2024,KENDUSKEAG,Downriver,Unknown,1,open,1,TRUE,9526,219,147,5,14,4,1,1,kenduskeag,TRUE,paddler,robertri01,River Robertson,Robertson River,North Berwick,ME,USA,NA,NA,NA,NA
249377,2018,KENDUSKEAG,Downriver,Kayak,147,k1short,5,TRUE,9527,220,148,48,13,35,5,12,kenduskeag,TRUE,paddler,NA,Chad Robertson,Robertson Chad,Madison,ME,USA,1,T,9527,NA
219791,2015,KENDUSKEAG,Downriver,Canoe,257,oc2mediumrec,1,TRUE,9533,222,150,96,9,17,1,13,kenduskeag,TRUE,paddler,kelleybr01,Brian Kelley,Kelley Brian,Orrington,ME,USA,1,T,9533,NA
219791,2015,KENDUSKEAG,Downriver,Canoe,257,oc2mediumrec,1,TRUE,9533,222,150,96,9,17,1,13,kenduskeag,TRUE,paddler,kelleydi01,Dick Kelley,Kelley Dick,Brewer,ME,USA,1,T,9533,NA
240391,2017,KENDUSKEAG,Downriver,Canoe,323,oc2mediumrec,6,TRUE,9541,224,152,97,10,55,6,41,kenduskeag,TRUE,paddler,NA,Andrew Veilleux,Veilleux Andrew,Bar Harbor,ME,USA,1,T,9541,NA
240391,2017,KENDUSKEAG,Downriver,Canoe,323,oc2mediumrec,6,TRUE,9541,224,152,97,10,55,6,41,kenduskeag,TRUE,paddler,NA,Greg Veilleux,Veilleux Greg,Bar Harbor,ME,USA,1,T,9541,NA
249483,2018,KENDUSKEAG,Downriver,Canoe,280,oc2mixrec,3,TRUE,9549,226,154,99,11,36,3,24,kenduskeag,TRUE,paddler,NA,Anna Staehli-Wiser,Staehli-Wiser Anna,Skowhegan,ME,USA,1,T,9549,NA
249483,2018,KENDUSKEAG,Downriver,Canoe,280,oc2mixrec,3,TRUE,9549,226,154,99,11,36,3,24,kenduskeag,TRUE,paddler,NA,Christopher Wiser,Wiser Christopher,Skowhegan,ME,USA,1,T,9549,NA
258330,2019,KENDUSKEAG,Downriver,Canoe,263,oc2mediumrec,6,TRUE,9559,228,73,53,6,73,6,53,kenduskeag2019,TRUE,paddler,NA,Kevin Kotredes,Kotredes Kevin,Dedham,ME,USA,1,T,9559,NA
258330,2019,KENDUSKEAG,Downriver,Canoe,263,oc2mediumrec,6,TRUE,9559,228,73,53,6,73,6,53,kenduskeag2019,TRUE,paddler,NA,Tedd Kotredes,Kotredes Tedd,Ellsworth,ME,USA,1,T,9559,NA
249410,2018,KENDUSKEAG,Downriver,Kayak,196,k1rec,1,TRUE,9562,230,157,51,2,37,1,13,kenduskeag,TRUE,paddler,francoka01,Karen Francoeur,Francoeur Karen,Orono,ME,USA,1,T,9562,NA
240419,2017,KENDUSKEAG,Downriver,Canoe,352,oc2mediumrec,7,TRUE,9567,231,158,102,11,56,7,42,kenduskeag,TRUE,paddler,NA,Hans Boelsterli,Boelsterli Hans,Old Town,ME,USA,1,T,9567,NA
240419,2017,KENDUSKEAG,Downriver,Canoe,352,oc2mediumrec,7,TRUE,9567,231,158,102,11,56,7,42,kenduskeag,TRUE,paddler,NA,Ben Stevens,Stevens Ben,Old Town,ME,USA,1,T,9567,NA
240286,2017,KENDUSKEAG,Downriver,Kayak,204,k1rec,2,TRUE,9569,232,159,52,3,57,2,15,kenduskeag,TRUE,paddler,merrilla01,Larry Merrill,Merrill Larry,Orrington,ME,USA,1,T,9569,NA
249531,2018,KENDUSKEAG,Downriver,Canoe,337,oc2shortrec,1,TRUE,9571,233,160,103,2,38,1,25,kenduskeag,TRUE,paddler,cassidda02,David Cassidy,Cassidy David,Portland,ME,USA,1,T,9571,NA
249531,2018,KENDUSKEAG,Downriver,Canoe,337,oc2shortrec,1,TRUE,9571,233,160,103,2,38,1,25,kenduskeag,TRUE,paddler,cassidth01,Thomas Cassidy,Cassidy Thomas,Orono,ME,USA,1,T,9571,NA
240398,2017,KENDUSKEAG,Downriver,Canoe,330,oc2mediumrec,8,TRUE,9579,235,162,105,12,58,8,43,kenduskeag,TRUE,paddler,shutegr01,Greg Shute,Shute Greg,Alna,ME,USA,1,T,9579,NA
240398,2017,KENDUSKEAG,Downriver,Canoe,330,oc2mediumrec,8,TRUE,9579,235,162,105,12,58,8,43,kenduskeag,TRUE,paddler,shuteky01,Kyle Shute,Shute Kyle,Alna,ME,USA,1,T,9579,NA
229345,2016,KENDUSKEAG,Downriver,Canoe,1,open,2,TRUE,9585,236,163,106,15,8,2,5,kenduskeag,TRUE,paddler,dorrgr01,Gregg Dorr,Dorr Gregg,Bangor,ME,USA,1,T,9585,NA
229345,2016,KENDUSKEAG,Downriver,Canoe,1,open,2,TRUE,9585,236,163,106,15,8,2,5,kenduskeag,TRUE,paddler,kelleyta01,Tammy Kelley,Kelley Tammy,Bangor,ME,USA,1,T,9585,NA
229345,2016,KENDUSKEAG,Downriver,Canoe,1,open,2,TRUE,9585,236,163,106,15,8,2,5,kenduskeag,TRUE,paddler,littleda01,Dan Littlefield,Littlefield Dan,Belfast,ME,USA,1,T,9585,NA
229345,2016,KENDUSKEAG,Downriver,Canoe,1,open,2,TRUE,9585,236,163,106,15,8,2,5,kenduskeag,TRUE,paddler,mabeeas01,Ashton Mabee,Mabee Ashton,Bangor,ME,USA,1,T,9585,NA
229345,2016,KENDUSKEAG,Downriver,Canoe,1,open,2,TRUE,9585,236,163,106,15,8,2,5,kenduskeag,TRUE,paddler,mabeejr01,JR Mabee,Mabee JR,Bangor,ME,USA,1,T,9585,NA
229345,2016,KENDUSKEAG,Downriver,Canoe,1,open,2,TRUE,9585,236,163,106,15,8,2,5,kenduskeag,TRUE,paddler,mabeeno01,Nolan Mabee,Mabee Nolan,Bangor,ME,USA,1,T,9585,NA
240393,2017,KENDUSKEAG,Downriver,Canoe,325,oc2mediumrec,9,TRUE,9586,237,164,107,13,59,9,44,kenduskeag,TRUE,paddler,NA,Danny Lesser,Lesser Danny,Somerville,ME,USA,1,T,9586,NA
240393,2017,KENDUSKEAG,Downriver,Canoe,325,oc2mediumrec,9,TRUE,9586,237,164,107,13,59,9,44,kenduskeag,TRUE,paddler,rowema01,Mark Rowe,Rowe Mark,Manchester,ME,USA,1,T,9586,NA
258433,2019,KENDUSKEAG,Downriver,Canoe,411,oc2hs,2,TRUE,9607,241,74,54,2,74,2,54,kenduskeag2019,TRUE,paddler,drinkeda01,Daisy Drinkert,Drinkert Daisy,Orono,ME,USA,1,T,9607,NA
258433,2019,KENDUSKEAG,Downriver,Canoe,411,oc2hs,2,TRUE,9607,241,74,54,2,74,2,54,kenduskeag2019,TRUE,paddler,NA,Elijah Mcgill,Mcgill Elijah,Orono,ME,USA,1,T,9607,NA
258353,2019,KENDUSKEAG,Downriver,Canoe,291,oc2mediumrec,7,TRUE,9629,244,76,56,7,76,7,56,kenduskeag2019,TRUE,paddler,NA,Corey Clark,Clark Corey,Portsmouth,NH,USA,1,T,9629,NA
258353,2019,KENDUSKEAG,Downriver,Canoe,291,oc2mediumrec,7,TRUE,9629,244,76,56,7,76,7,56,kenduskeag2019,TRUE,paddler,NA,Tobin Kilmister,Kilmister Tobin,Chichester,NH,USA,1,T,9629,NA
258366,2019,KENDUSKEAG,Downriver,Canoe,307,oc2shortrec,6,TRUE,9642,245,77,57,6,77,6,57,kenduskeag2019,TRUE,paddler,bambrini01,Nick Bambrick,Bambrick Nick,Levant,ME,USA,1,T,9642,NA
258366,2019,KENDUSKEAG,Downriver,Canoe,307,oc2shortrec,6,TRUE,9642,245,77,57,6,77,6,57,kenduskeag2019,TRUE,paddler,NA,Eddie Hatch,Hatch Eddie,Hermon,ME,USA,1,T,9642,NA
249533,2018,KENDUSKEAG,Downriver,Canoe,339,oc2shortrec,2,TRUE,9647,247,170,113,3,39,2,26,kenduskeag,TRUE,paddler,baxtermo01,Morgan Baxter,Baxter Morgan,Gorham,ME,USA,1,T,9647,NA
249533,2018,KENDUSKEAG,Downriver,Canoe,339,oc2shortrec,2,TRUE,9647,247,170,113,3,39,2,26,kenduskeag,TRUE,paddler,NA,William Baxter,Baxter William,Gorham,ME,USA,1,T,9647,NA
219680,2015,KENDUSKEAG,Downriver,Kayak,114,k1short,1,TRUE,9654,251,172,53,14,22,1,5,kenduskeag,TRUE,paddler,sandsje01,Jeff Sands,Sands Jeff,Bangor,ME,USA,1,T,9654,NA
258151,2019,KENDUSKEAG,Downriver,Unknown,13,open,7,TRUE,9659,252,80,7,7,80,7,7,kenduskeag2019,TRUE,paddler,owenra01,Bucky Owen,Owen Bucky,Orono,ME,USA,1,T,9659,NA
258151,2019,KENDUSKEAG,Downriver,Unknown,13,open,7,TRUE,9659,252,80,7,7,80,7,7,kenduskeag2019,TRUE,paddler,owenje01,Jeff Owen,Owen Jeff,Orono,ME,USA,1,T,9659,NA
258151,2019,KENDUSKEAG,Downriver,Unknown,13,open,7,TRUE,9659,252,80,7,7,80,7,7,kenduskeag2019,TRUE,paddler,owensu01,Sue Owen,Owen Sue,Orono,ME,USA,1,T,9659,NA
258151,2019,KENDUSKEAG,Downriver,Unknown,13,open,7,TRUE,9659,252,80,7,7,80,7,7,kenduskeag2019,TRUE,paddler,owensu01,Susannah Owen,Owen Susannah,Orono,ME,USA,1,T,9659,NA
249328,2018,KENDUSKEAG,Downriver,Canoe,90,oc2short,3,TRUE,9662,253,173,115,5,40,3,27,kenduskeag,TRUE,paddler,NA,Dustin Atkinson,Atkinson Dustin,Hollis,ME,USA,1,T,9662,NA
249328,2018,KENDUSKEAG,Downriver,Canoe,90,oc2short,3,TRUE,9662,253,173,115,5,40,3,27,kenduskeag,TRUE,paddler,NA,Chris Carson,Carson Chris,Hampden,ME,USA,1,T,9662,NA
240405,2017,KENDUSKEAG,Downriver,Canoe,338,oc2mediumrec,10,TRUE,9697,254,174,116,14,61,10,46,kenduskeag,TRUE,paddler,daggetwa01,Wayne Daggett,Daggett Wayne,Weston,ME,USA,1,T,9697,NA
240405,2017,KENDUSKEAG,Downriver,Canoe,338,oc2mediumrec,10,TRUE,9697,254,174,116,14,61,10,46,kenduskeag,TRUE,paddler,NA,Matthew Potter,Potter Matthew,Weston,ME,USA,1,T,9697,NA
249405,2018,KENDUSKEAG,Downriver,Kayak,191,k1rec,2,TRUE,9707,256,175,54,4,41,2,14,kenduskeag,TRUE,paddler,gregorle01,Leslie Gregory,Gregory Leslie,Monroe,ME,USA,1,T,9707,NA
258367,2019,KENDUSKEAG,Downriver,Canoe,309,oc2shortrec,7,TRUE,9709,258,83,61,7,83,7,61,kenduskeag2019,TRUE,paddler,NA,Andy Peake,Peake Andy,Penobscot,ME,USA,1,T,9709,NA
258367,2019,KENDUSKEAG,Downriver,Canoe,309,oc2shortrec,7,TRUE,9709,258,83,61,7,83,7,61,kenduskeag2019,TRUE,paddler,NA,Phineas Peake,Peake Phineas,Penobscot,ME,USA,1,T,9709,NA
219669,2015,KENDUSKEAG,Downriver,Kayak,98,k1short,2,TRUE,9725,259,176,55,15,23,2,6,kenduskeag,TRUE,paddler,foleybr01,Brian Foley,Foley Brian,Orono,ME,USA,1,T,9725,NA
258372,2019,KENDUSKEAG,Downriver,Canoe,316,oc2shortrec,8,TRUE,9727,260,84,62,8,84,8,62,kenduskeag2019,TRUE,paddler,quinnjo01,John Quinn,Quinn John,Orono,ME,USA,1,T,9727,NA
258372,2019,KENDUSKEAG,Downriver,Canoe,316,oc2shortrec,8,TRUE,9727,260,84,62,8,84,8,62,kenduskeag2019,TRUE,paddler,NA,Joseph Quinn,Quinn Joseph,Orono,ME,USA,1,T,9727,NA
249480,2018,KENDUSKEAG,Downriver,Canoe,275,oc2mixrec,4,TRUE,9761,263,178,118,12,43,4,29,kenduskeag,TRUE,paddler,koffmabe01,Bess Koffman,Koffman Bess,Waterville,ME,USA,1,T,9761,NA
249480,2018,KENDUSKEAG,Downriver,Canoe,275,oc2mixrec,4,TRUE,9761,263,178,118,12,43,4,29,kenduskeag,TRUE,paddler,pollocno01,Noah Pollock,Pollock Noah,Waterville,ME,USA,1,T,9761,NA
219675,2015,KENDUSKEAG,Downriver,Kayak,108,k1short,3,TRUE,9766,264,179,56,16,24,3,7,kenduskeag,TRUE,paddler,baumerda01,Daniel Baumert,Baumert Daniel,Levant,ME,USA,1,T,9766,NA
258322,2019,KENDUSKEAG,Downriver,Canoe,253,oc2mixrec,7,TRUE,9772,266,86,64,7,86,7,64,kenduskeag2019,TRUE,paddler,NA,Bezie Legnine,Legnine Bezie,Brunswick,ME,USA,1,T,9772,NA
258322,2019,KENDUSKEAG,Downriver,Canoe,253,oc2mixrec,7,TRUE,9772,266,86,64,7,86,7,64,kenduskeag2019,TRUE,paddler,NA,Joe Starkey,Starkey Joe,Burlington,MA,USA,1,T,9772,NA
240420,2017,KENDUSKEAG,Downriver,Canoe,353,oc2mediumrec,11,TRUE,9780,268,182,121,15,63,11,48,kenduskeag,TRUE,paddler,whittijo01,John Whittier,Whittier John,Camden,ME,USA,1,T,9780,NA
240420,2017,KENDUSKEAG,Downriver,Canoe,353,oc2mediumrec,11,TRUE,9780,268,182,121,15,63,11,48,kenduskeag,TRUE,paddler,NA,Noah Winter,Winter Noah,Portland,ME,USA,1,T,9780,NA
240198,2017,KENDUSKEAG,Downriver,Canoe,80,oc2short,2,TRUE,9784,270,183,122,6,64,2,49,kenduskeag,TRUE,paddler,burkebe01,Ben Burke,Burke Ben,Littleton,CO,USA,1,T,9784,NA
240198,2017,KENDUSKEAG,Downriver,Canoe,80,oc2short,2,TRUE,9784,270,183,122,6,64,2,49,kenduskeag,TRUE,paddler,burkeda01,Dan Burke,Burke Dan,Bangor,ME,USA,1,T,9784,NA
240206,2017,KENDUSKEAG,Downriver,Canoe,89,oc2short,3,TRUE,9797,271,184,123,7,65,3,50,kenduskeag,TRUE,paddler,NA,Joseph Gagnon,Gagnon Joseph,Oakland,ME,USA,1,T,9797,NA
240206,2017,KENDUSKEAG,Downriver,Canoe,89,oc2short,3,TRUE,9797,271,184,123,7,65,3,50,kenduskeag,TRUE,paddler,NA,Philip Gagnon,Gagnon Philip,Oakland,ME,USA,1,T,9797,NA
249516,2018,KENDUSKEAG,Downriver,Canoe,320,oc2mediumrec,4,TRUE,9798,273,186,125,16,44,4,30,kenduskeag,TRUE,paddler,NA,Bill Barker,Barker Bill,Andover,MA,USA,1,T,9798,NA
249516,2018,KENDUSKEAG,Downriver,Canoe,320,oc2mediumrec,4,TRUE,9798,273,186,125,16,44,4,30,kenduskeag,TRUE,paddler,NA,Michael Qualey,Qualey Michael,Holden,ME,USA,1,T,9798,NA
358603,2022,KENDUSKEAG,Downriver,Canoe,172,oc2mixrec,2,TRUE,9799,275,188,127,13,17,2,11,kenduskeag,TRUE,paddler,NA,Eleanore Allan-Rahill,Allan-Rahill Eleanore,Orono,ME,USA,NA,NA,NA,NA
358603,2022,KENDUSKEAG,Downriver,Canoe,172,oc2mixrec,2,TRUE,9799,275,188,127,13,17,2,11,kenduskeag,TRUE,paddler,allanrna01,Nash Allan-Rahill,Allan-Rahill Nash,Orono,ME,USA,NA,NA,NA,NA
249495,2018,KENDUSKEAG,Downriver,Canoe,292,oc2mediumrec,5,TRUE,9807,276,189,128,17,45,5,31,kenduskeag,TRUE,paddler,beebeth01,Thomas Beebe,Beebe Thomas,Sharon,MA,USA,1,T,9807,NA
249495,2018,KENDUSKEAG,Downriver,Canoe,292,oc2mediumrec,5,TRUE,9807,276,189,128,17,45,5,31,kenduskeag,TRUE,paddler,NA,Dustin Roeder,Roeder Dustin,Sharon,MA,USA,1,T,9807,NA
240409,2017,KENDUSKEAG,Downriver,Canoe,342,oc2mediumrec,12,TRUE,9843,279,192,130,18,66,12,51,kenduskeag,TRUE,paddler,NA,Heather Limakka,Limakka Heather,Pownal,ME,USA,1,T,9843,NA
240409,2017,KENDUSKEAG,Downriver,Canoe,342,oc2mediumrec,12,TRUE,9843,279,192,130,18,66,12,51,kenduskeag,TRUE,paddler,vicarybr01,Bret Vicary,Vicary Bret,Old Town,ME,USA,1,T,9843,NA
258368,2019,KENDUSKEAG,Downriver,Canoe,310,oc2shortrec,9,TRUE,9859,281,88,66,9,88,9,66,kenduskeag2019,TRUE,paddler,NA,Erik Higgins,Higgins Erik,Portland,ME,USA,1,T,9859,NA
258368,2019,KENDUSKEAG,Downriver,Canoe,310,oc2shortrec,9,TRUE,9859,281,88,66,9,88,9,66,kenduskeag2019,TRUE,paddler,NA,Shawn Higgins,Higgins Shawn,Bangor,ME,USA,1,T,9859,NA
358536,2022,KENDUSKEAG,Downriver,Kayak,83,k1short,2,TRUE,9865,282,194,58,17,18,2,6,kenduskeag,TRUE,paddler,foleybr01,Brian Foley,Foley Brian,Orono,ME,USA,NA,NA,NA,NA
423904,2023,KENDUSKEAG,Downriver,Unknown,12,open,3,TRUE,9873,283,195,6,16,15,3,3,kenduskeag,TRUE,paddler,batesmi01,Mike Bates,Bates Mike,Allagash,ME,USA,NA,NA,NA,NA
423904,2023,KENDUSKEAG,Downriver,Unknown,12,open,3,TRUE,9873,283,195,6,16,15,3,3,kenduskeag,TRUE,paddler,erskinmi01,Mike Erskine,Erskine Mike,Arundel,ME,USA,NA,NA,NA,NA
423904,2023,KENDUSKEAG,Downriver,Unknown,12,open,3,TRUE,9873,283,195,6,16,15,3,3,kenduskeag,TRUE,paddler,feenerja01,Jake Feener,Feener Jake,Allagash,ME,USA,NA,NA,NA,NA
423904,2023,KENDUSKEAG,Downriver,Unknown,12,open,3,TRUE,9873,283,195,6,16,15,3,3,kenduskeag,TRUE,paddler,NA,Thomas Morin,Morin Thomas,Caribou,ME,USA,NA,NA,NA,NA
240495,2017,KENDUSKEAG,Downriver,Canoe,450,oc2hs,2,TRUE,9874,285,197,133,3,67,2,52,kenduskeag,TRUE,paddler,NA,Sam Holt,Holt Sam,Orono,ME,USA,1,T,9874,NA
240495,2017,KENDUSKEAG,Downriver,Canoe,450,oc2hs,2,TRUE,9874,285,197,133,3,67,2,52,kenduskeag,TRUE,paddler,rucklo01,Lowell Ruck,Ruck Lowell,Orono,ME,USA,1,T,9874,NA
258301,2019,KENDUSKEAG,Downriver,Canoe,227,oc2mixrec,8,TRUE,9881,286,89,67,8,89,8,67,kenduskeag2019,TRUE,paddler,NA,Karen Blakelock,Blakelock Karen,Wiscasset,ME,USA,1,T,9881,NA
258301,2019,KENDUSKEAG,Downriver,Canoe,227,oc2mixrec,8,TRUE,9881,286,89,67,8,89,8,67,kenduskeag2019,TRUE,paddler,NA,Conor Burke,Burke Conor,Wiscasset,ME,USA,1,T,9881,NA
229410,2016,KENDUSKEAG,Downriver,Canoe,74,oc2short,1,TRUE,9895,289,200,136,8,10,1,7,kenduskeag,TRUE,paddler,deighabi01,Bill Deighan,Deighan Bill,Newburgh,ME,USA,1,T,9895,NA
229410,2016,KENDUSKEAG,Downriver,Canoe,74,oc2short,1,TRUE,9895,289,200,136,8,10,1,7,kenduskeag,TRUE,paddler,deighapa01,Patrick Deighan,Deighan Patrick,Newburgh,ME,USA,1,T,9895,NA
219672,2015,KENDUSKEAG,Downriver,Kayak,102,k1short,4,TRUE,9896,290,201,59,18,26,4,8,kenduskeag,TRUE,paddler,NA,Chad Robertson,Robertson Chad,Presque Isle,ME,USA,1,T,9896,NA
424051,2023,KENDUSKEAG,Downriver,Canoe,158,oc2mixrec,2,TRUE,9907,292,203,138,14,17,2,9,kenduskeag,TRUE,paddler,grohosni01,Nicole Grohoski,Grohoski Nicole,Ellsworth,ME,USA,NA,NA,NA,NA
424051,2023,KENDUSKEAG,Downriver,Canoe,158,oc2mixrec,2,TRUE,9907,292,203,138,14,17,2,9,kenduskeag,TRUE,paddler,pollocno01,Noah Pollock,Pollock Noah,Oakland,ME,USA,NA,NA,NA,NA
358465,2022,KENDUSKEAG,Downriver,Unknown,17,open,2,TRUE,9914,294,204,7,17,19,2,2,kenduskeag,TRUE,paddler,owenra01,Bucky Owen,Owen Bucky,Orono,ME,USA,NA,NA,NA,NA
358465,2022,KENDUSKEAG,Downriver,Unknown,17,open,2,TRUE,9914,294,204,7,17,19,2,2,kenduskeag,TRUE,paddler,owenje01,Jeff Owen,Owen Jeff,Orono,ME,USA,NA,NA,NA,NA
358465,2022,KENDUSKEAG,Downriver,Unknown,17,open,2,TRUE,9914,294,204,7,17,19,2,2,kenduskeag,TRUE,paddler,owensu01,Susannah Owen,Owen Susannah,Orono,ME,USA,NA,NA,NA,NA
219886,2015,KENDUSKEAG,Downriver,Canoe,374,open,4,TRUE,9959,298,208,141,18,27,4,19,kenduskeag,TRUE,paddler,NA,Ryan Blanchette,Blanchette Ryan,Bangor,ME,USA,1,T,9959,NA
219886,2015,KENDUSKEAG,Downriver,Canoe,374,open,4,TRUE,9959,298,208,141,18,27,4,19,kenduskeag,TRUE,paddler,eastonca01,Caleb Easton,Easton Caleb,Boothbay,ME,USA,1,T,9959,NA
219886,2015,KENDUSKEAG,Downriver,Canoe,374,open,4,TRUE,9959,298,208,141,18,27,4,19,kenduskeag,TRUE,paddler,erskinmi01,Mike Erskine,Erskine Mike,Arundel,ME,USA,1,T,9959,NA
219886,2015,KENDUSKEAG,Downriver,Canoe,374,open,4,TRUE,9959,298,208,141,18,27,4,19,kenduskeag,TRUE,paddler,NA,Willy Leathers,Leathers Willy,Orono,ME,USA,1,T,9959,NA
219886,2015,KENDUSKEAG,Downriver,Canoe,374,open,4,TRUE,9959,298,208,141,18,27,4,19,kenduskeag,TRUE,paddler,NA,Matt Mueller,Mueller Matt,Portland,ME,USA,1,T,9959,NA
240205,2017,KENDUSKEAG,Downriver,Canoe,88,oc2short,4,TRUE,9968,300,210,143,9,70,4,55,kenduskeag,TRUE,paddler,NA,Geoff Scott,Scott Geoff,Bangor,ME,USA,1,T,9968,NA
240205,2017,KENDUSKEAG,Downriver,Canoe,88,oc2short,4,TRUE,9968,300,210,143,9,70,4,55,kenduskeag,TRUE,paddler,NA,Alejandro Strong,Strong Alejandro,Bangor,ME,USA,1,T,9968,NA
219756,2015,KENDUSKEAG,Downriver,Canoe,215,oc2mixrec,3,TRUE,9970,301,211,144,15,28,3,20,kenduskeag,TRUE,paddler,hempenly01,Lynn Hempen,Hempen Lynn,Bangor,ME,USA,1,T,9970,NA
219756,2015,KENDUSKEAG,Downriver,Canoe,215,oc2mixrec,3,TRUE,9970,301,211,144,15,28,3,20,kenduskeag,TRUE,paddler,nelsonsc01,Scott Nelson,Nelson Scott,Bangor,ME,USA,1,T,9970,NA
249492,2018,KENDUSKEAG,Downriver,Canoe,289,oc2mediumrec,6,TRUE,9975,302,212,145,19,50,6,35,kenduskeag,TRUE,paddler,NA,Aaron Megquier,Megquier Aaron,Belfast,ME,USA,1,T,9975,NA
249492,2018,KENDUSKEAG,Downriver,Canoe,289,oc2mediumrec,6,TRUE,9975,302,212,145,19,50,6,35,kenduskeag,TRUE,paddler,NA,Matthew Powers,Powers Matthew,Orono,ME,USA,1,T,9975,NA
249601,2018,KENDUSKEAG,Downriver,Canoe,420,oc2hs,2,TRUE,9991,306,215,147,4,51,2,36,kenduskeag,TRUE,paddler,NA,Tim LeBlanc,LeBlanc Tim,Old Town,ME,USA,1,T,9991,NA
249601,2018,KENDUSKEAG,Downriver,Canoe,420,oc2hs,2,TRUE,9991,306,215,147,4,51,2,36,kenduskeag,TRUE,paddler,NA,Gabe Wiseman,Wiseman Gabe,Bangor,ME,USA,1,T,9991,NA
258234,2019,KENDUSKEAG,Downriver,Kayak,123,k1short,6,TRUE,9991,307,92,17,6,92,6,17,kenduskeag2019,TRUE,paddler,kinkadpa01,Patrick Kinkade,Kinkade Patrick,Holden,ME,USA,1,T,9991,NA
358604,2022,KENDUSKEAG,Downriver,Canoe,194,oc2mixrec,3,TRUE,9993,308,216,148,16,20,3,12,kenduskeag,TRUE,paddler,NA,Leineni Farnsworth,Farnsworth Leineni,Portland,ME,USA,NA,NA,NA,NA
358604,2022,KENDUSKEAG,Downriver,Canoe,194,oc2mixrec,3,TRUE,9993,308,216,148,16,20,3,12,kenduskeag,TRUE,paddler,farnswri01,Rick Farnsworth,Farnsworth Rick,Portland,ME,USA,NA,NA,NA,NA
258351,2019,KENDUSKEAG,Downriver,Canoe,289,oc2mediumrec,8,TRUE,9994,309,93,69,8,93,8,69,kenduskeag2019,TRUE,paddler,NA,Max Nickerson,Nickerson Max,Winslow,ME,USA,1,T,9994,NA
258351,2019,KENDUSKEAG,Downriver,Canoe,289,oc2mediumrec,8,TRUE,9994,309,93,69,8,93,8,69,kenduskeag2019,TRUE,paddler,NA,Bo Willoughby,Willoughby Bo,Jeffersonville,VT,USA,1,T,9994,NA
258204,2019,KENDUSKEAG,Downriver,Canoe,80,oc2short,4,TRUE,10002,310,94,70,4,94,4,70,kenduskeag2019,TRUE,paddler,sullivca01,Cameron Sullivan,Sullivan Cameron,Old Town,ME,USA,1,T,10002,NA
258204,2019,KENDUSKEAG,Downriver,Canoe,80,oc2short,4,TRUE,10002,310,94,70,4,94,4,70,kenduskeag2019,TRUE,paddler,sullivty01,Ty Sullivan,Sullivan Ty,Old Town,ME,USA,1,T,10002,NA
258374,2019,KENDUSKEAG,Downriver,Canoe,318,oc2shortrec,10,TRUE,10009,312,96,72,10,96,10,72,kenduskeag2019,TRUE,paddler,NA,Nathaniel Shearer,Shearer Nathaniel,Hampden,ME,USA,1,T,10009,NA
258374,2019,KENDUSKEAG,Downriver,Canoe,318,oc2shortrec,10,TRUE,10009,312,96,72,10,96,10,72,kenduskeag2019,TRUE,paddler,NA,Warren Shearer,Shearer Warren,Hampden,ME,USA,1,T,10009,NA
219757,2015,KENDUSKEAG,Downriver,Canoe,216,oc2mixrec,4,TRUE,10016,314,218,150,17,30,4,22,kenduskeag,TRUE,paddler,batesli01,Lisa Bates,Bates Lisa,Lincolnville,ME,USA,1,T,10016,NA
219757,2015,KENDUSKEAG,Downriver,Canoe,216,oc2mixrec,4,TRUE,10016,314,218,150,17,30,4,22,kenduskeag,TRUE,paddler,NA,jacob feener,feener jacob,Lincolnville,ME,USA,1,T,10016,NA
423980,2023,KENDUSKEAG,Downriver,Kayak,77,k1short,2,TRUE,10018,315,219,62,19,18,2,6,kenduskeag,TRUE,paddler,NA,Hasey Harland,Harland Hasey,Eddington,ME,USA,NA,NA,NA,NA
527827,2025,KENDUSKEAG,Downriver,Canoe,397,oc2rec,1,TRUE,10021,317,221,152,3,13,1,7,kenduskeag,TRUE,paddler,holmesjo01,Joe Holmes,Holmes Joe,Belfast,ME,USA,NA,NA,NA,NA
527827,2025,KENDUSKEAG,Downriver,Canoe,397,oc2rec,1,TRUE,10021,317,221,152,3,13,1,7,kenduskeag,TRUE,paddler,whitcosh01,Shane Whitcomb,Whitcomb Shane,Belmont,ME,USA,NA,NA,NA,NA
229409,2016,KENDUSKEAG,Downriver,Canoe,73,oc2short,2,TRUE,10025,318,222,153,10,11,2,8,kenduskeag,TRUE,paddler,martinbo01,Bob Martin,Martin Bob,Dedham,ME,USA,1,T,10025,NA
229409,2016,KENDUSKEAG,Downriver,Canoe,73,oc2short,2,TRUE,10025,318,222,153,10,11,2,8,kenduskeag,TRUE,paddler,taylorer01,Eric Taylor,Taylor Eric,Bangor,ME,USA,1,T,10025,NA
527828,2025,KENDUSKEAG,Downriver,Canoe,242,oc2rec,2,TRUE,10031,320,224,154,4,14,2,8,kenduskeag,TRUE,paddler,NA,Davis Asherman,Asherman Davis,Eddington,ME,USA,NA,NA,NA,NA
527828,2025,KENDUSKEAG,Downriver,Canoe,242,oc2rec,2,TRUE,10031,320,224,154,4,14,2,8,kenduskeag,TRUE,paddler,NA,Everet Varney,Varney Everet,Turner,ME,USA,NA,NA,NA,NA
240254,2017,KENDUSKEAG,Downriver,Kayak,153,k1short,7,TRUE,10038,321,225,64,20,72,7,16,kenduskeag,TRUE,paddler,NA,Corey Rubchinuk,Rubchinuk Corey,Winthrop,ME,USA,1,T,10038,NA
240149,2017,KENDUSKEAG,Downriver,Canoe,15,open,4,TRUE,10047,323,227,156,19,74,4,58,kenduskeag,TRUE,paddler,NA,Tyler Carl,Carl Tyler,South China,ME,USA,1,T,10047,NA
240149,2017,KENDUSKEAG,Downriver,Canoe,15,open,4,TRUE,10047,323,227,156,19,74,4,58,kenduskeag,TRUE,paddler,NA,Derik Elvin,Elvin Derik,Palmero,ME,USA,1,T,10047,NA
240149,2017,KENDUSKEAG,Downriver,Canoe,15,open,4,TRUE,10047,323,227,156,19,74,4,58,kenduskeag,TRUE,paddler,NA,Cody Kirk,Kirk Cody,Augusta,ME,USA,1,T,10047,NA
240149,2017,KENDUSKEAG,Downriver,Canoe,15,open,4,TRUE,10047,323,227,156,19,74,4,58,kenduskeag,TRUE,paddler,NA,Tyler Leet,Leet Tyler,Augusta,ME,USA,1,T,10047,NA
423981,2023,KENDUSKEAG,Downriver,Kayak,79,k1short,3,TRUE,10048,324,228,65,21,19,3,7,kenduskeag,TRUE,paddler,foleybr01,Brian Foley,Foley Brian,Southwest Harbor,ME,USA,NA,NA,NA,NA
258163,2019,KENDUSKEAG,Downriver,Unknown,28,open,8,TRUE,10051,326,97,8,8,97,8,8,kenduskeag2019,TRUE,paddler,sidawabe01,Ben Sidaway,Sidaway Ben,Dedham,ME,USA,1,T,10051,NA
258163,2019,KENDUSKEAG,Downriver,Unknown,28,open,8,TRUE,10051,326,97,8,8,97,8,8,kenduskeag2019,TRUE,paddler,NA,Jaymie Sidaway,Sidaway Jaymie,Dedham,ME,USA,1,T,10051,NA
258163,2019,KENDUSKEAG,Downriver,Unknown,28,open,8,TRUE,10051,326,97,8,8,97,8,8,kenduskeag2019,TRUE,paddler,NA,Kyle Sidaway,Sidaway Kyle,Dedham,ME,USA,1,T,10051,NA
219811,2015,KENDUSKEAG,Downriver,Canoe,282,oc2shortrec,1,TRUE,10069,328,231,158,4,31,1,23,kenduskeag,TRUE,paddler,cassidda02,Dave Cassidy,Cassidy Dave,Bangor,ME,USA,1,T,10069,NA
219811,2015,KENDUSKEAG,Downriver,Canoe,282,oc2shortrec,1,TRUE,10069,328,231,158,4,31,1,23,kenduskeag,TRUE,paddler,NA,Matt Warner,Warner Matt,Portland,ME,USA,1,T,10069,NA
219626,2015,KENDUSKEAG,Downriver,Canoe,46,oc2short,2,TRUE,10069,329,232,159,11,32,2,24,kenduskeag,TRUE,paddler,brooksra01,Rachel Brooks,Brooks Rachel,Clifton,ME,USA,1,T,10069,NA
219626,2015,KENDUSKEAG,Downriver,Canoe,46,oc2short,2,TRUE,10069,329,232,159,11,32,2,24,kenduskeag,TRUE,paddler,brooksti01,Tim Brooks,Brooks Tim,Clifton,ME,USA,1,T,10069,NA
219674,2015,KENDUSKEAG,Downriver,Kayak,105,k1short,5,TRUE,10072,331,234,67,22,33,5,9,kenduskeag,TRUE,paddler,bamforma01,Mark Bamford,Bamford Mark,Bucksport,ME,USA,1,T,10072,NA
424087,2023,KENDUSKEAG,Downriver,Canoe,163,oc2rec,1,TRUE,10080,335,238,163,5,20,1,10,kenduskeag,TRUE,paddler,NA,Eric Duplisea,Duplisea Eric,Glenburn,ME,USA,NA,NA,NA,NA
424087,2023,KENDUSKEAG,Downriver,Canoe,163,oc2rec,1,TRUE,10080,335,238,163,5,20,1,10,kenduskeag,TRUE,paddler,NA,Nate Orr,Orr Nate,Hampden,ME,USA,NA,NA,NA,NA
249331,2018,KENDUSKEAG,Downriver,Canoe,94,oc2short,4,TRUE,10093,339,241,166,12,56,4,40,kenduskeag,TRUE,paddler,NA,Bob Gonella,Gonella Bob,Orono,ME,USA,1,T,10093,NA
249331,2018,KENDUSKEAG,Downriver,Canoe,94,oc2short,4,TRUE,10093,339,241,166,12,56,4,40,kenduskeag,TRUE,paddler,NA,George Mayfield,Mayfield George,Orono,ME,USA,1,T,10093,NA
249368,2018,KENDUSKEAG,Downriver,Kayak,137,k1short,6,TRUE,10112,341,243,70,23,57,6,17,kenduskeag,TRUE,paddler,baltesja01,Jay Baltes,Baltes Jay,Brunswick,ME,USA,1,T,10112,NA
358640,2022,KENDUSKEAG,Downriver,Canoe,198,oc2rec,3,TRUE,10119,342,244,167,6,22,3,13,kenduskeag,TRUE,paddler,NA,Davis Asherman,Asherman Davis,Eddington,ME,USA,NA,NA,NA,NA
358640,2022,KENDUSKEAG,Downriver,Canoe,198,oc2rec,3,TRUE,10119,342,244,167,6,22,3,13,kenduskeag,TRUE,paddler,NA,Everett Varney,Varney Everett,Turner,ME,USA,NA,NA,NA,NA
240147,2017,KENDUSKEAG,Downriver,Canoe,12,open,5,TRUE,10126,344,245,168,20,77,5,61,kenduskeag,TRUE,paddler,NA,Ben Lamotte,Lamotte Ben,Orono,ME,USA,1,T,10126,NA
240147,2017,KENDUSKEAG,Downriver,Canoe,12,open,5,TRUE,10126,344,245,168,20,77,5,61,kenduskeag,TRUE,paddler,NA,Chris Lamotte,Lamotte Chris,Orono,ME,USA,1,T,10126,NA
240147,2017,KENDUSKEAG,Downriver,Canoe,12,open,5,TRUE,10126,344,245,168,20,77,5,61,kenduskeag,TRUE,paddler,NA,Mario Lamotte,Lamotte Mario,Orono,ME,USA,1,T,10126,NA
527799,2025,KENDUSKEAG,Downriver,Canoe,214,oc2mixrec,1,TRUE,10130,346,247,170,18,16,1,9,kenduskeag,TRUE,paddler,grohosni01,Nicole Grohoski,Grohoski Nicole,Ellsworth,ME,USA,NA,NA,NA,NA
527799,2025,KENDUSKEAG,Downriver,Canoe,214,oc2mixrec,1,TRUE,10130,346,247,170,18,16,1,9,kenduskeag,TRUE,paddler,pollocno01,Noah Pollock,Pollock Noah,Oakland,ME,USA,NA,NA,NA,NA
423982,2023,KENDUSKEAG,Downriver,Kayak,72,k1short,4,TRUE,10135,347,248,71,24,21,4,8,kenduskeag,TRUE,paddler,bamforma01,Mark Bamford,Bamford Mark,Bucksport,ME,USA,NA,NA,NA,NA
358537,2022,KENDUSKEAG,Downriver,Kayak,100,k1short,3,TRUE,10137,348,249,72,25,23,3,8,kenduskeag,TRUE,paddler,baumerda01,Dan Baumert,Baumert Dan,Lavant,ME,USA,NA,NA,NA,NA
249621,2018,KENDUSKEAG,Downriver,Canoe,445,oc2mediumrec,7,TRUE,10140,349,250,171,20,59,7,42,kenduskeag,TRUE,paddler,NA,Alexander Penn,Penn Alexander,Wesfield,NJ,USA,1,T,10140,NA
249621,2018,KENDUSKEAG,Downriver,Canoe,445,oc2mediumrec,7,TRUE,10140,349,250,171,20,59,7,42,kenduskeag,TRUE,paddler,NA,Bob Penn,Penn Bob,Westfield,NJ,USA,1,T,10140,NA
219679,2015,KENDUSKEAG,Downriver,Kayak,113,k1short,6,TRUE,10140,350,251,73,26,36,6,11,kenduskeag,TRUE,paddler,kelleyda01,Dan Kelley,Kelley Dan,Bucksport,ME,USA,1,T,10140,NA
358681,2022,KENDUSKEAG,Downriver,Canoe,248,oc2shortrec,1,TRUE,10146,352,253,172,5,24,1,14,kenduskeag,TRUE,paddler,NA,Ben Cobb,Cobb Ben,Saco,ME,USA,NA,NA,NA,NA
358681,2022,KENDUSKEAG,Downriver,Canoe,248,oc2shortrec,1,TRUE,10146,352,253,172,5,24,1,14,kenduskeag,TRUE,paddler,NA,Randall Cobb,Cobb Randall,Saco,ME,USA,NA,NA,NA,NA
249278,2018,KENDUSKEAG,Downriver,Canoe,24,oc2short,5,TRUE,10148,353,254,173,13,60,5,43,kenduskeag,TRUE,paddler,NA,Matt Leavitt,Leavitt Matt,Bowdoinham,ME,USA,1,T,10148,NA
249278,2018,KENDUSKEAG,Downriver,Canoe,24,oc2short,5,TRUE,10148,353,254,173,13,60,5,43,kenduskeag,TRUE,paddler,NA,Charlie Rackley,Rackley Charlie,Bowdoin,ME,USA,1,T,10148,NA
240352,2017,KENDUSKEAG,Downriver,Canoe,281,oc2mixrec,5,TRUE,10154,355,256,175,19,78,5,62,kenduskeag,TRUE,paddler,deabaytr01,Travis Deabay,Deabay Travis,Hampden,ME,USA,1,T,10154,NA
240352,2017,KENDUSKEAG,Downriver,Canoe,281,oc2mixrec,5,TRUE,10154,355,256,175,19,78,5,62,kenduskeag,TRUE,paddler,guyro01,Rose Guy,Guy Rose,Medway,ME,USA,1,T,10154,NA
240162,2017,KENDUSKEAG,Downriver,Canoe,32,open,6,TRUE,10159,357,258,176,21,79,6,63,kenduskeag,TRUE,paddler,intronch01,Chris Introne,Introne Chris,Orono,ME,USA,1,T,10159,NA
240162,2017,KENDUSKEAG,Downriver,Canoe,32,open,6,TRUE,10159,357,258,176,21,79,6,63,kenduskeag,TRUE,paddler,lambed01,Ed Lamb,Lamb Ed,Orono,ME,USA,1,T,10159,NA
240162,2017,KENDUSKEAG,Downriver,Canoe,32,open,6,TRUE,10159,357,258,176,21,79,6,63,kenduskeag,TRUE,paddler,NA,Dylan Thomas,Thomas Dylan,Orono,ME,USA,1,T,10159,NA
258164,2019,KENDUSKEAG,Downriver,Unknown,30,open,9,TRUE,10163,359,100,9,9,100,9,9,kenduskeag2019,TRUE,paddler,NA,Nyree Campbell,Campbell Nyree,Bangor,ME,USA,1,T,10163,NA
258164,2019,KENDUSKEAG,Downriver,Unknown,30,open,9,TRUE,10163,359,100,9,9,100,9,9,kenduskeag2019,TRUE,paddler,hempenly01,Lynn Hempen,Hempen Lynn,Bangor,ME,USA,1,T,10163,NA
258164,2019,KENDUSKEAG,Downriver,Unknown,30,open,9,TRUE,10163,359,100,9,9,100,9,9,kenduskeag2019,TRUE,paddler,NA,Scott Nelson Lee,Nelson Lee Scott,Bangor,ME,USA,1,T,10163,NA
258199,2019,KENDUSKEAG,Downriver,Canoe,73,oc2short,5,TRUE,10179,364,102,76,5,102,5,76,kenduskeag2019,TRUE,paddler,NA,Levi Clark,Clark Levi,Old Town,ME,USA,1,T,10179,NA
258199,2019,KENDUSKEAG,Downriver,Canoe,73,oc2short,5,TRUE,10179,364,102,76,5,102,5,76,kenduskeag2019,TRUE,paddler,NA,Chris Merchant,Merchant Chris,Kenduskeag,ME,USA,1,T,10179,NA
258405,2019,KENDUSKEAG,Downriver,Canoe,364,oc2shortbeg,3,TRUE,10192,368,103,77,3,103,3,77,kenduskeag2019,TRUE,paddler,campbero01,Bob Campbell,Campbell Bob,Bangor,ME,USA,1,T,10192,NA
258405,2019,KENDUSKEAG,Downriver,Canoe,364,oc2shortbeg,3,TRUE,10192,368,103,77,3,103,3,77,kenduskeag2019,TRUE,paddler,NA,Jesse Jandreau,Jandreau Jesse,Bangor,ME,USA,1,T,10192,NA
219807,2015,KENDUSKEAG,Downriver,Canoe,275,oc2shortrec,2,TRUE,10196,369,266,183,6,40,2,27,kenduskeag,TRUE,paddler,NA,Vance Gustin,Gustin Vance,Bangor,ME,USA,1,T,10196,NA
219807,2015,KENDUSKEAG,Downriver,Canoe,275,oc2shortrec,2,TRUE,10196,369,266,183,6,40,2,27,kenduskeag,TRUE,paddler,hwalekjo01,John Hwalek,Hwalek John,Bangor,ME,USA,1,T,10196,NA
258315,2019,KENDUSKEAG,Downriver,Canoe,245,oc2mixrec,9,TRUE,10198,370,104,78,9,104,9,78,kenduskeag2019,TRUE,paddler,cassidda02,David Cassidy,Cassidy David,Portland,ME,USA,1,T,10198,NA
258315,2019,KENDUSKEAG,Downriver,Canoe,245,oc2mixrec,9,TRUE,10198,370,104,78,9,104,9,78,kenduskeag2019,TRUE,paddler,NA,Maureen Cassidy,Cassidy Maureen,Lebanon,NH,USA,1,T,10198,NA
249508,2018,KENDUSKEAG,Downriver,Canoe,311,oc2mediumrec,8,TRUE,10202,371,267,184,21,62,8,45,kenduskeag,TRUE,paddler,NA,Daniel Dunn,Dunn Daniel,Bar Harbor,ME,USA,1,T,10202,NA
249508,2018,KENDUSKEAG,Downriver,Canoe,311,oc2mediumrec,8,TRUE,10202,371,267,184,21,62,8,45,kenduskeag,TRUE,paddler,NA,Dakota Helium,Helium Dakota,Bar Harbor,ME,USA,1,T,10202,NA
219769,2015,KENDUSKEAG,Downriver,Canoe,231,oc2mediumrec,2,TRUE,10221,373,269,185,22,42,2,28,kenduskeag,TRUE,paddler,NA,Andrew Veilleux,Veilleux Andrew,Portland,ME,USA,1,T,10221,NA
219769,2015,KENDUSKEAG,Downriver,Canoe,231,oc2mediumrec,2,TRUE,10221,373,269,185,22,42,2,28,kenduskeag,TRUE,paddler,NA,Greg Veilleux,Veilleux Greg,Bass Harbor,ME,USA,1,T,10221,NA
219697,2015,KENDUSKEAG,Downriver,Kayak,141,k1rec,1,TRUE,10222,374,270,78,5,43,1,15,kenduskeag,TRUE,paddler,gregorle01,Leslie Gregory,Gregory Leslie,Swanville,ME,USA,1,T,10222,NA
258431,2019,KENDUSKEAG,Downriver,Canoe,409,oc2hs,3,TRUE,10226,377,105,79,3,105,3,79,kenduskeag2019,TRUE,paddler,NA,Alexander Marc-Aurele,Marc-Aurele Alexander,Brunswick,ME,USA,1,T,10226,NA
258431,2019,KENDUSKEAG,Downriver,Canoe,409,oc2hs,3,TRUE,10226,377,105,79,3,105,3,79,kenduskeag2019,TRUE,paddler,NA,Jeffrey Weeks,Weeks Jeffrey,Ellsworth,ME,USA,1,T,10226,NA
219777,2015,KENDUSKEAG,Downriver,Canoe,242,oc2mediumrec,3,TRUE,10227,378,273,188,23,44,3,29,kenduskeag,TRUE,paddler,sockabcl01,Clayton Sockabasin,Sockabasin Clayton,Princeton,ME,USA,1,T,10227,NA
219777,2015,KENDUSKEAG,Downriver,Canoe,242,oc2mediumrec,3,TRUE,10227,378,273,188,23,44,3,29,kenduskeag,TRUE,paddler,NA,Joseph Sockabasin,Sockabasin Joseph,Princeton,ME,USA,1,T,10227,NA
527666,2025,KENDUSKEAG,Downriver,Canoe,53,oc2short,1,TRUE,10240,379,274,189,14,17,1,10,kenduskeag,TRUE,paddler,NA,"Apemesim ""Bem"" Galipeau",Galipeau Apemesim,Orono,ME,USA,NA,NA,NA,NA
527666,2025,KENDUSKEAG,Downriver,Canoe,53,oc2short,1,TRUE,10240,379,274,189,14,17,1,10,kenduskeag,TRUE,paddler,galipebr01,Brian Galipeau,Galipeau Brian,Orono,ME,USA,NA,NA,NA,NA
249595,2018,KENDUSKEAG,Downriver,Canoe,412,oc2hs,3,TRUE,10242,380,275,190,5,63,3,46,kenduskeag,TRUE,paddler,NA,Alex Hollis,Hollis Alex,Hampden,ME,USA,1,T,10242,NA
249595,2018,KENDUSKEAG,Downriver,Canoe,412,oc2hs,3,TRUE,10242,380,275,190,5,63,3,46,kenduskeag,TRUE,paddler,NA,Jeffery Weeks,Weeks Jeffery,Ellsworth,ME,USA,1,T,10242,NA
258415,2019,KENDUSKEAG,Downriver,Canoe,380,oc2shortbeg,4,TRUE,10243,381,106,80,4,106,4,80,kenduskeag2019,TRUE,paddler,NA,Albert Smith,Smith Albert,Cornville,ME,USA,1,T,10243,NA
258415,2019,KENDUSKEAG,Downriver,Canoe,380,oc2shortbeg,4,TRUE,10243,381,106,80,4,106,4,80,kenduskeag2019,TRUE,paddler,NA,Albert Smith II,Smith II Albert,Cornville,ME,USA,1,T,10243,NA
258198,2019,KENDUSKEAG,Downriver,Canoe,72,oc2short,6,TRUE,10245,382,107,81,6,107,6,81,kenduskeag2019,TRUE,paddler,NA,Patrick Brady,Brady Patrick,Scarborough,ME,USA,1,T,10245,NA
258198,2019,KENDUSKEAG,Downriver,Canoe,72,oc2short,6,TRUE,10245,382,107,81,6,107,6,81,kenduskeag2019,TRUE,paddler,NA,Justin Elliott,Elliott Justin,Old Orchard Beach,ME,USA,1,T,10245,NA
258430,2019,KENDUSKEAG,Downriver,Canoe,408,oc2hs,4,TRUE,10248,383,108,82,4,108,4,82,kenduskeag2019,TRUE,paddler,NA,Hunter Manley,Manley Hunter,Farmington,ME,USA,1,T,10248,NA
258430,2019,KENDUSKEAG,Downriver,Canoe,408,oc2hs,4,TRUE,10248,383,108,82,4,108,4,82,kenduskeag2019,TRUE,paddler,NA,Zachary Ragot,Ragot Zachary,Orono,ME,USA,1,T,10248,NA
527800,2025,KENDUSKEAG,Downriver,Canoe,209,oc2mixrec,2,TRUE,10250,384,276,191,20,18,2,11,kenduskeag,TRUE,paddler,omallecl01,Cliodhna O'Malley,O'Malley Cliodhna,Windham,ME,USA,NA,NA,NA,NA
527800,2025,KENDUSKEAG,Downriver,Canoe,209,oc2mixrec,2,TRUE,10250,384,276,191,20,18,2,11,kenduskeag,TRUE,paddler,powerco01,Cooper Power,Power Cooper,Windham,ME,USA,NA,NA,NA,NA
219789,2015,KENDUSKEAG,Downriver,Canoe,255,oc2mediumrec,4,TRUE,10253,385,277,192,24,45,4,30,kenduskeag,TRUE,paddler,NA,William Barker,Barker William,North Andover,MA,USA,1,T,10253,NA
219789,2015,KENDUSKEAG,Downriver,Canoe,255,oc2mediumrec,4,TRUE,10253,385,277,192,24,45,4,30,kenduskeag,TRUE,paddler,NA,Brett Vicary,Vicary Brett,North Andover,MA,USA,1,T,10253,NA
229748,2016,KENDUSKEAG,Downriver,Canoe,448,oc2hs,1,TRUE,10254,386,278,193,6,13,1,10,kenduskeag,TRUE,paddler,burrno01,Noah Burr,Burr Noah,Greenbush,ME,USA,1,T,10254,NA
229748,2016,KENDUSKEAG,Downriver,Canoe,448,oc2hs,1,TRUE,10254,386,278,193,6,13,1,10,kenduskeag,TRUE,paddler,doyleke01,Kellen Doyle,Doyle Kellen,Orono,ME,USA,1,T,10254,NA
240392,2017,KENDUSKEAG,Downriver,Canoe,324,oc2mediumrec,13,TRUE,10255,387,279,194,25,83,13,67,kenduskeag,TRUE,paddler,haentjni01,Nils Haentjens,Haentjens Nils,Orono,ME,USA,1,T,10255,NA
240392,2017,KENDUSKEAG,Downriver,Canoe,324,oc2mediumrec,13,TRUE,10255,387,279,194,25,83,13,67,kenduskeag,TRUE,paddler,NA,Constantin Scherelis,Scherelis Constantin,Orono,ME,USA,1,T,10255,NA
258160,2019,KENDUSKEAG,Downriver,Unknown,24,open,10,TRUE,10259,388,109,10,10,109,10,10,kenduskeag2019,TRUE,paddler,krogbr01,Brad Krog,Krog Brad,Bowdoin,ME,USA,1,T,10259,NA
258160,2019,KENDUSKEAG,Downriver,Unknown,24,open,10,TRUE,10259,388,109,10,10,109,10,10,kenduskeag2019,TRUE,paddler,krogda01,Dawn Krog,Krog Dawn,Bowdoin,ME,USA,1,T,10259,NA
258160,2019,KENDUSKEAG,Downriver,Unknown,24,open,10,TRUE,10259,388,109,10,10,109,10,10,kenduskeag2019,TRUE,paddler,NA,Kris Reid,Reid Kris,Holden,ME,USA,1,T,10259,NA
240142,2017,KENDUSKEAG,Downriver,Canoe,5,open,7,TRUE,10273,391,282,196,22,84,7,68,kenduskeag,TRUE,paddler,boyingda01,Daryl Boyington,Boyington Daryl,Hampden,ME,USA,1,T,10273,NA
240142,2017,KENDUSKEAG,Downriver,Canoe,5,open,7,TRUE,10273,391,282,196,22,84,7,68,kenduskeag,TRUE,paddler,NA,Elizabeth Cote,Cote Elizabeth,Portland,ME,USA,1,T,10273,NA
240142,2017,KENDUSKEAG,Downriver,Canoe,5,open,7,TRUE,10273,391,282,196,22,84,7,68,kenduskeag,TRUE,paddler,dayto01,Toby Day,Day Toby,Milford,ME,USA,1,T,10273,NA
240142,2017,KENDUSKEAG,Downriver,Canoe,5,open,7,TRUE,10273,391,282,196,22,84,7,68,kenduskeag,TRUE,paddler,doucetla01,Larry Doucette,Doucette Larry,Dummerston,VT,USA,1,T,10273,NA
240142,2017,KENDUSKEAG,Downriver,Canoe,5,open,7,TRUE,10273,391,282,196,22,84,7,68,kenduskeag,TRUE,paddler,pelletda02,Dan Pellitier,Pellitier Dan,Atlton,ME,USA,1,T,10273,NA
358682,2022,KENDUSKEAG,Downriver,Canoe,254,oc2shortrec,2,TRUE,10280,392,283,197,7,27,2,17,kenduskeag,TRUE,paddler,NA,Jasper Houston,Houston Jasper,Portland,ME,USA,NA,NA,NA,NA
358682,2022,KENDUSKEAG,Downriver,Canoe,254,oc2shortrec,2,TRUE,10280,392,283,197,7,27,2,17,kenduskeag,TRUE,paddler,NA,Alexander Thomas,Thomas Alexander,Cape Elizabeth,ME,USA,NA,NA,NA,NA
424088,2023,KENDUSKEAG,Downriver,Canoe,180,oc2rec,2,TRUE,10289,394,284,198,7,24,2,13,kenduskeag,TRUE,paddler,NA,Davis Asherman,Asherman Davis,Eddington,ME,USA,NA,NA,NA,NA
424088,2023,KENDUSKEAG,Downriver,Canoe,180,oc2rec,2,TRUE,10289,394,284,198,7,24,2,13,kenduskeag,TRUE,paddler,NA,Everet Varney,Varney Everet,Turner,ME,USA,NA,NA,NA,NA
249289,2018,KENDUSKEAG,Downriver,Canoe,40,open,3,TRUE,10289,395,285,199,23,64,3,47,kenduskeag,TRUE,paddler,intronch01,Chris Introne,Introne Chris,Clifton,ME,USA,1,T,10289,NA
249289,2018,KENDUSKEAG,Downriver,Canoe,40,open,3,TRUE,10289,395,285,199,23,64,3,47,kenduskeag,TRUE,paddler,NA,Edgar Lamb,Lamb Edgar,Orono,ME,USA,1,T,10289,NA
249289,2018,KENDUSKEAG,Downriver,Canoe,40,open,3,TRUE,10289,395,285,199,23,64,3,47,kenduskeag,TRUE,paddler,NA,Dylan Thomas,Thomas Dylan,Orono,ME,USA,1,T,10289,NA
258348,2019,KENDUSKEAG,Downriver,Canoe,285,oc2mediumrec,9,TRUE,10294,396,111,83,9,111,9,83,kenduskeag2019,TRUE,paddler,morrisry01,Ryan Morrison,Morrison Ryan,Eddington,ME,USA,1,T,10294,NA
258348,2019,KENDUSKEAG,Downriver,Canoe,285,oc2mediumrec,9,TRUE,10294,396,111,83,9,111,9,83,kenduskeag2019,TRUE,paddler,NA,William Morrison,Morrison William,Eddington,ME,USA,1,T,10294,NA
258355,2019,KENDUSKEAG,Downriver,Canoe,293,oc2mediumrec,10,TRUE,10302,397,112,84,10,112,10,84,kenduskeag2019,TRUE,paddler,NA,Robert Hanscom,Hanscom Robert,Bar harbor,ME,USA,1,T,10302,NA
258355,2019,KENDUSKEAG,Downriver,Canoe,293,oc2mediumrec,10,TRUE,10302,397,112,84,10,112,10,84,kenduskeag2019,TRUE,paddler,sawyerad01,Adam Sawyer,Sawyer Adam,Trenton,ME,USA,1,T,10302,NA
219695,2015,KENDUSKEAG,Downriver,Kayak,139,k1rec,2,TRUE,10310,398,286,80,6,47,2,17,kenduskeag,TRUE,paddler,quaintsa01,Sarah Quaintance,Quaintance Sarah,Auburn,ME,USA,1,T,10310,NA
219790,2015,KENDUSKEAG,Downriver,Canoe,256,oc2mediumrec,5,TRUE,10313,399,287,200,26,48,5,31,kenduskeag,TRUE,paddler,NA,Dustin Dunn,Dunn Dustin,Hulls Cove,ME,USA,1,T,10313,NA
219790,2015,KENDUSKEAG,Downriver,Canoe,256,oc2mediumrec,5,TRUE,10313,399,287,200,26,48,5,31,kenduskeag,TRUE,paddler,NA,Garrett Hardison,Hardison Garrett,Hulls Cove,ME,USA,1,T,10313,NA
258159,2019,KENDUSKEAG,Downriver,Unknown,23,open,11,TRUE,10315,400,113,11,11,113,11,11,kenduskeag2019,TRUE,paddler,NA,Teagan Candage,Candage Teagan,Ellsworth,ME,USA,1,T,10315,NA
258159,2019,KENDUSKEAG,Downriver,Unknown,23,open,11,TRUE,10315,400,113,11,11,113,11,11,kenduskeag2019,TRUE,paddler,NA,Dylan Carroll,Carroll Dylan,Bar Harbor,ME,USA,1,T,10315,NA
258159,2019,KENDUSKEAG,Downriver,Unknown,23,open,11,TRUE,10315,400,113,11,11,113,11,11,kenduskeag2019,TRUE,paddler,NA,Josiah Rhys,Rhys Josiah,Deer Isle,ME,USA,1,T,10315,NA
240371,2017,KENDUSKEAG,Downriver,Canoe,302,oc2mixrec,6,TRUE,10326,402,289,202,21,86,6,70,kenduskeag,TRUE,paddler,NA,Ethan Lamb,Lamb Ethan,Bradley,ME,USA,1,T,10326,NA
240371,2017,KENDUSKEAG,Downriver,Canoe,302,oc2mixrec,6,TRUE,10326,402,289,202,21,86,6,70,kenduskeag,TRUE,paddler,NA,Megan Leach,Leach Megan,Bradley,ME,USA,1,T,10326,NA
249609,2018,KENDUSKEAG,Downriver,Canoe,431,oc2hs,4,TRUE,10328,403,290,203,7,65,4,48,kenduskeag,TRUE,paddler,NA,Ben McGinnis,McGinnis Ben,Bangor,ME,USA,1,T,10328,NA
249609,2018,KENDUSKEAG,Downriver,Canoe,431,oc2hs,4,TRUE,10328,403,290,203,7,65,4,48,kenduskeag,TRUE,paddler,NA,Peter Midura,Midura Peter,Orono,ME,USA,1,T,10328,NA
240257,2017,KENDUSKEAG,Downriver,Kayak,157,k1short,8,TRUE,10349,408,294,81,27,87,8,17,kenduskeag,TRUE,paddler,NA,Elijah Hughes,Hughes Elijah,Brewer,ME,USA,1,T,10349,NA
258337,2019,KENDUSKEAG,Downriver,Canoe,272,oc2mediumrec,11,TRUE,10351,409,115,86,11,115,11,86,kenduskeag2019,TRUE,paddler,olsonca01,Carl Olson,Olson Carl,Trenton,ME,USA,1,T,10351,NA
258337,2019,KENDUSKEAG,Downriver,Canoe,272,oc2mediumrec,11,TRUE,10351,409,115,86,11,115,11,86,kenduskeag2019,TRUE,paddler,NA,Cody Olson,Olson Cody,Trenton,ME,USA,1,T,10351,NA
249403,2018,KENDUSKEAG,Downriver,Kayak,188,k1rec,3,TRUE,10371,417,301,82,7,69,3,18,kenduskeag,TRUE,paddler,quaintsa01,Sarah Quaintance,Quaintance Sarah,Auburn,ME,USA,1,T,10371,NA
527697,2025,KENDUSKEAG,Downriver,Kayak,88,k1short,1,TRUE,10383,420,304,83,28,19,1,7,kenduskeag,TRUE,paddler,foleybr01,Brian Foley,Foley Brian,Sw Harbor,ME,USA,NA,NA,NA,NA
258343,2019,KENDUSKEAG,Downriver,Canoe,279,oc2mediumrec,12,TRUE,10390,421,117,88,12,117,12,88,kenduskeag2019,TRUE,paddler,NA,Isaac Bierer,Bierer Isaac,Cambridge,MA,USA,1,T,10390,NA
258343,2019,KENDUSKEAG,Downriver,Canoe,279,oc2mediumrec,12,TRUE,10390,421,117,88,12,117,12,88,kenduskeag2019,TRUE,paddler,NA,Dave Munger,Munger Dave,Wheat Ridge,CO,USA,1,T,10390,NA
358683,2022,KENDUSKEAG,Downriver,Canoe,256,oc2shortrec,3,TRUE,10399,425,308,217,8,30,3,19,kenduskeag,TRUE,paddler,NA,Sarah Dellaratta,Dellaratta Sarah,Orono,ME,USA,NA,NA,NA,NA
358683,2022,KENDUSKEAG,Downriver,Canoe,256,oc2shortrec,3,TRUE,10399,425,308,217,8,30,3,19,kenduskeag,TRUE,paddler,NA,Alexander Introne,Introne Alexander,Orono,ME,USA,NA,NA,NA,NA
527667,2025,KENDUSKEAG,Downriver,Canoe,61,oc2short,2,TRUE,10406,427,310,219,15,21,2,13,kenduskeag,TRUE,paddler,NA,Colin Hull,Hull Colin,Bangor,ME,USA,NA,NA,NA,NA
527667,2025,KENDUSKEAG,Downriver,Canoe,61,oc2short,2,TRUE,10406,427,310,219,15,21,2,13,kenduskeag,TRUE,paddler,NA,Max Jennings,Jennings Max,Bangor,ME,USA,NA,NA,NA,NA
423983,2023,KENDUSKEAG,Downriver,Kayak,71,k1short,5,TRUE,10409,428,311,85,29,25,5,9,kenduskeag,TRUE,paddler,baltesja01,Jay Baltes,Baltes Jay,Brunkswick,ME,USA,NA,NA,NA,NA
219850,2015,KENDUSKEAG,Downriver,Canoe,326,oc2shortbeg,1,TRUE,10411,431,313,220,1,52,1,35,kenduskeag,TRUE,paddler,chasead01,Adam Chase,Chase Adam,Lisbon Falls,ME,USA,1,T,10411,NA
219850,2015,KENDUSKEAG,Downriver,Canoe,326,oc2shortbeg,1,TRUE,10411,431,313,220,1,52,1,35,kenduskeag,TRUE,paddler,NA,Shawn Higgins,Higgins Shawn,Bangor,ME,USA,1,T,10411,NA
358641,2022,KENDUSKEAG,Downriver,Canoe,210,oc2rec,4,TRUE,10412,432,314,221,8,32,4,20,kenduskeag,TRUE,paddler,NA,Aaron Megquier,Megquier Aaron,Belmont,ME,USA,NA,NA,NA,NA
358641,2022,KENDUSKEAG,Downriver,Canoe,210,oc2rec,4,TRUE,10412,432,314,221,8,32,4,20,kenduskeag,TRUE,paddler,NA,Matthew Powers,Powers Matthew,Orono,ME,USA,NA,NA,NA,NA
527829,2025,KENDUSKEAG,Downriver,Canoe,396,oc2rec,3,TRUE,10417,434,316,223,9,22,3,14,kenduskeag,TRUE,paddler,NA,Robert Gray,Gray Robert,Levant,ME,USA,NA,NA,NA,NA
527829,2025,KENDUSKEAG,Downriver,Canoe,396,oc2rec,3,TRUE,10417,434,316,223,9,22,3,14,kenduskeag,TRUE,paddler,whitema01,David White,White David,Levant,ME,USA,NA,NA,NA,NA
249272,2018,KENDUSKEAG,Downriver,Canoe,17,open,4,TRUE,10418,435,317,224,24,73,4,55,kenduskeag,TRUE,paddler,NA,Tyler Carl,Carl Tyler,China,ME,USA,1,T,10418,NA
249272,2018,KENDUSKEAG,Downriver,Canoe,17,open,4,TRUE,10418,435,317,224,24,73,4,55,kenduskeag,TRUE,paddler,NA,Cody Kirk,Kirk Cody,Augusta,ME,USA,1,T,10418,NA
249272,2018,KENDUSKEAG,Downriver,Canoe,17,open,4,TRUE,10418,435,317,224,24,73,4,55,kenduskeag,TRUE,paddler,NA,Tyler Leet,Leet Tyler,Windsor,ME,USA,1,T,10418,NA
249272,2018,KENDUSKEAG,Downriver,Canoe,17,open,4,TRUE,10418,435,317,224,24,73,4,55,kenduskeag,TRUE,paddler,NA,Josh Zayac,Zayac Josh,Windsor,ME,USA,1,T,10418,NA
527668,2025,KENDUSKEAG,Downriver,Canoe,55,oc2short,3,TRUE,10427,439,319,225,16,23,3,15,kenduskeag,TRUE,paddler,NA,Sarah Dellaratta,Dellaratta Sarah,Orono,ME,USA,NA,NA,NA,NA
527668,2025,KENDUSKEAG,Downriver,Canoe,55,oc2short,3,TRUE,10427,439,319,225,16,23,3,15,kenduskeag,TRUE,paddler,NA,Alexander Introne,Introne Alexander,Orono,ME,USA,NA,NA,NA,NA
424199,2023,KENDUSKEAG,Downriver,Canoe,266,oc2hs,1,TRUE,10428,440,320,226,8,26,1,14,kenduskeag,TRUE,paddler,NA,Mason Galway,Galway Mason,Freeport,ME,USA,NA,NA,NA,NA
424199,2023,KENDUSKEAG,Downriver,Canoe,266,oc2hs,1,TRUE,10428,440,320,226,8,26,1,14,kenduskeag,TRUE,paddler,NA,William Spaulding,Spaulding William,Freeport,ME,USA,NA,NA,NA,NA
358605,2022,KENDUSKEAG,Downriver,Canoe,188,oc2mixrec,4,TRUE,10436,442,322,227,22,34,4,21,kenduskeag,TRUE,paddler,NA,Lauren Diorio,Diorio Lauren,Pike,NH,USA,NA,NA,NA,NA
358605,2022,KENDUSKEAG,Downriver,Canoe,188,oc2mixrec,4,TRUE,10436,442,322,227,22,34,4,21,kenduskeag,TRUE,paddler,NA,Will Tracy,Tracy Will,Pike,NH,USA,NA,NA,NA,NA
249617,2018,KENDUSKEAG,Downriver,Canoe,441,oc2mediumrec,9,TRUE,10438,443,323,228,27,74,9,56,kenduskeag,TRUE,paddler,NA,Dustin Dunn,Dunn Dustin,Bar Harbor,ME,USA,1,T,10438,NA
249617,2018,KENDUSKEAG,Downriver,Canoe,441,oc2mediumrec,9,TRUE,10438,443,323,228,27,74,9,56,kenduskeag,TRUE,paddler,NA,Garrett Hardison,Hardison Garrett,Ellsworth,ME,USA,1,T,10438,NA
249407,2018,KENDUSKEAG,Downriver,Kayak,193,k1rec,4,TRUE,10439,444,324,89,8,75,4,19,kenduskeag,TRUE,paddler,merrilla01,Larry Merrill,Merrill Larry,Orrington,ME,USA,1,T,10439,NA
219631,2015,KENDUSKEAG,Downriver,Canoe,51,oc2short,3,TRUE,10441,446,326,229,17,53,3,36,kenduskeag,TRUE,paddler,NA,Jereme Frank,Frank Jereme,Orono,ME,USA,1,T,10441,NA
219631,2015,KENDUSKEAG,Downriver,Canoe,51,oc2short,3,TRUE,10441,446,326,229,17,53,3,36,kenduskeag,TRUE,paddler,NA,Eric Venturini,Venturini Eric,Orono,ME,USA,1,T,10441,NA
258320,2019,KENDUSKEAG,Downriver,Canoe,251,oc2mixrec,10,TRUE,10474,449,121,92,10,121,10,92,kenduskeag2019,TRUE,paddler,forrescl01,Clayton Forrest,Forrest Clayton,Durham,ME,USA,1,T,10474,NA
258320,2019,KENDUSKEAG,Downriver,Canoe,251,oc2mixrec,10,TRUE,10474,449,121,92,10,121,10,92,kenduskeag2019,TRUE,paddler,NA,Olivia Plaisted,Plaisted Olivia,Durham,ME,USA,1,T,10474,NA
358684,2022,KENDUSKEAG,Downriver,Canoe,239,oc2shortrec,4,TRUE,10474,450,329,232,9,36,4,23,kenduskeag,TRUE,paddler,NA,Matthew Entwistle,Entwistle Matthew,Berwick,ME,USA,NA,NA,NA,NA
358684,2022,KENDUSKEAG,Downriver,Canoe,239,oc2shortrec,4,TRUE,10474,450,329,232,9,36,4,23,kenduskeag,TRUE,paddler,NA,Joseph Gattozzi,Gattozzi Joseph,Berwick,ME,USA,NA,NA,NA,NA
527620,2025,KENDUSKEAG,Downriver,Unknown,8,open,2,TRUE,10482,452,331,8,25,25,2,2,kenduskeag,TRUE,paddler,NA,Ben Cobb,Cobb Ben,Saco,ME,USA,NA,NA,NA,NA
527620,2025,KENDUSKEAG,Downriver,Unknown,8,open,2,TRUE,10482,452,331,8,25,25,2,2,kenduskeag,TRUE,paddler,NA,Randall Cobb,Cobb Randall,Saco,ME,USA,NA,NA,NA,NA
527620,2025,KENDUSKEAG,Downriver,Unknown,8,open,2,TRUE,10482,452,331,8,25,25,2,2,kenduskeag,TRUE,paddler,NA,Riley Cobb,Cobb Riley,Bowdoin,ME,USA,NA,NA,NA,NA
249498,2018,KENDUSKEAG,Downriver,Canoe,296,oc2mediumrec,10,TRUE,10483,453,332,234,28,76,10,57,kenduskeag,TRUE,paddler,NA,Robert Bogard,Bogard Robert,York,ME,USA,1,T,10483,NA
249498,2018,KENDUSKEAG,Downriver,Canoe,296,oc2mediumrec,10,TRUE,10483,453,332,234,28,76,10,57,kenduskeag,TRUE,paddler,NA,Richard Mewer,Mewer Richard,York,ME,USA,1,T,10483,NA
358685,2022,KENDUSKEAG,Downriver,Canoe,204,oc2shortrec,5,TRUE,10487,454,333,235,10,37,5,24,kenduskeag,TRUE,paddler,NA,Brett Deyling,Deyling Brett,Livermore,ME,USA,NA,NA,NA,NA
358685,2022,KENDUSKEAG,Downriver,Canoe,204,oc2shortrec,5,TRUE,10487,454,333,235,10,37,5,24,kenduskeag,TRUE,paddler,NA,Caleb Grover,Grover Caleb,Norway,ME,USA,NA,NA,NA,NA
249537,2018,KENDUSKEAG,Downriver,Canoe,343,oc2shortrec,3,TRUE,10492,455,334,236,11,77,3,58,kenduskeag,TRUE,paddler,hwalekjo01,John Hwalek,Hwalek John,Bangor,ME,USA,1,T,10492,NA
249537,2018,KENDUSKEAG,Downriver,Canoe,343,oc2shortrec,3,TRUE,10492,455,334,236,11,77,3,58,kenduskeag,TRUE,paddler,NA,Lucas Mathers,Mathers Lucas,Kittery,ME,USA,1,T,10492,NA
219587,2015,KENDUSKEAG,Downriver,Canoe,4,open,5,TRUE,10498,456,335,237,26,55,5,38,kenduskeag,TRUE,paddler,cobbja01,Jackie Cobb,Cobb Jackie,Bowdoin,ME,USA,1,T,10498,NA
219587,2015,KENDUSKEAG,Downriver,Canoe,4,open,5,TRUE,10498,456,335,237,26,55,5,38,kenduskeag,TRUE,paddler,cobbju01,Juliet Cobb,Cobb Juliet,Glenburn,ME,USA,1,T,10498,NA
219587,2015,KENDUSKEAG,Downriver,Canoe,4,open,5,TRUE,10498,456,335,237,26,55,5,38,kenduskeag,TRUE,paddler,cobbra01,Randy Cobb,Cobb Randy,Saco,ME,USA,1,T,10498,NA
240350,2017,KENDUSKEAG,Downriver,Canoe,279,oc2mixrec,7,TRUE,10498,457,336,238,23,92,7,75,kenduskeag,TRUE,paddler,kennedme01,Meghan Kennedy,Kennedy Meghan,Waldoboro,ME,USA,1,T,10498,NA
240350,2017,KENDUSKEAG,Downriver,Canoe,279,oc2mixrec,7,TRUE,10498,457,336,238,23,92,7,75,kenduskeag,TRUE,paddler,moriarto01,Tom Moriarty,Moriarty Tom,Milford,ME,USA,1,T,10498,NA
258375,2019,KENDUSKEAG,Downriver,Canoe,319,oc2shortrec,11,TRUE,10502,458,122,93,11,122,11,93,kenduskeag2019,TRUE,paddler,NA,Jeff Gagnon,Gagnon Jeff,Minot,ME,USA,1,T,10502,NA
258375,2019,KENDUSKEAG,Downriver,Canoe,319,oc2shortrec,11,TRUE,10502,458,122,93,11,122,11,93,kenduskeag2019,TRUE,paddler,vangagpe01,Peter Gagnon,Gagnon Peter,Auburn,ME,USA,1,T,10502,NA
258413,2019,KENDUSKEAG,Downriver,Canoe,376,oc2shortbeg,5,TRUE,10510,459,123,94,5,123,5,94,kenduskeag2019,TRUE,paddler,NA,Jason Bond,Bond Jason,Greenbush,ME,USA,1,T,10510,NA
258413,2019,KENDUSKEAG,Downriver,Canoe,376,oc2shortbeg,5,TRUE,10510,459,123,94,5,123,5,94,kenduskeag2019,TRUE,paddler,NA,Brandon Carroll,Carroll Brandon,Greenbush,ME,USA,1,T,10510,NA
358642,2022,KENDUSKEAG,Downriver,Canoe,238,oc2rec,5,TRUE,10515,461,338,240,10,38,5,25,kenduskeag,TRUE,paddler,NA,Jon Keating,Keating Jon,Auburn,ME,USA,NA,NA,NA,NA
358642,2022,KENDUSKEAG,Downriver,Canoe,238,oc2rec,5,TRUE,10515,461,338,240,10,38,5,25,kenduskeag,TRUE,paddler,walshma01,Matt Walsh,Walsh Matt,Greene,ME,USA,NA,NA,NA,NA
424089,2023,KENDUSKEAG,Downriver,Canoe,162,oc2rec,3,TRUE,10525,465,341,243,11,27,3,15,kenduskeag,TRUE,paddler,NA,Brett Deyling,Deyling Brett,Livermore,ME,USA,NA,NA,NA,NA
424089,2023,KENDUSKEAG,Downriver,Canoe,162,oc2rec,3,TRUE,10525,465,341,243,11,27,3,15,kenduskeag,TRUE,paddler,NA,Caleb Grover,Grover Caleb,South Paris,ME,USA,NA,NA,NA,NA
424122,2023,KENDUSKEAG,Downriver,Canoe,200,oc2shortrec,2,TRUE,10559,470,346,248,12,28,2,16,kenduskeag,TRUE,paddler,hwalekjo01,John Hwalek,Hwalek John,Bangor,ME,USA,NA,NA,NA,NA
424122,2023,KENDUSKEAG,Downriver,Canoe,200,oc2shortrec,2,TRUE,10559,470,346,248,12,28,2,16,kenduskeag,TRUE,paddler,NA,Lucas Mathers,Mathers Lucas,Bradley,ME,USA,NA,NA,NA,NA
358606,2022,KENDUSKEAG,Downriver,Canoe,197,oc2mixrec,5,TRUE,10559,471,347,249,24,39,5,26,kenduskeag,TRUE,paddler,NA,Conor Burke,Burke Conor,Tarrytown,NY,USA,NA,NA,NA,NA
358606,2022,KENDUSKEAG,Downriver,Canoe,197,oc2mixrec,5,TRUE,10559,471,347,249,24,39,5,26,kenduskeag,TRUE,paddler,heldem01,Emmy Held,Held Emmy,Farmington,ME,USA,NA,NA,NA,NA
240372,2017,KENDUSKEAG,Downriver,Canoe,304,oc2mixrec,8,TRUE,10562,472,348,250,25,94,8,77,kenduskeag,TRUE,paddler,NA,Emilee Robertson,Robertson Emilee,Canaan,ME,USA,1,T,10562,NA
240372,2017,KENDUSKEAG,Downriver,Canoe,304,oc2mixrec,8,TRUE,10562,472,348,250,25,94,8,77,kenduskeag,TRUE,paddler,robertet01,Ethan Robertson,Robertson Ethan,Canaan,ME,USA,1,T,10562,NA
249596,2018,KENDUSKEAG,Downriver,Canoe,413,oc2hs,5,TRUE,10564,474,350,252,9,80,5,61,kenduskeag,TRUE,paddler,NA,Ethan Hall,Hall Ethan,Old Town,ME,USA,1,T,10564,NA
249596,2018,KENDUSKEAG,Downriver,Canoe,413,oc2hs,5,TRUE,10564,474,350,252,9,80,5,61,kenduskeag,TRUE,paddler,NA,Forrest Miller,Miller Forrest,Old Town,ME,USA,1,T,10564,NA
358686,2022,KENDUSKEAG,Downriver,Canoe,251,oc2shortrec,6,TRUE,10582,477,353,255,13,40,6,27,kenduskeag,TRUE,paddler,vangagpe01,Peter Gagnon,Gagnon Peter,Auburn,ME,USA,NA,NA,NA,NA
358686,2022,KENDUSKEAG,Downriver,Canoe,251,oc2shortrec,6,TRUE,10582,477,353,255,13,40,6,27,kenduskeag,TRUE,paddler,NA,Jeff Misenhiemer,Misenhiemer Jeff,McClave,CO,USA,NA,NA,NA,NA
249459,2018,KENDUSKEAG,Downriver,Canoe,252,oc2mixrec,5,TRUE,10587,478,354,256,26,83,5,64,kenduskeag,TRUE,paddler,kennedme01,Meghan Kennedy,Kennedy Meghan,Waldoboro,ME,USA,1,T,10587,NA
249459,2018,KENDUSKEAG,Downriver,Canoe,252,oc2mixrec,5,TRUE,10587,478,354,256,26,83,5,64,kenduskeag,TRUE,paddler,moriarto01,Tom Moriarty,Moriarty Tom,Milford,ME,USA,1,T,10587,NA
358755,2022,KENDUSKEAG,Downriver,Canoe,319,oc2hs,1,TRUE,10588,479,355,257,10,41,1,28,kenduskeag,TRUE,paddler,NA,Chris Erb,Erb Chris,Bangor,ME,USA,NA,NA,NA,NA
358755,2022,KENDUSKEAG,Downriver,Canoe,319,oc2hs,1,TRUE,10588,479,355,257,10,41,1,28,kenduskeag,TRUE,paddler,NA,Tammy Thelander,Thelander Tammy,Orono,ME,USA,NA,NA,NA,NA
258371,2019,KENDUSKEAG,Downriver,Canoe,315,oc2shortrec,12,TRUE,10592,480,125,96,12,125,12,96,kenduskeag2019,TRUE,paddler,NA,Dan Mcdonnell,Mcdonnell Dan,Brownfield,ME,USA,1,T,10592,NA
258371,2019,KENDUSKEAG,Downriver,Canoe,315,oc2shortrec,12,TRUE,10592,480,125,96,12,125,12,96,kenduskeag2019,TRUE,paddler,NA,George Ouellette,Ouellette George,Gorham,ME,USA,1,T,10592,NA
249414,2018,KENDUSKEAG,Downriver,Kayak,201,k1rec,5,TRUE,10593,481,356,91,9,84,5,20,kenduskeag,TRUE,paddler,NA,Corey Rubchinuk,Rubchinuk Corey,Winthrop,ME,USA,1,T,10593,NA
527801,2025,KENDUSKEAG,Downriver,Canoe,71,oc2mixrec,3,TRUE,10599,482,357,258,27,26,3,16,kenduskeag,TRUE,paddler,risingal01,Allisen Risinger,Risinger Allisen,Levant,ME,USA,NA,NA,NA,NA
527801,2025,KENDUSKEAG,Downriver,Canoe,71,oc2mixrec,3,TRUE,10599,482,357,258,27,26,3,16,kenduskeag,TRUE,paddler,risingma01,Mark Risinger,Risinger Mark,Levant,ME,USA,NA,NA,NA,NA
527830,2025,KENDUSKEAG,Downriver,Canoe,227,oc2rec,4,TRUE,10623,486,361,261,12,27,4,17,kenduskeag,TRUE,paddler,centerro01,Rob Center,Center Rob,Scarborough,ME,USA,NA,NA,NA,NA
527830,2025,KENDUSKEAG,Downriver,Canoe,227,oc2rec,4,TRUE,10623,486,361,261,12,27,4,17,kenduskeag,TRUE,paddler,savoylu01,Lucas Savoy,Savoy Lucas,Cumberland Center,ME,USA,NA,NA,NA,NA
229454,2016,KENDUSKEAG,Downriver,Kayak,122,k1short,1,TRUE,10636,489,364,94,30,19,1,6,kenduskeag,TRUE,paddler,foleybr01,Brian Foley,Foley Brian,Orono,ME,USA,1,T,10636,NA
424002,2023,KENDUSKEAG,Downriver,Kayak,96,k1rec,1,TRUE,10638,490,365,95,10,29,1,10,kenduskeag,TRUE,paddler,NA,Stephen Nickl,Nickl Stephen,Augusta,ME,USA,NA,NA,NA,NA
240399,2017,KENDUSKEAG,Downriver,Canoe,331,oc2mediumrec,14,TRUE,10641,491,366,263,29,96,14,79,kenduskeag,TRUE,paddler,NA,Colin Bridge Koenigsberg,Bridge Koenigsberg Colin,Naples,ME,USA,1,T,10641,NA
240399,2017,KENDUSKEAG,Downriver,Canoe,331,oc2mediumrec,14,TRUE,10641,491,366,263,29,96,14,79,kenduskeag,TRUE,paddler,steeleno01,Nolan Steele,Steele Nolan,Hope,ME,USA,1,T,10641,NA
258166,2019,KENDUSKEAG,Downriver,Unknown,32,open,12,TRUE,10650,495,128,12,12,128,12,12,kenduskeag2019,TRUE,paddler,NA,Henry Milligan,Milligan Henry,Ashland,ME,USA,1,T,10650,NA
258166,2019,KENDUSKEAG,Downriver,Unknown,32,open,12,TRUE,10650,495,128,12,12,128,12,12,kenduskeag2019,TRUE,paddler,NA,Chad Parizo,Parizo Chad,Palmyra,ME,USA,1,T,10650,NA
258166,2019,KENDUSKEAG,Downriver,Unknown,32,open,12,TRUE,10650,495,128,12,12,128,12,12,kenduskeag2019,TRUE,paddler,NA,James Parizo,Parizo James,Palmyra,ME,USA,1,T,10650,NA
527831,2025,KENDUSKEAG,Downriver,Canoe,224,oc2rec,5,TRUE,10652,497,369,266,13,28,5,18,kenduskeag,TRUE,paddler,NA,Brett Deyling,Deyling Brett,Livermore,ME,USA,NA,NA,NA,NA
527831,2025,KENDUSKEAG,Downriver,Canoe,224,oc2rec,5,TRUE,10652,497,369,266,13,28,5,18,kenduskeag,TRUE,paddler,NA,Jason Kenney,Kenney Jason,Hollis Center,ME,USA,NA,NA,NA,NA
249274,2018,KENDUSKEAG,Downriver,Canoe,20,open,5,TRUE,10654,499,371,268,27,86,5,66,kenduskeag,TRUE,paddler,NA,Cam Doughty,Doughty Cam,Bangor,ME,USA,1,T,10654,NA
249274,2018,KENDUSKEAG,Downriver,Canoe,20,open,5,TRUE,10654,499,371,268,27,86,5,66,kenduskeag,TRUE,paddler,NA,Aiden Mcdonough,Mcdonough Aiden,Bangor,ME,USA,1,T,10654,NA
249274,2018,KENDUSKEAG,Downriver,Canoe,20,open,5,TRUE,10654,499,371,268,27,86,5,66,kenduskeag,TRUE,paddler,mcdonobo01,Bob Mcdonough,Mcdonough Bob,Bangor,ME,USA,1,T,10654,NA
240279,2017,KENDUSKEAG,Downriver,Kayak,195,k1rec,3,TRUE,10657,500,372,96,11,97,3,18,kenduskeag,TRUE,paddler,lockele01,Lee Locke,Locke Lee,Norridgewock,ME,USA,1,T,10657,NA
258359,2019,KENDUSKEAG,Downriver,Canoe,298,oc2mediumrec,13,TRUE,10660,501,129,98,13,129,13,98,kenduskeag2019,TRUE,paddler,NA,Kelley Baickle,Baickle Kelley,Kingfield,ME,USA,1,T,10660,NA
258359,2019,KENDUSKEAG,Downriver,Canoe,298,oc2mediumrec,13,TRUE,10660,501,129,98,13,129,13,98,kenduskeag2019,TRUE,paddler,heldem01,Emmy Held,Held Emmy,Wiscasset,ME,USA,1,T,10660,NA
258205,2019,KENDUSKEAG,Downriver,Canoe,81,oc2short,7,TRUE,10664,502,130,99,7,130,7,99,kenduskeag2019,TRUE,paddler,NA,Peter Midura,Midura Peter,Orono,ME,USA,1,T,10664,NA
258205,2019,KENDUSKEAG,Downriver,Canoe,81,oc2short,7,TRUE,10664,502,130,99,7,130,7,99,kenduskeag2019,TRUE,paddler,NA,Richard Schoolcraft,Schoolcraft Richard,Agawam,MA,USA,1,T,10664,NA
240367,2017,KENDUSKEAG,Downriver,Canoe,298,oc2mixrec,9,TRUE,10664,503,373,269,28,98,9,80,kenduskeag,TRUE,paddler,NA,Lea Cassidy,Cassidy Lea,Orono,ME,USA,1,T,10664,NA
240367,2017,KENDUSKEAG,Downriver,Canoe,298,oc2mixrec,9,TRUE,10664,503,373,269,28,98,9,80,kenduskeag,TRUE,paddler,cassidth01,Thomas Cassidy,Cassidy Thomas,Orono,ME,USA,1,T,10664,NA
240366,2017,KENDUSKEAG,Downriver,Canoe,297,oc2mixrec,10,TRUE,10670,505,375,271,29,100,10,82,kenduskeag,TRUE,paddler,cassidda02,David Cassidy,Cassidy David,Portland,ME,USA,1,T,10670,NA
240366,2017,KENDUSKEAG,Downriver,Canoe,297,oc2mixrec,10,TRUE,10670,505,375,271,29,100,10,82,kenduskeag,TRUE,paddler,NA,Lisa Manning,Manning Lisa,Portland,ME,USA,1,T,10670,NA
527698,2025,KENDUSKEAG,Downriver,Kayak,84,k1short,2,TRUE,10679,506,376,97,31,30,2,9,kenduskeag,TRUE,paddler,baltesja01,Jay Baltes,Baltes Jay,Brunswick,ME,USA,NA,NA,NA,NA
249491,2018,KENDUSKEAG,Downriver,Canoe,288,oc2mediumrec,11,TRUE,10679,507,377,272,30,87,11,67,kenduskeag,TRUE,paddler,NA,Kevin Kotredes,Kotredes Kevin,Dedham,ME,USA,1,T,10679,NA
249491,2018,KENDUSKEAG,Downriver,Canoe,288,oc2mediumrec,11,TRUE,10679,507,377,272,30,87,11,67,kenduskeag,TRUE,paddler,NA,Tedd Kotredes,Kotredes Tedd,Ellsworth,ME,USA,1,T,10679,NA
527832,2025,KENDUSKEAG,Downriver,Canoe,233,oc2rec,6,TRUE,10681,508,378,273,14,31,6,20,kenduskeag,TRUE,paddler,NA,Michael Lowry,Lowry Michael,Surry,ME,USA,NA,NA,NA,NA
527832,2025,KENDUSKEAG,Downriver,Canoe,233,oc2rec,6,TRUE,10681,508,378,273,14,31,6,20,kenduskeag,TRUE,paddler,NA,M Beau Parker,Parker M Beau,Sorrento,ME,USA,NA,NA,NA,NA
249530,2018,KENDUSKEAG,Downriver,Canoe,336,oc2shortrec,4,TRUE,10690,511,380,275,14,88,4,68,kenduskeag,TRUE,paddler,NA,Benjamin Burke,Burke Benjamin,Littleton,CO,USA,1,T,10690,NA
249530,2018,KENDUSKEAG,Downriver,Canoe,336,oc2shortrec,4,TRUE,10690,511,380,275,14,88,4,68,kenduskeag,TRUE,paddler,NA,Dainel Burke,Burke Dainel,Bangor,ME,USA,1,T,10690,NA
229460,2016,KENDUSKEAG,Downriver,Kayak,129,k1short,2,TRUE,10696,513,382,98,32,21,2,7,kenduskeag,TRUE,paddler,baumerda01,Daniel Baumert,Baumert Daniel,Levant,ME,USA,1,T,10696,NA
229455,2016,KENDUSKEAG,Downriver,Kayak,123,k1short,3,TRUE,10701,514,383,99,33,22,3,8,kenduskeag,TRUE,paddler,NA,Chad Robertson,Robertson Chad,Madison,ME,USA,1,T,10701,NA
229573,2016,KENDUSKEAG,Downriver,Canoe,258,oc2mixrec,1,TRUE,10714,517,386,279,30,24,1,16,kenduskeag,TRUE,paddler,NA,Andrea Oldenburg,Oldenburg Andrea,Bangor,ME,USA,1,T,10714,NA
229573,2016,KENDUSKEAG,Downriver,Canoe,258,oc2mixrec,1,TRUE,10714,517,386,279,30,24,1,16,kenduskeag,TRUE,paddler,NA,Parke Oldenburg,Oldenburg Parke,Bangor,ME,USA,1,T,10714,NA
358687,2022,KENDUSKEAG,Downriver,Canoe,230,oc2shortrec,7,TRUE,10719,520,388,281,15,42,7,29,kenduskeag,TRUE,paddler,NA,Jon Thurston,Thurston Jon,Searsmont,ME,USA,NA,NA,NA,NA
358687,2022,KENDUSKEAG,Downriver,Canoe,230,oc2shortrec,7,TRUE,10719,520,388,281,15,42,7,29,kenduskeag,TRUE,paddler,widmergl01,Glen Widmer,Widmer Glen,Montville,ME,USA,NA,NA,NA,NA
527669,2025,KENDUSKEAG,Downriver,Canoe,57,oc2short,4,TRUE,10725,522,390,283,18,33,4,22,kenduskeag,TRUE,paddler,NA,Anthony Caruso,Caruso Anthony,Warner,NH,USA,NA,NA,NA,NA
527669,2025,KENDUSKEAG,Downriver,Canoe,57,oc2short,4,TRUE,10725,522,390,283,18,33,4,22,kenduskeag,TRUE,paddler,NA,Adam Merkwan,Merkwan Adam,Center Harbor,NH,USA,NA,NA,NA,NA
258307,2019,KENDUSKEAG,Downriver,Canoe,234,oc2mixrec,11,TRUE,10726,523,133,102,11,133,11,102,kenduskeag2019,TRUE,paddler,NA,Julianne Page,Page Julianne,Portland,ME,USA,1,T,10726,NA
258307,2019,KENDUSKEAG,Downriver,Canoe,234,oc2mixrec,11,TRUE,10726,523,133,102,11,133,11,102,kenduskeag2019,TRUE,paddler,NA,Kevin Trainor,Trainor Kevin,Portland,ME,USA,1,T,10726,NA
229575,2016,KENDUSKEAG,Downriver,Canoe,261,oc2mixrec,2,TRUE,10729,524,391,284,31,25,2,17,kenduskeag,TRUE,paddler,NA,Katherine Hessler,Hessler Katherine,Ellsworth,ME,USA,1,T,10729,NA
229575,2016,KENDUSKEAG,Downriver,Canoe,261,oc2mixrec,2,TRUE,10729,524,391,284,31,25,2,17,kenduskeag,TRUE,paddler,hesslero01,Robert Hessler,Hessler Robert,Ellsworth,ME,USA,1,T,10729,NA
258258,2019,KENDUSKEAG,Downriver,Kayak,163,k1rec,3,TRUE,10729,525,134,20,3,134,3,20,kenduskeag2019,TRUE,paddler,NA,Nathan Faessler,Faessler Nathan,Bangor,ME,USA,1,T,10729,NA
527833,2025,KENDUSKEAG,Downriver,Canoe,235,oc2rec,7,TRUE,10738,528,394,287,15,34,7,23,kenduskeag,TRUE,paddler,NA,Grady Hogan,Hogan Grady,Portland,ME,USA,NA,NA,NA,NA
527833,2025,KENDUSKEAG,Downriver,Canoe,235,oc2rec,7,TRUE,10738,528,394,287,15,34,7,23,kenduskeag,TRUE,paddler,NA,Andrew Snieckus,Snieckus Andrew,Portland,ME,USA,NA,NA,NA,NA
358756,2022,KENDUSKEAG,Downriver,Canoe,317,oc2hs,2,TRUE,10744,531,396,289,11,43,2,30,kenduskeag,TRUE,paddler,NA,Carly Hayward,Hayward Carly,Kenduskeag,ME,USA,NA,NA,NA,NA
358756,2022,KENDUSKEAG,Downriver,Canoe,317,oc2hs,2,TRUE,10744,531,396,289,11,43,2,30,kenduskeag,TRUE,paddler,NA,Samuel Jenkins,Jenkins Samuel,Kenduskeag,ME,USA,NA,NA,NA,NA
240347,2017,KENDUSKEAG,Downriver,Canoe,276,oc2mixrec,11,TRUE,10745,532,397,290,32,102,11,84,kenduskeag,TRUE,paddler,whitemo01,Molly White,White Molly,Skowhegan,ME,USA,1,T,10745,NA
240347,2017,KENDUSKEAG,Downriver,Canoe,276,oc2mixrec,11,TRUE,10745,532,397,290,32,102,11,84,kenduskeag,TRUE,paddler,whiteta01,Tanner White,White Tanner,Baileyville,ME,USA,1,T,10745,NA
527834,2025,KENDUSKEAG,Downriver,Canoe,232,oc2rec,8,TRUE,10747,534,399,291,16,35,8,24,kenduskeag,TRUE,paddler,NA,Todd Halligan,Halligan Todd,Brunswick,ME,USA,NA,NA,NA,NA
527834,2025,KENDUSKEAG,Downriver,Canoe,232,oc2rec,8,TRUE,10747,534,399,291,16,35,8,24,kenduskeag,TRUE,paddler,NA,Nick Mangino,Mangino Nick,Guilford,ME,USA,NA,NA,NA,NA
240365,2017,KENDUSKEAG,Downriver,Canoe,296,oc2mixrec,12,TRUE,10750,536,401,293,33,103,12,85,kenduskeag,TRUE,paddler,cassidda01,Dan Cassidy,Cassidy Dan,Bangor,ME,USA,1,T,10750,NA
240365,2017,KENDUSKEAG,Downriver,Canoe,296,oc2mixrec,12,TRUE,10750,536,401,293,33,103,12,85,kenduskeag,TRUE,paddler,NA,Amy VanKirk,VanKirk Amy,Veazie,ME,USA,1,T,10750,NA
358607,2022,KENDUSKEAG,Downriver,Canoe,171,oc2mixrec,6,TRUE,10752,537,402,294,34,44,6,31,kenduskeag,TRUE,paddler,NA,Elizabeth Allan,Allan Elizabeth,Orono,ME,USA,NA,NA,NA,NA
358607,2022,KENDUSKEAG,Downriver,Canoe,171,oc2mixrec,6,TRUE,10752,537,402,294,34,44,6,31,kenduskeag,TRUE,paddler,NA,Brian Rahill,Rahill Brian,Orono,ME,USA,NA,NA,NA,NA
219779,2015,KENDUSKEAG,Downriver,Canoe,244,oc2mediumrec,6,TRUE,10755,539,404,296,31,61,6,44,kenduskeag,TRUE,paddler,stolljo01,Josh Stoll,Stoll Josh,Lamoine,ME,USA,1,T,10755,NA
219779,2015,KENDUSKEAG,Downriver,Canoe,244,oc2mediumrec,6,TRUE,10755,539,404,296,31,61,6,44,kenduskeag,TRUE,paddler,wallsbr01,Brian Walls,Walls Brian,Lamoine,ME,USA,1,T,10755,NA
424090,2023,KENDUSKEAG,Downriver,Canoe,168,oc2rec,4,TRUE,10755,540,405,297,17,32,4,18,kenduskeag,TRUE,paddler,NA,Jon Keating,Keating Jon,Auburn,ME,USA,NA,NA,NA,NA
424090,2023,KENDUSKEAG,Downriver,Canoe,168,oc2rec,4,TRUE,10755,540,405,297,17,32,4,18,kenduskeag,TRUE,paddler,walshma01,Matt Walsh,Walsh Matt,Greene,ME,USA,NA,NA,NA,NA
258237,2019,KENDUSKEAG,Downriver,Kayak,127,k1short,7,TRUE,10766,542,136,21,7,136,7,21,kenduskeag2019,TRUE,paddler,maresch01,Chris Mares,Mares Chris,Orono,ME,USA,1,T,10766,NA
424052,2023,KENDUSKEAG,Downriver,Canoe,147,oc2mixrec,3,TRUE,10768,543,407,299,35,33,3,19,kenduskeag,TRUE,paddler,NA,Elizabeth Allan,Allan Elizabeth,Orono,ME,USA,NA,NA,NA,NA
424052,2023,KENDUSKEAG,Downriver,Canoe,147,oc2mixrec,3,TRUE,10768,543,407,299,35,33,3,19,kenduskeag,TRUE,paddler,NA,Brian Rahill,Rahill Brian,Orono,ME,USA,NA,NA,NA,NA
240150,2017,KENDUSKEAG,Downriver,Canoe,16,oc2mixrec,13,TRUE,10770,544,408,300,36,105,13,87,kenduskeag,TRUE,paddler,NA,Robert Herrick,Herrick Robert,Bath,ME,USA,1,T,10770,NA
240150,2017,KENDUSKEAG,Downriver,Canoe,16,oc2mixrec,13,TRUE,10770,544,408,300,36,105,13,87,kenduskeag,TRUE,paddler,NA,Laura Morin,Morin Laura,Biddeford,ME,USA,1,T,10770,NA
240408,2017,KENDUSKEAG,Downriver,Canoe,341,oc2mediumrec,15,TRUE,10773,546,409,301,32,106,15,88,kenduskeag,TRUE,paddler,NA,Daniel Monahan,Monahan Daniel,Aurora,ME,USA,1,T,10773,NA
240408,2017,KENDUSKEAG,Downriver,Canoe,341,oc2mediumrec,15,TRUE,10773,546,409,301,32,106,15,88,kenduskeag,TRUE,paddler,NA,Lance Parke,Parke Lance,Aurora,ME,USA,1,T,10773,NA
229353,2016,KENDUSKEAG,Downriver,Canoe,11,open,3,TRUE,10776,547,410,302,28,28,3,20,kenduskeag,TRUE,paddler,loringch01,Chip Loring,Loring Chip,Old Town,ME,USA,1,T,10776,NA
229353,2016,KENDUSKEAG,Downriver,Canoe,11,open,3,TRUE,10776,547,410,302,28,28,3,20,kenduskeag,TRUE,paddler,scheerti01,Tina Scheer,Scheer Tina,Ellsworth,ME,USA,1,T,10776,NA
229353,2016,KENDUSKEAG,Downriver,Canoe,11,open,3,TRUE,10776,547,410,302,28,28,3,20,kenduskeag,TRUE,paddler,thebauan01,Ander Thebaud,Thebaud Ander,Mount Desert,ME,USA,1,T,10776,NA
229353,2016,KENDUSKEAG,Downriver,Canoe,11,open,3,TRUE,10776,547,410,302,28,28,3,20,kenduskeag,TRUE,paddler,wescotte01,Terry Wescott,Wescott Terry,Thorndike,ME,USA,1,T,10776,NA
240384,2017,KENDUSKEAG,Downriver,Canoe,316,oc2mediumrec,16,TRUE,10804,549,412,304,33,107,16,89,kenduskeag,TRUE,paddler,NA,Tommy Parham,Parham Tommy,Lamoine,ME,USA,1,T,10804,NA
240384,2017,KENDUSKEAG,Downriver,Canoe,316,oc2mediumrec,16,TRUE,10804,549,412,304,33,107,16,89,kenduskeag,TRUE,paddler,NA,Nicolas Tymoczko,Tymoczko Nicolas,Bar Harbor,ME,USA,1,T,10804,NA
358757,2022,KENDUSKEAG,Downriver,Canoe,318,oc2hs,3,TRUE,10807,550,413,305,12,45,3,32,kenduskeag,TRUE,paddler,drinkeda01,Daisy Drinkert,Drinkert Daisy,Orono,ME,USA,NA,NA,NA,NA
358757,2022,KENDUSKEAG,Downriver,Canoe,318,oc2hs,3,TRUE,10807,550,413,305,12,45,3,32,kenduskeag,TRUE,paddler,drinkery01,Ryder Drinkert,Drinkert Ryder,Orono,ME,USA,NA,NA,NA,NA
527699,2025,KENDUSKEAG,Downriver,Kayak,369,k1short,3,TRUE,10808,552,415,101,34,36,3,10,kenduskeag,TRUE,paddler,baumerda01,Daniel Baumert,Baumert Daniel,Levant,ME,USA,NA,NA,NA,NA
358608,2022,KENDUSKEAG,Downriver,Canoe,179,oc2mixrec,7,TRUE,10816,556,419,310,37,46,7,33,kenduskeag,TRUE,paddler,deabaytr01,Travis Deabay,Deabay Travis,Bangor,ME,USA,NA,NA,NA,NA
358608,2022,KENDUSKEAG,Downriver,Canoe,179,oc2mixrec,7,TRUE,10816,556,419,310,37,46,7,33,kenduskeag,TRUE,paddler,guyro01,Rose Guy,Guy Rose,Medway,ME,USA,NA,NA,NA,NA
424123,2023,KENDUSKEAG,Downriver,Canoe,198,oc2shortrec,3,TRUE,10817,557,420,311,16,34,3,20,kenduskeag,TRUE,paddler,NA,Ben Cobb,Cobb Ben,Saco,ME,USA,NA,NA,NA,NA
424123,2023,KENDUSKEAG,Downriver,Canoe,198,oc2shortrec,3,TRUE,10817,557,420,311,16,34,3,20,kenduskeag,TRUE,paddler,NA,Randall Cobb,Cobb Randall,Saco,ME,USA,NA,NA,NA,NA
527670,2025,KENDUSKEAG,Downriver,Canoe,52,oc2short,5,TRUE,10820,558,421,312,19,38,5,26,kenduskeag,TRUE,paddler,NA,Matt Dzaugis,Dzaugis Matt,Portland,ME,USA,NA,NA,NA,NA
527670,2025,KENDUSKEAG,Downriver,Canoe,52,oc2short,5,TRUE,10820,558,421,312,19,38,5,26,kenduskeag,TRUE,paddler,NA,Ian Hughes,Hughes Ian,New Portland,ME,USA,NA,NA,NA,NA
258336,2019,KENDUSKEAG,Downriver,Canoe,271,oc2mediumrec,14,TRUE,10821,559,138,105,14,138,14,105,kenduskeag2019,TRUE,paddler,NA,Milly Detels,Detels Milly,Lewiston,ME,USA,1,T,10821,NA
258336,2019,KENDUSKEAG,Downriver,Canoe,271,oc2mediumrec,14,TRUE,10821,559,138,105,14,138,14,105,kenduskeag2019,TRUE,paddler,NA,Cecilia Gichner,Gichner Cecilia,Lewiston,ME,USA,1,T,10821,NA
240520,2017,KENDUSKEAG,Downriver,Canoe,482,oc2mediumrec,17,TRUE,10825,561,423,314,34,109,17,91,kenduskeag,TRUE,paddler,NA,Brian Taylor,Taylor Brian,Freeport,ME,USA,1,T,10825,NA
240520,2017,KENDUSKEAG,Downriver,Canoe,482,oc2mediumrec,17,TRUE,10825,561,423,314,34,109,17,91,kenduskeag,TRUE,paddler,NA,Stephen Taylor,Taylor Stephen,Freeport,ME,USA,1,T,10825,NA
358688,2022,KENDUSKEAG,Downriver,Canoe,260,oc2shortrec,8,TRUE,10827,562,424,315,17,47,8,34,kenduskeag,TRUE,paddler,bambrini01,Nick Bambrick,Bambrick Nick,Levant,ME,USA,NA,NA,NA,NA
358688,2022,KENDUSKEAG,Downriver,Canoe,260,oc2shortrec,8,TRUE,10827,562,424,315,17,47,8,34,kenduskeag,TRUE,paddler,NA,Eddie Hatch,Hatch Eddie,Hermon,ME,USA,NA,NA,NA,NA
258385,2019,KENDUSKEAG,Downriver,Canoe,332,oc2shortrec,13,TRUE,10827,563,139,106,13,139,13,106,kenduskeag2019,TRUE,paddler,NA,Nic Dubois,Dubois Nic,Kansas City,MO,USA,1,T,10827,NA
258385,2019,KENDUSKEAG,Downriver,Canoe,332,oc2shortrec,13,TRUE,10827,563,139,106,13,139,13,106,kenduskeag2019,TRUE,paddler,NA,Paul Roy,Roy Paul,Sidney,ME,USA,1,T,10827,NA
229452,2016,KENDUSKEAG,Downriver,Kayak,119,k1short,4,TRUE,10836,567,428,102,35,32,4,9,kenduskeag,TRUE,paddler,bamforma01,Mark Bamford,Bamford Mark,Bucksport,ME,USA,1,T,10836,NA
424053,2023,KENDUSKEAG,Downriver,Canoe,142,oc2mixrec,4,TRUE,10852,569,430,320,38,35,4,21,kenduskeag,TRUE,paddler,NA,Murphy Doughty,Doughty Murphy,Portland,ME,USA,NA,NA,NA,NA
424053,2023,KENDUSKEAG,Downriver,Canoe,142,oc2mixrec,4,TRUE,10852,569,430,320,38,35,4,21,kenduskeag,TRUE,paddler,NA,Saisie Moore,Moore Saisie,Portland,ME,USA,NA,NA,NA,NA
423984,2023,KENDUSKEAG,Downriver,Kayak,80,k1short,6,TRUE,10854,571,432,103,36,36,6,12,kenduskeag,TRUE,paddler,baumerda01,Daniel Baumert,Baumert Daniel,Levant,ME,USA,NA,NA,NA,NA
240375,2017,KENDUSKEAG,Downriver,Canoe,307,oc2mediumrec,18,TRUE,10856,573,434,323,35,111,18,93,kenduskeag,TRUE,paddler,NA,Josh Carter,Carter Josh,Portland,ME,USA,1,T,10856,NA
240375,2017,KENDUSKEAG,Downriver,Canoe,307,oc2mediumrec,18,TRUE,10856,573,434,323,35,111,18,93,kenduskeag,TRUE,paddler,NA,Adam Montgomery,Montgomery Adam,Portland,ME,USA,1,T,10856,NA
240265,2017,KENDUSKEAG,Downriver,Kayak,166,k1short,9,TRUE,10861,574,435,104,37,112,9,19,kenduskeag,TRUE,paddler,NA,Klaus Meinhof,Meinhof Klaus,Bangor,ME,USA,1,T,10861,NA
229583,2016,KENDUSKEAG,Downriver,Canoe,269,oc2mixrec,3,TRUE,10869,577,438,326,39,34,3,25,kenduskeag,TRUE,paddler,conleyda01,Dave Conley,Conley Dave,Danforth,ME,USA,1,T,10869,NA
229583,2016,KENDUSKEAG,Downriver,Canoe,269,oc2mixrec,3,TRUE,10869,577,438,326,39,34,3,25,kenduskeag,TRUE,paddler,matulata01,Tammi Matula,Matula Tammi,Danforth,ME,USA,1,T,10869,NA
240468,2017,KENDUSKEAG,Downriver,Canoe,414,oc2shortbeg,1,TRUE,10877,580,441,329,2,114,1,95,kenduskeag,TRUE,paddler,NA,Edward Hughes,Hughes Edward,Brunswick,ME,USA,1,T,10877,NA
240468,2017,KENDUSKEAG,Downriver,Canoe,414,oc2shortbeg,1,TRUE,10877,580,441,329,2,114,1,95,kenduskeag,TRUE,paddler,NA,Charles Rackley,Rackley Charles,Bowdoin,ME,USA,1,T,10877,NA
358734,2022,KENDUSKEAG,Downriver,Canoe,336,oc2shortbeg,1,TRUE,10880,581,442,330,3,49,1,36,kenduskeag,TRUE,paddler,NA,Christoper Nye,Nye Christoper,Winthrop,ME,USA,NA,NA,NA,NA
358734,2022,KENDUSKEAG,Downriver,Canoe,336,oc2shortbeg,1,TRUE,10880,581,442,330,3,49,1,36,kenduskeag,TRUE,paddler,whitema01,David White,White David,Levant,ME,USA,NA,NA,NA,NA
240394,2017,KENDUSKEAG,Downriver,Canoe,326,oc2mediumrec,19,TRUE,10888,582,443,331,36,115,19,96,kenduskeag,TRUE,paddler,NA,Mark Landry,Landry Mark,New Gloucester,ME,USA,1,T,10888,NA
240394,2017,KENDUSKEAG,Downriver,Canoe,326,oc2mediumrec,19,TRUE,10888,582,443,331,36,115,19,96,kenduskeag,TRUE,paddler,NA,Chris Sweet,Sweet Chris,New Gloucester,ME,USA,1,T,10888,NA
229568,2016,KENDUSKEAG,Downriver,Canoe,253,oc2mixrec,4,TRUE,10888,583,444,332,40,35,4,26,kenduskeag,TRUE,paddler,hempenly01,Lynn Hempen,Hempen Lynn,Bangor,ME,USA,1,T,10888,NA
229568,2016,KENDUSKEAG,Downriver,Canoe,253,oc2mixrec,4,TRUE,10888,583,444,332,40,35,4,26,kenduskeag,TRUE,paddler,nelsonsc01,Scott Nelson,Nelson Scott,Bangor,ME,USA,1,T,10888,NA
240400,2017,KENDUSKEAG,Downriver,Canoe,332,oc2mediumrec,20,TRUE,10890,585,446,334,37,116,20,97,kenduskeag,TRUE,paddler,NA,Travis Chappelle,Chappelle Travis,Brunswick,ME,USA,1,T,10890,NA
240400,2017,KENDUSKEAG,Downriver,Canoe,332,oc2mediumrec,20,TRUE,10890,585,446,334,37,116,20,97,kenduskeag,TRUE,paddler,NA,Silas Fitzgerald,Fitzgerald Silas,Old Town,ME,USA,1,T,10890,NA
249271,2018,KENDUSKEAG,Downriver,Canoe,15,open,6,TRUE,10897,586,447,335,29,92,6,72,kenduskeag,TRUE,paddler,NA,Mike Desgrosseiliers,Desgrosseiliers Mike,Orono,ME,USA,1,T,10897,NA
249271,2018,KENDUSKEAG,Downriver,Canoe,15,open,6,TRUE,10897,586,447,335,29,92,6,72,kenduskeag,TRUE,paddler,whitemo01,Molly White,White Molly,Skowhegan,ME,USA,1,T,10897,NA
249271,2018,KENDUSKEAG,Downriver,Canoe,15,open,6,TRUE,10897,586,447,335,29,92,6,72,kenduskeag,TRUE,paddler,whiteta01,Tanner White,White Tanner,Baileyville,ME,USA,1,T,10897,NA
258344,2019,KENDUSKEAG,Downriver,Canoe,281,oc2mediumrec,15,TRUE,10905,587,140,107,15,140,15,107,kenduskeag2019,TRUE,paddler,NA,Matthew Stratton,Stratton Matthew,Florence,MA,USA,1,T,10905,NA
258344,2019,KENDUSKEAG,Downriver,Canoe,281,oc2mediumrec,15,TRUE,10905,587,140,107,15,140,15,107,kenduskeag2019,TRUE,paddler,NA,Winfield Stratton,Stratton Winfield,Standish,ME,USA,1,T,10905,NA
258310,2019,KENDUSKEAG,Downriver,Canoe,237,oc2mixrec,12,TRUE,10918,591,141,108,12,141,12,108,kenduskeag2019,TRUE,paddler,NA,Neil Jones,Jones Neil,Bangor,ME,USA,1,T,10918,NA
258310,2019,KENDUSKEAG,Downriver,Canoe,237,oc2mixrec,12,TRUE,10918,591,141,108,12,141,12,108,kenduskeag2019,TRUE,paddler,NA,Pattie Jones,Jones Pattie,Bangor,ME,USA,1,T,10918,NA
240258,2017,KENDUSKEAG,Downriver,Kayak,159,k1short,10,TRUE,10923,593,452,107,38,117,10,20,kenduskeag,TRUE,paddler,kallocli01,Liam Kalloch,Kalloch Liam,South Portland,ME,USA,1,T,10923,NA
527835,2025,KENDUSKEAG,Downriver,Canoe,218,oc2rec,9,TRUE,10923,594,453,338,18,40,9,28,kenduskeag,TRUE,paddler,NA,Matt Broughton,Broughton Matt,Solon,ME,USA,NA,NA,NA,NA
527835,2025,KENDUSKEAG,Downriver,Canoe,218,oc2rec,9,TRUE,10923,594,453,338,18,40,9,28,kenduskeag,TRUE,paddler,broughol01,Oliver Broughton,Broughton Oliver,Solon,ME,USA,NA,NA,NA,NA
249522,2018,KENDUSKEAG,Downriver,Canoe,327,oc2shortrec,5,TRUE,10924,595,454,339,18,93,5,73,kenduskeag,TRUE,paddler,NA,David Kerns,Kerns David,Ellsworth,ME,USA,1,T,10924,NA
249522,2018,KENDUSKEAG,Downriver,Canoe,327,oc2shortrec,5,TRUE,10924,595,454,339,18,93,5,73,kenduskeag,TRUE,paddler,NA,Eric McLaughlin,McLaughlin Eric,Hancock,ME,USA,1,T,10924,NA
219693,2015,KENDUSKEAG,Downriver,Kayak,135,k1rec,3,TRUE,10926,596,455,108,12,66,3,18,kenduskeag,TRUE,paddler,shortth01,Thomas Short,Short Thomas,Saint Albans,ME,USA,1,T,10926,NA
358538,2022,KENDUSKEAG,Downriver,Kayak,90,k1short,4,TRUE,10926,597,456,109,39,50,4,12,kenduskeag,TRUE,paddler,baltesja01,Jay Baltes,Baltes Jay,Brunswick,ME,USA,NA,NA,NA,NA
423949,2023,KENDUSKEAG,Downriver,Canoe,298,oc2short,1,TRUE,10936,600,459,342,20,40,1,25,kenduskeag,TRUE,paddler,NA,Sarah Dellaratta,Dellaratta Sarah,Orono,ME,USA,NA,NA,NA,NA
423949,2023,KENDUSKEAG,Downriver,Canoe,298,oc2short,1,TRUE,10936,600,459,342,20,40,1,25,kenduskeag,TRUE,paddler,NA,Alexander Introne,Introne Alexander,Orono,ME,USA,NA,NA,NA,NA
249575,2018,KENDUSKEAG,Downriver,Canoe,389,oc2shortbeg,1,TRUE,10938,601,460,343,4,94,1,74,kenduskeag,TRUE,paddler,NA,Thom Klepach,Klepach Thom,Waterville,ME,USA,1,T,10938,NA
249575,2018,KENDUSKEAG,Downriver,Canoe,389,oc2shortbeg,1,TRUE,10938,601,460,343,4,94,1,74,kenduskeag,TRUE,paddler,NA,Benjamin Neal,Neal Benjamin,Boothbay Harbor,ME,USA,1,T,10938,NA
424200,2023,KENDUSKEAG,Downriver,Canoe,263,oc2hs,2,TRUE,10944,604,462,345,13,41,2,26,kenduskeag,TRUE,paddler,NA,Nicholas Cavalieri,Cavalieri Nicholas,Orono,ME,USA,NA,NA,NA,NA
424200,2023,KENDUSKEAG,Downriver,Canoe,263,oc2hs,2,TRUE,10944,604,462,345,13,41,2,26,kenduskeag,TRUE,paddler,NA,Mason Moore,Moore Mason,Orono,ME,USA,NA,NA,NA,NA
258352,2019,KENDUSKEAG,Downriver,Canoe,290,oc2mediumrec,16,TRUE,10946,607,143,110,16,143,16,110,kenduskeag2019,TRUE,paddler,NA,Todd Daloz,Daloz Todd,Middlesex,VT,USA,1,T,10946,NA
258352,2019,KENDUSKEAG,Downriver,Canoe,290,oc2mediumrec,16,TRUE,10946,607,143,110,16,143,16,110,kenduskeag2019,TRUE,paddler,NA,Tim Waring,Waring Tim,Orono,ME,USA,1,T,10946,NA
358466,2022,KENDUSKEAG,Downriver,Unknown,15,open,3,TRUE,10946,608,465,9,30,51,3,3,kenduskeag,TRUE,paddler,brooksra01,Rachel Brooks,Brooks Rachel,Clifton,ME,USA,NA,NA,NA,NA
358466,2022,KENDUSKEAG,Downriver,Unknown,15,open,3,TRUE,10946,608,465,9,30,51,3,3,kenduskeag,TRUE,paddler,brooksti01,Tim Brooks,Brooks Tim,Bangor,ME,USA,NA,NA,NA,NA
358466,2022,KENDUSKEAG,Downriver,Unknown,15,open,3,TRUE,10946,608,465,9,30,51,3,3,kenduskeag,TRUE,paddler,NA,Joanna Howell,Howell Joanna,Bangor,ME,USA,NA,NA,NA,NA
358643,2022,KENDUSKEAG,Downriver,Canoe,341,oc2rec,6,TRUE,10946,609,466,347,19,52,6,37,kenduskeag,TRUE,paddler,maguirse01,Sean Maguire,Maguire Sean,Augusta,ME,USA,NA,NA,NA,NA
358643,2022,KENDUSKEAG,Downriver,Canoe,341,oc2rec,6,TRUE,10946,609,466,347,19,52,6,37,kenduskeag,TRUE,paddler,whittijo01,John Whittier,Whittier John,Camden,ME,USA,NA,NA,NA,NA
479135,2024,KENDUSKEAG,Downriver,Canoe,184,oc2rec,1,TRUE,10955,611,468,349,20,14,1,7,kenduskeag,TRUE,paddler,NA,Brian Studiale,Studiale Brian,Dixmont,ME,USA,NA,NA,NA,NA
479135,2024,KENDUSKEAG,Downriver,Canoe,184,oc2rec,1,TRUE,10955,611,468,349,20,14,1,7,kenduskeag,TRUE,paddler,NA,James Studiale,Studiale James,Dixmont,ME,USA,NA,NA,NA,NA
527700,2025,KENDUSKEAG,Downriver,Kayak,85,k1short,4,TRUE,10970,614,470,112,40,43,4,12,kenduskeag,TRUE,paddler,bamforma01,Mark Bamford,Bamford Mark,Bucksport,ME,USA,NA,NA,NA,NA
219600,2015,KENDUSKEAG,Downriver,Canoe,20,open,6,TRUE,10983,617,473,352,31,69,6,50,kenduskeag,TRUE,paddler,NA,Aaron Brignull,Brignull Aaron,Kennebunk,ME,USA,1,T,10983,NA
219600,2015,KENDUSKEAG,Downriver,Canoe,20,open,6,TRUE,10983,617,473,352,31,69,6,50,kenduskeag,TRUE,paddler,NA,Ronan McLoughlin,McLoughlin Ronan,Kennebunk,ME,USA,1,T,10983,NA
219600,2015,KENDUSKEAG,Downriver,Canoe,20,open,6,TRUE,10983,617,473,352,31,69,6,50,kenduskeag,TRUE,paddler,NA,Geoffrey Slack,Slack Geoffrey,Kennebunk,ME,USA,1,T,10983,NA
219586,2015,KENDUSKEAG,Downriver,Canoe,3,open,7,TRUE,10994,619,475,353,32,70,7,51,kenduskeag,TRUE,paddler,boyingda01,Daryl Boyington,Boyington Daryl,Hampden,ME,USA,1,T,10994,NA
219586,2015,KENDUSKEAG,Downriver,Canoe,3,open,7,TRUE,10994,619,475,353,32,70,7,51,kenduskeag,TRUE,paddler,NA,Jed Boyington,Boyington Jed,Hampden,ME,USA,1,T,10994,NA
219586,2015,KENDUSKEAG,Downriver,Canoe,3,open,7,TRUE,10994,619,475,353,32,70,7,51,kenduskeag,TRUE,paddler,doucetla01,Larry Doucette,Doucette Larry,Hampden,ME,USA,1,T,10994,NA
219586,2015,KENDUSKEAG,Downriver,Canoe,3,open,7,TRUE,10994,619,475,353,32,70,7,51,kenduskeag,TRUE,paddler,pelletda02,Dan Pelletier,Pelletier Dan,Hampden,ME,USA,1,T,10994,NA
479109,2024,KENDUSKEAG,Downriver,Canoe,401,oc2mixrec,1,TRUE,10995,620,476,354,41,15,1,8,kenduskeag,TRUE,paddler,NA,Nicole Grohowski,Grohowski Nicole,Ellsworth,ME,USA,NA,NA,NA,NA
479109,2024,KENDUSKEAG,Downriver,Canoe,401,oc2mixrec,1,TRUE,10995,620,476,354,41,15,1,8,kenduskeag,TRUE,paddler,pollocno01,Noah Pollock,Pollock Noah,Oakland,ME,USA,NA,NA,NA,NA
479136,2024,KENDUSKEAG,Downriver,Canoe,209,oc2rec,2,TRUE,10999,622,478,356,21,16,2,9,kenduskeag,TRUE,paddler,NA,Davis Asherman,Asherman Davis,Eddington,ME,USA,NA,NA,NA,NA
479136,2024,KENDUSKEAG,Downriver,Canoe,209,oc2rec,2,TRUE,10999,622,478,356,21,16,2,9,kenduskeag,TRUE,paddler,NA,Everet Varney,Varney Everet,Turner,ME,USA,NA,NA,NA,NA
249506,2018,KENDUSKEAG,Downriver,Canoe,309,oc2mediumrec,12,TRUE,10999,623,479,357,38,97,12,77,kenduskeag,TRUE,paddler,NA,Ryan Hanscom,Hanscom Ryan,Orono,ME,USA,1,T,10999,NA
249506,2018,KENDUSKEAG,Downriver,Canoe,309,oc2mediumrec,12,TRUE,10999,623,479,357,38,97,12,77,kenduskeag,TRUE,paddler,NA,Brian Tyne,Tyne Brian,Orono,ME,USA,1,T,10999,NA
219670,2015,KENDUSKEAG,Downriver,Kayak,100,k1short,7,TRUE,11000,624,480,114,41,71,7,20,kenduskeag,TRUE,paddler,NA,Jerry Harriman,Harriman Jerry,Stetson,ME,USA,1,T,11000,NA
358689,2022,KENDUSKEAG,Downriver,Canoe,245,oc2shortrec,9,TRUE,11002,626,481,358,19,53,9,38,kenduskeag,TRUE,paddler,hwalekjo01,John Hwalek,Hwalek John,Kittery,ME,USA,NA,NA,NA,NA
358689,2022,KENDUSKEAG,Downriver,Canoe,245,oc2shortrec,9,TRUE,11002,626,481,358,19,53,9,38,kenduskeag,TRUE,paddler,NA,Lucas Mathers,Mathers Lucas,Kittery,ME,USA,NA,NA,NA,NA
219603,2015,KENDUSKEAG,Downriver,Canoe,23,open,8,TRUE,11003,627,482,359,33,72,8,52,kenduskeag,TRUE,paddler,NA,Jacob Applebee,Applebee Jacob,Hermon,ME,USA,1,T,11003,NA
219603,2015,KENDUSKEAG,Downriver,Canoe,23,open,8,TRUE,11003,627,482,359,33,72,8,52,kenduskeag,TRUE,paddler,NA,Matt Blackmer,Blackmer Matt,Bangor,ME,USA,1,T,11003,NA
219603,2015,KENDUSKEAG,Downriver,Canoe,23,open,8,TRUE,11003,627,482,359,33,72,8,52,kenduskeag,TRUE,paddler,kelleyty01,Tyler Kelley,Kelley Tyler,Bangor,ME,USA,1,T,11003,NA
249600,2018,KENDUSKEAG,Downriver,Canoe,419,oc2hs,6,TRUE,11008,628,483,360,14,98,6,78,kenduskeag,TRUE,paddler,omallecl01,Cliodhna Omalley,Omalley Cliodhna,Orono,ME,USA,1,T,11008,NA
249600,2018,KENDUSKEAG,Downriver,Canoe,419,oc2hs,6,TRUE,11008,628,483,360,14,98,6,78,kenduskeag,TRUE,paddler,powerco01,Cooper Power,Power Cooper,Orono,ME,USA,1,T,11008,NA
358501,2022,KENDUSKEAG,Downriver,Canoe,361,oc2short,1,TRUE,11010,630,485,362,21,54,1,39,kenduskeag,TRUE,paddler,NA,William Bishop,Bishop William,Plymouth,ME,USA,NA,NA,NA,NA
358501,2022,KENDUSKEAG,Downriver,Canoe,361,oc2short,1,TRUE,11010,630,485,362,21,54,1,39,kenduskeag,TRUE,paddler,NA,Chris Smith,Smith Chris,Stetson,ME,USA,NA,NA,NA,NA
258379,2019,KENDUSKEAG,Downriver,Canoe,323,oc2shortrec,14,TRUE,11012,631,146,113,14,146,14,113,kenduskeag2019,TRUE,paddler,NA,Erik Blomberg,Blomberg Erik,Old Town,ME,USA,1,T,11012,NA
258379,2019,KENDUSKEAG,Downriver,Canoe,323,oc2shortrec,14,TRUE,11012,631,146,113,14,146,14,113,kenduskeag2019,TRUE,paddler,NA,Alex Fish,Fish Alex,Orono,ME,USA,1,T,11012,NA
258308,2019,KENDUSKEAG,Downriver,Canoe,235,oc2mixrec,13,TRUE,11014,632,147,114,13,147,13,114,kenduskeag2019,TRUE,paddler,NA,Zach Neece,Neece Zach,Dover Foxcroft,ME,USA,1,T,11014,NA
258308,2019,KENDUSKEAG,Downriver,Canoe,235,oc2mixrec,13,TRUE,11014,632,147,114,13,147,13,114,kenduskeag2019,TRUE,paddler,NA,Katie Yakubowski,Yakubowski Katie,Bowdoinham,ME,USA,1,T,11014,NA
240437,2017,KENDUSKEAG,Downriver,Canoe,374,oc2shortrec,1,TRUE,11015,633,486,363,20,120,1,100,kenduskeag,TRUE,paddler,NA,Bob Gonnella,Gonnella Bob,Old Town,ME,USA,1,T,11015,NA
240437,2017,KENDUSKEAG,Downriver,Canoe,374,oc2shortrec,1,TRUE,11015,633,486,363,20,120,1,100,kenduskeag,TRUE,paddler,NA,George Mayfield,Mayfield George,Orono,ME,USA,1,T,11015,NA
258196,2019,KENDUSKEAG,Downriver,Canoe,70,oc2short,8,TRUE,11020,634,148,115,8,148,8,115,kenduskeag2019,TRUE,paddler,NA,Ian Chittenden,Chittenden Ian,Blue Hill,ME,USA,1,T,11020,NA
258196,2019,KENDUSKEAG,Downriver,Canoe,70,oc2short,8,TRUE,11020,634,148,115,8,148,8,115,kenduskeag2019,TRUE,paddler,NA,Nico Jenkins,Jenkins Nico,Blue Hill,ME,USA,1,T,11020,NA
258376,2019,KENDUSKEAG,Downriver,Canoe,320,oc2shortrec,15,TRUE,11021,635,149,116,15,149,15,116,kenduskeag2019,TRUE,paddler,NA,Joseph Hunt,Hunt Joseph,Alfred,ME,USA,1,T,11021,NA
258376,2019,KENDUSKEAG,Downriver,Canoe,320,oc2shortrec,15,TRUE,11021,635,149,116,15,149,15,116,kenduskeag2019,TRUE,paddler,NA,Thomas Newman,Newman Thomas,Eliot,ME,USA,1,T,11021,NA
240155,2017,KENDUSKEAG,Downriver,Canoe,23,open,8,TRUE,11027,637,488,364,34,121,8,101,kenduskeag,TRUE,paddler,olsonca01,Carl Olson,Olson Carl,Trenton,ME,USA,1,T,11027,NA
240155,2017,KENDUSKEAG,Downriver,Canoe,23,open,8,TRUE,11027,637,488,364,34,121,8,101,kenduskeag,TRUE,paddler,NA,Cody Olson,Olson Cody,Trenton,ME,USA,1,T,11027,NA
240155,2017,KENDUSKEAG,Downriver,Canoe,23,open,8,TRUE,11027,637,488,364,34,121,8,101,kenduskeag,TRUE,paddler,NA,Zoe Olson,Olson Zoe,Trenton,ME,USA,1,T,11027,NA
229619,2016,KENDUSKEAG,Downriver,Canoe,306,oc2mediumrec,1,TRUE,11029,638,489,365,39,38,1,28,kenduskeag,TRUE,paddler,daltonch01,Chris Dalton,Dalton Chris,Bangor,ME,USA,1,T,11029,NA
229619,2016,KENDUSKEAG,Downriver,Canoe,306,oc2mediumrec,1,TRUE,11029,638,489,365,39,38,1,28,kenduskeag,TRUE,paddler,risingma01,Mark Risinger,Risinger Mark,Bangor,ME,USA,1,T,11029,NA
229487,2016,KENDUSKEAG,Downriver,Kayak,166,k1rec,1,TRUE,11030,639,490,116,13,39,1,11,kenduskeag,TRUE,paddler,NA,Dan Watts,Watts Dan,Portland,ME,USA,1,T,11030,NA
249267,2018,KENDUSKEAG,Downriver,Canoe,11,open,7,TRUE,11036,641,492,367,35,100,7,80,kenduskeag,TRUE,paddler,NA,Betsy Barber,Barber Betsy,Orono,ME,USA,1,T,11036,NA
249267,2018,KENDUSKEAG,Downriver,Canoe,11,open,7,TRUE,11036,641,492,367,35,100,7,80,kenduskeag,TRUE,paddler,NA,Megan Hess,Hess Megan,Old Town,ME,USA,1,T,11036,NA
249267,2018,KENDUSKEAG,Downriver,Canoe,11,open,7,TRUE,11036,641,492,367,35,100,7,80,kenduskeag,TRUE,paddler,omallean01,Andrew O'Malley,O'Malley Andrew,Orono,ME,USA,1,T,11036,NA
258416,2019,KENDUSKEAG,Downriver,Canoe,383,oc2shortbeg,6,TRUE,11040,642,150,117,6,150,6,117,kenduskeag2019,TRUE,paddler,NA,Christopher Bartlett,Bartlett Christopher,Frankfort,ME,USA,1,T,11040,NA
258416,2019,KENDUSKEAG,Downriver,Canoe,383,oc2shortbeg,6,TRUE,11040,642,150,117,6,150,6,117,kenduskeag2019,TRUE,paddler,NA,Lucas Libby,Libby Lucas,Frankfort,ME,USA,1,T,11040,NA
249269,2018,KENDUSKEAG,Downriver,Canoe,13,open,8,TRUE,11042,643,493,368,36,101,8,81,kenduskeag,TRUE,paddler,boyingda01,Daryl Boyington,Boyington Daryl,Hampden,ME,USA,1,T,11042,NA
249269,2018,KENDUSKEAG,Downriver,Canoe,13,open,8,TRUE,11042,643,493,368,36,101,8,81,kenduskeag,TRUE,paddler,NA,Jed Boyington,Boyington Jed,Hampden,ME,USA,1,T,11042,NA
249269,2018,KENDUSKEAG,Downriver,Canoe,13,open,8,TRUE,11042,643,493,368,36,101,8,81,kenduskeag,TRUE,paddler,doucetla01,Larry Doucette,Doucette Larry,Dummerston,VT,USA,1,T,11042,NA
249269,2018,KENDUSKEAG,Downriver,Canoe,13,open,8,TRUE,11042,643,493,368,36,101,8,81,kenduskeag,TRUE,paddler,pelletda02,Dan Pelletier,Pelletier Dan,Alton,ME,USA,1,T,11042,NA
240156,2017,KENDUSKEAG,Downriver,Canoe,25,open,9,TRUE,11043,644,494,369,37,122,9,102,kenduskeag,TRUE,paddler,stearnla01,Laurie Sproul,Sproul Laurie,Canton,ME,USA,1,T,11043,NA
240156,2017,KENDUSKEAG,Downriver,Canoe,25,open,9,TRUE,11043,644,494,369,37,122,9,102,kenduskeag,TRUE,paddler,sproulmi01,Michael Sproul,Sproul Michael,Canton,ME,USA,1,T,11043,NA
240156,2017,KENDUSKEAG,Downriver,Canoe,25,open,9,TRUE,11043,644,494,369,37,122,9,102,kenduskeag,TRUE,paddler,stearnal01,Alan Stearns,Stearns Alan,Hallowell,ME,USA,1,T,11043,NA
240156,2017,KENDUSKEAG,Downriver,Canoe,25,open,9,TRUE,11043,644,494,369,37,122,9,102,kenduskeag,TRUE,paddler,stearnfe01,Fern Stearns,Stearns Fern,Hallowell,ME,USA,1,T,11043,NA
240411,2017,KENDUSKEAG,Downriver,Canoe,344,oc2mediumrec,21,TRUE,11046,646,496,371,40,124,21,104,kenduskeag,TRUE,paddler,NA,Robb Freeman,Freeman Robb,Bangor,ME,USA,1,T,11046,NA
240411,2017,KENDUSKEAG,Downriver,Canoe,344,oc2mediumrec,21,TRUE,11046,646,496,371,40,124,21,104,kenduskeag,TRUE,paddler,NA,Jay Weiss,Weiss Jay,Cape Elizabeth,ME,USA,1,T,11046,NA
479137,2024,KENDUSKEAG,Downriver,Canoe,210,oc2rec,3,TRUE,11056,650,498,373,22,17,3,10,kenduskeag,TRUE,paddler,winsloaa01,Aaron Winslow,Winslow Aaron,Belmont,ME,USA,NA,NA,NA,NA
479137,2024,KENDUSKEAG,Downriver,Canoe,210,oc2rec,3,TRUE,11056,650,498,373,22,17,3,10,kenduskeag,TRUE,paddler,winsloja01,Jackson Winslow,Winslow Jackson,Belmont,ME,USA,NA,NA,NA,NA
249481,2018,KENDUSKEAG,Downriver,Canoe,277,oc2mixrec,6,TRUE,11058,652,500,375,42,103,6,83,kenduskeag,TRUE,paddler,NA,Emma Shearer,Shearer Emma,Hampden,ME,USA,1,T,11058,NA
249481,2018,KENDUSKEAG,Downriver,Canoe,277,oc2mixrec,6,TRUE,11058,652,500,375,42,103,6,83,kenduskeag,TRUE,paddler,NA,Warren Shearer,Shearer Warren,Hampden,ME,USA,1,T,11058,NA
424201,2023,KENDUSKEAG,Downriver,Canoe,337,oc2hs,3,TRUE,11063,655,503,378,15,42,3,27,kenduskeag,TRUE,paddler,NA,Christopher Erb,Erb Christopher,Bangor,ME,USA,NA,NA,NA,NA
424201,2023,KENDUSKEAG,Downriver,Canoe,337,oc2hs,3,TRUE,11063,655,503,378,15,42,3,27,kenduskeag,TRUE,paddler,NA,Tommy Thelander,Thelander Tommy,Orono,ME,USA,NA,NA,NA,NA
423985,2023,KENDUSKEAG,Downriver,Kayak,284,k1short,7,TRUE,11064,656,504,117,42,43,7,13,kenduskeag,TRUE,paddler,NA,Edward Mead,Mead Edward,Dover Foxcroft,ME,USA,NA,NA,NA,NA
358502,2022,KENDUSKEAG,Downriver,Canoe,59,oc2short,2,TRUE,11072,660,508,381,22,55,2,40,kenduskeag,TRUE,paddler,hallel01,Ellen Hall,Hall Ellen,Bangor,ME,USA,NA,NA,NA,NA
358502,2022,KENDUSKEAG,Downriver,Canoe,59,oc2short,2,TRUE,11072,660,508,381,22,55,2,40,kenduskeag,TRUE,paddler,taylorer01,Eric Taylor,Taylor Eric,Bangor,ME,USA,NA,NA,NA,NA
358644,2022,KENDUSKEAG,Downriver,Canoe,199,oc2rec,7,TRUE,11073,661,509,382,23,56,7,41,kenduskeag,TRUE,paddler,NA,Kevin Kotredes,Kotredes Kevin,Dedham,ME,USA,NA,NA,NA,NA
358644,2022,KENDUSKEAG,Downriver,Canoe,199,oc2rec,7,TRUE,11073,661,509,382,23,56,7,41,kenduskeag,TRUE,paddler,NA,Mike Kotredes,Kotredes Mike,Dedham,ME,USA,NA,NA,NA,NA
219780,2015,KENDUSKEAG,Downriver,Canoe,245,oc2mediumrec,7,TRUE,11077,662,510,383,41,74,7,53,kenduskeag,TRUE,paddler,listerry01,Ryan Lister,Lister Ryan,Waldo,ME,USA,1,T,11077,NA
219780,2015,KENDUSKEAG,Downriver,Canoe,245,oc2mediumrec,7,TRUE,11077,662,510,383,41,74,7,53,kenduskeag,TRUE,paddler,NA,Jim Vaugn,Vaugn Jim,Hermon,ME,USA,1,T,11077,NA
358645,2022,KENDUSKEAG,Downriver,Canoe,322,oc2rec,8,TRUE,11079,663,511,384,24,57,8,42,kenduskeag,TRUE,paddler,NA,Mort Soule,Soule Mort,Old Town,ME,USA,NA,NA,NA,NA
358645,2022,KENDUSKEAG,Downriver,Canoe,322,oc2rec,8,TRUE,11079,663,511,384,24,57,8,42,kenduskeag,TRUE,paddler,NA,Winter Whitten,Whitten Winter,Old Town,ME,USA,NA,NA,NA,NA
358646,2022,KENDUSKEAG,Downriver,Canoe,231,oc2rec,9,TRUE,11080,664,512,385,25,58,9,43,kenduskeag,TRUE,paddler,NA,Jack Woodcock,Woodcock Jack,Cumberland,ME,USA,NA,NA,NA,NA
358646,2022,KENDUSKEAG,Downriver,Canoe,231,oc2rec,9,TRUE,11080,664,512,385,25,58,9,43,kenduskeag,TRUE,paddler,NA,Patrick Woodcock,Woodcock Patrick,Portland,ME,USA,NA,NA,NA,NA
219625,2015,KENDUSKEAG,Downriver,Canoe,45,oc2short,4,TRUE,11090,666,514,386,23,75,4,54,kenduskeag,TRUE,paddler,NA,Justin Houle,Houle Justin,Plattsburgh,NY,USA,1,T,11090,NA
219625,2015,KENDUSKEAG,Downriver,Canoe,45,oc2short,4,TRUE,11090,666,514,386,23,75,4,54,kenduskeag,TRUE,paddler,qualeych01,Chuck Qualey,Qualey Chuck,Norridgewock,ME,USA,1,T,11090,NA
258338,2019,KENDUSKEAG,Downriver,Canoe,273,oc2mediumrec,17,TRUE,11094,667,153,120,17,153,17,120,kenduskeag2019,TRUE,paddler,NA,Robert Brouillard,Brouillard Robert,Castine,ME,USA,1,T,11094,NA
258338,2019,KENDUSKEAG,Downriver,Canoe,273,oc2mediumrec,17,TRUE,11094,667,153,120,17,153,17,120,kenduskeag2019,TRUE,paddler,NA,Sean Gilbert,Gilbert Sean,Dixmont,ME,USA,1,T,11094,NA
424054,2023,KENDUSKEAG,Downriver,Canoe,155,oc2mixrec,5,TRUE,11094,668,515,387,43,44,5,28,kenduskeag,TRUE,paddler,NA,Tara Davies,Davies Tara,Dixmont,ME,USA,NA,NA,NA,NA
424054,2023,KENDUSKEAG,Downriver,Canoe,155,oc2mixrec,5,TRUE,11094,668,515,387,43,44,5,28,kenduskeag,TRUE,paddler,NA,James Studiale,Studiale James,Dixmont,ME,USA,NA,NA,NA,NA
240249,2017,KENDUSKEAG,Downriver,Kayak,145,k1short,11,TRUE,11100,670,517,120,43,126,11,21,kenduskeag,TRUE,paddler,baltesja01,Jay Baltes,Baltes Jay,Brunswick,ME,USA,1,T,11100,NA
527802,2025,KENDUSKEAG,Downriver,Canoe,54,oc2mixrec,4,TRUE,11101,671,518,389,44,49,4,33,kenduskeag,TRUE,paddler,NA,Joe Horn,Horn Joe,Gouldsboro,ME,USA,NA,NA,NA,NA
527802,2025,KENDUSKEAG,Downriver,Canoe,54,oc2mixrec,4,TRUE,11101,671,518,389,44,49,4,33,kenduskeag,TRUE,paddler,NA,Anne Hurley,Hurley Anne,Gouldsboro,ME,USA,NA,NA,NA,NA
527701,2025,KENDUSKEAG,Downriver,Kayak,87,k1short,5,TRUE,11109,672,519,121,44,50,5,15,kenduskeag,TRUE,paddler,ciampaal01,Alex Ciampa,Ciampa Alex,Amesbury,MA,USA,NA,NA,NA,NA
219810,2015,KENDUSKEAG,Downriver,Canoe,280,oc2shortrec,3,TRUE,11110,675,520,390,21,76,3,55,kenduskeag,TRUE,paddler,NA,Peter Cyr,Cyr Peter,Scarborough,ME,USA,1,T,11110,NA
219810,2015,KENDUSKEAG,Downriver,Canoe,280,oc2shortrec,3,TRUE,11110,675,520,390,21,76,3,55,kenduskeag,TRUE,paddler,hartleri01,Richard Hartley,Hartley Richard,Holden,ME,USA,1,T,11110,NA
229608,2016,KENDUSKEAG,Downriver,Canoe,295,oc2mediumrec,2,TRUE,11110,676,521,391,42,40,2,29,kenduskeag,TRUE,paddler,lesserda01,Daniel Lesser,Lesser Daniel,Quincy,MA,USA,1,T,11110,NA
229608,2016,KENDUSKEAG,Downriver,Canoe,295,oc2mediumrec,2,TRUE,11110,676,521,391,42,40,2,29,kenduskeag,TRUE,paddler,NA,Marky Rowe,Rowe Marky,Quincy,MA,USA,1,T,11110,NA
423905,2023,KENDUSKEAG,Downriver,Unknown,14,open,4,TRUE,11114,678,523,10,38,45,4,4,kenduskeag,TRUE,paddler,NA,Brad Cofey,Cofey Brad,Bangor,ME,USA,NA,NA,NA,NA
423905,2023,KENDUSKEAG,Downriver,Unknown,14,open,4,TRUE,11114,678,523,10,38,45,4,4,kenduskeag,TRUE,paddler,taylorer01,Eric Taylor,Taylor Eric,Bangor,ME,USA,NA,NA,NA,NA
423905,2023,KENDUSKEAG,Downriver,Unknown,14,open,4,TRUE,11114,678,523,10,38,45,4,4,kenduskeag,TRUE,paddler,NA,Gilman Taylor,Taylor Gilman,Bangor,ME,USA,NA,NA,NA,NA
423905,2023,KENDUSKEAG,Downriver,Unknown,14,open,4,TRUE,11114,678,523,10,38,45,4,4,kenduskeag,TRUE,paddler,NA,Ty Taylor,Taylor Ty,Dedham,ME,USA,NA,NA,NA,NA
258236,2019,KENDUSKEAG,Downriver,Kayak,126,k1short,8,TRUE,11115,679,156,23,8,156,8,23,kenduskeag2019,TRUE,paddler,NA,William Hazard,Hazard William,Corinna,ME,USA,1,T,11115,NA
479029,2024,KENDUSKEAG,Downriver,Kayak,84,k1short,1,TRUE,11128,681,525,122,45,19,1,8,kenduskeag,TRUE,paddler,foleybr01,Brian Foley,Foley Brian,Southwest Harbor,ME,USA,NA,NA,NA,NA
258408,2019,KENDUSKEAG,Downriver,Canoe,368,oc2shortbeg,7,TRUE,11130,684,157,122,7,157,7,122,kenduskeag2019,TRUE,paddler,NA,Dustin Smiley,Smiley Dustin,Bangor,ME,USA,1,T,11130,NA
258408,2019,KENDUSKEAG,Downriver,Canoe,368,oc2shortbeg,7,TRUE,11130,684,157,122,7,157,7,122,kenduskeag2019,TRUE,paddler,NA,Henry Smiley,Smiley Henry,Bangor,ME,USA,1,T,11130,NA
527836,2025,KENDUSKEAG,Downriver,Canoe,234,oc2rec,10,TRUE,11135,686,529,397,26,52,10,35,kenduskeag,TRUE,paddler,NA,Jason Bellner,Bellner Jason,Canaan,ME,USA,NA,NA,NA,NA
527836,2025,KENDUSKEAG,Downriver,Canoe,234,oc2rec,10,TRUE,11135,686,529,397,26,52,10,35,kenduskeag,TRUE,paddler,NA,Brian Rahill,Rahill Brian,Orono,ME,USA,NA,NA,NA,NA
358609,2022,KENDUSKEAG,Downriver,Canoe,360,oc2mixrec,8,TRUE,11149,688,531,399,45,60,8,45,kenduskeag,TRUE,paddler,NA,Sydney Greenlee,Greenlee Sydney,Harpswell,ME,USA,NA,NA,NA,NA
358609,2022,KENDUSKEAG,Downriver,Canoe,360,oc2mixrec,8,TRUE,11149,688,531,399,45,60,8,45,kenduskeag,TRUE,paddler,NA,Robert Herrick,Herrick Robert,Topsham,ME,USA,NA,NA,NA,NA
527803,2025,KENDUSKEAG,Downriver,Canoe,361,oc2mixrec,5,TRUE,11154,692,535,402,46,53,5,36,kenduskeag,TRUE,paddler,NA,Mathilde Boerch,Boerch Mathilde,Orono,ME,USA,NA,NA,NA,NA
527803,2025,KENDUSKEAG,Downriver,Canoe,361,oc2mixrec,5,TRUE,11154,692,535,402,46,53,5,36,kenduskeag,TRUE,paddler,NA,William Green,Green William,Old Town,ME,USA,NA,NA,NA,NA
249400,2018,KENDUSKEAG,Downriver,Canoe,183,oc2mixrec,7,TRUE,11158,694,537,403,47,109,7,88,kenduskeag,TRUE,paddler,NA,Annie Cooke,Cooke Annie,Cornville,ME,USA,1,T,11158,NA
249400,2018,KENDUSKEAG,Downriver,Canoe,183,oc2mixrec,7,TRUE,11158,694,537,403,47,109,7,88,kenduskeag,TRUE,paddler,NA,Jason Cooke,Cooke Jason,Cornville,ME,USA,1,T,11158,NA
249520,2018,KENDUSKEAG,Downriver,Canoe,325,oc2mediumrec,13,TRUE,11158,695,538,404,43,110,13,89,kenduskeag,TRUE,paddler,NA,Greg Delbridge,Delbridge Greg,Bucksport,ME,USA,1,T,11158,NA
249520,2018,KENDUSKEAG,Downriver,Canoe,325,oc2mediumrec,13,TRUE,11158,695,538,404,43,110,13,89,kenduskeag,TRUE,paddler,NA,Nick Tymoczko,Tymoczko Nick,Bucksport,ME,USA,1,T,11158,NA
240160,2017,KENDUSKEAG,Downriver,Canoe,29,open,10,TRUE,11168,697,540,405,39,128,10,107,kenduskeag,TRUE,paddler,sidawabe01,Ben Sidaway,Sidaway Ben,Dedham,ME,USA,1,T,11168,NA
240160,2017,KENDUSKEAG,Downriver,Canoe,29,open,10,TRUE,11168,697,540,405,39,128,10,107,kenduskeag,TRUE,paddler,NA,Eilidh Sidaway,Sidaway Eilidh,Dedham,ME,USA,1,T,11168,NA
240160,2017,KENDUSKEAG,Downriver,Canoe,29,open,10,TRUE,11168,697,540,405,39,128,10,107,kenduskeag,TRUE,paddler,NA,Jaymie Sidaway,Sidaway Jaymie,Dedham,ME,USA,1,T,11168,NA
229590,2016,KENDUSKEAG,Downriver,Canoe,276,oc2mediumrec,3,TRUE,11175,701,544,409,44,41,3,30,kenduskeag,TRUE,paddler,NA,David Cassidey,Cassidey David,Bangor,ME,USA,1,T,11175,NA
229590,2016,KENDUSKEAG,Downriver,Canoe,276,oc2mediumrec,3,TRUE,11175,701,544,409,44,41,3,30,kenduskeag,TRUE,paddler,NA,Matt Warner,Warner Matt,Cumberland,ME,USA,1,T,11175,NA
424124,2023,KENDUSKEAG,Downriver,Canoe,212,oc2shortrec,4,TRUE,11177,702,545,410,22,47,4,30,kenduskeag,TRUE,paddler,NA,Robert Grey,Grey Robert,Levant,ME,USA,NA,NA,NA,NA
424124,2023,KENDUSKEAG,Downriver,Canoe,212,oc2shortrec,4,TRUE,11177,702,545,410,22,47,4,30,kenduskeag,TRUE,paddler,whitema01,David White,White David,Levant,ME,USA,NA,NA,NA,NA
479138,2024,KENDUSKEAG,Downriver,Canoe,179,oc2rec,4,TRUE,11181,704,547,412,27,22,4,13,kenduskeag,TRUE,paddler,NA,Finn Oldenburg,Oldenburg Finn,Bangor,ME,USA,NA,NA,NA,NA
479138,2024,KENDUSKEAG,Downriver,Canoe,179,oc2rec,4,TRUE,11181,704,547,412,27,22,4,13,kenduskeag,TRUE,paddler,NA,Parke Oldenburg,Oldenburg Parke,Bangor,ME,USA,NA,NA,NA,NA
258165,2019,KENDUSKEAG,Downriver,Unknown,31,open,13,TRUE,11186,707,158,13,13,158,13,13,kenduskeag2019,TRUE,paddler,NA,Ethan Fish,Fish Ethan,Dedham,ME,USA,1,T,11186,NA
258165,2019,KENDUSKEAG,Downriver,Unknown,31,open,13,TRUE,11186,707,158,13,13,158,13,13,kenduskeag2019,TRUE,paddler,NA,Max Perkins,Perkins Max,Dedham,ME,USA,1,T,11186,NA
258165,2019,KENDUSKEAG,Downriver,Unknown,31,open,13,TRUE,11186,707,158,13,13,158,13,13,kenduskeag2019,TRUE,paddler,NA,Nate Seburn,Seburn Nate,Dedham,ME,USA,1,T,11186,NA
358647,2022,KENDUSKEAG,Downriver,Canoe,333,oc2rec,10,TRUE,11193,708,550,415,28,64,10,47,kenduskeag,TRUE,paddler,NA,Robbie Neeb,Neeb Robbie,Casco,ME,USA,NA,NA,NA,NA
358647,2022,KENDUSKEAG,Downriver,Canoe,333,oc2rec,10,TRUE,11193,708,550,415,28,64,10,47,kenduskeag,TRUE,paddler,NA,Zachary Neece,Neece Zachary,Casco,ME,USA,NA,NA,NA,NA
358648,2022,KENDUSKEAG,Downriver,Canoe,337,oc2rec,11,TRUE,11193,709,551,416,29,65,11,48,kenduskeag,TRUE,paddler,NA,Ryan Kelley,Kelley Ryan,Bangor,ME,USA,NA,NA,NA,NA
358648,2022,KENDUSKEAG,Downriver,Canoe,337,oc2rec,11,TRUE,11193,709,551,416,29,65,11,48,kenduskeag,TRUE,paddler,NA,Freddie Wilkinson,Wilkinson Freddie,Madison,ME,USA,NA,NA,NA,NA
358610,2022,KENDUSKEAG,Downriver,Canoe,191,oc2mixrec,9,TRUE,11209,710,552,417,48,66,9,49,kenduskeag,TRUE,paddler,NA,Gregory Caruso,Caruso Gregory,Caratunk,ME,USA,NA,NA,NA,NA
358610,2022,KENDUSKEAG,Downriver,Canoe,191,oc2mixrec,9,TRUE,11209,710,552,417,48,66,9,49,kenduskeag,TRUE,paddler,NA,Liz Caruso,Caruso Liz,Caratunk,ME,USA,NA,NA,NA,NA
229586,2016,KENDUSKEAG,Downriver,Canoe,272,oc2mediumrec,4,TRUE,11209,711,553,418,45,42,4,31,kenduskeag,TRUE,paddler,NA,Andrew Veilleux,Veilleux Andrew,Bar Harbor,ME,USA,1,T,11209,NA
229586,2016,KENDUSKEAG,Downriver,Canoe,272,oc2mediumrec,4,TRUE,11209,711,553,418,45,42,4,31,kenduskeag,TRUE,paddler,NA,Greg Veilleux,Veilleux Greg,Bar Harbor,ME,USA,1,T,11209,NA
423986,2023,KENDUSKEAG,Downriver,Kayak,73,k1short,8,TRUE,11210,712,554,126,46,48,8,14,kenduskeag,TRUE,paddler,ciampaal01,Alex Ciampa,Ciampa Alex,Amesbury,MA,USA,NA,NA,NA,NA
249611,2018,KENDUSKEAG,Downriver,Canoe,433,oc2hs,7,TRUE,11211,713,555,419,16,112,7,91,kenduskeag,TRUE,paddler,NA,Hunter Law,Law Hunter,Bangor,ME,USA,1,T,11211,NA
249611,2018,KENDUSKEAG,Downriver,Canoe,433,oc2hs,7,TRUE,11211,713,555,419,16,112,7,91,kenduskeag,TRUE,paddler,NA,Ryan Wang,Wang Ryan,Stillwater,ME,USA,1,T,11211,NA
229400,2016,KENDUSKEAG,Downriver,Canoe,64,oc2short,3,TRUE,11217,714,556,420,24,43,3,32,kenduskeag,TRUE,paddler,brooksra01,Rachel Brooks,Brooks Rachel,Clifton,ME,USA,1,T,11217,NA
229400,2016,KENDUSKEAG,Downriver,Canoe,64,oc2short,3,TRUE,11217,714,556,420,24,43,3,32,kenduskeag,TRUE,paddler,brooksti01,Tim Brooks,Brooks Tim,Clifton,ME,USA,1,T,11217,NA
229647,2016,KENDUSKEAG,Downriver,Canoe,337,oc2shortrec,1,TRUE,11230,717,559,423,23,44,1,33,kenduskeag,TRUE,paddler,NA,Vance Gustin,Gustin Vance,Smyrna,MA,USA,1,T,11230,NA
229647,2016,KENDUSKEAG,Downriver,Canoe,337,oc2shortrec,1,TRUE,11230,717,559,423,23,44,1,33,kenduskeag,TRUE,paddler,hwalekjo01,John Hwalek,Hwalek John,Bangor,ME,USA,1,T,11230,NA
423950,2023,KENDUSKEAG,Downriver,Canoe,48,oc2short,2,TRUE,11233,719,561,425,25,50,2,32,kenduskeag,TRUE,paddler,NA,Dave Lamarche,Lamarche Dave,Belfast,ME,USA,NA,NA,NA,NA
423950,2023,KENDUSKEAG,Downriver,Canoe,48,oc2short,2,TRUE,11233,719,561,425,25,50,2,32,kenduskeag,TRUE,paddler,quinnjo01,John Quinn,Quinn John,Orono,ME,USA,NA,NA,NA,NA
423951,2023,KENDUSKEAG,Downriver,Canoe,32,oc2short,3,TRUE,11239,720,562,426,26,51,3,33,kenduskeag,TRUE,paddler,NA,William Bishop,Bishop William,Plymouth,ME,USA,NA,NA,NA,NA
423951,2023,KENDUSKEAG,Downriver,Canoe,32,oc2short,3,TRUE,11239,720,562,426,26,51,3,33,kenduskeag,TRUE,paddler,NA,Chris Smith,Smith Chris,Stetson,ME,USA,NA,NA,NA,NA
240431,2017,KENDUSKEAG,Downriver,Canoe,366,oc2shortrec,2,TRUE,11243,721,563,427,24,131,2,110,kenduskeag,TRUE,paddler,NA,Stephanie Hefh,Hefh Stephanie,Dedham,ME,USA,1,T,11243,NA
240431,2017,KENDUSKEAG,Downriver,Canoe,366,oc2shortrec,2,TRUE,11243,721,563,427,24,131,2,110,kenduskeag,TRUE,paddler,NA,Kevin Sheasgreen,Sheasgreen Kevin,Bangor,ME,USA,1,T,11243,NA
258316,2019,KENDUSKEAG,Downriver,Canoe,246,oc2mixrec,14,TRUE,11257,724,160,124,14,160,14,124,kenduskeag2019,TRUE,paddler,NA,Matthew Mensinger,Mensinger Matthew,Old Town,ME,USA,1,T,11257,NA
258316,2019,KENDUSKEAG,Downriver,Canoe,246,oc2mixrec,14,TRUE,11257,724,160,124,14,160,14,124,kenduskeag2019,TRUE,paddler,NA,Sarah Rubenstein,Rubenstein Sarah,Orono,ME,USA,1,T,11257,NA
424091,2023,KENDUSKEAG,Downriver,Canoe,174,oc2rec,5,TRUE,11259,725,565,429,30,52,5,34,kenduskeag,TRUE,paddler,cassidth01,Thomas Cassidy,Cassidy Thomas,Orono,ME,USA,NA,NA,NA,NA
424091,2023,KENDUSKEAG,Downriver,Canoe,174,oc2rec,5,TRUE,11259,725,565,429,30,52,5,34,kenduskeag,TRUE,paddler,NA,Klaus Meinhof,Meinhof Klaus,New York City,NY,USA,NA,NA,NA,NA
424202,2023,KENDUSKEAG,Downriver,Canoe,279,oc2hs,4,TRUE,11260,726,566,430,17,53,4,35,kenduskeag,TRUE,paddler,NA,Jared Firch,Firch Jared,Old Town,ME,USA,NA,NA,NA,NA
424202,2023,KENDUSKEAG,Downriver,Canoe,279,oc2hs,4,TRUE,11260,726,566,430,17,53,4,35,kenduskeag,TRUE,paddler,NA,William Green,Green William,Old Town,ME,USA,NA,NA,NA,NA
219787,2015,KENDUSKEAG,Downriver,Canoe,253,oc2mediumrec,8,TRUE,11262,727,567,431,46,81,8,60,kenduskeag,TRUE,paddler,mayri01,Richard May,May Richard,Brewer,ME,USA,1,T,11262,NA
219787,2015,KENDUSKEAG,Downriver,Canoe,253,oc2mediumrec,8,TRUE,11262,727,567,431,46,81,8,60,kenduskeag,TRUE,paddler,seymouja01,James Seymour,Seymour James,Brewer,ME,USA,1,T,11262,NA
240157,2017,KENDUSKEAG,Downriver,Canoe,26,open,11,TRUE,11264,728,568,432,40,132,11,111,kenduskeag,TRUE,paddler,hummeldo01,Don Hummels,Hummels Don,Glenburn,ME,USA,1,T,11264,NA
240157,2017,KENDUSKEAG,Downriver,Canoe,26,open,11,TRUE,11264,728,568,432,40,132,11,111,kenduskeag,TRUE,paddler,NA,Rogan Kennedy,Kennedy Rogan,Saunderstown,RI,USA,1,T,11264,NA
240157,2017,KENDUSKEAG,Downriver,Canoe,26,open,11,TRUE,11264,728,568,432,40,132,11,111,kenduskeag,TRUE,paddler,kennedsh01,Shawn Kennedy,Kennedy Shawn,Saunderstown,RI,USA,1,T,11264,NA
527804,2025,KENDUSKEAG,Downriver,Canoe,205,oc2mixrec,6,TRUE,11264,729,569,433,49,55,6,38,kenduskeag,TRUE,paddler,NA,Murphy Doughty,Doughty Murphy,Portland,ME,USA,NA,NA,NA,NA
527804,2025,KENDUSKEAG,Downriver,Canoe,205,oc2mixrec,6,TRUE,11264,729,569,433,49,55,6,38,kenduskeag,TRUE,paddler,NA,Saisie Moore,Moore Saisie,Portland,ME,USA,NA,NA,NA,NA
249482,2018,KENDUSKEAG,Downriver,Canoe,278,oc2mixrec,8,TRUE,11265,730,570,434,50,113,8,92,kenduskeag,TRUE,paddler,NA,Laura Frances,Frances Laura,Yarmouth,ME,USA,1,T,11265,NA
249482,2018,KENDUSKEAG,Downriver,Canoe,278,oc2mixrec,8,TRUE,11265,730,570,434,50,113,8,92,kenduskeag,TRUE,paddler,NA,Robert Herrick,Herrick Robert,Yarmouth,ME,USA,1,T,11265,NA
358467,2022,KENDUSKEAG,Downriver,Unknown,5,open,4,TRUE,11266,731,571,11,41,67,4,4,kenduskeag,TRUE,paddler,NA,Angie Cousins,Cousins Angie,Glenburn,ME,USA,NA,NA,NA,NA
358467,2022,KENDUSKEAG,Downriver,Unknown,5,open,4,TRUE,11266,731,571,11,41,67,4,4,kenduskeag,TRUE,paddler,NA,Elijah Cousins,Cousins Elijah,Glenburn,ME,USA,NA,NA,NA,NA
358467,2022,KENDUSKEAG,Downriver,Unknown,5,open,4,TRUE,11266,731,571,11,41,67,4,4,kenduskeag,TRUE,paddler,cousinjo01,Joe Cousins,Cousins Joe,Glenburn,ME,USA,NA,NA,NA,NA
358467,2022,KENDUSKEAG,Downriver,Unknown,5,open,4,TRUE,11266,731,571,11,41,67,4,4,kenduskeag,TRUE,paddler,NA,Lily Cousins,Cousins Lily,Glenburn,ME,USA,NA,NA,NA,NA
527671,2025,KENDUSKEAG,Downriver,Canoe,59,oc2short,6,TRUE,11268,732,572,435,27,56,6,39,kenduskeag,TRUE,paddler,martinbo01,Bob Martin,Martin Bob,Dedham,ME,USA,NA,NA,NA,NA
527671,2025,KENDUSKEAG,Downriver,Canoe,59,oc2short,6,TRUE,11268,732,572,435,27,56,6,39,kenduskeag,TRUE,paddler,wescotte01,Terry Wescott,Wescott Terry,Thorndike,ME,USA,NA,NA,NA,NA
240476,2017,KENDUSKEAG,Downriver,Canoe,424,oc2shortbeg,2,TRUE,11269,734,574,437,5,133,2,112,kenduskeag,TRUE,paddler,NA,Jack Wharton,Wharton Jack,Levant,ME,USA,1,T,11269,NA
240476,2017,KENDUSKEAG,Downriver,Canoe,424,oc2shortbeg,2,TRUE,11269,734,574,437,5,133,2,112,kenduskeag,TRUE,paddler,whitema01,David White,White David,Levant,ME,USA,1,T,11269,NA
527805,2025,KENDUSKEAG,Downriver,Canoe,239,oc2mixrec,7,TRUE,11282,736,576,439,51,57,7,40,kenduskeag,TRUE,paddler,NA,Melanie Collins,Collins Melanie,Portland,ME,USA,NA,NA,NA,NA
527805,2025,KENDUSKEAG,Downriver,Canoe,239,oc2mixrec,7,TRUE,11282,736,576,439,51,57,7,40,kenduskeag,TRUE,paddler,NA,Peter Ingram,Ingram Peter,South Portland,ME,USA,NA,NA,NA,NA
240151,2017,KENDUSKEAG,Downriver,Canoe,17,open,12,TRUE,11283,737,577,440,42,134,12,113,kenduskeag,TRUE,paddler,NA,Robert Hanscom,Hanscom Robert,Hulls Cove,ME,USA,1,T,11283,NA
240151,2017,KENDUSKEAG,Downriver,Canoe,17,open,12,TRUE,11283,737,577,440,42,134,12,113,kenduskeag,TRUE,paddler,NA,Mike Huffman,Huffman Mike,Orland,ME,USA,1,T,11283,NA
240151,2017,KENDUSKEAG,Downriver,Canoe,17,open,12,TRUE,11283,737,577,440,42,134,12,113,kenduskeag,TRUE,paddler,sawyerad01,Adam Sawyer,Sawyer Adam,Trenton,ME,USA,1,T,11283,NA
229488,2016,KENDUSKEAG,Downriver,Kayak,167,k1rec,2,TRUE,11286,739,579,127,14,45,2,12,kenduskeag,TRUE,paddler,merrilla01,Larry Merrill,Merrill Larry,Orrington,ME,USA,1,T,11286,NA
345947,2021,KENDUSKEAG,Downriver,Kayak,338,k1short,1,TRUE,11289,741,581,129,47,5,1,2,kenduskeag,TRUE,paddler,thorbuha01,Hank Thorburn,Thorburn Hank,Harpswell,ME,USA,NA,NA,NA,NA
240260,2017,KENDUSKEAG,Downriver,Kayak,161,k1short,12,TRUE,11292,742,582,130,48,135,12,22,kenduskeag,TRUE,paddler,NA,Jesse Young,Young Jesse,Bradford,ME,USA,1,T,11292,NA
423952,2023,KENDUSKEAG,Downriver,Canoe,51,oc2short,4,TRUE,11299,745,584,443,28,54,4,36,kenduskeag,TRUE,paddler,NA,Matt Leavitt,Leavitt Matt,Harpswell,ME,USA,NA,NA,NA,NA
423952,2023,KENDUSKEAG,Downriver,Canoe,51,oc2short,4,TRUE,11299,745,584,443,28,54,4,36,kenduskeag,TRUE,paddler,NA,Charlie Rackley,Rackley Charlie,Bowdoinham,ME,USA,NA,NA,NA,NA
358690,2022,KENDUSKEAG,Downriver,Canoe,270,oc2shortrec,10,TRUE,11301,747,586,444,25,69,10,51,kenduskeag,TRUE,paddler,NA,Patrick Brady,Brady Patrick,Westbrook,ME,USA,NA,NA,NA,NA
358690,2022,KENDUSKEAG,Downriver,Canoe,270,oc2shortrec,10,TRUE,11301,747,586,444,25,69,10,51,kenduskeag,TRUE,paddler,NA,Justin Elliott,Elliott Justin,Old Orchard Beach,ME,USA,NA,NA,NA,NA
423906,2023,KENDUSKEAG,Downriver,Unknown,22,open,5,TRUE,11304,748,587,12,43,55,5,5,kenduskeag,TRUE,paddler,bossem01,Emmanuel Boss,Boss Emmanuel,Orono,ME,USA,NA,NA,NA,NA
423906,2023,KENDUSKEAG,Downriver,Unknown,22,open,5,TRUE,11304,748,587,12,43,55,5,5,kenduskeag,TRUE,paddler,NA,Guillaume Bourdin,Bourdin Guillaume,Orono,ME,USA,NA,NA,NA,NA
423906,2023,KENDUSKEAG,Downriver,Unknown,22,open,5,TRUE,11304,748,587,12,43,55,5,5,kenduskeag,TRUE,paddler,francoka01,Karen Francoeur,Francoeur Karen,Orono,ME,USA,NA,NA,NA,NA
423906,2023,KENDUSKEAG,Downriver,Unknown,22,open,5,TRUE,11304,748,587,12,43,55,5,5,kenduskeag,TRUE,paddler,NA,Patrick Gray,Gray Patrick,Orono,ME,USA,NA,NA,NA,NA
423906,2023,KENDUSKEAG,Downriver,Unknown,22,open,5,TRUE,11304,748,587,12,43,55,5,5,kenduskeag,TRUE,paddler,haentjni01,Nils Haentjens,Haentjens Nils,Orono,ME,USA,NA,NA,NA,NA
423906,2023,KENDUSKEAG,Downriver,Unknown,22,open,5,TRUE,11304,748,587,12,43,55,5,5,kenduskeag,TRUE,paddler,NA,Shelby Helwig,Helwig Shelby,Orono,ME,USA,NA,NA,NA,NA
423906,2023,KENDUSKEAG,Downriver,Unknown,22,open,5,TRUE,11304,748,587,12,43,55,5,5,kenduskeag,TRUE,paddler,NA,Lee Karp-Boss,Karp-Boss Lee,Orono,ME,USA,NA,NA,NA,NA
423907,2023,KENDUSKEAG,Downriver,Unknown,6,open,6,TRUE,11306,750,588,13,44,56,6,6,kenduskeag,TRUE,paddler,brooksra01,Rachel Brooks,Brooks Rachel,Clifton,ME,USA,NA,NA,NA,NA
423907,2023,KENDUSKEAG,Downriver,Unknown,6,open,6,TRUE,11306,750,588,13,44,56,6,6,kenduskeag,TRUE,paddler,brooksti01,Tim Brooks,Brooks Tim,Clifton,ME,USA,NA,NA,NA,NA
423907,2023,KENDUSKEAG,Downriver,Unknown,6,open,6,TRUE,11306,750,588,13,44,56,6,6,kenduskeag,TRUE,paddler,NA,Joanna Howell,Howell Joanna,Portland,ME,USA,NA,NA,NA,NA
229632,2016,KENDUSKEAG,Downriver,Canoe,319,oc2mediumrec,5,TRUE,11307,751,589,445,47,47,5,34,kenduskeag,TRUE,paddler,kimbalse01,Seth Kimball,Kimball Seth,Winthrop,ME,USA,1,T,11307,NA
229632,2016,KENDUSKEAG,Downriver,Canoe,319,oc2mediumrec,5,TRUE,11307,751,589,445,47,47,5,34,kenduskeag,TRUE,paddler,whittijo01,John Whittier,Whittier John,Camden,ME,USA,1,T,11307,NA
423953,2023,KENDUSKEAG,Downriver,Canoe,42,oc2short,5,TRUE,11308,752,590,446,29,57,5,37,kenduskeag,TRUE,paddler,NA,Joseph Aldrich,Aldrich Joseph,Fort Kent,ME,USA,NA,NA,NA,NA
423953,2023,KENDUSKEAG,Downriver,Canoe,42,oc2short,5,TRUE,11308,752,590,446,29,57,5,37,kenduskeag,TRUE,paddler,NA,Jordan Labbe,Labbe Jordan,Eagle Lake,ME,USA,NA,NA,NA,NA
219698,2015,KENDUSKEAG,Downriver,Kayak,143,k1rec,4,TRUE,11310,753,591,132,15,83,4,22,kenduskeag,TRUE,paddler,cowanry01,Ryan Cowan,Cowan Ryan,Hampden,ME,USA,1,T,11310,NA
229607,2016,KENDUSKEAG,Downriver,Canoe,294,oc2mediumrec,6,TRUE,11310,754,592,447,48,48,6,35,kenduskeag,TRUE,paddler,NA,Danny Dunn,Dunn Danny,Bar Harbor,ME,USA,1,T,11310,NA
229607,2016,KENDUSKEAG,Downriver,Canoe,294,oc2mediumrec,6,TRUE,11310,754,592,447,48,48,6,35,kenduskeag,TRUE,paddler,NA,Dakota Hellum,Hellum Dakota,Waltham,ME,USA,1,T,11310,NA
240494,2017,KENDUSKEAG,Downriver,Canoe,449,oc2hs,3,TRUE,11320,758,596,450,18,137,3,114,kenduskeag,TRUE,paddler,NA,Benjamin Allan-Rahill,Allan-Rahill Benjamin,Orono,ME,USA,1,T,11320,NA
240494,2017,KENDUSKEAG,Downriver,Canoe,449,oc2hs,3,TRUE,11320,758,596,450,18,137,3,114,kenduskeag,TRUE,paddler,NA,Tom Gause,Gause Tom,Orono,ME,USA,1,T,11320,NA
249476,2018,KENDUSKEAG,Downriver,Canoe,270,oc2mixrec,9,TRUE,11328,759,597,451,52,114,9,93,kenduskeag,TRUE,paddler,deerinbe01,Benjamin Deering,Deering Benjamin,Bangor,ME,USA,1,T,11328,NA
249476,2018,KENDUSKEAG,Downriver,Canoe,270,oc2mixrec,9,TRUE,11328,759,597,451,52,114,9,93,kenduskeag,TRUE,paddler,snellma01,Margaret Snell,Snell Margaret,Bangor,ME,USA,1,T,11328,NA
219768,2015,KENDUSKEAG,Downriver,Canoe,230,oc2mediumrec,9,TRUE,11330,760,598,452,49,85,9,63,kenduskeag,TRUE,paddler,NA,Arthur Dickey,Dickey Arthur,Orono,ME,USA,1,T,11330,NA
219768,2015,KENDUSKEAG,Downriver,Canoe,230,oc2mediumrec,9,TRUE,11330,760,598,452,49,85,9,63,kenduskeag,TRUE,paddler,NA,Cory Gardner,Gardner Cory,Orono,ME,USA,1,T,11330,NA
424055,2023,KENDUSKEAG,Downriver,Canoe,144,oc2mixrec,6,TRUE,11342,763,600,454,53,58,6,38,kenduskeag,TRUE,paddler,NA,Sydney Kahl,Kahl Sydney,Waterville,ME,USA,NA,NA,NA,NA
424055,2023,KENDUSKEAG,Downriver,Canoe,144,oc2mixrec,6,TRUE,11342,763,600,454,53,58,6,38,kenduskeag,TRUE,paddler,NA,Phillip Park,Park Phillip,Waterville,ME,USA,NA,NA,NA,NA
219800,2015,KENDUSKEAG,Downriver,Canoe,267,oc2shortrec,4,TRUE,11351,767,604,458,26,87,4,65,kenduskeag,TRUE,paddler,burkebe01,Ben Burke,Burke Ben,Littleton,CO,USA,1,T,11351,NA
219800,2015,KENDUSKEAG,Downriver,Canoe,267,oc2shortrec,4,TRUE,11351,767,604,458,26,87,4,65,kenduskeag,TRUE,paddler,burkeda01,Dan Burke,Burke Dan,Bangor,ME,USA,1,T,11351,NA
527856,2025,KENDUSKEAG,Downriver,Canoe,261,oc2shortrec,1,TRUE,11354,770,606,460,27,59,1,42,kenduskeag,TRUE,paddler,NA,Sam Shearer,Shearer Sam,Hampden,ME,USA,NA,NA,NA,NA
527856,2025,KENDUSKEAG,Downriver,Canoe,261,oc2shortrec,1,TRUE,11354,770,606,460,27,59,1,42,kenduskeag,TRUE,paddler,NA,Warren Shearer,Shearer Warren,Hampden,ME,USA,NA,NA,NA,NA
424125,2023,KENDUSKEAG,Downriver,Canoe,202,oc2shortrec,5,TRUE,11359,772,608,462,28,59,5,39,kenduskeag,TRUE,paddler,vangagpe01,Peter Gagnon,Gagnon Peter,Auburn,ME,USA,NA,NA,NA,NA
424125,2023,KENDUSKEAG,Downriver,Canoe,202,oc2shortrec,5,TRUE,11359,772,608,462,28,59,5,39,kenduskeag,TRUE,paddler,NA,Jeff Misenheimer,Misenheimer Jeff,Auburn,ME,USA,NA,NA,NA,NA
424092,2023,KENDUSKEAG,Downriver,Canoe,192,oc2rec,6,TRUE,11361,774,610,464,31,61,6,41,kenduskeag,TRUE,paddler,NA,Thomas Donnely,Donnely Thomas,York,ME,USA,NA,NA,NA,NA
424092,2023,KENDUSKEAG,Downriver,Canoe,192,oc2rec,6,TRUE,11361,774,610,464,31,61,6,41,kenduskeag,TRUE,paddler,NA,Zachary Westman,Westman Zachary,Kittery,ME,USA,NA,NA,NA,NA
249505,2018,KENDUSKEAG,Downriver,Canoe,307,oc2mediumrec,14,TRUE,11363,775,611,465,50,116,14,95,kenduskeag,TRUE,paddler,NA,Andre Bucci,Bucci Andre,Orono,ME,USA,1,T,11363,NA
249505,2018,KENDUSKEAG,Downriver,Canoe,307,oc2mediumrec,14,TRUE,11363,775,611,465,50,116,14,95,kenduskeag,TRUE,paddler,haentjni01,Nils Haentjens,Haentjens Nils,Orono,ME,USA,1,T,11363,NA
424056,2023,KENDUSKEAG,Downriver,Canoe,153,oc2mixrec,7,TRUE,11365,776,612,466,54,62,7,42,kenduskeag,TRUE,paddler,deabaytr01,Travis Deabay,Deabay Travis,Bangor,ME,USA,NA,NA,NA,NA
424056,2023,KENDUSKEAG,Downriver,Canoe,153,oc2mixrec,7,TRUE,11365,776,612,466,54,62,7,42,kenduskeag,TRUE,paddler,guyro01,Rose Guy,Guy Rose,Medway,ME,USA,NA,NA,NA,NA
358649,2022,KENDUSKEAG,Downriver,Canoe,342,oc2rec,12,TRUE,11366,777,613,467,32,71,12,52,kenduskeag,TRUE,paddler,NA,Daniel Monahan,Monahan Daniel,Eddington,ME,USA,NA,NA,NA,NA
358649,2022,KENDUSKEAG,Downriver,Canoe,342,oc2rec,12,TRUE,11366,777,613,467,32,71,12,52,kenduskeag,TRUE,paddler,NA,Lance Parke,Parke Lance,Eddington,ME,USA,NA,NA,NA,NA
249597,2018,KENDUSKEAG,Downriver,Canoe,415,oc2hs,8,TRUE,11371,779,614,468,19,117,8,96,kenduskeag,TRUE,paddler,NA,Zach Lafreniere,Lafreniere Zach,Howland,ME,USA,1,T,11371,NA
249597,2018,KENDUSKEAG,Downriver,Canoe,415,oc2hs,8,TRUE,11371,779,614,468,19,117,8,96,kenduskeag,TRUE,paddler,NA,Alexander Small,Small Alexander,Bangor,ME,USA,1,T,11371,NA
229623,2016,KENDUSKEAG,Downriver,Canoe,310,oc2mediumrec,7,TRUE,11372,780,615,469,51,51,7,38,kenduskeag,TRUE,paddler,listerry01,Ryan Lister,Lister Ryan,Waldo,ME,USA,1,T,11372,NA
229623,2016,KENDUSKEAG,Downriver,Canoe,310,oc2mediumrec,7,TRUE,11372,780,615,469,51,51,7,38,kenduskeag,TRUE,paddler,NA,Jim Vaughn,Vaughn Jim,Bangor,ME,USA,1,T,11372,NA
527806,2025,KENDUSKEAG,Downriver,Canoe,213,oc2mixrec,8,TRUE,11377,784,618,470,55,60,8,43,kenduskeag,TRUE,paddler,NA,Wesley Osterhout,Osterhout Wesley,Canaan,ME,USA,NA,NA,NA,NA
527806,2025,KENDUSKEAG,Downriver,Canoe,213,oc2mixrec,8,TRUE,11377,784,618,470,55,60,8,43,kenduskeag,TRUE,paddler,NA,John Williams,Williams John,Canaan,ME,USA,NA,NA,NA,NA
229402,2016,KENDUSKEAG,Downriver,Canoe,66,oc2short,4,TRUE,11382,785,619,471,30,52,4,39,kenduskeag,TRUE,paddler,krogbr01,Brad Krog,Krog Brad,Bowdoin,ME,USA,1,T,11382,NA
229402,2016,KENDUSKEAG,Downriver,Canoe,66,oc2short,4,TRUE,11382,785,619,471,30,52,4,39,kenduskeag,TRUE,paddler,krogda01,Dawn Krog,Krog Dawn,Bowdoin,ME,USA,1,T,11382,NA
229414,2016,KENDUSKEAG,Downriver,Canoe,78,oc2short,5,TRUE,11385,787,621,473,31,53,5,40,kenduskeag,TRUE,paddler,cassidda01,Dan Cassidy,Cassidy Dan,Bangor,ME,USA,1,T,11385,NA
229414,2016,KENDUSKEAG,Downriver,Canoe,78,oc2short,5,TRUE,11385,787,621,473,31,53,5,40,kenduskeag,TRUE,paddler,cassidto01,Tom Cassidy,Cassidy Tom,Orono,ME,USA,1,T,11385,NA
258377,2019,KENDUSKEAG,Downriver,Canoe,321,oc2shortrec,16,TRUE,11385,788,167,131,16,167,16,131,kenduskeag2019,TRUE,paddler,NA,Jeremy Aldrich,Aldrich Jeremy,Argyle,ME,USA,1,T,11385,NA
258377,2019,KENDUSKEAG,Downriver,Canoe,321,oc2shortrec,16,TRUE,11385,788,167,131,16,167,16,131,kenduskeag2019,TRUE,paddler,NA,Tarek Alkhulaidy,Alkhulaidy Tarek,Bangor,ME,USA,1,T,11385,NA
424126,2023,KENDUSKEAG,Downriver,Canoe,304,oc2shortrec,6,TRUE,11393,789,622,474,29,64,6,44,kenduskeag,TRUE,paddler,NA,Carl Lamb,Lamb Carl,Fayette,ME,USA,NA,NA,NA,NA
424126,2023,KENDUSKEAG,Downriver,Canoe,304,oc2shortrec,6,TRUE,11393,789,622,474,29,64,6,44,kenduskeag,TRUE,paddler,NA,Ethan Lamb,Lamb Ethan,Orono,ME,USA,NA,NA,NA,NA
249411,2018,KENDUSKEAG,Downriver,Kayak,197,k1rec,6,TRUE,11399,790,623,136,16,118,6,22,kenduskeag,TRUE,paddler,NA,William Gehman,Gehman William,Orrington,ME,USA,1,T,11399,NA
249473,2018,KENDUSKEAG,Downriver,Canoe,267,oc2mixrec,10,TRUE,11400,791,624,475,56,119,10,97,kenduskeag,TRUE,paddler,NA,Emilee Robertson,Robertson Emilee,Canaan,ME,USA,1,T,11400,NA
249473,2018,KENDUSKEAG,Downriver,Canoe,267,oc2mixrec,10,TRUE,11400,791,624,475,56,119,10,97,kenduskeag,TRUE,paddler,robertet01,Ethan Robertson,Robertson Ethan,Canaan,ME,USA,1,T,11400,NA
358503,2022,KENDUSKEAG,Downriver,Canoe,52,oc2short,3,TRUE,11405,794,627,478,32,72,3,53,kenduskeag,TRUE,paddler,NA,Joseph Aldrich,Aldrich Joseph,Fort kent,ME,USA,NA,NA,NA,NA
358503,2022,KENDUSKEAG,Downriver,Canoe,52,oc2short,3,TRUE,11405,794,627,478,32,72,3,53,kenduskeag,TRUE,paddler,NA,Jordan Labbe,Labbe Jordan,Fort kent,ME,USA,NA,NA,NA,NA
240264,2017,KENDUSKEAG,Downriver,Kayak,165,k1short,13,TRUE,11405,795,628,137,49,142,13,26,kenduskeag,TRUE,paddler,kinkadpa01,Patrick Kinkade,Kinkade Patrick,Holden,ME,USA,1,T,11405,NA
479169,2024,KENDUSKEAG,Downriver,Canoe,220,oc2shortrec,1,TRUE,11412,797,630,480,30,26,1,17,kenduskeag,TRUE,paddler,NA,Ben Cobb,Cobb Ben,Saco,ME,USA,NA,NA,NA,NA
479169,2024,KENDUSKEAG,Downriver,Canoe,220,oc2shortrec,1,TRUE,11412,797,630,480,30,26,1,17,kenduskeag,TRUE,paddler,NA,Randall Cobb,Cobb Randall,Saco,ME,USA,NA,NA,NA,NA
345905,2021,KENDUSKEAG,Downriver,Canoe,461,oc2short,1,TRUE,11416,800,633,482,33,6,1,4,kenduskeag,TRUE,paddler,gauseri01,Rick Gause,Gause Rick,North Yarmouht,ME,USA,NA,NA,NA,NA
345905,2021,KENDUSKEAG,Downriver,Canoe,461,oc2short,1,TRUE,11416,800,633,482,33,6,1,4,kenduskeag,TRUE,paddler,soulegr01,Greg Soule,Soule Greg,North Yarmouht,ME,USA,NA,NA,NA,NA
527722,2025,KENDUSKEAG,Downriver,Kayak,153,k1rec,1,TRUE,11417,801,634,139,17,61,1,16,kenduskeag,TRUE,paddler,sullivke01,Kelsey Sullivan,Sullivan Kelsey,Winterport,ME,USA,NA,NA,NA,NA
479110,2024,KENDUSKEAG,Downriver,Canoe,154,oc2mixrec,2,TRUE,11420,804,636,484,57,27,2,18,kenduskeag,TRUE,paddler,omallecl01,Cliodhna O'Malley,O'Malley Cliodhna,Windham,ME,USA,NA,NA,NA,NA
479110,2024,KENDUSKEAG,Downriver,Canoe,154,oc2mixrec,2,TRUE,11420,804,636,484,57,27,2,18,kenduskeag,TRUE,paddler,powerco01,Cooper Power,Power Cooper,Windham,ME,USA,NA,NA,NA,NA
219862,2015,KENDUSKEAG,Downriver,Canoe,347,oc2hs,1,TRUE,11426,806,638,486,20,90,1,68,kenduskeag,TRUE,paddler,burrno01,Noah Burr,Burr Noah,Greenbush,ME,USA,1,T,11426,NA
219862,2015,KENDUSKEAG,Downriver,Canoe,347,oc2hs,1,TRUE,11426,806,638,486,20,90,1,68,kenduskeag,TRUE,paddler,rucklo01,Lowell Ruck,Ruck Lowell,Orono,ME,USA,1,T,11426,NA
229614,2016,KENDUSKEAG,Downriver,Canoe,301,oc2mediumrec,8,TRUE,11430,807,639,487,52,55,8,42,kenduskeag,TRUE,paddler,winsloaa01,Aaron Winslow,Winslow Aaron,Belmont,ME,USA,1,T,11430,NA
229614,2016,KENDUSKEAG,Downriver,Canoe,301,oc2mediumrec,8,TRUE,11430,807,639,487,52,55,8,42,kenduskeag,TRUE,paddler,winsloja01,Jackson Winslow,Winslow Jackson,Belmont,ME,USA,1,T,11430,NA
358504,2022,KENDUSKEAG,Downriver,Canoe,56,oc2short,4,TRUE,11435,809,641,489,34,73,4,54,kenduskeag,TRUE,paddler,NA,Matt Leavitt,Leavitt Matt,Bowdoinham,ME,USA,NA,NA,NA,NA
358504,2022,KENDUSKEAG,Downriver,Canoe,56,oc2short,4,TRUE,11435,809,641,489,34,73,4,54,kenduskeag,TRUE,paddler,NA,Charlie Rackley,Rackley Charlie,Bowdoin,ME,USA,NA,NA,NA,NA
249293,2018,KENDUSKEAG,Downriver,Canoe,44,open,9,TRUE,11437,811,643,491,45,122,9,100,kenduskeag,TRUE,paddler,NA,Daniel Hasler,Hasler Daniel,Hanover,NH,USA,1,T,11437,NA
249293,2018,KENDUSKEAG,Downriver,Canoe,44,open,9,TRUE,11437,811,643,491,45,122,9,100,kenduskeag,TRUE,paddler,NA,Henry Macqueen,Macqueen Henry,Hanover,NH,USA,1,T,11437,NA
249293,2018,KENDUSKEAG,Downriver,Canoe,44,open,9,TRUE,11437,811,643,491,45,122,9,100,kenduskeag,TRUE,paddler,NA,Will Mcgarey,Mcgarey Will,Hanover,NH,USA,1,T,11437,NA
240209,2017,KENDUSKEAG,Downriver,Canoe,93,oc2short,5,TRUE,11438,812,644,492,35,143,5,117,kenduskeag,TRUE,paddler,sullivca01,Cameron Sullivan,Sullivan Cameron,Old Town,ME,USA,1,T,11438,NA
240209,2017,KENDUSKEAG,Downriver,Canoe,93,oc2short,5,TRUE,11438,812,644,492,35,143,5,117,kenduskeag,TRUE,paddler,sullivty01,Ty Sullivan,Sullivan Ty,Old Town,ME,USA,1,T,11438,NA
219773,2015,KENDUSKEAG,Downriver,Canoe,236,oc2mediumrec,10,TRUE,11451,815,647,495,53,91,10,69,kenduskeag,TRUE,paddler,NA,Chris Lamotte,Lamotte Chris,Orono,ME,USA,1,T,11451,NA
219773,2015,KENDUSKEAG,Downriver,Canoe,236,oc2mediumrec,10,TRUE,11451,815,647,495,53,91,10,69,kenduskeag,TRUE,paddler,NA,Mariusz Potocki,Potocki Mariusz,Orono,ME,USA,1,T,11451,NA
258325,2019,KENDUSKEAG,Downriver,Canoe,256,oc2mixrec,15,TRUE,11455,817,169,133,15,169,15,133,kenduskeag2019,TRUE,paddler,NA,Martin Curnan,Curnan Martin,Orono,ME,USA,1,T,11455,NA
258325,2019,KENDUSKEAG,Downriver,Canoe,256,oc2mixrec,15,TRUE,11455,817,169,133,15,169,15,133,kenduskeag2019,TRUE,paddler,NA,Kelley Fillioon,Fillioon Kelley,Portland,ME,USA,1,T,11455,NA
258412,2019,KENDUSKEAG,Downriver,Canoe,375,oc2shortbeg,8,TRUE,11455,818,170,134,8,170,8,134,kenduskeag2019,TRUE,paddler,bryantji01,James Bryant,Bryant James,Sullivan,ME,USA,1,T,11455,NA
258412,2019,KENDUSKEAG,Downriver,Canoe,375,oc2shortbeg,8,TRUE,11455,818,170,134,8,170,8,134,kenduskeag2019,TRUE,paddler,NA,Richard Flewelling,Flewelling Richard,Hancock,ME,USA,1,T,11455,NA
358691,2022,KENDUSKEAG,Downriver,Canoe,213,oc2shortrec,11,TRUE,11457,819,649,497,31,76,11,57,kenduskeag,TRUE,paddler,NA,Jacob Holmes,Holmes Jacob,Orono,ME,USA,NA,NA,NA,NA
358691,2022,KENDUSKEAG,Downriver,Canoe,213,oc2shortrec,11,TRUE,11457,819,649,497,31,76,11,57,kenduskeag,TRUE,paddler,NA,Chris Vogel,Vogel Chris,Orono,ME,USA,NA,NA,NA,NA
424203,2023,KENDUSKEAG,Downriver,Canoe,333,oc2hs,5,TRUE,11458,822,652,500,21,67,5,46,kenduskeag,TRUE,paddler,NA,Luke Bartol,Bartol Luke,Brunswick,ME,USA,NA,NA,NA,NA
424203,2023,KENDUSKEAG,Downriver,Canoe,333,oc2hs,5,TRUE,11458,822,652,500,21,67,5,46,kenduskeag,TRUE,paddler,NA,Ayden Nichol,Nichol Ayden,Brunswick,ME,USA,NA,NA,NA,NA
358611,2022,KENDUSKEAG,Downriver,Canoe,174,oc2mixrec,10,TRUE,11460,824,654,502,58,77,10,58,kenduskeag,TRUE,paddler,NA,Christina Dimillo,Dimillo Christina,Yarmouth,ME,USA,NA,NA,NA,NA
358611,2022,KENDUSKEAG,Downriver,Canoe,174,oc2mixrec,10,TRUE,11460,824,654,502,58,77,10,58,kenduskeag,TRUE,paddler,NA,Jason Phippen,Phippen Jason,Yarmouth,ME,USA,NA,NA,NA,NA
423954,2023,KENDUSKEAG,Downriver,Canoe,294,oc2short,6,TRUE,11466,825,655,503,36,68,6,47,kenduskeag,TRUE,paddler,bambrini01,Nick Bambrick,Bambrick Nick,Levant,ME,USA,NA,NA,NA,NA
423954,2023,KENDUSKEAG,Downriver,Canoe,294,oc2short,6,TRUE,11466,825,655,503,36,68,6,47,kenduskeag,TRUE,paddler,NA,Ryan Rice,Rice Ryan,St Albans,ME,USA,NA,NA,NA,NA
478946,2024,KENDUSKEAG,Downriver,Unknown,4,open,2,TRUE,11471,828,658,14,46,29,2,2,kenduskeag,TRUE,paddler,NA,Forest Fyrberg,Fyrberg Forest,Oakland,ME,USA,NA,NA,NA,NA
478946,2024,KENDUSKEAG,Downriver,Unknown,4,open,2,TRUE,11471,828,658,14,46,29,2,2,kenduskeag,TRUE,paddler,stearnla01,Laurie Sproul,Sproul Laurie,Brownville,ME,USA,NA,NA,NA,NA
478946,2024,KENDUSKEAG,Downriver,Unknown,4,open,2,TRUE,11471,828,658,14,46,29,2,2,kenduskeag,TRUE,paddler,sproulmi01,Michael Sproul,Sproul Michael,Brownville,ME,USA,NA,NA,NA,NA
478946,2024,KENDUSKEAG,Downriver,Unknown,4,open,2,TRUE,11471,828,658,14,46,29,2,2,kenduskeag,TRUE,paddler,stearnda01,David Stearns,Stearns David,Blue Hill,ME,USA,NA,NA,NA,NA
527904,2025,KENDUSKEAG,Downriver,Canoe,303,oc2shortbeg,1,TRUE,11473,829,659,506,6,62,1,44,kenduskeag,TRUE,paddler,NA,Brett Bradford,Bradford Brett,Kenduskeag,ME,USA,NA,NA,NA,NA
527904,2025,KENDUSKEAG,Downriver,Canoe,303,oc2shortbeg,1,TRUE,11473,829,659,506,6,62,1,44,kenduskeag,TRUE,paddler,NA,Caleb Guerin,Guerin Caleb,Kenduskeag,ME,USA,NA,NA,NA,NA
240368,2017,KENDUSKEAG,Downriver,Canoe,299,oc2mixrec,14,TRUE,11473,830,660,507,59,145,14,119,kenduskeag,TRUE,paddler,NA,John Gause,Gause John,Bangor,ME,USA,1,T,11473,NA
240368,2017,KENDUSKEAG,Downriver,Canoe,299,oc2mixrec,14,TRUE,11473,830,660,507,59,145,14,119,kenduskeag,TRUE,paddler,NA,Phoebe Gause,Gause Phoebe,Bangor,ME,USA,1,T,11473,NA
423955,2023,KENDUSKEAG,Downriver,Canoe,41,oc2short,7,TRUE,11474,831,661,508,37,69,7,48,kenduskeag,TRUE,paddler,sullivca01,Cam Sullivan,Sullivan Cam,Old Town,ME,USA,NA,NA,NA,NA
423955,2023,KENDUSKEAG,Downriver,Canoe,41,oc2short,7,TRUE,11474,831,661,508,37,69,7,48,kenduskeag,TRUE,paddler,sullivty01,Ty Sullivan,Sullivan Ty,Old Town,ME,USA,NA,NA,NA,NA
249487,2018,KENDUSKEAG,Downriver,Canoe,284,oc2mixrec,11,TRUE,11474,832,662,509,60,125,11,103,kenduskeag,TRUE,paddler,NA,Matthew Carpenter,Carpenter Matthew,Orland,ME,USA,1,T,11474,NA
249487,2018,KENDUSKEAG,Downriver,Canoe,284,oc2mixrec,11,TRUE,11474,832,662,509,60,125,11,103,kenduskeag,TRUE,paddler,NA,Lizz McLaughlin,McLaughlin Lizz,Orland,ME,USA,1,T,11474,NA
358505,2022,KENDUSKEAG,Downriver,Canoe,51,oc2short,5,TRUE,11475,833,663,510,38,78,5,59,kenduskeag,TRUE,paddler,sullivca01,Cam Sullivan,Sullivan Cam,Old Town,ME,USA,NA,NA,NA,NA
358505,2022,KENDUSKEAG,Downriver,Canoe,51,oc2short,5,TRUE,11475,833,663,510,38,78,5,59,kenduskeag,TRUE,paddler,sullivty01,Ty Sullivan,Sullivan Ty,Old Town,ME,USA,NA,NA,NA,NA
527702,2025,KENDUSKEAG,Downriver,Kayak,395,k1short,6,TRUE,11481,834,664,140,50,63,6,17,kenduskeag,TRUE,paddler,NA,Eric Nathanson,Nathanson Eric,Scarborough,ME,USA,NA,NA,NA,NA
527672,2025,KENDUSKEAG,Downriver,Canoe,58,oc2short,7,TRUE,11482,835,665,511,39,64,7,45,kenduskeag,TRUE,paddler,sullivca01,Cam Sullivan,Sullivan Cam,Old Town,ME,USA,NA,NA,NA,NA
527672,2025,KENDUSKEAG,Downriver,Canoe,58,oc2short,7,TRUE,11482,835,665,511,39,64,7,45,kenduskeag,TRUE,paddler,sullivty01,Ty Sullivan,Sullivan Ty,Old Town,ME,USA,NA,NA,NA,NA
358735,2022,KENDUSKEAG,Downriver,Canoe,293,oc2shortbeg,2,TRUE,11482,836,666,512,7,79,2,60,kenduskeag,TRUE,paddler,NA,Ryan Coffin,Coffin Ryan,Kennebunk,ME,USA,NA,NA,NA,NA
358735,2022,KENDUSKEAG,Downriver,Canoe,293,oc2shortbeg,2,TRUE,11482,836,666,512,7,79,2,60,kenduskeag,TRUE,paddler,NA,Kenny West,West Kenny,Kennebunk,ME,USA,NA,NA,NA,NA
240472,2017,KENDUSKEAG,Downriver,Canoe,419,oc2shortbeg,3,TRUE,11482,837,667,513,8,146,3,120,kenduskeag,TRUE,paddler,NA,Jeff Gagnon,Gagnon Jeff,Hampden,ME,USA,1,T,11482,NA
240472,2017,KENDUSKEAG,Downriver,Canoe,419,oc2shortbeg,3,TRUE,11482,837,667,513,8,146,3,120,kenduskeag,TRUE,paddler,vangagpe01,Peter Gagnon,Gagnon Peter,Oakland,ME,USA,1,T,11482,NA
479002,2024,KENDUSKEAG,Downriver,Canoe,139,oc2short,1,TRUE,11486,839,669,515,40,30,1,20,kenduskeag,TRUE,paddler,martinbo01,Bob Martin,Martin Bob,Dedham,ME,USA,NA,NA,NA,NA
479002,2024,KENDUSKEAG,Downriver,Canoe,139,oc2short,1,TRUE,11486,839,669,515,40,30,1,20,kenduskeag,TRUE,paddler,wescotte01,Terry Wescott,Wescott Terry,Thorndike,ME,USA,NA,NA,NA,NA
345960,2021,KENDUSKEAG,Downriver,Canoe,1,open,1,TRUE,11490,841,671,517,47,7,1,5,kenduskeag,TRUE,paddler,deighaan01,Angus Deighan,Deighan Angus,Newburgh,ME,USA,NA,NA,NA,NA
345960,2021,KENDUSKEAG,Downriver,Canoe,1,open,1,TRUE,11490,841,671,517,47,7,1,5,kenduskeag,TRUE,paddler,mabeeas01,Ashton Mabee,Mabee Ashton,Bangor,ME,USA,NA,NA,NA,NA
345960,2021,KENDUSKEAG,Downriver,Canoe,1,open,1,TRUE,11490,841,671,517,47,7,1,5,kenduskeag,TRUE,paddler,mabeeno01,Nolan Mabee,Mabee Nolan,Bangor,ME,USA,NA,NA,NA,NA
258364,2019,KENDUSKEAG,Downriver,Canoe,304,oc2shortrec,17,TRUE,11496,842,171,135,17,171,17,135,kenduskeag2019,TRUE,paddler,NA,Travis Hardison,Hardison Travis,Otis,ME,USA,1,T,11496,NA
258364,2019,KENDUSKEAG,Downriver,Canoe,304,oc2shortrec,17,TRUE,11496,842,171,135,17,171,17,135,kenduskeag2019,TRUE,paddler,speedbe01,Benjamin Speed,Speed Benjamin,Bangor,ME,USA,1,T,11496,NA
219795,2015,KENDUSKEAG,Downriver,Canoe,261,oc2mediumrec,11,TRUE,11511,844,673,519,54,93,11,71,kenduskeag,TRUE,paddler,NA,Tom Bearor,Bearor Tom,Bangor,ME,USA,1,T,11511,NA
219795,2015,KENDUSKEAG,Downriver,Canoe,261,oc2mediumrec,11,TRUE,11511,844,673,519,54,93,11,71,kenduskeag,TRUE,paddler,peaseti01,Tim Pease,Pease Tim,Hampden,ME,USA,1,T,11511,NA
345865,2021,KENDUSKEAG,Downriver,Canoe,469,oc2mediumrec,1,TRUE,11512,846,675,521,55,8,1,6,kenduskeag,TRUE,paddler,hannonja01,Jamie Hannon,Hannon Jamie,Wentworth,NH,USA,NA,NA,NA,NA
345865,2021,KENDUSKEAG,Downriver,Canoe,469,oc2mediumrec,1,TRUE,11512,846,675,521,55,8,1,6,kenduskeag,TRUE,paddler,loringch01,Chip Loring,Loring Chip,Old Town,ME,USA,NA,NA,NA,NA
258314,2019,KENDUSKEAG,Downriver,Canoe,241,oc2mixrec,16,TRUE,11512,847,172,136,16,172,16,136,kenduskeag2019,TRUE,paddler,NA,Jack Lewis,Lewis Jack,Bangor,ME,USA,1,T,11512,NA
258314,2019,KENDUSKEAG,Downriver,Canoe,241,oc2mixrec,16,TRUE,11512,847,172,136,16,172,16,136,kenduskeag2019,TRUE,paddler,NA,Alison Quick,Quick Alison,Winslow,ME,USA,1,T,11512,NA
479271,2024,KENDUSKEAG,Downriver,Canoe,299,oc2hs,1,TRUE,11520,848,676,522,22,31,1,21,kenduskeag,TRUE,paddler,NA,Nick Cavalieri,Cavalieri Nick,Orono,ME,USA,NA,NA,NA,NA
479271,2024,KENDUSKEAG,Downriver,Canoe,299,oc2hs,1,TRUE,11520,848,676,522,22,31,1,21,kenduskeag,TRUE,paddler,NA,Mason Moore,Moore Mason,Orono,ME,USA,NA,NA,NA,NA
424093,2023,KENDUSKEAG,Downriver,Canoe,176,oc2rec,7,TRUE,11520,849,677,523,33,70,7,49,kenduskeag,TRUE,paddler,NA,Kevin Kotredes,Kotredes Kevin,Dedham,ME,USA,NA,NA,NA,NA
424093,2023,KENDUSKEAG,Downriver,Canoe,176,oc2rec,7,TRUE,11520,849,677,523,33,70,7,49,kenduskeag,TRUE,paddler,NA,Mike Kotredes,Kotredes Mike,Levant,ME,USA,NA,NA,NA,NA
358692,2022,KENDUSKEAG,Downriver,Canoe,246,oc2shortrec,12,TRUE,11535,850,678,524,32,80,12,61,kenduskeag,TRUE,paddler,NA,Luke Barbour,Barbour Luke,Cape Elizabeth,ME,USA,NA,NA,NA,NA
358692,2022,KENDUSKEAG,Downriver,Canoe,246,oc2shortrec,12,TRUE,11535,850,678,524,32,80,12,61,kenduskeag,TRUE,paddler,NA,Angus Rose,Rose Angus,Portland,ME,USA,NA,NA,NA,NA
219673,2015,KENDUSKEAG,Downriver,Kayak,104,k1short,8,TRUE,11538,854,682,141,51,94,8,23,kenduskeag,TRUE,paddler,NA,Ted Simpson,Simpson Ted,Centerport,NY,USA,1,T,11538,NA
240483,2017,KENDUSKEAG,Downriver,Canoe,431,oc2shortbeg,4,TRUE,11557,858,686,531,9,147,4,121,kenduskeag,TRUE,paddler,NA,Cam Mitiguy,Mitiguy Cam,North Yarmouth,ME,USA,1,T,11557,NA
240483,2017,KENDUSKEAG,Downriver,Canoe,431,oc2shortbeg,4,TRUE,11557,858,686,531,9,147,4,121,kenduskeag,TRUE,paddler,NA,Doug Mitiguy,Mitiguy Doug,North Yarmouth,ME,USA,1,T,11557,NA
479030,2024,KENDUSKEAG,Downriver,Kayak,78,k1short,2,TRUE,11558,859,687,142,52,32,2,9,kenduskeag,TRUE,paddler,ciampaal01,Alex Ciampa,Ciampa Alex,Amesbury,MA,USA,NA,NA,NA,NA
229408,2016,KENDUSKEAG,Downriver,Canoe,72,oc2short,6,TRUE,11566,861,689,533,41,61,6,48,kenduskeag,TRUE,paddler,NA,Jereme Frank,Frank Jereme,Orono,ME,USA,1,T,11566,NA
229408,2016,KENDUSKEAG,Downriver,Canoe,72,oc2short,6,TRUE,11566,861,689,533,41,61,6,48,kenduskeag,TRUE,paddler,NA,Eric Venturini,Venturini Eric,Orono,ME,USA,1,T,11566,NA
240261,2017,KENDUSKEAG,Downriver,Kayak,162,k1short,14,TRUE,11566,862,690,143,53,148,14,27,kenduskeag,TRUE,paddler,powerco01,Cooper Power,Power Cooper,Orono,ME,USA,1,T,11566,NA
249382,2018,KENDUSKEAG,Downriver,Kayak,154,k1short,7,TRUE,11569,863,691,144,54,128,7,23,kenduskeag,TRUE,paddler,montgogl01,Glenn Montgomery,Montgomery Glenn,Belfast,ME,USA,1,T,11569,NA
229749,2016,KENDUSKEAG,Downriver,Canoe,449,oc2hs,2,TRUE,11584,869,697,539,23,63,2,50,kenduskeag,TRUE,paddler,farleyph01,Philip Farley,Farley Philip,Danforth,ME,USA,1,T,11584,NA
229749,2016,KENDUSKEAG,Downriver,Canoe,449,oc2hs,2,TRUE,11584,869,697,539,23,63,2,50,kenduskeag,TRUE,paddler,NA,Matthew Potter,Potter Matthew,Danforth,ME,USA,1,T,11584,NA
479031,2024,KENDUSKEAG,Downriver,Kayak,344,k1short,3,TRUE,11586,870,698,145,55,33,3,10,kenduskeag,TRUE,paddler,baumerda01,Daniel Baumert,Baumert Daniel,Levant,ME,USA,NA,NA,NA,NA
358468,2022,KENDUSKEAG,Downriver,Unknown,24,open,5,TRUE,11586,871,699,15,48,85,5,5,kenduskeag,TRUE,paddler,NA,Esther Rounds,Rounds Esther,Hudson,ME,USA,NA,NA,NA,NA
358468,2022,KENDUSKEAG,Downriver,Unknown,24,open,5,TRUE,11586,871,699,15,48,85,5,5,kenduskeag,TRUE,paddler,NA,Nathanael Rounds,Rounds Nathanael,Hudson,ME,USA,NA,NA,NA,NA
358468,2022,KENDUSKEAG,Downriver,Unknown,24,open,5,TRUE,11586,871,699,15,48,85,5,5,kenduskeag,TRUE,paddler,NA,Rachel Rounds,Rounds Rachel,Hudson,ME,USA,NA,NA,NA,NA
358468,2022,KENDUSKEAG,Downriver,Unknown,24,open,5,TRUE,11586,871,699,15,48,85,5,5,kenduskeag,TRUE,paddler,NA,Richard Rounds,Rounds Richard,Hudson,ME,USA,NA,NA,NA,NA
527940,2025,KENDUSKEAG,Downriver,Canoe,384,oc2hs,1,TRUE,11588,872,700,540,24,67,1,48,kenduskeag,TRUE,paddler,clarkja01,Jacob Clark,Clark Jacob,Orono,ME,USA,NA,NA,NA,NA
527940,2025,KENDUSKEAG,Downriver,Canoe,384,oc2hs,1,TRUE,11588,872,700,540,24,67,1,48,kenduskeag,TRUE,paddler,eckertem01,Emma Eckert,Eckert Emma,Orono,ME,USA,NA,NA,NA,NA
258335,2019,KENDUSKEAG,Downriver,Canoe,270,oc2mediumrec,18,TRUE,11593,873,173,137,18,173,18,137,kenduskeag2019,TRUE,paddler,NA,Robert Bickford,Bickford Robert,Farmington,ME,USA,1,T,11593,NA
258335,2019,KENDUSKEAG,Downriver,Canoe,270,oc2mediumrec,18,TRUE,11593,873,173,137,18,173,18,137,kenduskeag2019,TRUE,paddler,NA,Travis Wibby,Wibby Travis,Old Town,ME,USA,1,T,11593,NA
240144,2017,KENDUSKEAG,Downriver,Kayak,8,k1short,15,TRUE,11595,874,701,146,56,150,15,28,kenduskeag,TRUE,paddler,NA,Zeb Wilson,Wilson Zeb,Bangor,ME,USA,1,T,11595,NA
249330,2018,KENDUSKEAG,Downriver,Kayak,93,k1short,8,TRUE,11595,876,703,147,57,130,8,24,kenduskeag,TRUE,paddler,kinkadpa01,Patrick Kinkade,Kinkade Patrick,Holden,ME,USA,1,T,11595,NA
358650,2022,KENDUSKEAG,Downriver,Canoe,209,oc2rec,13,TRUE,11597,878,705,543,34,86,13,66,kenduskeag,TRUE,paddler,NA,Sam Stratton,Stratton Sam,Bangor,ME,USA,NA,NA,NA,NA
358650,2022,KENDUSKEAG,Downriver,Canoe,209,oc2rec,13,TRUE,11597,878,705,543,34,86,13,66,kenduskeag,TRUE,paddler,veillema01,Marc Veilleux,Veilleux Marc,Orono,ME,USA,NA,NA,NA,NA
424204,2023,KENDUSKEAG,Downriver,Canoe,328,oc2hs,6,TRUE,11603,879,706,544,25,74,6,53,kenduskeag,TRUE,paddler,NA,Deva Holliman,Holliman Deva,Durham,NC,USA,NA,NA,NA,NA
424204,2023,KENDUSKEAG,Downriver,Canoe,328,oc2hs,6,TRUE,11603,879,706,544,25,74,6,53,kenduskeag,TRUE,paddler,NA,Ely Miller-Wilson,Miller-Wilson Ely,Wynnewood,PA,USA,NA,NA,NA,NA
358612,2022,KENDUSKEAG,Downriver,Canoe,196,oc2mixrec,11,TRUE,11609,882,709,547,61,87,11,67,kenduskeag,TRUE,paddler,NA,Maureen Cassidy,Cassidy Maureen,Lebanon,NH,USA,NA,NA,NA,NA
358612,2022,KENDUSKEAG,Downriver,Canoe,196,oc2mixrec,11,TRUE,11609,882,709,547,61,87,11,67,kenduskeag,TRUE,paddler,cassidth01,Thomas Cassidy,Cassidy Thomas,Orono,ME,USA,NA,NA,NA,NA
423908,2023,KENDUSKEAG,Downriver,Unknown,19,open,7,TRUE,11612,884,711,16,49,75,7,7,kenduskeag,TRUE,paddler,NA,Nicole Guido,Guido Nicole,Old Town,ME,USA,NA,NA,NA,NA
423908,2023,KENDUSKEAG,Downriver,Unknown,19,open,7,TRUE,11612,884,711,16,49,75,7,7,kenduskeag,TRUE,paddler,NA,Nathanael Rounds,Rounds Nathanael,Hudson,ME,USA,NA,NA,NA,NA
423908,2023,KENDUSKEAG,Downriver,Unknown,19,open,7,TRUE,11612,884,711,16,49,75,7,7,kenduskeag,TRUE,paddler,NA,J Elliot Sanders,Sanders J Elliot,Old Town,ME,USA,NA,NA,NA,NA
527837,2025,KENDUSKEAG,Downriver,Canoe,36,oc2rec,11,TRUE,11614,885,712,549,35,69,11,50,kenduskeag,TRUE,paddler,forrescl01,Clayton Forrest,Forrest Clayton,Hampden,ME,USA,NA,NA,NA,NA
527837,2025,KENDUSKEAG,Downriver,Canoe,36,oc2rec,11,TRUE,11614,885,712,549,35,69,11,50,kenduskeag,TRUE,paddler,NA,Cody McDonald,McDonald Cody,Winterport,ME,USA,NA,NA,NA,NA
240479,2017,KENDUSKEAG,Downriver,Canoe,427,oc2shortbeg,5,TRUE,11615,887,714,551,10,153,5,125,kenduskeag,TRUE,paddler,NA,Chris DiLisio,DiLisio Chris,Cumberland,ME,USA,1,T,11615,NA
240479,2017,KENDUSKEAG,Downriver,Canoe,427,oc2shortbeg,5,TRUE,11615,887,714,551,10,153,5,125,kenduskeag,TRUE,paddler,NA,Sam Johnston,Johnston Sam,Cumberland,ME,USA,1,T,11615,NA
358613,2022,KENDUSKEAG,Downriver,Canoe,180,oc2mixrec,12,TRUE,11619,888,715,552,62,88,12,68,kenduskeag,TRUE,paddler,quinnjo01,John Quinn,Quinn John,Orono,ME,USA,NA,NA,NA,NA
358613,2022,KENDUSKEAG,Downriver,Canoe,180,oc2mixrec,12,TRUE,11619,888,715,552,62,88,12,68,kenduskeag,TRUE,paddler,NA,Sarah Quinn,Quinn Sarah,Bangor,ME,USA,NA,NA,NA,NA
479139,2024,KENDUSKEAG,Downriver,Canoe,185,oc2rec,5,TRUE,11621,889,716,553,36,34,5,22,kenduskeag,TRUE,paddler,NA,Jonathan Keating,Keating Jonathan,Auburn,ME,USA,NA,NA,NA,NA
479139,2024,KENDUSKEAG,Downriver,Canoe,185,oc2rec,5,TRUE,11621,889,716,553,36,34,5,22,kenduskeag,TRUE,paddler,walshma01,Matt Walsh,Walsh Matt,Greene,ME,USA,NA,NA,NA,NA
527905,2025,KENDUSKEAG,Downriver,Canoe,304,oc2shortbeg,2,TRUE,11634,897,723,558,11,71,2,52,kenduskeag,TRUE,paddler,NA,Nate Levin,Levin Nate,New York,NY,USA,NA,NA,NA,NA
527905,2025,KENDUSKEAG,Downriver,Canoe,304,oc2shortbeg,2,TRUE,11634,897,723,558,11,71,2,52,kenduskeag,TRUE,paddler,NA,Graham Louis,Louis Graham,Portland,ME,USA,NA,NA,NA,NA
358614,2022,KENDUSKEAG,Downriver,Canoe,187,oc2mixrec,13,TRUE,11636,901,727,562,63,90,13,70,kenduskeag,TRUE,paddler,NA,Maeve Carlson,Carlson Maeve,Falmouth,ME,USA,NA,NA,NA,NA
358614,2022,KENDUSKEAG,Downriver,Canoe,187,oc2mixrec,13,TRUE,11636,901,727,562,63,90,13,70,kenduskeag,TRUE,paddler,NA,Preston Spear,Spear Preston,Rockland,ME,USA,NA,NA,NA,NA
229772,2016,KENDUSKEAG,Downriver,Canoe,473,oc2hs,3,TRUE,11645,904,730,565,26,67,3,53,kenduskeag,TRUE,paddler,rucklo01,Lowell Ruck,Ruck Lowell,Orono,ME,USA,1,T,11645,NA
229772,2016,KENDUSKEAG,Downriver,Canoe,473,oc2hs,3,TRUE,11645,904,730,565,26,67,3,53,kenduskeag,TRUE,paddler,NA,Francois Vankerkhoven,Vankerkhoven Francois,Orono,ME,USA,1,T,11645,NA
358615,2022,KENDUSKEAG,Downriver,Canoe,175,oc2mixrec,14,TRUE,11651,906,732,567,64,91,14,71,kenduskeag,TRUE,paddler,omallecl01,Cliodhna Omalley,Omalley Cliodhna,Gorham,ME,USA,NA,NA,NA,NA
358615,2022,KENDUSKEAG,Downriver,Canoe,175,oc2mixrec,14,TRUE,11651,906,732,567,64,91,14,71,kenduskeag,TRUE,paddler,powerco01,Cooper Power,Power Cooper,Gorham,ME,USA,NA,NA,NA,NA
219842,2015,KENDUSKEAG,Downriver,Canoe,316,oc2shortbeg,2,TRUE,11656,908,734,569,12,95,2,72,kenduskeag,TRUE,paddler,NA,Nick Bishop,Bishop Nick,East millinocket,ME,USA,1,T,11656,NA
219842,2015,KENDUSKEAG,Downriver,Canoe,316,oc2shortbeg,2,TRUE,11656,908,734,569,12,95,2,72,kenduskeag,TRUE,paddler,NA,Andy Vaness,Vaness Andy,Hermon,ME,USA,1,T,11656,NA
229483,2016,KENDUSKEAG,Downriver,Kayak,159,k1rec,3,TRUE,11658,910,735,150,18,69,3,15,kenduskeag,TRUE,paddler,lockele01,Lee Locke,Locke Lee,Norridgewock,ME,USA,1,T,11658,NA
249391,2018,KENDUSKEAG,Downriver,Kayak,168,k1short,9,TRUE,11659,911,736,151,58,135,9,25,kenduskeag,TRUE,paddler,kallocli01,Liam Kalloch,Kalloch Liam,South Portland,ME,USA,1,T,11659,NA
249541,2018,KENDUSKEAG,Downriver,Canoe,347,oc2shortrec,6,TRUE,11662,912,737,570,33,136,6,111,kenduskeag,TRUE,paddler,NA,Andy Peake,Peake Andy,Penobscot,ME,USA,1,T,11662,NA
249541,2018,KENDUSKEAG,Downriver,Canoe,347,oc2shortrec,6,TRUE,11662,912,737,570,33,136,6,111,kenduskeag,TRUE,paddler,NA,Phineas Peake,Peake Phineas,Dover-Foxcroft,ME,USA,1,T,11662,NA
240438,2017,KENDUSKEAG,Downriver,Canoe,376,oc2shortrec,3,TRUE,11665,913,738,571,34,157,3,129,kenduskeag,TRUE,paddler,bambrini01,Nick Bambrick,Bambrick Nick,Levant,ME,USA,1,T,11665,NA
240438,2017,KENDUSKEAG,Downriver,Canoe,376,oc2shortrec,3,TRUE,11665,913,738,571,34,157,3,129,kenduskeag,TRUE,paddler,NA,Edmund Hatch,Hatch Edmund,Hermon,ME,USA,1,T,11665,NA
527857,2025,KENDUSKEAG,Downriver,Canoe,247,oc2shortrec,2,TRUE,11666,914,739,572,35,72,2,53,kenduskeag,TRUE,paddler,boudrede01,Dean Boudreau,Boudreau Dean,Trenton,ME,USA,NA,NA,NA,NA
527857,2025,KENDUSKEAG,Downriver,Canoe,247,oc2shortrec,2,TRUE,11666,914,739,572,35,72,2,53,kenduskeag,TRUE,paddler,NA,Henry Boudreau,Boudreau Henry,Trenton,ME,USA,NA,NA,NA,NA
358736,2022,KENDUSKEAG,Downriver,Canoe,288,oc2shortbeg,3,TRUE,11672,916,741,574,13,92,3,72,kenduskeag,TRUE,paddler,culverbe01,Ben Culver,Culver Ben,Portland,ME,USA,NA,NA,NA,NA
358736,2022,KENDUSKEAG,Downriver,Canoe,288,oc2shortbeg,3,TRUE,11672,916,741,574,13,92,3,72,kenduskeag,TRUE,paddler,NA,Michael Moran,Moran Michael,Portland,ME,USA,NA,NA,NA,NA
527838,2025,KENDUSKEAG,Downriver,Canoe,236,oc2rec,12,TRUE,11672,917,742,575,37,73,12,54,kenduskeag,TRUE,paddler,NA,Mort Soule,Soule Mort,Old Town,ME,USA,NA,NA,NA,NA
527838,2025,KENDUSKEAG,Downriver,Canoe,236,oc2rec,12,TRUE,11672,917,742,575,37,73,12,54,kenduskeag,TRUE,paddler,NA,Winter Whitten,Whitten Winter,Blaine,ME,USA,NA,NA,NA,NA
358758,2022,KENDUSKEAG,Downriver,Canoe,310,oc2hs,4,TRUE,11684,923,748,581,27,93,4,73,kenduskeag,TRUE,paddler,NA,Adelaide Brandt,Brandt Adelaide,Limerick,ME,USA,NA,NA,NA,NA
358758,2022,KENDUSKEAG,Downriver,Canoe,310,oc2hs,4,TRUE,11684,923,748,581,27,93,4,73,kenduskeag,TRUE,paddler,NA,Reilly Osbourne,Osbourne Reilly,Northhampton,MA,USA,NA,NA,NA,NA
423909,2023,KENDUSKEAG,Downriver,Unknown,24,open,8,TRUE,11686,924,749,17,50,78,8,8,kenduskeag,TRUE,paddler,NA,Charles Bloom,Bloom Charles,Bangor,ME,USA,NA,NA,NA,NA
423909,2023,KENDUSKEAG,Downriver,Unknown,24,open,8,TRUE,11686,924,749,17,50,78,8,8,kenduskeag,TRUE,paddler,NA,Nathalie Rhoads,Rhoads Nathalie,Bangor,ME,USA,NA,NA,NA,NA
423909,2023,KENDUSKEAG,Downriver,Unknown,24,open,8,TRUE,11686,924,749,17,50,78,8,8,kenduskeag,TRUE,paddler,NA,Sam Rhoads,Rhoads Sam,Bangor,ME,USA,NA,NA,NA,NA
345866,2021,KENDUSKEAG,Downriver,Canoe,472,oc2mediumrec,2,TRUE,11688,925,750,582,56,10,2,7,kenduskeag,TRUE,paddler,reddinde01,Dean Redding,Redding Dean,Bangor,ME,USA,NA,NA,NA,NA
345866,2021,KENDUSKEAG,Downriver,Canoe,472,oc2mediumrec,2,TRUE,11688,925,750,582,56,10,2,7,kenduskeag,TRUE,paddler,risingma01,Mark Risinger,Risinger Mark,Hermon,ME,USA,NA,NA,NA,NA
358556,2022,KENDUSKEAG,Downriver,Kayak,111,k1rec,1,TRUE,11688,926,751,152,19,94,1,16,kenduskeag,TRUE,paddler,NA,Nick Coveney,Coveney Nick,Falmouth,ME,USA,NA,NA,NA,NA
229401,2016,KENDUSKEAG,Downriver,Canoe,65,oc2short,7,TRUE,11694,929,754,585,42,70,7,55,kenduskeag,TRUE,paddler,NA,Peter Cyr,Cyr Peter,Scarborough,ME,USA,1,T,11694,NA
229401,2016,KENDUSKEAG,Downriver,Canoe,65,oc2short,7,TRUE,11694,929,754,585,42,70,7,55,kenduskeag,TRUE,paddler,hartleri01,Richard Hartley,Hartley Richard,Holden,ME,USA,1,T,11694,NA
249326,2018,KENDUSKEAG,Downriver,Canoe,87,oc2short,6,TRUE,11694,930,755,586,43,138,6,113,kenduskeag,TRUE,paddler,sullivca01,Cameron Sullivan,Sullivan Cameron,Old Town,ME,USA,1,T,11694,NA
249326,2018,KENDUSKEAG,Downriver,Canoe,87,oc2short,6,TRUE,11694,930,755,586,43,138,6,113,kenduskeag,TRUE,paddler,sullivty01,Ty Sullivan,Sullivan Ty,Old Town,ME,USA,1,T,11694,NA
358557,2022,KENDUSKEAG,Downriver,Kayak,108,k1rec,2,TRUE,11698,932,757,153,20,96,2,17,kenduskeag,TRUE,paddler,merrilla01,Larry Merrill,Merrill Larry,Orrington,ME,USA,NA,NA,NA,NA
527839,2025,KENDUSKEAG,Downriver,Canoe,230,oc2rec,13,TRUE,11701,934,759,589,38,75,13,56,kenduskeag,TRUE,paddler,NA,Mark Eldridge,Eldridge Mark,Hampden,ME,USA,NA,NA,NA,NA
527839,2025,KENDUSKEAG,Downriver,Canoe,230,oc2rec,13,TRUE,11701,934,759,589,38,75,13,56,kenduskeag,TRUE,paddler,NA,Matt Haws,Haws Matt,South Portland,ME,USA,NA,NA,NA,NA
249606,2018,KENDUSKEAG,Downriver,Canoe,425,oc2hs,9,TRUE,11702,935,760,590,28,140,9,115,kenduskeag,TRUE,paddler,NA,Mike Richard,Richard Mike,Turner,ME,USA,1,T,11702,NA
249606,2018,KENDUSKEAG,Downriver,Canoe,425,oc2hs,9,TRUE,11702,935,760,590,28,140,9,115,kenduskeag,TRUE,paddler,NA,Nathan Richard,Richard Nathan,Turner,ME,USA,1,T,11702,NA
258363,2019,KENDUSKEAG,Downriver,Canoe,303,oc2mediumrec,19,TRUE,11703,937,176,140,19,176,19,140,kenduskeag2019,TRUE,paddler,NA,Aaron Leighton,Leighton Aaron,Holden,ME,USA,1,T,11703,NA
258363,2019,KENDUSKEAG,Downriver,Canoe,303,oc2mediumrec,19,TRUE,11703,937,176,140,19,176,19,140,kenduskeag2019,TRUE,paddler,NA,Dan Leighton,Leighton Dan,Stetson,ME,USA,1,T,11703,NA
258306,2019,KENDUSKEAG,Downriver,Canoe,233,oc2mixrec,17,TRUE,11704,938,177,141,17,177,17,141,kenduskeag2019,TRUE,paddler,NA,Sidney Beardsworth,Beardsworth Sidney,Blue Hill,ME,USA,1,T,11704,NA
258306,2019,KENDUSKEAG,Downriver,Canoe,233,oc2mixrec,17,TRUE,11704,938,177,141,17,177,17,141,kenduskeag2019,TRUE,paddler,NA,Megan Nowland,Nowland Megan,Bucksport,ME,USA,1,T,11704,NA
240210,2017,KENDUSKEAG,Downriver,Canoe,94,oc2short,6,TRUE,11711,939,762,592,44,161,6,133,kenduskeag,TRUE,paddler,NA,Levi Clark,Clark Levi,Kenduskeag,ME,USA,1,T,11711,NA
240210,2017,KENDUSKEAG,Downriver,Canoe,94,oc2short,6,TRUE,11711,939,762,592,44,161,6,133,kenduskeag,TRUE,paddler,NA,Chris Merchant,Merchant Chris,Kenduskeag,ME,USA,1,T,11711,NA
358759,2022,KENDUSKEAG,Downriver,Canoe,329,oc2hs,5,TRUE,11712,940,763,593,29,97,5,75,kenduskeag,TRUE,paddler,eckertem01,Emma Eckert,Eckert Emma,Orono,ME,USA,NA,NA,NA,NA
358759,2022,KENDUSKEAG,Downriver,Canoe,329,oc2hs,5,TRUE,11712,940,763,593,29,97,5,75,kenduskeag,TRUE,paddler,smithev01,Evan Smith,Smith Evan,Orono,ME,USA,NA,NA,NA,NA
258383,2019,KENDUSKEAG,Downriver,Canoe,330,oc2shortrec,18,TRUE,11713,941,178,142,18,178,18,142,kenduskeag2019,TRUE,paddler,NA,Jacob Farmer,Farmer Jacob,Belgrade,ME,USA,1,T,11713,NA
258383,2019,KENDUSKEAG,Downriver,Canoe,330,oc2shortrec,18,TRUE,11713,941,178,142,18,178,18,142,kenduskeag2019,TRUE,paddler,NA,Jason Robinson,Robinson Jason,Newport,ME,USA,1,T,11713,NA
424094,2023,KENDUSKEAG,Downriver,Canoe,188,oc2rec,8,TRUE,11717,942,764,594,39,79,8,56,kenduskeag,TRUE,paddler,cassidda01,Dan Cassidy,Cassidy Dan,Bangor,ME,USA,NA,NA,NA,NA
424094,2023,KENDUSKEAG,Downriver,Canoe,188,oc2rec,8,TRUE,11717,942,764,594,39,79,8,56,kenduskeag,TRUE,paddler,NA,Luke Cassidy,Cassidy Luke,Portland,ME,USA,NA,NA,NA,NA
219809,2015,KENDUSKEAG,Downriver,Canoe,278,oc2shortrec,5,TRUE,11724,944,766,596,36,98,5,75,kenduskeag,TRUE,paddler,NA,Greg Dexter,Dexter Greg,Brewer,ME,USA,1,T,11724,NA
219809,2015,KENDUSKEAG,Downriver,Canoe,278,oc2shortrec,5,TRUE,11724,944,766,596,36,98,5,75,kenduskeag,TRUE,paddler,NA,Joey Hunt,Hunt Joey,Sanford,ME,USA,1,T,11724,NA
240427,2017,KENDUSKEAG,Downriver,Canoe,362,oc2shortrec,4,TRUE,11726,946,768,598,37,163,4,135,kenduskeag,TRUE,paddler,zydlewjo01,Joseph Zydlewski,Zydlewski Joseph,Hampden,ME,USA,1,T,11726,NA
240427,2017,KENDUSKEAG,Downriver,Canoe,362,oc2shortrec,4,TRUE,11726,946,768,598,37,163,4,135,kenduskeag,TRUE,paddler,NA,Orion Zydlewski,Zydlewski Orion,Hampden,ME,USA,1,T,11726,NA
229649,2016,KENDUSKEAG,Downriver,Canoe,339,oc2shortrec,2,TRUE,11732,950,772,601,38,71,2,56,kenduskeag,TRUE,paddler,NA,Dustin Dunn,Dunn Dustin,Hulls cove,ME,USA,1,T,11732,NA
229649,2016,KENDUSKEAG,Downriver,Canoe,339,oc2shortrec,2,TRUE,11732,950,772,601,38,71,2,56,kenduskeag,TRUE,paddler,NA,Garrett Hardison,Hardison Garrett,Hulls cove,ME,USA,1,T,11732,NA
240345,2017,KENDUSKEAG,Downriver,Canoe,272,oc2mixrec,15,TRUE,11733,951,773,602,65,165,15,136,kenduskeag,TRUE,paddler,NA,Jonathan Doty,Doty Jonathan,Madison,ME,USA,1,T,11733,NA
240345,2017,KENDUSKEAG,Downriver,Canoe,272,oc2mixrec,15,TRUE,11733,951,773,602,65,165,15,136,kenduskeag,TRUE,paddler,NA,Minna Mathiasson,Mathiasson Minna,Dover,NH,USA,1,T,11733,NA
358558,2022,KENDUSKEAG,Downriver,Kayak,25,k1rec,3,TRUE,11738,954,776,155,21,98,3,18,kenduskeag,TRUE,paddler,NA,Caleb Rounds,Rounds Caleb,Hudson,ME,USA,NA,NA,NA,NA
240410,2017,KENDUSKEAG,Downriver,Canoe,343,oc2mediumrec,22,TRUE,11744,955,777,605,57,166,22,137,kenduskeag,TRUE,paddler,evanssh01,Shawn Evans,Evans Shawn,Orland,ME,USA,1,T,11744,NA
240410,2017,KENDUSKEAG,Downriver,Canoe,343,oc2mediumrec,22,TRUE,11744,955,777,605,57,166,22,137,kenduskeag,TRUE,paddler,NA,Graham Fitch,Fitch Graham,Northport,ME,USA,1,T,11744,NA
219749,2015,KENDUSKEAG,Downriver,Canoe,208,oc2mixrec,5,TRUE,11746,956,778,606,66,100,5,77,kenduskeag,TRUE,paddler,NA,Audrey Braccio,Braccio Audrey,Glenburn,ME,USA,1,T,11746,NA
219749,2015,KENDUSKEAG,Downriver,Canoe,208,oc2mixrec,5,TRUE,11746,956,778,606,66,100,5,77,kenduskeag,TRUE,paddler,NA,John Braccio,Braccio John,Guilford,CT,USA,1,T,11746,NA
479032,2024,KENDUSKEAG,Downriver,Kayak,79,k1short,4,TRUE,11747,957,779,156,59,36,4,11,kenduskeag,TRUE,paddler,bamforma01,Mark Bamford,Bamford Mark,Bucksport,ME,USA,NA,NA,NA,NA
240200,2017,KENDUSKEAG,Downriver,Canoe,82,oc2short,7,TRUE,11748,958,780,607,45,167,7,138,kenduskeag,TRUE,paddler,NA,Philip Drew,Drew Philip,Glenburn,ME,USA,1,T,11748,NA
240200,2017,KENDUSKEAG,Downriver,Canoe,82,oc2short,7,TRUE,11748,958,780,607,45,167,7,138,kenduskeag,TRUE,paddler,NA,David Naughton,Naughton David,Amherst,MA,USA,1,T,11748,NA
219678,2015,KENDUSKEAG,Downriver,Kayak,112,k1short,9,TRUE,11751,959,781,157,60,101,9,24,kenduskeag,TRUE,paddler,kallocli01,Liam Kalloch,Kalloch Liam,South Portland,ME,USA,1,T,11751,NA
240436,2017,KENDUSKEAG,Downriver,Canoe,373,oc2shortrec,5,TRUE,11751,960,782,608,39,168,5,139,kenduskeag,TRUE,paddler,NA,Tom Mackinney,Mackinney Tom,York,ME,USA,1,T,11751,NA
240436,2017,KENDUSKEAG,Downriver,Canoe,373,oc2shortrec,5,TRUE,11751,960,782,608,39,168,5,139,kenduskeag,TRUE,paddler,NA,Jeffrey Spaulding,Spaulding Jeffrey,York,ME,USA,1,T,11751,NA
219771,2015,KENDUSKEAG,Downriver,Canoe,234,oc2mediumrec,12,TRUE,11751,961,783,609,58,102,12,78,kenduskeag,TRUE,paddler,NA,Robert Curtis,Curtis Robert,Westbrook,ME,USA,1,T,11751,NA
219771,2015,KENDUSKEAG,Downriver,Canoe,234,oc2mediumrec,12,TRUE,11751,961,783,609,58,102,12,78,kenduskeag,TRUE,paddler,NA,Brady Williams,Williams Brady,Harpswell,ME,USA,1,T,11751,NA
424127,2023,KENDUSKEAG,Downriver,Canoe,208,oc2shortrec,7,TRUE,11754,965,786,612,40,82,7,59,kenduskeag,TRUE,paddler,boudrede01,Dean Boudreau,Boudreau Dean,Trenton,ME,USA,NA,NA,NA,NA
424127,2023,KENDUSKEAG,Downriver,Canoe,208,oc2shortrec,7,TRUE,11754,965,786,612,40,82,7,59,kenduskeag,TRUE,paddler,NA,Henry Boudreau,Boudreau Henry,Trenton,ME,USA,NA,NA,NA,NA
249465,2018,KENDUSKEAG,Downriver,Canoe,259,oc2mixrec,12,TRUE,11757,966,787,613,67,141,12,116,kenduskeag,TRUE,paddler,NA,Lauren Dupee,Dupee Lauren,Old Town,ME,USA,1,T,11757,NA
249465,2018,KENDUSKEAG,Downriver,Canoe,259,oc2mixrec,12,TRUE,11757,966,787,613,67,141,12,116,kenduskeag,TRUE,paddler,quinnjo01,John Quinn,Quinn John,Old Town,ME,USA,1,T,11757,NA
424057,2023,KENDUSKEAG,Downriver,Canoe,154,oc2mixrec,8,TRUE,11760,967,788,614,68,83,8,60,kenduskeag,TRUE,paddler,NA,Jennifer O'Connell,O'Connell Jennifer,Portland,ME,USA,NA,NA,NA,NA
424057,2023,KENDUSKEAG,Downriver,Canoe,154,oc2mixrec,8,TRUE,11760,967,788,614,68,83,8,60,kenduskeag,TRUE,paddler,NA,Evan Perkins,Perkins Evan,East Ryegate,VT,USA,NA,NA,NA,NA
358651,2022,KENDUSKEAG,Downriver,Canoe,212,oc2rec,14,TRUE,11763,969,790,616,40,100,14,77,kenduskeag,TRUE,paddler,NA,Nathan Eisworth,Eisworth Nathan,Franklin,ME,USA,NA,NA,NA,NA
358651,2022,KENDUSKEAG,Downriver,Canoe,212,oc2rec,14,TRUE,11763,969,790,616,40,100,14,77,kenduskeag,TRUE,paddler,NA,Jason Pothier,Pothier Jason,Ellsworth,ME,USA,NA,NA,NA,NA
258386,2019,KENDUSKEAG,Downriver,Canoe,333,oc2shortrec,19,TRUE,11767,970,180,144,19,180,19,144,kenduskeag2019,TRUE,paddler,NA,Ethan Tremblay,Tremblay Ethan,Winterport,ME,USA,1,T,11767,NA
258386,2019,KENDUSKEAG,Downriver,Canoe,333,oc2shortrec,19,TRUE,11767,970,180,144,19,180,19,144,kenduskeag2019,TRUE,paddler,NA,Christopher Young,Young Christopher,Orrington,ME,USA,1,T,11767,NA
423956,2023,KENDUSKEAG,Downriver,Canoe,39,oc2short,8,TRUE,11775,973,793,619,46,85,8,62,kenduskeag,TRUE,paddler,NA,Patrick Brady,Brady Patrick,Lisbon Falls,ME,USA,NA,NA,NA,NA
423956,2023,KENDUSKEAG,Downriver,Canoe,39,oc2short,8,TRUE,11775,973,793,619,46,85,8,62,kenduskeag,TRUE,paddler,NA,Justin Elliott,Elliott Justin,Oob,ME,USA,NA,NA,NA,NA
424164,2023,KENDUSKEAG,Downriver,Canoe,249,oc2shortbeg,1,TRUE,11778,975,795,621,14,86,1,63,kenduskeag,TRUE,paddler,NA,Joshua Harvey,Harvey Joshua,Bangor,ME,USA,NA,NA,NA,NA
424164,2023,KENDUSKEAG,Downriver,Canoe,249,oc2shortbeg,1,TRUE,11778,975,795,621,14,86,1,63,kenduskeag,TRUE,paddler,NA,Ronald Harvey,Harvey Ronald,Bangor,ME,USA,NA,NA,NA,NA
240356,2017,KENDUSKEAG,Downriver,Canoe,285,oc2mixrec,16,TRUE,11779,976,796,622,69,169,16,140,kenduskeag,TRUE,paddler,NA,Jessica Maguire,Maguire Jessica,Augusta,ME,USA,1,T,11779,NA
240356,2017,KENDUSKEAG,Downriver,Canoe,285,oc2mixrec,16,TRUE,11779,976,796,622,69,169,16,140,kenduskeag,TRUE,paddler,maguirse01,Sean Maguire,Maguire Sean,Augusta,ME,USA,1,T,11779,NA
249292,2018,KENDUSKEAG,Downriver,Canoe,43,open,10,TRUE,11782,977,797,623,51,142,10,117,kenduskeag,TRUE,paddler,NA,Evan Nadeau,Nadeau Evan,Bangor,ME,USA,1,T,11782,NA
249292,2018,KENDUSKEAG,Downriver,Canoe,43,open,10,TRUE,11782,977,797,623,51,142,10,117,kenduskeag,TRUE,paddler,NA,Ryan Nadeau,Nadeau Ryan,Bangor,ME,USA,1,T,11782,NA
229664,2016,KENDUSKEAG,Downriver,Canoe,356,oc2shortrec,3,TRUE,11789,979,799,625,41,74,3,59,kenduskeag,TRUE,paddler,NA,Thomas Hummel,Hummel Thomas,Bangor,ME,USA,1,T,11789,NA
229664,2016,KENDUSKEAG,Downriver,Canoe,356,oc2shortrec,3,TRUE,11789,979,799,625,41,74,3,59,kenduskeag,TRUE,paddler,NA,David Simansen,Simansen David,Bangor,ME,USA,1,T,11789,NA
424095,2023,KENDUSKEAG,Downriver,Canoe,172,oc2rec,9,TRUE,11789,980,800,626,41,87,9,64,kenduskeag,TRUE,paddler,cassidda02,David Cassidy,Cassidy David,Portland,ME,USA,NA,NA,NA,NA
424095,2023,KENDUSKEAG,Downriver,Canoe,172,oc2rec,9,TRUE,11789,980,800,626,41,87,9,64,kenduskeag,TRUE,paddler,NA,Adam Vidoni,Vidoni Adam,Woodinville,WA,USA,NA,NA,NA,NA
424128,2023,KENDUSKEAG,Downriver,Canoe,193,oc2shortrec,8,TRUE,11793,981,801,627,42,88,8,65,kenduskeag,TRUE,paddler,NA,Matthew Entwistle,Entwistle Matthew,Berwick,ME,USA,NA,NA,NA,NA
424128,2023,KENDUSKEAG,Downriver,Canoe,193,oc2shortrec,8,TRUE,11793,981,801,627,42,88,8,65,kenduskeag,TRUE,paddler,NA,Joseph Gattozzi,Gattozzi Joseph,Berwick,ME,USA,NA,NA,NA,NA
249463,2018,KENDUSKEAG,Downriver,Canoe,257,oc2mixrec,13,TRUE,11803,984,804,630,70,144,13,119,kenduskeag,TRUE,paddler,NA,Josh Carter,Carter Josh,Clinton,ME,USA,1,T,11803,NA
249463,2018,KENDUSKEAG,Downriver,Canoe,257,oc2mixrec,13,TRUE,11803,984,804,630,70,144,13,119,kenduskeag,TRUE,paddler,NA,Sarah Robinson,Robinson Sarah,Portland,ME,USA,1,T,11803,NA
240255,2017,KENDUSKEAG,Downriver,Kayak,154,k1short,16,TRUE,11805,985,805,158,61,170,16,30,kenduskeag,TRUE,paddler,NA,Mark Cummings,Cummings Mark,Bradford,ME,USA,1,T,11805,NA
358737,2022,KENDUSKEAG,Downriver,Canoe,55,oc2shortbeg,4,TRUE,11808,988,808,632,15,102,4,79,kenduskeag,TRUE,paddler,NA,Henry Bodkin,Bodkin Henry,Hope,ME,USA,NA,NA,NA,NA
358737,2022,KENDUSKEAG,Downriver,Canoe,55,oc2shortbeg,4,TRUE,11808,988,808,632,15,102,4,79,kenduskeag,TRUE,paddler,NA,Carlos Jimeniz,Jimeniz Carlos,South Thomaston,ME,USA,NA,NA,NA,NA
249538,2018,KENDUSKEAG,Downriver,Canoe,344,oc2shortrec,7,TRUE,11808,989,809,633,43,146,7,121,kenduskeag,TRUE,paddler,NA,Aaron Burgus,Burgus Aaron,Lamoine,ME,USA,1,T,11808,NA
249538,2018,KENDUSKEAG,Downriver,Canoe,344,oc2shortrec,7,TRUE,11808,989,809,633,43,146,7,121,kenduskeag,TRUE,paddler,NA,Rob Hallett,Hallett Rob,Ellsworth,ME,USA,1,T,11808,NA
249581,2018,KENDUSKEAG,Downriver,Canoe,396,oc2shortbeg,2,TRUE,11808,990,810,634,16,147,2,122,kenduskeag,TRUE,paddler,NA,Ian Chittenden,Chittenden Ian,Blue Hill,ME,USA,1,T,11808,NA
249581,2018,KENDUSKEAG,Downriver,Canoe,396,oc2shortbeg,2,TRUE,11808,990,810,634,16,147,2,122,kenduskeag,TRUE,paddler,NA,Nico Jenkins,Jenkins Nico,Blue Hill,ME,USA,1,T,11808,NA
479111,2024,KENDUSKEAG,Downriver,Canoe,128,oc2mixrec,3,TRUE,11810,991,811,635,71,39,3,26,kenduskeag,TRUE,paddler,NA,Wesley Ousterhaut,Ousterhaut Wesley,Canaan,ME,USA,NA,NA,NA,NA
479111,2024,KENDUSKEAG,Downriver,Canoe,128,oc2mixrec,3,TRUE,11810,991,811,635,71,39,3,26,kenduskeag,TRUE,paddler,NA,John Williams,Williams John,Canaan,ME,USA,NA,NA,NA,NA
527807,2025,KENDUSKEAG,Downriver,Canoe,207,oc2mixrec,9,TRUE,11812,992,812,636,72,78,9,59,kenduskeag,TRUE,paddler,NA,Clara Oldenburg,Oldenburg Clara,Bangor,ME,USA,NA,NA,NA,NA
527807,2025,KENDUSKEAG,Downriver,Canoe,207,oc2mixrec,9,TRUE,11812,992,812,636,72,78,9,59,kenduskeag,TRUE,paddler,NA,Parke Oldenburg,Oldenburg Parke,Bangor,ME,USA,NA,NA,NA,NA
229581,2016,KENDUSKEAG,Downriver,Canoe,267,oc2mixrec,5,TRUE,11813,994,814,638,73,75,5,60,kenduskeag,TRUE,paddler,deabayro01,Rose Deabay,Deabay Rose,Medway,ME,USA,1,T,11813,NA
229581,2016,KENDUSKEAG,Downriver,Canoe,267,oc2mixrec,5,TRUE,11813,994,814,638,73,75,5,60,kenduskeag,TRUE,paddler,deabaytr01,Travis Deabay,Deabay Travis,Hampden,ME,USA,1,T,11813,NA
423910,2023,KENDUSKEAG,Downriver,Unknown,25,open,9,TRUE,11814,995,815,18,52,89,9,9,kenduskeag,TRUE,paddler,bettssa01,Samuel Betts,Betts Samuel,Bradley,ME,USA,NA,NA,NA,NA
423910,2023,KENDUSKEAG,Downriver,Unknown,25,open,9,TRUE,11814,995,815,18,52,89,9,9,kenduskeag,TRUE,paddler,NA,Evan Nadeau,Nadeau Evan,Brewer,ME,USA,NA,NA,NA,NA
423910,2023,KENDUSKEAG,Downriver,Unknown,25,open,9,TRUE,11814,995,815,18,52,89,9,9,kenduskeag,TRUE,paddler,NA,Ryan Nadeau,Nadeau Ryan,Hermon,ME,USA,NA,NA,NA,NA
219786,2015,KENDUSKEAG,Downriver,Canoe,252,oc2mediumrec,13,TRUE,11816,996,816,639,59,103,13,79,kenduskeag,TRUE,paddler,NA,Evan Goodkowsky,Goodkowsky Evan,Wiscasset,ME,USA,1,T,11816,NA
219786,2015,KENDUSKEAG,Downriver,Canoe,252,oc2mediumrec,13,TRUE,11816,996,816,639,59,103,13,79,kenduskeag,TRUE,paddler,NA,Cedric Maguire,Maguire Cedric,Wiscasset,ME,USA,1,T,11816,NA
258146,2019,KENDUSKEAG,Downriver,Unknown,2,open,14,TRUE,11820,997,181,14,14,181,14,14,kenduskeag2019,TRUE,paddler,NA,Derek Rancourt,Rancourt Derek,Hallowell,ME,USA,1,T,11820,NA
258146,2019,KENDUSKEAG,Downriver,Unknown,2,open,14,TRUE,11820,997,181,14,14,181,14,14,kenduskeag2019,TRUE,paddler,NA,Michael Rancourt,Rancourt Michael,Hampden,ME,USA,1,T,11820,NA
258146,2019,KENDUSKEAG,Downriver,Unknown,2,open,14,TRUE,11820,997,181,14,14,181,14,14,kenduskeag2019,TRUE,paddler,NA,Ryan Rancourt,Rancourt Ryan,Brewer,ME,USA,1,T,11820,NA
240467,2017,KENDUSKEAG,Downriver,Canoe,411,oc2shortbeg,6,TRUE,11822,998,817,640,17,171,6,141,kenduskeag,TRUE,paddler,NA,Larry Bruni,Bruni Larry,Portland,ME,USA,1,T,11822,NA
240467,2017,KENDUSKEAG,Downriver,Canoe,411,oc2shortbeg,6,TRUE,11822,998,817,640,17,171,6,141,kenduskeag,TRUE,paddler,NA,Erik Pearson,Pearson Erik,Richmond,ME,USA,1,T,11822,NA
527858,2025,KENDUSKEAG,Downriver,Canoe,257,oc2shortrec,3,TRUE,11822,999,818,641,44,79,3,60,kenduskeag,TRUE,paddler,NA,Meg Klepack,Klepack Meg,Belfast,ME,USA,NA,NA,NA,NA
527858,2025,KENDUSKEAG,Downriver,Canoe,257,oc2shortrec,3,TRUE,11822,999,818,641,44,79,3,60,kenduskeag,TRUE,paddler,NA,Jay O'Hara,O'Hara Jay,Belfast,ME,USA,NA,NA,NA,NA
229572,2016,KENDUSKEAG,Downriver,Canoe,257,oc2mixrec,6,TRUE,11824,1001,820,643,74,76,6,61,kenduskeag,TRUE,paddler,whitemo01,Molly White,White Molly,Skowhegan,ME,USA,1,T,11824,NA
229572,2016,KENDUSKEAG,Downriver,Canoe,257,oc2mixrec,6,TRUE,11824,1001,820,643,74,76,6,61,kenduskeag,TRUE,paddler,NA,Clarence White II,White II Clarence,Baileyville,ME,USA,1,T,11824,NA
358652,2022,KENDUSKEAG,Downriver,Canoe,223,oc2rec,15,TRUE,11826,1002,821,644,42,103,15,80,kenduskeag,TRUE,paddler,NA,Lucas Olson,Olson Lucas,Otter Creek,ME,USA,NA,NA,NA,NA
358652,2022,KENDUSKEAG,Downriver,Canoe,223,oc2rec,15,TRUE,11826,1002,821,644,42,103,15,80,kenduskeag,TRUE,paddler,olsonmi01,Mike Olson,Olson Mike,Otter Creek,ME,USA,NA,NA,NA,NA
219835,2015,KENDUSKEAG,Downriver,Canoe,309,oc2shortbeg,3,TRUE,11830,1003,822,645,18,105,3,81,kenduskeag,TRUE,paddler,bambrini01,Nick Bambrick,Bambrick Nick,Levant,ME,USA,1,T,11830,NA
219835,2015,KENDUSKEAG,Downriver,Canoe,309,oc2shortbeg,3,TRUE,11830,1003,822,645,18,105,3,81,kenduskeag,TRUE,paddler,NA,Eddie Hatch,Hatch Eddie,Eddie,ME,USA,1,T,11830,NA
527840,2025,KENDUSKEAG,Downriver,Canoe,220,oc2rec,14,TRUE,11837,1005,824,647,43,80,14,61,kenduskeag,TRUE,paddler,cassidda02,David Cassidy,Cassidy David,Portland,ME,USA,NA,NA,NA,NA
527840,2025,KENDUSKEAG,Downriver,Canoe,220,oc2rec,14,TRUE,11837,1005,824,647,43,80,14,61,kenduskeag,TRUE,paddler,NA,Adam Vidoni,Vidoni Adam,Woodinville,WA,USA,NA,NA,NA,NA
219668,2015,KENDUSKEAG,Downriver,Kayak,97,k1short,10,TRUE,11838,1006,825,160,62,107,10,25,kenduskeag,TRUE,paddler,baltesja01,Jay Baltes,Baltes Jay,Brunswick,ME,USA,1,T,11838,NA
479140,2024,KENDUSKEAG,Downriver,Canoe,160,oc2rec,6,TRUE,11838,1009,828,650,44,40,6,27,kenduskeag,TRUE,paddler,NA,Jason Bellner,Bellner Jason,Canaan,ME,USA,NA,NA,NA,NA
479140,2024,KENDUSKEAG,Downriver,Canoe,160,oc2rec,6,TRUE,11838,1009,828,650,44,40,6,27,kenduskeag,TRUE,paddler,NA,Brian Rahill,Rahill Brian,Orono,ME,USA,NA,NA,NA,NA
258427,2019,KENDUSKEAG,Downriver,Canoe,403,oc2hs,5,TRUE,11840,1010,182,145,5,182,5,145,kenduskeag2019,TRUE,paddler,powerco01,Cooper Power,Power Cooper,Orono,ME,USA,1,T,11840,NA
258427,2019,KENDUSKEAG,Downriver,Canoe,403,oc2hs,5,TRUE,11840,1010,182,145,5,182,5,145,kenduskeag2019,TRUE,paddler,NA,Tyler Everett,Everett Tyler,Bradley,ME,USA,1,T,11840,NA
358616,2022,KENDUSKEAG,Downriver,Canoe,182,oc2mixrec,15,TRUE,11840,1011,829,651,75,104,15,81,kenduskeag,TRUE,paddler,NA,Bezie Starkey,Starkey Bezie,Woolwich,ME,USA,NA,NA,NA,NA
358616,2022,KENDUSKEAG,Downriver,Canoe,182,oc2mixrec,15,TRUE,11840,1011,829,651,75,104,15,81,kenduskeag,TRUE,paddler,NA,Joseph Starkey,Starkey Joseph,Woolwich,ME,USA,NA,NA,NA,NA
424165,2023,KENDUSKEAG,Downriver,Canoe,237,oc2shortbeg,2,TRUE,11844,1013,831,653,19,90,2,66,kenduskeag,TRUE,paddler,NA,Caleb Thibodeau,Thibodeau Caleb,Carrabassett Valley,ME,USA,NA,NA,NA,NA
424165,2023,KENDUSKEAG,Downriver,Canoe,237,oc2shortbeg,2,TRUE,11844,1013,831,653,19,90,2,66,kenduskeag,TRUE,paddler,NA,Mark Thibodeau,Thibodeau Mark,Carrabassett Valley,ME,USA,NA,NA,NA,NA
527808,2025,KENDUSKEAG,Downriver,Canoe,197,oc2mixrec,10,TRUE,11848,1016,834,656,76,82,10,63,kenduskeag,TRUE,paddler,NA,Collin Cooper,Cooper Collin,Acton,MA,USA,NA,NA,NA,NA
527808,2025,KENDUSKEAG,Downriver,Canoe,197,oc2mixrec,10,TRUE,11848,1016,834,656,76,82,10,63,kenduskeag,TRUE,paddler,NA,Melissa Genoter,Genoter Melissa,Orono,ME,USA,NA,NA,NA,NA
258246,2019,KENDUSKEAG,Downriver,Kayak,143,k1short,9,TRUE,11848,1017,183,24,9,183,9,24,kenduskeag2019,TRUE,paddler,NA,Brent Lewis,Lewis Brent,Blacksburg,VA,USA,1,T,11848,NA
219754,2015,KENDUSKEAG,Downriver,Canoe,213,oc2mixrec,6,TRUE,11851,1019,836,658,77,111,6,86,kenduskeag,TRUE,paddler,kennedme01,Meghan Kennedy,Kennedy Meghan,Milford,ME,USA,1,T,11851,NA
219754,2015,KENDUSKEAG,Downriver,Canoe,213,oc2mixrec,6,TRUE,11851,1019,836,658,77,111,6,86,kenduskeag,TRUE,paddler,moriarto01,Tom Moriarty,Moriarty Tom,Milford,ME,USA,1,T,11851,NA
479170,2024,KENDUSKEAG,Downriver,Canoe,217,oc2shortrec,2,TRUE,11853,1020,837,659,45,41,2,28,kenduskeag,TRUE,paddler,hwalekjo01,John Hwalek,Hwalek John,Wakefield,MA,USA,NA,NA,NA,NA
479170,2024,KENDUSKEAG,Downriver,Canoe,217,oc2shortrec,2,TRUE,11853,1020,837,659,45,41,2,28,kenduskeag,TRUE,paddler,NA,Lucas Mathers,Mathers Lucas,Bangor,ME,USA,NA,NA,NA,NA
258200,2019,KENDUSKEAG,Downriver,Canoe,74,oc2short,9,TRUE,11856,1022,184,146,9,184,9,146,kenduskeag2019,TRUE,paddler,NA,Spencer Goulette,Goulette Spencer,Old Town,ME,USA,1,T,11856,NA
258200,2019,KENDUSKEAG,Downriver,Canoe,74,oc2short,9,TRUE,11856,1022,184,146,9,184,9,146,kenduskeag2019,TRUE,paddler,NA,Jason Millette,Millette Jason,Old Town,ME,USA,1,T,11856,NA
219762,2015,KENDUSKEAG,Downriver,Canoe,221,oc2mixrec,7,TRUE,11859,1024,840,662,78,113,7,88,kenduskeag,TRUE,paddler,deerinbe01,Benjamin Deering,Deering Benjamin,Bangor,ME,USA,1,T,11859,NA
219762,2015,KENDUSKEAG,Downriver,Canoe,221,oc2mixrec,7,TRUE,11859,1024,840,662,78,113,7,88,kenduskeag,TRUE,paddler,snellma01,Margaret Snell,Snell Margaret,Bangor,ME,USA,1,T,11859,NA
527703,2025,KENDUSKEAG,Downriver,Kayak,94,k1short,7,TRUE,11860,1025,841,161,63,83,7,18,kenduskeag,TRUE,paddler,NA,Daniel St John,St John Daniel,Orono,ME,USA,NA,NA,NA,NA
479112,2024,KENDUSKEAG,Downriver,Canoe,155,oc2mixrec,4,TRUE,11862,1026,842,663,79,42,4,29,kenduskeag,TRUE,paddler,NA,Murphy Doughty,Doughty Murphy,Portland,ME,USA,NA,NA,NA,NA
479112,2024,KENDUSKEAG,Downriver,Canoe,155,oc2mixrec,4,TRUE,11862,1026,842,663,79,42,4,29,kenduskeag,TRUE,paddler,NA,Saisie Moore,Moore Saisie,Portland,ME,USA,NA,NA,NA,NA
258429,2019,KENDUSKEAG,Downriver,Canoe,406,oc2hs,6,TRUE,11864,1027,185,147,6,185,6,147,kenduskeag2019,TRUE,paddler,NA,Benjamin VanKirk,VanKirk Benjamin,Old Town,ME,USA,1,T,11864,NA
258429,2019,KENDUSKEAG,Downriver,Canoe,406,oc2hs,6,TRUE,11864,1027,185,147,6,185,6,147,kenduskeag2019,TRUE,paddler,NA,James Vankirk,Vankirk James,Old Town,ME,USA,1,T,11864,NA
423957,2023,KENDUSKEAG,Downriver,Canoe,50,oc2short,9,TRUE,11865,1028,843,664,47,91,9,67,kenduskeag,TRUE,paddler,NA,Cameron Dysart,Dysart Cameron,Bangor,ME,USA,NA,NA,NA,NA
423957,2023,KENDUSKEAG,Downriver,Canoe,50,oc2short,9,TRUE,11865,1028,843,664,47,91,9,67,kenduskeag,TRUE,paddler,NA,Keith Morin,Morin Keith,Etna,ME,USA,NA,NA,NA,NA
249523,2018,KENDUSKEAG,Downriver,Canoe,329,oc2shortrec,8,TRUE,11865,1029,844,665,46,150,8,125,kenduskeag,TRUE,paddler,zydlewjo01,Joseph Zydlewski,Zydlewski Joseph,Hampden,ME,USA,1,T,11865,NA
249523,2018,KENDUSKEAG,Downriver,Canoe,329,oc2shortrec,8,TRUE,11865,1029,844,665,46,150,8,125,kenduskeag,TRUE,paddler,NA,Orion Zydlewski,Zydlewski Orion,Hampden,ME,USA,1,T,11865,NA
527841,2025,KENDUSKEAG,Downriver,Canoe,219,oc2rec,15,TRUE,11870,1030,845,666,45,84,15,64,kenduskeag,TRUE,paddler,NA,Seth Campbell,Campbell Seth,Old Town,ME,USA,NA,NA,NA,NA
527841,2025,KENDUSKEAG,Downriver,Canoe,219,oc2rec,15,TRUE,11870,1030,845,666,45,84,15,64,kenduskeag,TRUE,paddler,kreutzka01,Karl Kreutz,Kreutz Karl,Old Town,ME,USA,NA,NA,NA,NA
249622,2018,KENDUSKEAG,Downriver,Canoe,447,open,11,TRUE,11873,1032,847,668,53,151,11,126,kenduskeag,TRUE,paddler,NA,Kimberly Boenish,Boenish Kimberly,Clinton,WA,USA,1,T,11873,NA
249622,2018,KENDUSKEAG,Downriver,Canoe,447,open,11,TRUE,11873,1032,847,668,53,151,11,126,kenduskeag,TRUE,paddler,NA,Robert Boenish,Boenish Robert,Orono,ME,USA,1,T,11873,NA
249622,2018,KENDUSKEAG,Downriver,Canoe,447,open,11,TRUE,11873,1032,847,668,53,151,11,126,kenduskeag,TRUE,paddler,NA,Andrew Thomas,Thomas Andrew,Bangor,ME,USA,1,T,11873,NA
229565,2016,KENDUSKEAG,Downriver,Canoe,249,oc2mixrec,7,TRUE,11874,1033,848,669,80,78,7,63,kenduskeag,TRUE,paddler,NA,Erick Elgaaen,Elgaaen Erick,Pownal,ME,USA,1,T,11874,NA
229565,2016,KENDUSKEAG,Downriver,Canoe,249,oc2mixrec,7,TRUE,11874,1033,848,669,80,78,7,63,kenduskeag,TRUE,paddler,NA,Jennifer Elgaaen,Elgaaen Jennifer,Pownal,ME,USA,1,T,11874,NA
358653,2022,KENDUSKEAG,Downriver,Canoe,222,oc2rec,16,TRUE,11875,1034,849,670,46,105,16,82,kenduskeag,TRUE,paddler,NA,Matthew Stratton,Stratton Matthew,Florence,MA,USA,NA,NA,NA,NA
358653,2022,KENDUSKEAG,Downriver,Canoe,222,oc2rec,16,TRUE,11875,1034,849,670,46,105,16,82,kenduskeag,TRUE,paddler,NA,Winfield Stratton,Stratton Winfield,Old Orchard Beach,ME,USA,NA,NA,NA,NA
424003,2023,KENDUSKEAG,Downriver,Kayak,297,k1rec,2,TRUE,11895,1041,856,164,22,92,2,16,kenduskeag,TRUE,paddler,NA,David McIntyre,McIntyre David,Hermon,ME,USA,NA,NA,NA,NA
358617,2022,KENDUSKEAG,Downriver,Canoe,176,oc2mixrec,16,TRUE,11895,1042,857,675,81,106,16,83,kenduskeag,TRUE,paddler,NA,Dan McDonnell,McDonnell Dan,Denmark,ME,USA,NA,NA,NA,NA
358617,2022,KENDUSKEAG,Downriver,Canoe,176,oc2mixrec,16,TRUE,11895,1042,857,675,81,106,16,83,kenduskeag,TRUE,paddler,NA,Emily McDonnell,McDonnell Emily,Denmark,ME,USA,NA,NA,NA,NA
240386,2017,KENDUSKEAG,Downriver,Canoe,318,oc2mediumrec,23,TRUE,11902,1043,858,676,60,173,23,143,kenduskeag,TRUE,paddler,NA,Christopher Gould,Gould Christopher,Hampden,ME,USA,1,T,11902,NA
240386,2017,KENDUSKEAG,Downriver,Canoe,318,oc2mediumrec,23,TRUE,11902,1043,858,676,60,173,23,143,kenduskeag,TRUE,paddler,NA,Jason St. Louis,St. Louis Jason,Levant,ME,USA,1,T,11902,NA
258162,2019,KENDUSKEAG,Downriver,Unknown,27,open,15,TRUE,11905,1044,186,15,15,186,15,15,kenduskeag2019,TRUE,paddler,NA,Dana Leland,Leland Dana,Alton,ME,USA,1,T,11905,NA
258162,2019,KENDUSKEAG,Downriver,Unknown,27,open,15,TRUE,11905,1044,186,15,15,186,15,15,kenduskeag2019,TRUE,paddler,lelandro01,Robert Leland,Leland Robert,Alton,ME,USA,1,T,11905,NA
258162,2019,KENDUSKEAG,Downriver,Unknown,27,open,15,TRUE,11905,1044,186,15,15,186,15,15,kenduskeag2019,TRUE,paddler,NA,Tyler Michaud,Michaud Tyler,Alton,ME,USA,1,T,11905,NA
258162,2019,KENDUSKEAG,Downriver,Unknown,27,open,15,TRUE,11905,1044,186,15,15,186,15,15,kenduskeag2019,TRUE,paddler,NA,Brian Willey,Willey Brian,Hermon,ME,USA,1,T,11905,NA
240277,2017,KENDUSKEAG,Downriver,Kayak,190,k1rec,4,TRUE,11906,1046,860,165,23,174,4,31,kenduskeag,TRUE,paddler,NA,Carl Miller,Miller Carl,Augusta,ME,USA,1,T,11906,NA
424058,2023,KENDUSKEAG,Downriver,Canoe,352,oc2mixrec,9,TRUE,11908,1048,862,679,82,93,9,68,kenduskeag,TRUE,paddler,NA,Jake Holmes,Holmes Jake,Bradley,ME,USA,NA,NA,NA,NA
424058,2023,KENDUSKEAG,Downriver,Canoe,352,oc2mixrec,9,TRUE,11908,1048,862,679,82,93,9,68,kenduskeag,TRUE,paddler,NA,Clark Tate,Tate Clark,Bradley,ME,USA,NA,NA,NA,NA
423911,2023,KENDUSKEAG,Downriver,Unknown,7,open,10,TRUE,11908,1049,863,19,54,94,10,10,kenduskeag,TRUE,paddler,NA,Lydia Rounds,Rounds Lydia,Hudson,ME,USA,NA,NA,NA,NA
423911,2023,KENDUSKEAG,Downriver,Unknown,7,open,10,TRUE,11908,1049,863,19,54,94,10,10,kenduskeag,TRUE,paddler,NA,Rachel Rounds,Rounds Rachel,Hudson,ME,USA,NA,NA,NA,NA
423911,2023,KENDUSKEAG,Downriver,Unknown,7,open,10,TRUE,11908,1049,863,19,54,94,10,10,kenduskeag,TRUE,paddler,NA,Richard Rounds,Rounds Richard,Hudson,ME,USA,NA,NA,NA,NA
423911,2023,KENDUSKEAG,Downriver,Unknown,7,open,10,TRUE,11908,1049,863,19,54,94,10,10,kenduskeag,TRUE,paddler,NA,Josue Stephens,Stephens Josue,Hudson,ME,USA,NA,NA,NA,NA
249624,2018,KENDUSKEAG,Downriver,Canoe,452,open,12,TRUE,11916,1050,864,680,55,152,12,127,kenduskeag,TRUE,paddler,reddinde01,Dean Redding,Redding Dean,Bangor,ME,USA,1,T,11916,NA
219595,2015,KENDUSKEAG,Downriver,Canoe,14,open,9,TRUE,11919,1051,865,681,56,117,9,91,kenduskeag,TRUE,paddler,hummeldo01,Don Hummels,Hummels Don,Glenburn,ME,USA,1,T,11919,NA
219595,2015,KENDUSKEAG,Downriver,Canoe,14,open,9,TRUE,11919,1051,865,681,56,117,9,91,kenduskeag,TRUE,paddler,kennedsh01,Shawn Kennedy,Kennedy Shawn,Saunderstown,RI,USA,1,T,11919,NA
219595,2015,KENDUSKEAG,Downriver,Canoe,14,open,9,TRUE,11919,1051,865,681,56,117,9,91,kenduskeag,TRUE,paddler,NA,Alain Taco Laprade,Laprade Alain Taco,Saunderstown,RI,USA,1,T,11919,NA
219691,2015,KENDUSKEAG,Downriver,Kayak,132,k1rec,5,TRUE,11921,1053,867,166,24,118,5,27,kenduskeag,TRUE,paddler,NA,Richard Bendure III,Bendure III Richard,Bangor,ME,USA,1,T,11921,NA
258197,2019,KENDUSKEAG,Downriver,Kayak,71,k1short,10,TRUE,11926,1055,187,25,10,187,10,25,kenduskeag2019,TRUE,paddler,NA,Arrain Stockdale,Stockdale Arrain,Bangor,ME,USA,1,T,11926,NA
527723,2025,KENDUSKEAG,Downriver,Kayak,373,k1rec,2,TRUE,11928,1058,871,167,25,85,2,19,kenduskeag,TRUE,paddler,NA,Shaun Verrier,Verrier Shaun,Dummerston,VT,USA,NA,NA,NA,NA
258357,2019,KENDUSKEAG,Downriver,Canoe,295,oc2mediumrec,20,TRUE,11932,1061,188,148,20,188,20,148,kenduskeag2019,TRUE,paddler,NA,Willie Gilbert,Gilbert Willie,Stonington,ME,USA,1,T,11932,NA
258357,2019,KENDUSKEAG,Downriver,Canoe,295,oc2mediumrec,20,TRUE,11932,1061,188,148,20,188,20,148,kenduskeag2019,TRUE,paddler,NA,Jacob Merrow,Merrow Jacob,Hartland,ME,USA,1,T,11932,NA
527842,2025,KENDUSKEAG,Downriver,Canoe,216,oc2rec,16,TRUE,11933,1062,874,687,47,87,16,66,kenduskeag,TRUE,paddler,NA,Karen Blakelock,Blakelock Karen,Lewiston,ME,USA,NA,NA,NA,NA
527842,2025,KENDUSKEAG,Downriver,Canoe,216,oc2rec,16,TRUE,11933,1062,874,687,47,87,16,66,kenduskeag,TRUE,paddler,NA,Conor Burke,Burke Conor,Cambridge,MA,USA,NA,NA,NA,NA
527843,2025,KENDUSKEAG,Downriver,Canoe,387,oc2rec,17,TRUE,11933,1063,875,688,48,88,17,67,kenduskeag,TRUE,paddler,NA,Jonathan Doty,Doty Jonathan,Madison,ME,USA,NA,NA,NA,NA
527843,2025,KENDUSKEAG,Downriver,Canoe,387,oc2rec,17,TRUE,11933,1063,875,688,48,88,17,67,kenduskeag,TRUE,paddler,NA,March Truedsson,Truedsson March,Union,ME,USA,NA,NA,NA,NA
229594,2016,KENDUSKEAG,Downriver,Canoe,280,oc2mediumrec,9,TRUE,11934,1064,876,689,61,81,9,65,kenduskeag,TRUE,paddler,mayri01,Richard May,May Richard,Brewer,ME,USA,1,T,11934,NA
229594,2016,KENDUSKEAG,Downriver,Canoe,280,oc2mediumrec,9,TRUE,11934,1064,876,689,61,81,9,65,kenduskeag,TRUE,paddler,seymouja01,James Seymour,Seymour James,Portland,ME,USA,1,T,11934,NA
249474,2018,KENDUSKEAG,Downriver,Canoe,268,oc2mixrec,14,TRUE,11936,1065,877,690,83,154,14,129,kenduskeag,TRUE,paddler,NA,Abby Biser,Biser Abby,Franklin,MA,USA,1,T,11936,NA
249474,2018,KENDUSKEAG,Downriver,Canoe,268,oc2mixrec,14,TRUE,11936,1065,877,690,83,154,14,129,kenduskeag,TRUE,paddler,NA,Scott Umbel,Umbel Scott,Mendon,MA,USA,1,T,11936,NA
258239,2019,KENDUSKEAG,Downriver,Kayak,131,k1short,11,TRUE,11939,1069,190,26,11,190,11,26,kenduskeag2019,TRUE,paddler,NA,Kennedy Rubert-Nason,Rubert-Nason Kennedy,Fort Kent,ME,USA,1,T,11939,NA
358618,2022,KENDUSKEAG,Downriver,Canoe,168,oc2mixrec,17,TRUE,11945,1072,882,695,84,110,17,87,kenduskeag,TRUE,paddler,NA,Hannah Johnson,Johnson Hannah,Penobscot,ME,USA,NA,NA,NA,NA
358618,2022,KENDUSKEAG,Downriver,Canoe,168,oc2mixrec,17,TRUE,11945,1072,882,695,84,110,17,87,kenduskeag,TRUE,paddler,NA,Phineas Peake,Peake Phineas,Penobscot,ME,USA,NA,NA,NA,NA
358619,2022,KENDUSKEAG,Downriver,Canoe,166,oc2mixrec,18,TRUE,11947,1074,884,697,85,111,18,88,kenduskeag,TRUE,paddler,NA,Donnie Bentley,Bentley Donnie,Levant,ME,USA,NA,NA,NA,NA
358619,2022,KENDUSKEAG,Downriver,Canoe,166,oc2mixrec,18,TRUE,11947,1074,884,697,85,111,18,88,kenduskeag,TRUE,paddler,NA,Kat Jenkins,Jenkins Kat,Levant,ME,USA,NA,NA,NA,NA
424129,2023,KENDUSKEAG,Downriver,Canoe,199,oc2shortrec,9,TRUE,11953,1076,886,699,47,96,9,70,kenduskeag,TRUE,paddler,NA,Oliver Degnan,Degnan Oliver,Lagrange,ME,USA,NA,NA,NA,NA
424129,2023,KENDUSKEAG,Downriver,Canoe,199,oc2shortrec,9,TRUE,11953,1076,886,699,47,96,9,70,kenduskeag,TRUE,paddler,NA,Ben Foster,Foster Ben,Hampden,ME,USA,NA,NA,NA,NA
219796,2015,KENDUSKEAG,Downriver,Canoe,262,oc2shortrec,6,TRUE,11963,1079,888,701,48,121,6,94,kenduskeag,TRUE,paddler,NA,Michael Anderson,Anderson Michael,Corinth,ME,USA,1,T,11963,NA
219796,2015,KENDUSKEAG,Downriver,Canoe,262,oc2shortrec,6,TRUE,11963,1079,888,701,48,121,6,94,kenduskeag,TRUE,paddler,NA,Nick Leblanc,Leblanc Nick,Corinth,ME,USA,1,T,11963,NA
249321,2018,KENDUSKEAG,Downriver,Canoe,80,oc2short,7,TRUE,11963,1080,889,702,48,156,7,131,kenduskeag,TRUE,paddler,NA,Arrian Stockdale,Stockdale Arrian,Bangor,ME,USA,1,T,11963,NA
249321,2018,KENDUSKEAG,Downriver,Canoe,80,oc2short,7,TRUE,11963,1080,889,702,48,156,7,131,kenduskeag,TRUE,paddler,NA,Hunter Tzovarras,Tzovarras Hunter,Bangor,ME,USA,1,T,11963,NA
258148,2019,KENDUSKEAG,Downriver,Unknown,5,open,16,TRUE,11968,1083,193,16,16,193,16,16,kenduskeag2019,TRUE,paddler,boyingda01,Daryl Boyington,Boyington Daryl,Hampden,ME,USA,1,T,11968,NA
258148,2019,KENDUSKEAG,Downriver,Unknown,5,open,16,TRUE,11968,1083,193,16,16,193,16,16,kenduskeag2019,TRUE,paddler,dayto01,Toby Day,Day Toby,Milford,ME,USA,1,T,11968,NA
258148,2019,KENDUSKEAG,Downriver,Unknown,5,open,16,TRUE,11968,1083,193,16,16,193,16,16,kenduskeag2019,TRUE,paddler,doucetla01,Larry Doucette,Doucette Larry,DumMErston,VT,USA,1,T,11968,NA
258148,2019,KENDUSKEAG,Downriver,Unknown,5,open,16,TRUE,11968,1083,193,16,16,193,16,16,kenduskeag2019,TRUE,paddler,pelletda02,Dan Pellitier,Pellitier Dan,Alton,ME,USA,1,T,11968,NA
527809,2025,KENDUSKEAG,Downriver,Canoe,211,oc2mixrec,11,TRUE,11969,1085,892,704,86,89,11,68,kenduskeag,TRUE,paddler,NA,Brett Shifrin,Shifrin Brett,Weld,ME,USA,NA,NA,NA,NA
527809,2025,KENDUSKEAG,Downriver,Canoe,211,oc2mixrec,11,TRUE,11969,1085,892,704,86,89,11,68,kenduskeag,TRUE,paddler,NA,Mia Shifrin,Shifrin Mia,Weld,ME,USA,NA,NA,NA,NA
249280,2018,KENDUSKEAG,Downriver,Canoe,27,open,13,TRUE,11974,1087,894,706,57,158,13,133,kenduskeag,TRUE,paddler,hummeldo01,Don Hummels,Hummels Don,Glenburn,ME,USA,1,T,11974,NA
249280,2018,KENDUSKEAG,Downriver,Canoe,27,open,13,TRUE,11974,1087,894,706,57,158,13,133,kenduskeag,TRUE,paddler,kennedsh01,Shawn Kennedy,Kennedy Shawn,Saunderstown,RI,USA,1,T,11974,NA
249280,2018,KENDUSKEAG,Downriver,Canoe,27,open,13,TRUE,11974,1087,894,706,57,158,13,133,kenduskeag,TRUE,paddler,NA,Alain Laprade,Laprade Alain,Saunderstown,RI,USA,1,T,11974,NA
358738,2022,KENDUSKEAG,Downriver,Canoe,328,oc2shortbeg,5,TRUE,11976,1090,897,709,20,112,5,89,kenduskeag,TRUE,paddler,NA,Connor Mullen,Mullen Connor,Winterport,ME,USA,NA,NA,NA,NA
358738,2022,KENDUSKEAG,Downriver,Canoe,328,oc2shortbeg,5,TRUE,11976,1090,897,709,20,112,5,89,kenduskeag,TRUE,paddler,NA,Andrew Thornton,Thornton Andrew,Saco,ME,USA,NA,NA,NA,NA
249283,2018,KENDUSKEAG,Downriver,Canoe,34,open,14,TRUE,11979,1092,898,710,58,161,14,136,kenduskeag,TRUE,paddler,NA,Benjamin Morris,Morris Benjamin,Gilford,NH,USA,1,T,11979,NA
249283,2018,KENDUSKEAG,Downriver,Canoe,34,open,14,TRUE,11979,1092,898,710,58,161,14,136,kenduskeag,TRUE,paddler,NA,Cody St.Germain,St.Germain Cody,Gilford,NH,USA,1,T,11979,NA
249283,2018,KENDUSKEAG,Downriver,Canoe,34,open,14,TRUE,11979,1092,898,710,58,161,14,136,kenduskeag,TRUE,paddler,NA,Adam Sukiennik,Sukiennik Adam,Gilford,NH,USA,1,T,11979,NA
479141,2024,KENDUSKEAG,Downriver,Canoe,194,oc2rec,7,TRUE,11983,1093,899,711,49,46,7,32,kenduskeag,TRUE,paddler,NA,Nate Atkinson,Atkinson Nate,Saranac Lake,NY,USA,NA,NA,NA,NA
479141,2024,KENDUSKEAG,Downriver,Canoe,194,oc2rec,7,TRUE,11983,1093,899,711,49,46,7,32,kenduskeag,TRUE,paddler,NA,Dan Woughter,Woughter Dan,Farmington,ME,USA,NA,NA,NA,NA
258249,2019,KENDUSKEAG,Downriver,Kayak,147,k1short,12,TRUE,11985,1094,195,27,12,195,12,27,kenduskeag2019,TRUE,paddler,NA,Keith Blanchard,Blanchard Keith,Dedham,ME,USA,1,T,11985,NA
249545,2018,KENDUSKEAG,Downriver,Canoe,351,oc2shortrec,9,TRUE,11986,1095,900,712,49,162,9,137,kenduskeag,TRUE,paddler,NA,Erik Blomberg,Blomberg Erik,Old Town,ME,USA,1,T,11986,NA
249545,2018,KENDUSKEAG,Downriver,Canoe,351,oc2shortrec,9,TRUE,11986,1095,900,712,49,162,9,137,kenduskeag,TRUE,paddler,NA,Alex Fish,Fish Alex,Old Town,ME,USA,1,T,11986,NA
249275,2018,KENDUSKEAG,Downriver,Canoe,21,open,15,TRUE,11988,1099,904,716,59,163,15,138,kenduskeag,TRUE,paddler,NA,Jeremy Frank,Frank Jeremy,Orono,ME,USA,1,T,11988,NA
249275,2018,KENDUSKEAG,Downriver,Canoe,21,open,15,TRUE,11988,1099,904,716,59,163,15,138,kenduskeag,TRUE,paddler,NA,Eric Venturini,Venturini Eric,Orono,ME,USA,1,T,11988,NA
249275,2018,KENDUSKEAG,Downriver,Canoe,21,open,15,TRUE,11988,1099,904,716,59,163,15,138,kenduskeag,TRUE,paddler,NA,Liona Venturini,Venturini Liona,Walingford,PA,USA,1,T,11988,NA
258321,2019,KENDUSKEAG,Downriver,Canoe,252,oc2mixrec,18,TRUE,11992,1100,196,153,18,196,18,153,kenduskeag2019,TRUE,paddler,NA,Brandon Boxler,Boxler Brandon,Orono,ME,USA,1,T,11992,NA
258321,2019,KENDUSKEAG,Downriver,Canoe,252,oc2mixrec,18,TRUE,11992,1100,196,153,18,196,18,153,kenduskeag2019,TRUE,paddler,NA,Kaitlyn Wilson,Wilson Kaitlyn,Old Town,ME,USA,1,T,11992,NA
345948,2021,KENDUSKEAG,Downriver,Kayak,329,k1short,2,TRUE,11996,1101,905,170,64,15,2,5,kenduskeag,TRUE,paddler,bamforma01,Mark Bamford,Bamford Mark,Bucksport,ME,USA,NA,NA,NA,NA
249263,2018,KENDUSKEAG,Downriver,Canoe,6,open,16,TRUE,11996,1102,906,717,60,164,16,139,kenduskeag,TRUE,paddler,NA,Benjamin Howard,Howard Benjamin,Princeton,ME,USA,1,T,11996,NA
249263,2018,KENDUSKEAG,Downriver,Canoe,6,open,16,TRUE,11996,1102,906,717,60,164,16,139,kenduskeag,TRUE,paddler,NA,Mary Howard,Howard Mary,Hallowell,ME,USA,1,T,11996,NA
249263,2018,KENDUSKEAG,Downriver,Canoe,6,open,16,TRUE,11996,1102,906,717,60,164,16,139,kenduskeag,TRUE,paddler,NA,Samuel Howard,Howard Samuel,New Gloucester,ME,USA,1,T,11996,NA
345949,2021,KENDUSKEAG,Downriver,Kayak,321,k1short,3,TRUE,11999,1103,907,171,65,16,3,6,kenduskeag,TRUE,paddler,baumerda01,Daniel Baumert,Baumert Daniel,Levant,ME,USA,NA,NA,NA,NA
258428,2019,KENDUSKEAG,Downriver,Canoe,405,oc2hs,7,TRUE,12014,1105,197,154,7,197,7,154,kenduskeag2019,TRUE,paddler,NA,Mike Desgrosseilliers,Desgrosseilliers Mike,Orono,ME,USA,1,T,12014,NA
258428,2019,KENDUSKEAG,Downriver,Canoe,405,oc2hs,7,TRUE,12014,1105,197,154,7,197,7,154,kenduskeag2019,TRUE,paddler,whiteta01,Tanner White,White Tanner,Brookton,ME,USA,1,T,12014,NA
249603,2018,KENDUSKEAG,Downriver,Canoe,422,oc2hs,10,TRUE,12015,1106,909,719,30,165,10,140,kenduskeag,TRUE,paddler,NA,Alexandra Dyer,Dyer Alexandra,Belgrade,ME,USA,1,T,12015,NA
249603,2018,KENDUSKEAG,Downriver,Canoe,422,oc2hs,10,TRUE,12015,1106,909,719,30,165,10,140,kenduskeag,TRUE,paddler,NA,Zachery Ladd,Ladd Zachery,Orono,ME,USA,1,T,12015,NA
229486,2016,KENDUSKEAG,Downriver,Kayak,164,k1rec,4,TRUE,12022,1108,911,172,26,86,4,17,kenduskeag,TRUE,paddler,montgogl01,Glenn Montgomery,Montgomery Glenn,Belfast,ME,USA,1,T,12022,NA
258331,2019,KENDUSKEAG,Downriver,Canoe,266,oc2mediumrec,21,TRUE,12024,1109,198,155,21,198,21,155,kenduskeag2019,TRUE,paddler,NA,Sam Leveinsky,Leveinsky Sam,Kittery,ME,USA,1,T,12024,NA
258331,2019,KENDUSKEAG,Downriver,Canoe,266,oc2mediumrec,21,TRUE,12024,1109,198,155,21,198,21,155,kenduskeag2019,TRUE,paddler,NA,Marshall Ripley,Ripley Marshall,South Portland,ME,USA,1,T,12024,NA
424004,2023,KENDUSKEAG,Downriver,Kayak,103,k1rec,3,TRUE,12027,1112,914,174,27,98,3,18,kenduskeag,TRUE,paddler,NA,Ryan Baker,Baker Ryan,Glenburn,ME,USA,NA,NA,NA,NA
424130,2023,KENDUSKEAG,Downriver,Canoe,197,oc2shortrec,10,TRUE,12032,1115,917,724,50,99,10,71,kenduskeag,TRUE,paddler,NA,Joe Brown,Brown Joe,Bangor,ME,USA,NA,NA,NA,NA
424130,2023,KENDUSKEAG,Downriver,Canoe,197,oc2shortrec,10,TRUE,12032,1115,917,724,50,99,10,71,kenduskeag,TRUE,paddler,NA,Thomas Salamone,Salamone Thomas,North Yarmouth,ME,USA,NA,NA,NA,NA
358654,2022,KENDUSKEAG,Downriver,Canoe,224,oc2rec,17,TRUE,12034,1117,919,726,50,117,17,94,kenduskeag,TRUE,paddler,olsonca01,Carl Olson,Olson Carl,Trenton,ME,USA,NA,NA,NA,NA
358654,2022,KENDUSKEAG,Downriver,Canoe,224,oc2rec,17,TRUE,12034,1117,919,726,50,117,17,94,kenduskeag,TRUE,paddler,NA,Nate Olson,Olson Nate,Otter Creek,ME,USA,NA,NA,NA,NA
479171,2024,KENDUSKEAG,Downriver,Canoe,326,oc2shortrec,3,TRUE,12042,1119,921,728,51,47,3,33,kenduskeag,TRUE,paddler,NA,Matt Dzaugis,Dzaugis Matt,Portland,ME,USA,NA,NA,NA,NA
479171,2024,KENDUSKEAG,Downriver,Canoe,326,oc2shortrec,3,TRUE,12042,1119,921,728,51,47,3,33,kenduskeag,TRUE,paddler,NA,Ian Hughes,Hughes Ian,Portland,ME,USA,NA,NA,NA,NA
358469,2022,KENDUSKEAG,Downriver,Unknown,23,open,6,TRUE,12049,1122,924,20,61,119,6,6,kenduskeag,TRUE,paddler,NA,Zachery Disilvestro,Disilvestro Zachery,Windham,ME,USA,NA,NA,NA,NA
358469,2022,KENDUSKEAG,Downriver,Unknown,23,open,6,TRUE,12049,1122,924,20,61,119,6,6,kenduskeag,TRUE,paddler,NA,Ryan Roderick,Roderick Ryan,Gorham,ME,USA,NA,NA,NA,NA
358469,2022,KENDUSKEAG,Downriver,Unknown,23,open,6,TRUE,12049,1122,924,20,61,119,6,6,kenduskeag,TRUE,paddler,NA,Ashley Tempesta,Tempesta Ashley,Gorham,ME,USA,NA,NA,NA,NA
240480,2017,KENDUSKEAG,Downriver,Canoe,428,oc2shortbeg,7,TRUE,12057,1126,928,734,21,179,7,147,kenduskeag,TRUE,paddler,fowlerda01,Dan Fowler,Fowler Dan,Bethel,ME,USA,1,T,12057,NA
240480,2017,KENDUSKEAG,Downriver,Canoe,428,oc2shortbeg,7,TRUE,12057,1126,928,734,21,179,7,147,kenduskeag,TRUE,paddler,NA,Thomas Herling,Herling Thomas,Bethel,ME,USA,1,T,12057,NA
249281,2018,KENDUSKEAG,Downriver,Canoe,31,open,17,TRUE,12059,1127,929,735,62,167,17,142,kenduskeag,TRUE,paddler,lelandro01,Robert Leland,Leland Robert,Alton,ME,USA,1,T,12059,NA
249281,2018,KENDUSKEAG,Downriver,Canoe,31,open,17,TRUE,12059,1127,929,735,62,167,17,142,kenduskeag,TRUE,paddler,NA,Thomas Leland,Leland Thomas,Alton,ME,USA,1,T,12059,NA
249281,2018,KENDUSKEAG,Downriver,Canoe,31,open,17,TRUE,12059,1127,929,735,62,167,17,142,kenduskeag,TRUE,paddler,NA,Tyler Michaud,Michaud Tyler,Hermon,ME,USA,1,T,12059,NA
249281,2018,KENDUSKEAG,Downriver,Canoe,31,open,17,TRUE,12059,1127,929,735,62,167,17,142,kenduskeag,TRUE,paddler,NA,Brian Wiilley,Wiilley Brian,Hermon,ME,USA,1,T,12059,NA
424205,2023,KENDUSKEAG,Downriver,Canoe,330,oc2hs,7,TRUE,12061,1128,930,736,31,100,7,72,kenduskeag,TRUE,paddler,NA,Ross Grundy,Grundy Ross,Webster Groves,MO,USA,NA,NA,NA,NA
424205,2023,KENDUSKEAG,Downriver,Canoe,330,oc2hs,7,TRUE,12061,1128,930,736,31,100,7,72,kenduskeag,TRUE,paddler,NA,John Soeder,Soeder John,Mentor,OH,USA,NA,NA,NA,NA
358655,2022,KENDUSKEAG,Downriver,Canoe,227,oc2rec,18,TRUE,12071,1130,932,738,51,120,18,96,kenduskeag,TRUE,paddler,NA,Grace Brown,Brown Grace,Bar Harbor,ME,USA,NA,NA,NA,NA
358655,2022,KENDUSKEAG,Downriver,Canoe,227,oc2rec,18,TRUE,12071,1130,932,738,51,120,18,96,kenduskeag,TRUE,paddler,NA,Eamon Maddonald,Maddonald Eamon,Orono,ME,USA,NA,NA,NA,NA
249535,2018,KENDUSKEAG,Downriver,Canoe,341,oc2shortrec,10,TRUE,12078,1132,934,740,52,168,10,143,kenduskeag,TRUE,paddler,NA,Erik Higgins,Higgins Erik,Portland,ME,USA,1,T,12078,NA
249535,2018,KENDUSKEAG,Downriver,Canoe,341,oc2shortrec,10,TRUE,12078,1132,934,740,52,168,10,143,kenduskeag,TRUE,paddler,NA,Shawn Higgins,Higgins Shawn,Bangor,ME,USA,1,T,12078,NA
249462,2018,KENDUSKEAG,Downriver,Canoe,256,oc2mixrec,15,TRUE,12084,1133,935,741,87,169,15,144,kenduskeag,TRUE,paddler,NA,Justin Knox,Knox Justin,Eagle River,AK,USA,1,T,12084,NA
249462,2018,KENDUSKEAG,Downriver,Canoe,256,oc2mixrec,15,TRUE,12084,1133,935,741,87,169,15,144,kenduskeag,TRUE,paddler,NA,Milissa Knox,Knox Milissa,Eagle River,AK,USA,1,T,12084,NA
229638,2016,KENDUSKEAG,Downriver,Canoe,328,oc2shortrec,4,TRUE,12086,1134,936,742,53,89,4,72,kenduskeag,TRUE,paddler,burkebe01,Ben Burke,Burke Ben,Littleton,CO,USA,1,T,12086,NA
229638,2016,KENDUSKEAG,Downriver,Canoe,328,oc2shortrec,4,TRUE,12086,1134,936,742,53,89,4,72,kenduskeag,TRUE,paddler,burkeda01,Dan Burke,Burke Dan,Bangor,ME,USA,1,T,12086,NA
258309,2019,KENDUSKEAG,Downriver,Canoe,236,oc2mixrec,19,TRUE,12087,1136,199,156,19,199,19,156,kenduskeag2019,TRUE,paddler,halebe01,Benjamin Hale,Hale Benjamin,Orono,ME,USA,1,T,12087,NA
258309,2019,KENDUSKEAG,Downriver,Canoe,236,oc2mixrec,19,TRUE,12087,1136,199,156,19,199,19,156,kenduskeag2019,TRUE,paddler,NA,Tanya Lubansky,Lubansky Tanya,Winterport,ME,USA,1,T,12087,NA
358470,2022,KENDUSKEAG,Downriver,Unknown,14,open,7,TRUE,12089,1137,938,21,63,122,7,7,kenduskeag,TRUE,paddler,NA,Quinn D'Alessio,D'Alessio Quinn,Bangor,ME,USA,NA,NA,NA,NA
358470,2022,KENDUSKEAG,Downriver,Unknown,14,open,7,TRUE,12089,1137,938,21,63,122,7,7,kenduskeag,TRUE,paddler,NA,Roland Ladd,Ladd Roland,Bangor,ME,USA,NA,NA,NA,NA
358470,2022,KENDUSKEAG,Downriver,Unknown,14,open,7,TRUE,12089,1137,938,21,63,122,7,7,kenduskeag,TRUE,paddler,NA,Fritz Oldenburg,Oldenburg Fritz,Bangor,ME,USA,NA,NA,NA,NA
358470,2022,KENDUSKEAG,Downriver,Unknown,14,open,7,TRUE,12089,1137,938,21,63,122,7,7,kenduskeag,TRUE,paddler,NA,Simon Socolow,Socolow Simon,Bangor,ME,USA,NA,NA,NA,NA
249266,2018,KENDUSKEAG,Downriver,Canoe,9,open,18,TRUE,12094,1138,939,744,64,171,18,146,kenduskeag,TRUE,paddler,NA,Steven Ferrarese,Ferrarese Steven,West Caldwell,NJ,USA,1,T,12094,NA
249266,2018,KENDUSKEAG,Downriver,Canoe,9,open,18,TRUE,12094,1138,939,744,64,171,18,146,kenduskeag,TRUE,paddler,NA,Holly Leung,Leung Holly,New York City,NY,USA,1,T,12094,NA
249266,2018,KENDUSKEAG,Downriver,Canoe,9,open,18,TRUE,12094,1138,939,744,64,171,18,146,kenduskeag,TRUE,paddler,NA,Jason Millette,Millette Jason,Orono,ME,USA,1,T,12094,NA
249608,2018,KENDUSKEAG,Downriver,Canoe,430,oc2hs,11,TRUE,12096,1140,941,746,32,172,11,147,kenduskeag,TRUE,paddler,NA,Kaleb Burbank,Burbank Kaleb,Vassalboro,ME,USA,1,T,12096,NA
249608,2018,KENDUSKEAG,Downriver,Canoe,430,oc2hs,11,TRUE,12096,1140,941,746,32,172,11,147,kenduskeag,TRUE,paddler,NA,Brody Mckenzie,Mckenzie Brody,Albion,ME,USA,1,T,12096,NA
527724,2025,KENDUSKEAG,Downriver,Kayak,125,k1rec,3,TRUE,12102,1144,944,175,28,90,3,20,kenduskeag,TRUE,paddler,olsonca01,Carl Olson,Olson Carl,Trenton,ME,USA,NA,NA,NA,NA
240252,2017,KENDUSKEAG,Downriver,Kayak,151,k1short,17,TRUE,12102,1145,945,176,66,180,17,33,kenduskeag,TRUE,paddler,NA,Ben Greeley,Greeley Ben,Waterville,ME,USA,1,T,12102,NA
527621,2025,KENDUSKEAG,Downriver,Unknown,24,open,3,TRUE,12104,1147,947,22,65,91,3,3,kenduskeag,TRUE,paddler,NA,Guillaume Bourdin,Bourdin Guillaume,Orono,ME,USA,NA,NA,NA,NA
527621,2025,KENDUSKEAG,Downriver,Unknown,24,open,3,TRUE,12104,1147,947,22,65,91,3,3,kenduskeag,TRUE,paddler,NA,Maisie Merz,Merz Maisie,Orono,ME,USA,NA,NA,NA,NA
527621,2025,KENDUSKEAG,Downriver,Unknown,24,open,3,TRUE,12104,1147,947,22,65,91,3,3,kenduskeag,TRUE,paddler,NA,Thomas Pacoureau,Pacoureau Thomas,NA,ME,USA,NA,NA,NA,NA
219690,2015,KENDUSKEAG,Downriver,Kayak,130,k1rec,6,TRUE,12109,1148,948,177,29,127,6,28,kenduskeag,TRUE,paddler,NA,Jacob Adams,Adams Jacob,Portland,ME,USA,1,T,12109,NA
527810,2025,KENDUSKEAG,Downriver,Canoe,201,oc2mixrec,12,TRUE,12110,1150,950,751,88,92,12,69,kenduskeag,TRUE,paddler,NA,Andrew Madsen,Madsen Andrew,Orono,ME,USA,NA,NA,NA,NA
527810,2025,KENDUSKEAG,Downriver,Canoe,201,oc2mixrec,12,TRUE,12110,1150,950,751,88,92,12,69,kenduskeag,TRUE,paddler,NA,Lauren Madsen,Madsen Lauren,Orono,ME,USA,NA,NA,NA,NA
527906,2025,KENDUSKEAG,Downriver,Canoe,306,oc2shortbeg,3,TRUE,12113,1151,951,752,22,93,3,70,kenduskeag,TRUE,paddler,NA,Zachary McClimon,McClimon Zachary,New Albany,OH,USA,NA,NA,NA,NA
527906,2025,KENDUSKEAG,Downriver,Canoe,306,oc2shortbeg,3,TRUE,12113,1151,951,752,22,93,3,70,kenduskeag,TRUE,paddler,NA,Connor Ransom,Ransom Connor,Poolesville,MD,USA,NA,NA,NA,NA
229366,2016,KENDUSKEAG,Downriver,Canoe,26,open,4,TRUE,12118,1153,953,754,66,93,4,76,kenduskeag,TRUE,paddler,NA,Wyatt Colby,Colby Wyatt,Southport,ME,USA,1,T,12118,NA
229366,2016,KENDUSKEAG,Downriver,Canoe,26,open,4,TRUE,12118,1153,953,754,66,93,4,76,kenduskeag,TRUE,paddler,NA,Captain Herrick,Herrick Captain,Topsham,ME,USA,1,T,12118,NA
229366,2016,KENDUSKEAG,Downriver,Canoe,26,open,4,TRUE,12118,1153,953,754,66,93,4,76,kenduskeag,TRUE,paddler,NA,Admiral Tyrving,Tyrving Admiral,Yarmouth,ME,USA,1,T,12118,NA
423958,2023,KENDUSKEAG,Downriver,Canoe,40,oc2short,10,TRUE,12122,1155,955,755,49,102,10,74,kenduskeag,TRUE,paddler,NA,Jason Millette,Millette Jason,Kittery,ME,USA,NA,NA,NA,NA
423958,2023,KENDUSKEAG,Downriver,Canoe,40,oc2short,10,TRUE,12122,1155,955,755,49,102,10,74,kenduskeag,TRUE,paddler,NA,Ryan Pedersen,Pedersen Ryan,Thorndike,ME,USA,NA,NA,NA,NA
358559,2022,KENDUSKEAG,Downriver,Kayak,26,k1rec,4,TRUE,12133,1158,958,179,30,123,4,19,kenduskeag,TRUE,paddler,NA,Jonathan McLeod,McLeod Jonathan,Orono,ME,USA,NA,NA,NA,NA
527811,2025,KENDUSKEAG,Downriver,Canoe,190,oc2mixrec,13,TRUE,12140,1159,959,758,89,95,13,71,kenduskeag,TRUE,paddler,NA,Ellen Beck,Beck Ellen,Whitefield,NH,USA,NA,NA,NA,NA
527811,2025,KENDUSKEAG,Downriver,Canoe,190,oc2mixrec,13,TRUE,12140,1159,959,758,89,95,13,71,kenduskeag,TRUE,paddler,NA,Danisen Smith,Smith Danisen,Jackman,NH,USA,NA,NA,NA,NA
219781,2015,KENDUSKEAG,Downriver,Canoe,246,oc2mediumrec,14,TRUE,12146,1162,962,761,62,130,14,102,kenduskeag,TRUE,paddler,NA,Brad Haase,Haase Brad,Hampden,ME,USA,1,T,12146,NA
219781,2015,KENDUSKEAG,Downriver,Canoe,246,oc2mediumrec,14,TRUE,12146,1162,962,761,62,130,14,102,kenduskeag,TRUE,paddler,NA,Joshua McNutt,McNutt Joshua,Hampden,ME,USA,1,T,12146,NA
424059,2023,KENDUSKEAG,Downriver,Canoe,136,oc2mixrec,10,TRUE,12147,1163,963,762,90,104,10,76,kenduskeag,TRUE,paddler,omallecl01,Cliodhna O'Malley,O'Malley Cliodhna,Windham,ME,USA,NA,NA,NA,NA
424059,2023,KENDUSKEAG,Downriver,Canoe,136,oc2mixrec,10,TRUE,12147,1163,963,762,90,104,10,76,kenduskeag,TRUE,paddler,powerco01,Cooper Power,Power Cooper,Windham,ME,USA,NA,NA,NA,NA
358620,2022,KENDUSKEAG,Downriver,Canoe,165,oc2mixrec,19,TRUE,12147,1164,964,763,91,125,19,99,kenduskeag,TRUE,paddler,NA,Meredith Hardy,Hardy Meredith,Holden,ME,USA,NA,NA,NA,NA
358620,2022,KENDUSKEAG,Downriver,Canoe,165,oc2mixrec,19,TRUE,12147,1164,964,763,91,125,19,99,kenduskeag,TRUE,paddler,NA,William Qualey,Qualey William,Norridgewock,ME,USA,NA,NA,NA,NA
527725,2025,KENDUSKEAG,Downriver,Kayak,126,k1rec,4,TRUE,12156,1166,966,180,31,97,4,22,kenduskeag,TRUE,paddler,NA,Luke Pighetti,Pighetti Luke,Hampden,ME,USA,NA,NA,NA,NA
358693,2022,KENDUSKEAG,Downriver,Canoe,252,oc2shortrec,13,TRUE,12157,1167,967,765,54,126,13,100,kenduskeag,TRUE,paddler,NA,Jeffrey Hecker,Hecker Jeffrey,Orono,ME,USA,NA,NA,NA,NA
358693,2022,KENDUSKEAG,Downriver,Canoe,252,oc2shortrec,13,TRUE,12157,1167,967,765,54,126,13,100,kenduskeag,TRUE,paddler,NA,Lee Hecker,Hecker Lee,Orono,ME,USA,NA,NA,NA,NA
219758,2015,KENDUSKEAG,Downriver,Canoe,217,oc2mixrec,8,TRUE,12158,1168,968,766,92,131,8,103,kenduskeag,TRUE,paddler,NA,Melanie McVety,McVety Melanie,Northport,ME,USA,1,T,12158,NA
219758,2015,KENDUSKEAG,Downriver,Canoe,217,oc2mixrec,8,TRUE,12158,1168,968,766,92,131,8,103,kenduskeag,TRUE,paddler,mcvetywi01,Wiley McVety,McVety Wiley,Northport,ME,USA,1,T,12158,NA
219633,2015,KENDUSKEAG,Downriver,Canoe,53,oc2short,5,TRUE,12160,1170,970,768,50,132,5,104,kenduskeag,TRUE,paddler,NA,Travis Cole,Cole Travis,Winterport,ME,USA,1,T,12160,NA
219633,2015,KENDUSKEAG,Downriver,Canoe,53,oc2short,5,TRUE,12160,1170,970,768,50,132,5,104,kenduskeag,TRUE,paddler,NA,Bill Walker III,Walker III Bill,Brewer,ME,USA,1,T,12160,NA
479053,2024,KENDUSKEAG,Downriver,Kayak,162,k1rec,1,TRUE,12163,1171,971,181,32,50,1,13,kenduskeag,TRUE,paddler,NA,Stephan Nickl,Nickl Stephan,Augusta,ME,USA,NA,NA,NA,NA
240396,2017,KENDUSKEAG,Downriver,Canoe,328,oc2mediumrec,24,TRUE,12166,1174,974,771,63,181,24,148,kenduskeag,TRUE,paddler,crawforo01,Robert Crawford,Crawford Robert,Corinth,ME,USA,1,T,12166,NA
240396,2017,KENDUSKEAG,Downriver,Canoe,328,oc2mediumrec,24,TRUE,12166,1174,974,771,63,181,24,148,kenduskeag,TRUE,paddler,NA,Aaron Libby,Libby Aaron,Corinth,ME,USA,1,T,12166,NA
527673,2025,KENDUSKEAG,Downriver,Canoe,56,oc2short,8,TRUE,12167,1176,976,773,51,100,8,75,kenduskeag,TRUE,paddler,NA,Fisher Clark,Clark Fisher,Orono,ME,USA,NA,NA,NA,NA
527673,2025,KENDUSKEAG,Downriver,Canoe,56,oc2short,8,TRUE,12167,1176,976,773,51,100,8,75,kenduskeag,TRUE,paddler,NA,Nathan Lavoy,Lavoy Nathan,Orono,ME,USA,NA,NA,NA,NA
240435,2017,KENDUSKEAG,Downriver,Canoe,372,oc2shortrec,6,TRUE,12171,1179,979,776,55,182,6,149,kenduskeag,TRUE,paddler,NA,Aaron Teets,Teets Aaron,Milford,ME,USA,1,T,12171,NA
240435,2017,KENDUSKEAG,Downriver,Canoe,372,oc2shortrec,6,TRUE,12171,1179,979,776,55,182,6,149,kenduskeag,TRUE,paddler,NA,Jonathan Watson,Watson Jonathan,Old Town,ME,USA,1,T,12171,NA
424096,2023,KENDUSKEAG,Downriver,Canoe,342,oc2rec,10,TRUE,12183,1180,980,777,52,106,10,78,kenduskeag,TRUE,paddler,NA,Seth Campbell,Campbell Seth,Old Town,ME,USA,NA,NA,NA,NA
424096,2023,KENDUSKEAG,Downriver,Canoe,342,oc2rec,10,TRUE,12183,1180,980,777,52,106,10,78,kenduskeag,TRUE,paddler,kreutzka01,Karl Kreutz,Kreutz Karl,Orono,ME,USA,NA,NA,NA,NA
229411,2016,KENDUSKEAG,Downriver,Canoe,75,oc2short,8,TRUE,12184,1181,981,778,52,94,8,77,kenduskeag,TRUE,paddler,NA,Brad Agius,Agius Brad,Harpswell,ME,USA,1,T,12184,NA
229411,2016,KENDUSKEAG,Downriver,Canoe,75,oc2short,8,TRUE,12184,1181,981,778,52,94,8,77,kenduskeag,TRUE,paddler,NA,Stephen Agius,Agius Stephen,Newburgh,ME,USA,1,T,12184,NA
240423,2017,KENDUSKEAG,Downriver,Canoe,357,oc2shortrec,7,TRUE,12188,1186,985,780,56,183,7,150,kenduskeag,TRUE,paddler,NA,Thomas Cummings,Cummings Thomas,South Portland,ME,USA,1,T,12188,NA
240423,2017,KENDUSKEAG,Downriver,Canoe,357,oc2shortrec,7,TRUE,12188,1186,985,780,56,183,7,150,kenduskeag,TRUE,paddler,NA,Devin Deane,Deane Devin,South Portland,ME,USA,1,T,12188,NA
424097,2023,KENDUSKEAG,Downriver,Canoe,171,oc2rec,11,TRUE,12189,1187,986,781,53,107,11,79,kenduskeag,TRUE,paddler,NA,Ryan Kelly,Kelly Ryan,Bangor,ME,USA,NA,NA,NA,NA
424097,2023,KENDUSKEAG,Downriver,Canoe,171,oc2rec,11,TRUE,12189,1187,986,781,53,107,11,79,kenduskeag,TRUE,paddler,moriarto01,Tom Moriarty,Moriarty Tom,Milford,ME,USA,NA,NA,NA,NA
358621,2022,KENDUSKEAG,Downriver,Canoe,192,oc2mixrec,20,TRUE,12193,1188,987,782,93,128,20,102,kenduskeag,TRUE,paddler,NA,Kristin Beebe,Beebe Kristin,Bangor,ME,USA,NA,NA,NA,NA
358621,2022,KENDUSKEAG,Downriver,Canoe,192,oc2mixrec,20,TRUE,12193,1188,987,782,93,128,20,102,kenduskeag,TRUE,paddler,beebeth01,Thomas Beebe,Beebe Thomas,Bangor,ME,USA,NA,NA,NA,NA
358656,2022,KENDUSKEAG,Downriver,Canoe,228,oc2rec,19,TRUE,12194,1189,988,783,54,129,19,103,kenduskeag,TRUE,paddler,NA,Ian Fraser,Fraser Ian,Brewer,ME,USA,NA,NA,NA,NA
358656,2022,KENDUSKEAG,Downriver,Canoe,228,oc2rec,19,TRUE,12194,1189,988,783,54,129,19,103,kenduskeag,TRUE,paddler,NA,Frank Sternberg,Sternberg Frank,Bangor,ME,USA,NA,NA,NA,NA
229563,2016,KENDUSKEAG,Downriver,Canoe,247,oc2mixrec,8,TRUE,12196,1190,989,784,94,95,8,78,kenduskeag,TRUE,paddler,NA,Audrey Braccio,Braccio Audrey,Glenburn,ME,USA,1,T,12196,NA
229563,2016,KENDUSKEAG,Downriver,Canoe,247,oc2mixrec,8,TRUE,12196,1190,989,784,94,95,8,78,kenduskeag,TRUE,paddler,NA,Wayne Braccio,Braccio Wayne,Guilford,CT,USA,1,T,12196,NA
479172,2024,KENDUSKEAG,Downriver,Canoe,213,oc2shortrec,4,TRUE,12204,1192,991,786,57,52,4,36,kenduskeag,TRUE,paddler,vangagpe01,Peter Gagnon,Gagnon Peter,Auburn,ME,USA,NA,NA,NA,NA
479172,2024,KENDUSKEAG,Downriver,Canoe,213,oc2shortrec,4,TRUE,12204,1192,991,786,57,52,4,36,kenduskeag,TRUE,paddler,NA,Jeff Misenheimer,Misenheimer Jeff,Auburn,ME,USA,NA,NA,NA,NA
527844,2025,KENDUSKEAG,Downriver,Canoe,225,oc2rec,18,TRUE,12205,1193,992,787,55,102,18,76,kenduskeag,TRUE,paddler,NA,Thomas Dunnigan,Dunnigan Thomas,Tuxedo Park,NY,USA,NA,NA,NA,NA
527844,2025,KENDUSKEAG,Downriver,Canoe,225,oc2rec,18,TRUE,12205,1193,992,787,55,102,18,76,kenduskeag,TRUE,paddler,NA,William Noteboom,Noteboom William,Warwick,NY,USA,NA,NA,NA,NA
229407,2016,KENDUSKEAG,Downriver,Canoe,71,oc2short,9,TRUE,12206,1194,993,788,53,96,9,79,kenduskeag,TRUE,paddler,NA,Timothy Marinelli,Marinelli Timothy,Bangor,ME,USA,1,T,12206,NA
229407,2016,KENDUSKEAG,Downriver,Canoe,71,oc2short,9,TRUE,12206,1194,993,788,53,96,9,79,kenduskeag,TRUE,paddler,NA,Alejandro Strong,Strong Alejandro,Bangor,ME,USA,1,T,12206,NA
258156,2019,KENDUSKEAG,Downriver,Unknown,20,open,17,TRUE,12216,1198,203,17,17,203,17,17,kenduskeag2019,TRUE,paddler,NA,Conor Egbert,Egbert Conor,Framingham,MA,USA,1,T,12216,NA
258156,2019,KENDUSKEAG,Downriver,Unknown,20,open,17,TRUE,12216,1198,203,17,17,203,17,17,kenduskeag2019,TRUE,paddler,NA,Dennis Forest,Forest Dennis,Framingham,MA,USA,1,T,12216,NA
258156,2019,KENDUSKEAG,Downriver,Unknown,20,open,17,TRUE,12216,1198,203,17,17,203,17,17,kenduskeag2019,TRUE,paddler,NA,Kyle Moran,Moran Kyle,Framingham,MA,USA,1,T,12216,NA
229633,2016,KENDUSKEAG,Downriver,Kayak,321,k1short,5,TRUE,12224,1200,997,184,67,97,5,18,kenduskeag,TRUE,paddler,NA,Chris Sawyer,Sawyer Chris,Belgrade,ME,USA,1,T,12224,NA
479033,2024,KENDUSKEAG,Downriver,Kayak,82,k1short,5,TRUE,12224,1202,999,186,68,53,5,15,kenduskeag,TRUE,paddler,baltesja01,Jay Baltes,Baltes Jay,Burnswick,ME,USA,NA,NA,NA,NA
229609,2016,KENDUSKEAG,Downriver,Canoe,296,oc2mediumrec,10,TRUE,12231,1204,1001,793,64,98,10,80,kenduskeag,TRUE,paddler,stolljo01,Josh Stoll,Stoll Josh,Lamoine,ME,USA,1,T,12231,NA
229609,2016,KENDUSKEAG,Downriver,Canoe,296,oc2mediumrec,10,TRUE,12231,1204,1001,793,64,98,10,80,kenduskeag,TRUE,paddler,wallsbr01,Brian Walls,Walls Brian,Bar Harbor,ME,USA,1,T,12231,NA
240432,2017,KENDUSKEAG,Downriver,Canoe,367,oc2shortrec,8,TRUE,12233,1205,1002,794,58,185,8,152,kenduskeag,TRUE,paddler,NA,Travis Hardinson,Hardinson Travis,Otis,ME,USA,1,T,12233,NA
240432,2017,KENDUSKEAG,Downriver,Canoe,367,oc2shortrec,8,TRUE,12233,1205,1002,794,58,185,8,152,kenduskeag,TRUE,paddler,speedbe01,Benjamin Speed,Speed Benjamin,Franklin,ME,USA,1,T,12233,NA
424206,2023,KENDUSKEAG,Downriver,Canoe,329,oc2hs,8,TRUE,12240,1207,1004,796,33,109,8,81,kenduskeag,TRUE,paddler,NA,Sawyer Gouldman,Gouldman Sawyer,Brunswick,ME,USA,NA,NA,NA,NA
424206,2023,KENDUSKEAG,Downriver,Canoe,329,oc2hs,8,TRUE,12240,1207,1004,796,33,109,8,81,kenduskeag,TRUE,paddler,NA,Zoe Peterson,Peterson Zoe,Brunswick,ME,USA,NA,NA,NA,NA
479003,2024,KENDUSKEAG,Downriver,Canoe,58,oc2short,2,TRUE,12242,1208,1005,797,54,54,2,37,kenduskeag,TRUE,paddler,NA,Nolan Altvater,Altvater Nolan,Old Town,ME,USA,NA,NA,NA,NA
479003,2024,KENDUSKEAG,Downriver,Canoe,58,oc2short,2,TRUE,12242,1208,1005,797,54,54,2,37,kenduskeag,TRUE,paddler,NA,Peter Howe,Howe Peter,Old Town,ME,USA,NA,NA,NA,NA
527941,2025,KENDUSKEAG,Downriver,Canoe,404,oc2hs,2,TRUE,12244,1209,1006,798,34,103,2,77,kenduskeag,TRUE,paddler,NA,Miles Cannon,Cannon Miles,Belfast,ME,USA,NA,NA,NA,NA
527941,2025,KENDUSKEAG,Downriver,Canoe,404,oc2hs,2,TRUE,12244,1209,1006,798,34,103,2,77,kenduskeag,TRUE,paddler,NA,Zuber Yacoe,Yacoe Zuber,Belfast,ME,USA,NA,NA,NA,NA
358760,2022,KENDUSKEAG,Downriver,Canoe,321,oc2hs,6,TRUE,12246,1210,1007,799,35,131,6,105,kenduskeag,TRUE,paddler,NA,Braelan Creswell,Creswell Braelan,Old Town,ME,USA,NA,NA,NA,NA
358760,2022,KENDUSKEAG,Downriver,Canoe,321,oc2hs,6,TRUE,12246,1210,1007,799,35,131,6,105,kenduskeag,TRUE,paddler,NA,Abbott Hooper,Hooper Abbott,Hampden,ME,USA,NA,NA,NA,NA
527812,2025,KENDUSKEAG,Downriver,Canoe,210,oc2mixrec,14,TRUE,12253,1214,1011,803,95,106,14,80,kenduskeag,TRUE,paddler,NA,Justin King,King Justin,Bowdoinham,ME,USA,NA,NA,NA,NA
527812,2025,KENDUSKEAG,Downriver,Canoe,210,oc2mixrec,14,TRUE,12253,1214,1011,803,95,106,14,80,kenduskeag,TRUE,paddler,NA,Kaylan King,King Kaylan,Bowdoinham,ME,USA,NA,NA,NA,NA
258268,2019,KENDUSKEAG,Downriver,Kayak,181,k1rec,4,TRUE,12255,1215,204,28,4,204,4,28,kenduskeag2019,TRUE,paddler,NA,Brendon Trainor,Trainor Brendon,Hampden,ME,USA,1,T,12255,NA
229496,2016,KENDUSKEAG,Downriver,Kayak,175,k1rec,5,TRUE,12261,1218,1014,188,33,100,5,19,kenduskeag,TRUE,paddler,NA,Matthew Thibodeau,Thibodeau Matthew,Exeter,ME,USA,1,T,12261,NA
219782,2015,KENDUSKEAG,Downriver,Canoe,247,oc2mediumrec,15,TRUE,12261,1219,1015,805,65,136,15,107,kenduskeag,TRUE,paddler,NA,Frank Barta,Barta Frank,Stetson,ME,USA,1,T,12261,NA
219782,2015,KENDUSKEAG,Downriver,Canoe,247,oc2mediumrec,15,TRUE,12261,1219,1015,805,65,136,15,107,kenduskeag,TRUE,paddler,neptunch01,Chris Neptune,Neptune Chris,Indian Island,ME,USA,1,T,12261,NA
527726,2025,KENDUSKEAG,Downriver,Kayak,113,k1rec,5,TRUE,12272,1224,1020,189,34,109,5,25,kenduskeag,TRUE,paddler,NA,Alex Oostveen,Oostveen Alex,Brewer,ME,USA,NA,NA,NA,NA
249371,2018,KENDUSKEAG,Downriver,Kayak,140,k1short,10,TRUE,12275,1227,1023,191,69,176,10,26,kenduskeag,TRUE,paddler,NA,Arnold Herrick,Herrick Arnold,Westbrook,ME,USA,1,T,12275,NA
479272,2024,KENDUSKEAG,Downriver,Canoe,287,oc2hs,2,TRUE,12276,1229,1025,812,36,56,2,39,kenduskeag,TRUE,paddler,NA,Emily Kidd,Kidd Emily,Carrabassett Valley,ME,USA,NA,NA,NA,NA
479272,2024,KENDUSKEAG,Downriver,Canoe,287,oc2hs,2,TRUE,12276,1229,1025,812,36,56,2,39,kenduskeag,TRUE,paddler,NA,Caleb Thibodeau,Thibodeau Caleb,Carrabassett Valley,ME,USA,NA,NA,NA,NA
249413,2018,KENDUSKEAG,Downriver,Kayak,200,k1rec,7,TRUE,12276,1230,1026,192,35,177,7,27,kenduskeag,TRUE,paddler,NA,Keith Morin,Morin Keith,Glenburn,ME,USA,1,T,12276,NA
424131,2023,KENDUSKEAG,Downriver,Canoe,205,oc2shortrec,11,TRUE,12278,1231,1027,813,59,111,11,83,kenduskeag,TRUE,paddler,NA,David Kerns,Kerns David,Ellsworth,ME,USA,NA,NA,NA,NA
424131,2023,KENDUSKEAG,Downriver,Canoe,205,oc2shortrec,11,TRUE,12278,1231,1027,813,59,111,11,83,kenduskeag,TRUE,paddler,NA,Eric McLaughlin,McLaughlin Eric,Columbia Falls,ME,USA,NA,NA,NA,NA
249524,2018,KENDUSKEAG,Downriver,Canoe,330,oc2shortrec,11,TRUE,12284,1236,1031,816,60,178,11,151,kenduskeag,TRUE,paddler,NA,Travis Hardison,Hardison Travis,Otis,ME,USA,1,T,12284,NA
249524,2018,KENDUSKEAG,Downriver,Canoe,330,oc2shortrec,11,TRUE,12284,1236,1031,816,60,178,11,151,kenduskeag,TRUE,paddler,speedbe01,Benjamin Speed,Speed Benjamin,Bangor,ME,USA,1,T,12284,NA
229612,2016,KENDUSKEAG,Downriver,Canoe,299,oc2mediumrec,11,TRUE,12289,1238,1033,818,66,102,11,83,kenduskeag,TRUE,paddler,NA,Chris LaMotte,LaMotte Chris,Orono,ME,USA,1,T,12289,NA
229612,2016,KENDUSKEAG,Downriver,Canoe,299,oc2mediumrec,11,TRUE,12289,1238,1033,818,66,102,11,83,kenduskeag,TRUE,paddler,NA,Mariusz Potocki,Potocki Mariusz,Orono,ME,USA,1,T,12289,NA
240278,2017,KENDUSKEAG,Downriver,Kayak,191,k1rec,5,TRUE,12290,1239,1034,194,36,188,5,35,kenduskeag,TRUE,paddler,NA,Jeff Crawford,Crawford Jeff,Old Town,ME,USA,1,T,12290,NA
249510,2018,KENDUSKEAG,Downriver,Canoe,314,oc2mediumrec,15,TRUE,12291,1240,1035,819,67,179,15,152,kenduskeag,TRUE,paddler,NA,Robert Hanscom,Hanscom Robert,Trenton,ME,USA,1,T,12291,NA
249510,2018,KENDUSKEAG,Downriver,Canoe,314,oc2mediumrec,15,TRUE,12291,1240,1035,819,67,179,15,152,kenduskeag,TRUE,paddler,sawyerad01,Adam Sawyer,Sawyer Adam,Trenton,ME,USA,1,T,12291,NA
229610,2016,KENDUSKEAG,Downriver,Canoe,297,oc2mediumrec,12,TRUE,12293,1242,1037,821,68,103,12,84,kenduskeag,TRUE,paddler,NA,Reis Costello,Costello Reis,Brunswick,ME,USA,1,T,12293,NA
229610,2016,KENDUSKEAG,Downriver,Canoe,297,oc2mediumrec,12,TRUE,12293,1242,1037,821,68,103,12,84,kenduskeag,TRUE,paddler,NA,Charles Fear,Fear Charles,Brunswick,ME,USA,1,T,12293,NA
479142,2024,KENDUSKEAG,Downriver,Canoe,193,oc2rec,8,TRUE,12294,1243,1038,822,56,57,8,40,kenduskeag,TRUE,paddler,NA,Michael Lowry,Lowry Michael,Surry,ME,USA,NA,NA,NA,NA
479142,2024,KENDUSKEAG,Downriver,Canoe,193,oc2rec,8,TRUE,12294,1243,1038,822,56,57,8,40,kenduskeag,TRUE,paddler,NA,Michael Parker,Parker Michael,Sorrento,ME,USA,NA,NA,NA,NA
219884,2015,KENDUSKEAG,Downriver,Canoe,372,oc2mediumrec,16,TRUE,12297,1245,1040,824,69,141,16,111,kenduskeag,TRUE,paddler,NA,Robert Boenish,Boenish Robert,Orono,ME,USA,1,T,12297,NA
219884,2015,KENDUSKEAG,Downriver,Canoe,372,oc2mediumrec,16,TRUE,12297,1245,1040,824,69,141,16,111,kenduskeag,TRUE,paddler,NA,Constantin Scherelis,Scherelis Constantin,Orono,ME,USA,1,T,12297,NA
258263,2019,KENDUSKEAG,Downriver,Kayak,175,k1rec,5,TRUE,12306,1246,206,29,5,206,5,29,kenduskeag2019,TRUE,paddler,NA,Stephen Comeau,Comeau Stephen,Bangor,ME,USA,1,T,12306,NA
358739,2022,KENDUSKEAG,Downriver,Canoe,291,oc2shortbeg,6,TRUE,12307,1247,1041,825,23,133,6,107,kenduskeag,TRUE,paddler,campbero01,Bob Campbell,Campbell Bob,Carmel,ME,USA,NA,NA,NA,NA
358739,2022,KENDUSKEAG,Downriver,Canoe,291,oc2shortbeg,6,TRUE,12307,1247,1041,825,23,133,6,107,kenduskeag,TRUE,paddler,NA,Ryan Wilson,Wilson Ryan,Hermon,ME,USA,NA,NA,NA,NA
219798,2015,KENDUSKEAG,Downriver,Canoe,264,oc2shortrec,7,TRUE,12308,1249,1043,827,61,142,7,112,kenduskeag,TRUE,paddler,NA,Christopher Mares,Mares Christopher,Orono,ME,USA,1,T,12308,NA
219798,2015,KENDUSKEAG,Downriver,Canoe,264,oc2shortrec,7,TRUE,12308,1249,1043,827,61,142,7,112,kenduskeag,TRUE,paddler,NA,Carter Stone,Stone Carter,Orono,ME,USA,1,T,12308,NA
424060,2023,KENDUSKEAG,Downriver,Canoe,349,oc2mixrec,11,TRUE,12314,1250,1044,828,96,112,11,84,kenduskeag,TRUE,paddler,NA,Adam Craig,Craig Adam,Exeter,ME,USA,NA,NA,NA,NA
424060,2023,KENDUSKEAG,Downriver,Canoe,349,oc2mixrec,11,TRUE,12314,1250,1044,828,96,112,11,84,kenduskeag,TRUE,paddler,NA,Annie Pendygraft,Pendygraft Annie,Exeter,ME,USA,NA,NA,NA,NA
240440,2017,KENDUSKEAG,Downriver,Canoe,378,oc2shortrec,9,TRUE,12316,1252,1046,830,62,189,9,154,kenduskeag,TRUE,paddler,NA,Aaron Leighton,Leighton Aaron,Bangor,ME,USA,1,T,12316,NA
240440,2017,KENDUSKEAG,Downriver,Canoe,378,oc2shortrec,9,TRUE,12316,1252,1046,830,62,189,9,154,kenduskeag,TRUE,paddler,NA,Don Leighton,Leighton Don,Steuben,ME,USA,1,T,12316,NA
479173,2024,KENDUSKEAG,Downriver,Canoe,222,oc2shortrec,5,TRUE,12318,1254,1048,832,63,59,5,42,kenduskeag,TRUE,paddler,NA,Jeremy Markuson,Markuson Jeremy,Bangor,ME,USA,NA,NA,NA,NA
479173,2024,KENDUSKEAG,Downriver,Canoe,222,oc2shortrec,5,TRUE,12318,1254,1048,832,63,59,5,42,kenduskeag,TRUE,paddler,NA,Ben Naumann,Naumann Ben,Ellsworth,ME,USA,NA,NA,NA,NA
219594,2015,KENDUSKEAG,Downriver,Canoe,13,open,10,TRUE,12318,1255,1049,833,67,144,10,114,kenduskeag,TRUE,paddler,johnsoma02,Mark Johnston,Johnston Mark,Glenburn,ME,USA,1,T,12318,NA
219594,2015,KENDUSKEAG,Downriver,Canoe,13,open,10,TRUE,12318,1255,1049,833,67,144,10,114,kenduskeag,TRUE,paddler,NA,Joe Kelley,Kelley Joe,Glenburn,ME,USA,1,T,12318,NA
219594,2015,KENDUSKEAG,Downriver,Canoe,13,open,10,TRUE,12318,1255,1049,833,67,144,10,114,kenduskeag,TRUE,paddler,scofiejo01,John Scofield,Scofield John,Glenburn,ME,USA,1,T,12318,NA
358657,2022,KENDUSKEAG,Downriver,Canoe,208,oc2rec,20,TRUE,12319,1256,1050,834,57,134,20,108,kenduskeag,TRUE,paddler,cassidda02,David Cassidy,Cassidy David,Portland,ME,USA,NA,NA,NA,NA
229406,2016,KENDUSKEAG,Downriver,Canoe,70,oc2short,10,TRUE,12321,1257,1051,835,55,104,10,85,kenduskeag,TRUE,paddler,coreych01,Chris Corey,Corey Chris,Topsham,ME,USA,1,T,12321,NA
229406,2016,KENDUSKEAG,Downriver,Canoe,70,oc2short,10,TRUE,12321,1257,1051,835,55,104,10,85,kenduskeag,TRUE,paddler,NA,Samuel Holmes,Holmes Samuel,New Limerick,ME,USA,1,T,12321,NA
249574,2018,KENDUSKEAG,Downriver,Canoe,388,oc2shortbeg,3,TRUE,12323,1258,1052,836,24,180,3,153,kenduskeag,TRUE,paddler,NA,Donald Strickland,Strickland Donald,Gardiner,ME,USA,1,T,12323,NA
249574,2018,KENDUSKEAG,Downriver,Canoe,388,oc2shortbeg,3,TRUE,12323,1258,1052,836,24,180,3,153,kenduskeag,TRUE,paddler,NA,Susie Strickland,Strickland Susie,Gardiner,ME,USA,1,T,12323,NA
240373,2017,KENDUSKEAG,Downriver,Canoe,305,oc2mediumrec,25,TRUE,12326,1259,1053,837,70,190,25,155,kenduskeag,TRUE,paddler,NA,Wilson Cramp,Cramp Wilson,Falmouth,ME,USA,1,T,12326,NA
240373,2017,KENDUSKEAG,Downriver,Canoe,305,oc2mediumrec,25,TRUE,12326,1259,1053,837,70,190,25,155,kenduskeag,TRUE,paddler,NA,Sheldon Lewis,Lewis Sheldon,Westbrook,ME,USA,1,T,12326,NA
527859,2025,KENDUSKEAG,Downriver,Canoe,258,oc2shortrec,4,TRUE,12329,1260,1054,838,64,113,4,85,kenduskeag,TRUE,paddler,NA,Barrett Proulx,Proulx Barrett,Eddington,ME,USA,NA,NA,NA,NA
527859,2025,KENDUSKEAG,Downriver,Canoe,258,oc2shortrec,4,TRUE,12329,1260,1054,838,64,113,4,85,kenduskeag,TRUE,paddler,NA,Dylan Wilson,Wilson Dylan,Eddington,ME,USA,NA,NA,NA,NA
527942,2025,KENDUSKEAG,Downriver,Canoe,334,oc2hs,3,TRUE,12335,1262,1056,840,37,114,3,86,kenduskeag,TRUE,paddler,NA,Nick Leavitt,Leavitt Nick,Orono,ME,USA,NA,NA,NA,NA
527942,2025,KENDUSKEAG,Downriver,Canoe,334,oc2hs,3,TRUE,12335,1262,1056,840,37,114,3,86,kenduskeag,TRUE,paddler,NA,Samuel Robinson,Robinson Samuel,Orono,ME,USA,NA,NA,NA,NA
527943,2025,KENDUSKEAG,Downriver,Canoe,343,oc2hs,4,TRUE,12341,1265,1059,843,38,115,4,87,kenduskeag,TRUE,paddler,NA,Bennet Peters,Peters Bennet,Bar Harbor,ME,USA,NA,NA,NA,NA
527943,2025,KENDUSKEAG,Downriver,Canoe,343,oc2hs,4,TRUE,12341,1265,1059,843,38,115,4,87,kenduskeag,TRUE,paddler,NA,Issa Pizzimenti,Pizzimenti Issa,Bar Harbor,ME,USA,NA,NA,NA,NA
479143,2024,KENDUSKEAG,Downriver,Canoe,203,oc2rec,9,TRUE,12341,1266,1060,844,58,60,9,43,kenduskeag,TRUE,paddler,cassidth01,Thomas Cassidy,Cassidy Thomas,Orono,ME,USA,NA,NA,NA,NA
479143,2024,KENDUSKEAG,Downriver,Canoe,203,oc2rec,9,TRUE,12341,1266,1060,844,58,60,9,43,kenduskeag,TRUE,paddler,NA,Scott Higgins,Higgins Scott,Newport,RI,USA,NA,NA,NA,NA
527860,2025,KENDUSKEAG,Downriver,Canoe,252,oc2shortrec,5,TRUE,12341,1267,1061,845,65,116,5,88,kenduskeag,TRUE,paddler,NA,Ian Fraser,Fraser Ian,Brewer,ME,USA,NA,NA,NA,NA
527860,2025,KENDUSKEAG,Downriver,Canoe,252,oc2shortrec,5,TRUE,12341,1267,1061,845,65,116,5,88,kenduskeag,TRUE,paddler,NA,Cooper Parlee,Parlee Cooper,Brewer,ME,USA,NA,NA,NA,NA
424207,2023,KENDUSKEAG,Downriver,Canoe,332,oc2hs,9,TRUE,12350,1269,1062,846,39,114,9,86,kenduskeag,TRUE,paddler,NA,Ted Feull,Feull Ted,Brunswick,ME,USA,NA,NA,NA,NA
424207,2023,KENDUSKEAG,Downriver,Canoe,332,oc2hs,9,TRUE,12350,1269,1062,846,39,114,9,86,kenduskeag,TRUE,paddler,NA,Ann Mahoney,Mahoney Ann,Brunswick,ME,USA,NA,NA,NA,NA
358658,2022,KENDUSKEAG,Downriver,Canoe,229,oc2rec,21,TRUE,12351,1270,1063,847,59,136,21,110,kenduskeag,TRUE,paddler,NA,Neil Abraham,Abraham Neil,Rumford,ME,USA,NA,NA,NA,NA
358658,2022,KENDUSKEAG,Downriver,Canoe,229,oc2rec,21,TRUE,12351,1270,1063,847,59,136,21,110,kenduskeag,TRUE,paddler,NA,Jason Eaton,Eaton Jason,Milford,ME,USA,NA,NA,NA,NA
358539,2022,KENDUSKEAG,Downriver,Kayak,358,k1short,5,TRUE,12351,1271,1064,195,70,137,5,20,kenduskeag,TRUE,paddler,NA,Aaron Emerson,Emerson Aaron,Winterport,ME,USA,NA,NA,NA,NA
240469,2017,KENDUSKEAG,Downriver,Canoe,416,oc2shortbeg,8,TRUE,12354,1273,1066,849,25,193,8,158,kenduskeag,TRUE,paddler,NA,Derek Derose,Derose Derek,Augusta,ME,USA,1,T,12354,NA
240469,2017,KENDUSKEAG,Downriver,Canoe,416,oc2shortbeg,8,TRUE,12354,1273,1066,849,25,193,8,158,kenduskeag,TRUE,paddler,NA,Ethan Dyer,Dyer Ethan,Augusta,ME,USA,1,T,12354,NA
219696,2015,KENDUSKEAG,Downriver,Kayak,140,k1rec,7,TRUE,12360,1276,1069,197,37,146,7,32,kenduskeag,TRUE,paddler,pyzynsma01,Matt Pyzynski,Pyzynski Matt,Bangor,ME,USA,1,T,12360,NA
258362,2019,KENDUSKEAG,Downriver,Canoe,302,oc2mediumrec,22,TRUE,12364,1279,208,162,22,208,22,162,kenduskeag2019,TRUE,paddler,NA,Brandon Bisson,Bisson Brandon,Berlin,NH,USA,1,T,12364,NA
258362,2019,KENDUSKEAG,Downriver,Canoe,302,oc2mediumrec,22,TRUE,12364,1279,208,162,22,208,22,162,kenduskeag2019,TRUE,paddler,NA,Keith Morin,Morin Keith,Glenburn,ME,USA,1,T,12364,NA
258261,2019,KENDUSKEAG,Downriver,Kayak,173,k1rec,6,TRUE,12365,1280,209,30,6,209,6,30,kenduskeag2019,TRUE,paddler,NA,James Edgerly,Edgerly James,Madison,ME,USA,1,T,12365,NA
424005,2023,KENDUSKEAG,Downriver,Kayak,95,k1rec,4,TRUE,12367,1281,1072,198,38,116,4,19,kenduskeag,TRUE,paddler,merrilla01,Larry Merrill,Merrill Larry,Orrington,ME,USA,NA,NA,NA,NA
258257,2019,KENDUSKEAG,Downriver,Kayak,161,k1rec,7,TRUE,12367,1282,210,31,7,210,7,31,kenduskeag2019,TRUE,paddler,NA,Mark Cummings,Cummings Mark,Bradford,ME,USA,1,T,12367,NA
240421,2017,KENDUSKEAG,Downriver,Canoe,355,oc2shortrec,10,TRUE,12369,1284,1073,853,66,194,10,159,kenduskeag,TRUE,paddler,NA,David Kerns,Kerns David,Ellsworth,ME,USA,1,T,12369,NA
240421,2017,KENDUSKEAG,Downriver,Canoe,355,oc2shortrec,10,TRUE,12369,1284,1073,853,66,194,10,159,kenduskeag,TRUE,paddler,NA,Eric McLaughlin,McLaughlin Eric,Hancock,ME,USA,1,T,12369,NA
479273,2024,KENDUSKEAG,Downriver,Canoe,289,oc2hs,3,TRUE,12376,1286,1075,854,40,61,3,44,kenduskeag,TRUE,paddler,NA,Nolan McCullough,McCullough Nolan,Gorham,ME,USA,NA,NA,NA,NA
479273,2024,KENDUSKEAG,Downriver,Canoe,289,oc2hs,3,TRUE,12376,1286,1075,854,40,61,3,44,kenduskeag,TRUE,paddler,NA,Neal Thomas,Thomas Neal,Monmouth,ME,USA,NA,NA,NA,NA
479236,2024,KENDUSKEAG,Downriver,Canoe,393,oc2shortbeg,1,TRUE,12377,1287,1076,855,26,62,1,45,kenduskeag,TRUE,paddler,NA,Orey Dutton,Dutton Orey,Portland,ME,USA,NA,NA,NA,NA
479236,2024,KENDUSKEAG,Downriver,Canoe,393,oc2shortbeg,1,TRUE,12377,1287,1076,855,26,62,1,45,kenduskeag,TRUE,paddler,NA,Peter Jordan,Jordan Peter,Portland,ME,USA,NA,NA,NA,NA
424061,2023,KENDUSKEAG,Downriver,Canoe,327,oc2mixrec,12,TRUE,12382,1291,1080,858,97,118,12,89,kenduskeag,TRUE,paddler,NA,Tom Emerson,Emerson Tom,Portland,ME,USA,NA,NA,NA,NA
424061,2023,KENDUSKEAG,Downriver,Canoe,327,oc2mixrec,12,TRUE,12382,1291,1080,858,97,118,12,89,kenduskeag,TRUE,paddler,NA,Emily Grudzien,Grudzien Emily,Portland,ME,USA,NA,NA,NA,NA
358761,2022,KENDUSKEAG,Downriver,Canoe,316,oc2hs,7,TRUE,12383,1292,1081,859,41,138,7,111,kenduskeag,TRUE,paddler,NA,Collin Cooper,Cooper Collin,Orono,ME,USA,NA,NA,NA,NA
358761,2022,KENDUSKEAG,Downriver,Canoe,316,oc2hs,7,TRUE,12383,1292,1081,859,41,138,7,111,kenduskeag,TRUE,paddler,NA,Melissa Genoter,Genoter Melissa,Orono,ME,USA,NA,NA,NA,NA
240248,2017,KENDUSKEAG,Downriver,Kayak,144,k1short,18,TRUE,12391,1299,1088,201,71,196,18,36,kenduskeag,TRUE,paddler,NA,Timothy Davis,Davis Timothy,Hampden,ME,USA,1,T,12391,NA
358540,2022,KENDUSKEAG,Downriver,Kayak,97,k1short,6,TRUE,12391,1300,1089,202,72,139,6,21,kenduskeag,TRUE,paddler,montgogl01,Glenn Montgomery,Montgomery Glenn,Belfast,ME,USA,NA,NA,NA,NA
229613,2016,KENDUSKEAG,Downriver,Canoe,300,oc2mediumrec,13,TRUE,12392,1301,1090,866,71,108,13,88,kenduskeag,TRUE,paddler,NA,Robb Freeman,Freeman Robb,Bangor,ME,USA,1,T,12392,NA
229613,2016,KENDUSKEAG,Downriver,Canoe,300,oc2mediumrec,13,TRUE,12392,1301,1090,866,71,108,13,88,kenduskeag,TRUE,paddler,NA,Jason Weiss,Weiss Jason,Cape Elizabeth,ME,USA,1,T,12392,NA
527944,2025,KENDUSKEAG,Downriver,Canoe,341,oc2hs,5,TRUE,12394,1302,1091,867,42,118,5,90,kenduskeag,TRUE,paddler,NA,Hanako Moulton,Moulton Hanako,Bar Harbor,ME,USA,NA,NA,NA,NA
527944,2025,KENDUSKEAG,Downriver,Canoe,341,oc2hs,5,TRUE,12394,1302,1091,867,42,118,5,90,kenduskeag,TRUE,paddler,NA,Seven Steiner,Steiner Seven,Bar Harbor,ME,USA,NA,NA,NA,NA
229628,2016,KENDUSKEAG,Downriver,Canoe,315,oc2mediumrec,14,TRUE,12394,1303,1092,868,72,109,14,89,kenduskeag,TRUE,paddler,NA,Brendan Shumway,Shumway Brendan,Cumberland,ME,USA,1,T,12394,NA
229628,2016,KENDUSKEAG,Downriver,Canoe,315,oc2mediumrec,14,TRUE,12394,1303,1092,868,72,109,14,89,kenduskeag,TRUE,paddler,steeleno01,Nolan Steele,Steele Nolan,Cumberland,ME,USA,1,T,12394,NA
249497,2018,KENDUSKEAG,Downriver,Canoe,295,oc2mediumrec,16,TRUE,12406,1307,1095,871,73,183,16,155,kenduskeag,TRUE,paddler,NA,Chris Brann,Brann Chris,Auburn,ME,USA,1,T,12406,NA
249497,2018,KENDUSKEAG,Downriver,Canoe,295,oc2mediumrec,16,TRUE,12406,1307,1095,871,73,183,16,155,kenduskeag,TRUE,paddler,kinneyju01,Justin Kinney,Kinney Justin,Portland,ME,USA,1,T,12406,NA
479237,2024,KENDUSKEAG,Downriver,Canoe,263,oc2shortbeg,2,TRUE,12411,1308,1096,872,27,64,2,47,kenduskeag,TRUE,paddler,sullivca01,Cameron Sullivan,Sullivan Cameron,Old Town,ME,USA,NA,NA,NA,NA
479237,2024,KENDUSKEAG,Downriver,Canoe,263,oc2shortbeg,2,TRUE,12411,1308,1096,872,27,64,2,47,kenduskeag,TRUE,paddler,sullivty01,Ty Sullivan,Sullivan Ty,Old Town,ME,USA,NA,NA,NA,NA
219766,2015,KENDUSKEAG,Downriver,Canoe,227,oc2mixrec,9,TRUE,12412,1309,1097,873,98,148,9,116,kenduskeag,TRUE,paddler,NA,Walter Cary,Cary Walter,Lewiston,ME,USA,1,T,12412,NA
219766,2015,KENDUSKEAG,Downriver,Canoe,227,oc2mixrec,9,TRUE,12412,1309,1097,873,98,148,9,116,kenduskeag,TRUE,paddler,NA,Louise Tirabassi,Tirabassi Louise,Lewiston,ME,USA,1,T,12412,NA
249468,2018,KENDUSKEAG,Downriver,Canoe,262,oc2mixrec,16,TRUE,12412,1310,1098,874,99,184,16,156,kenduskeag,TRUE,paddler,NA,Ashley Duggan,Duggan Ashley,Old Town,ME,USA,1,T,12412,NA
249468,2018,KENDUSKEAG,Downriver,Canoe,262,oc2mixrec,16,TRUE,12412,1310,1098,874,99,184,16,156,kenduskeag,TRUE,paddler,NA,Clarence White,White Clarence,Presque Isle,ME,USA,1,T,12412,NA
219831,2015,KENDUSKEAG,Downriver,Canoe,302,oc2shortbeg,4,TRUE,12412,1311,1099,875,28,149,4,117,kenduskeag,TRUE,paddler,NA,Micah Ludwig,Ludwig Micah,Waldoboro,ME,USA,1,T,12412,NA
219831,2015,KENDUSKEAG,Downriver,Canoe,302,oc2shortbeg,4,TRUE,12412,1311,1099,875,28,149,4,117,kenduskeag,TRUE,paddler,NA,Wayne Ludwig,Ludwig Wayne,Waldoboro,ME,USA,1,T,12412,NA
358694,2022,KENDUSKEAG,Downriver,Canoe,249,oc2shortrec,14,TRUE,12413,1312,1100,876,67,141,14,113,kenduskeag,TRUE,paddler,NA,Kyle Noonan,Noonan Kyle,Scarborough,ME,USA,NA,NA,NA,NA
358694,2022,KENDUSKEAG,Downriver,Canoe,249,oc2shortrec,14,TRUE,12413,1312,1100,876,67,141,14,113,kenduskeag,TRUE,paddler,NA,Zachary Whitener,Whitener Zachary,Freeport,ME,USA,NA,NA,NA,NA
527907,2025,KENDUSKEAG,Downriver,Canoe,312,oc2shortbeg,4,TRUE,12418,1313,1101,877,29,119,4,91,kenduskeag,TRUE,paddler,NA,Gideon Wheeler,Wheeler Gideon,Bowdoin,ME,USA,NA,NA,NA,NA
527907,2025,KENDUSKEAG,Downriver,Canoe,312,oc2shortbeg,4,TRUE,12418,1313,1101,877,29,119,4,91,kenduskeag,TRUE,paddler,NA,Reuben Wheeler,Wheeler Reuben,Bowdoin,ME,USA,NA,NA,NA,NA
240208,2017,KENDUSKEAG,Downriver,Canoe,91,oc2short,8,TRUE,12436,1317,1105,881,56,197,8,161,kenduskeag,TRUE,paddler,NA,Travis Cole,Cole Travis,Winterport,ME,USA,1,T,12436,NA
240208,2017,KENDUSKEAG,Downriver,Canoe,91,oc2short,8,TRUE,12436,1317,1105,881,56,197,8,161,kenduskeag,TRUE,paddler,walkerbi01,Bill Walker,Walker Bill,Brewer,ME,USA,1,T,12436,NA
358762,2022,KENDUSKEAG,Downriver,Canoe,313,oc2hs,8,TRUE,12437,1318,1106,882,43,145,8,117,kenduskeag,TRUE,paddler,NA,Peyton Sheaffer,Sheaffer Peyton,Lancaster,PA,USA,NA,NA,NA,NA
358762,2022,KENDUSKEAG,Downriver,Canoe,313,oc2hs,8,TRUE,12437,1318,1106,882,43,145,8,117,kenduskeag,TRUE,paddler,NA,Ryan Shetzline,Shetzline Ryan,Hingham,MA,USA,NA,NA,NA,NA
229601,2016,KENDUSKEAG,Downriver,Canoe,288,oc2mediumrec,15,TRUE,12438,1319,1107,883,74,111,15,91,kenduskeag,TRUE,paddler,broughol01,Oliver Broughton,Broughton Oliver,Ellsworth,ME,USA,1,T,12438,NA
229601,2016,KENDUSKEAG,Downriver,Canoe,288,oc2mediumrec,15,TRUE,12438,1319,1107,883,74,111,15,91,kenduskeag,TRUE,paddler,forresba01,Baxter Forrest,Forrest Baxter,Surry,ME,USA,1,T,12438,NA
219635,2015,KENDUSKEAG,Downriver,Canoe,55,oc2short,6,TRUE,12438,1320,1108,884,57,150,6,118,kenduskeag,TRUE,paddler,NA,Philip Drew,Drew Philip,Glenburn,ME,USA,1,T,12438,NA
219635,2015,KENDUSKEAG,Downriver,Canoe,55,oc2short,6,TRUE,12438,1320,1108,884,57,150,6,118,kenduskeag,TRUE,paddler,NA,David Naughton,Naughton David,Amherst,MA,USA,1,T,12438,NA
424166,2023,KENDUSKEAG,Downriver,Canoe,240,oc2shortbeg,3,TRUE,12440,1322,1110,886,30,121,3,92,kenduskeag,TRUE,paddler,albeebr01,Bryan Albee,Albee Bryan,Machiasport,ME,USA,NA,NA,NA,NA
424166,2023,KENDUSKEAG,Downriver,Canoe,240,oc2shortbeg,3,TRUE,12440,1322,1110,886,30,121,3,92,kenduskeag,TRUE,paddler,lawsonju01,Justin Lawson,Lawson Justin,Marshfield,ME,USA,NA,NA,NA,NA
258317,2019,KENDUSKEAG,Downriver,Canoe,247,oc2mixrec,20,TRUE,12441,1323,213,165,20,213,20,165,kenduskeag2019,TRUE,paddler,NA,Nancy Jacobson,Jacobson Nancy,Bangor,ME,USA,1,T,12441,NA
258317,2019,KENDUSKEAG,Downriver,Canoe,247,oc2mixrec,20,TRUE,12441,1323,213,165,20,213,20,165,kenduskeag2019,TRUE,paddler,NA,Benjamin Schmidt,Schmidt Benjamin,Bangor,ME,USA,1,T,12441,NA
478947,2024,KENDUSKEAG,Downriver,Unknown,7,open,3,TRUE,12441,1324,1111,23,68,65,3,3,kenduskeag,TRUE,paddler,brooksra01,Rachel Brooks,Brooks Rachel,Clifton,ME,USA,NA,NA,NA,NA
478947,2024,KENDUSKEAG,Downriver,Unknown,7,open,3,TRUE,12441,1324,1111,23,68,65,3,3,kenduskeag,TRUE,paddler,brooksti01,Tim Brooks,Brooks Tim,Clifton,ME,USA,NA,NA,NA,NA
478947,2024,KENDUSKEAG,Downriver,Unknown,7,open,3,TRUE,12441,1324,1111,23,68,65,3,3,kenduskeag,TRUE,paddler,NA,Joanna Howell,Howell Joanna,Clifton,ME,USA,NA,NA,NA,NA
240414,2017,KENDUSKEAG,Downriver,Canoe,347,oc2mediumrec,26,TRUE,12443,1325,1112,887,75,199,26,163,kenduskeag,TRUE,paddler,NA,Noah Dines,Dines Noah,Nobleboro,ME,USA,1,T,12443,NA
240414,2017,KENDUSKEAG,Downriver,Canoe,347,oc2mediumrec,26,TRUE,12443,1325,1112,887,75,199,26,163,kenduskeag,TRUE,paddler,NA,Jennings Leavell,Leavell Jennings,Nobleboro,ME,USA,1,T,12443,NA
258260,2019,KENDUSKEAG,Downriver,Kayak,170,k1rec,8,TRUE,12445,1327,214,32,8,214,8,32,kenduskeag2019,TRUE,paddler,NA,Brody Mckenzie,Mckenzie Brody,Albion,ME,USA,1,T,12445,NA
219847,2015,KENDUSKEAG,Downriver,Canoe,323,oc2shortbeg,5,TRUE,12448,1329,1115,889,31,151,5,119,kenduskeag,TRUE,paddler,jordanju01,Justin Jordan,Jordan Justin,Holden,ME,USA,1,T,12448,NA
219847,2015,KENDUSKEAG,Downriver,Canoe,323,oc2shortbeg,5,TRUE,12448,1329,1115,889,31,151,5,119,kenduskeag,TRUE,paddler,NA,Joshua Ross,Ross Joshua,Dixmont,ME,USA,1,T,12448,NA
229595,2016,KENDUSKEAG,Downriver,Canoe,282,oc2mediumrec,16,TRUE,12454,1330,1116,890,76,113,16,93,kenduskeag,TRUE,paddler,NA,Andrew Turner,Turner Andrew,Gorham,ME,USA,1,T,12454,NA
229595,2016,KENDUSKEAG,Downriver,Canoe,282,oc2mediumrec,16,TRUE,12454,1330,1116,890,76,113,16,93,kenduskeag,TRUE,paddler,NA,Roger Turner,Turner Roger,Gorham,ME,USA,1,T,12454,NA
240273,2017,KENDUSKEAG,Downriver,Kayak,183,k1rec,6,TRUE,12465,1334,1120,204,39,200,6,37,kenduskeag,TRUE,paddler,NA,Todd Zahares,Zahares Todd,Freeport,ME,USA,1,T,12465,NA
358659,2022,KENDUSKEAG,Downriver,Canoe,350,oc2rec,22,TRUE,12468,1335,1121,894,60,147,22,119,kenduskeag,TRUE,paddler,NA,Arrrian Stockdell,Stockdell Arrrian,Brooksville,ME,USA,NA,NA,NA,NA
358659,2022,KENDUSKEAG,Downriver,Canoe,350,oc2rec,22,TRUE,12468,1335,1121,894,60,147,22,119,kenduskeag,TRUE,paddler,NA,Hunter Tzovarras,Tzovarras Hunter,Brooksville,ME,USA,NA,NA,NA,NA
258254,2019,KENDUSKEAG,Downriver,Kayak,154,k1rec,9,TRUE,12470,1336,215,33,9,215,9,33,kenduskeag2019,TRUE,paddler,NA,Carl A Miller,Miller Carl A,Augusta,ME,USA,1,T,12470,NA
219833,2015,KENDUSKEAG,Downriver,Canoe,305,oc2shortbeg,6,TRUE,12477,1340,1125,898,32,153,6,121,kenduskeag,TRUE,paddler,NA,Steven Glover,Glover Steven,boston,MA,USA,1,T,12477,NA
219833,2015,KENDUSKEAG,Downriver,Canoe,305,oc2shortbeg,6,TRUE,12477,1340,1125,898,32,153,6,121,kenduskeag,TRUE,paddler,NA,Zack Glover,Glover Zack,boston,MA,USA,1,T,12477,NA
479238,2024,KENDUSKEAG,Downriver,Canoe,339,oc2shortbeg,3,TRUE,12484,1342,1127,900,33,67,3,49,kenduskeag,TRUE,paddler,NA,Hunter Clukey,Clukey Hunter,Dedham,ME,USA,NA,NA,NA,NA
479238,2024,KENDUSKEAG,Downriver,Canoe,339,oc2shortbeg,3,TRUE,12484,1342,1127,900,33,67,3,49,kenduskeag,TRUE,paddler,NA,Kyle Sidaway,Sidaway Kyle,Dedham,ME,USA,NA,NA,NA,NA
527813,2025,KENDUSKEAG,Downriver,Canoe,203,oc2mixrec,15,TRUE,12485,1344,1129,902,100,120,15,92,kenduskeag,TRUE,paddler,NA,Nolan McCullough,McCullough Nolan,Gorham,ME,USA,NA,NA,NA,NA
527813,2025,KENDUSKEAG,Downriver,Canoe,203,oc2mixrec,15,TRUE,12485,1344,1129,902,100,120,15,92,kenduskeag,TRUE,paddler,NA,Marie Wood,Wood Marie,Saco,ME,USA,NA,NA,NA,NA
358471,2022,KENDUSKEAG,Downriver,Unknown,16,open,8,TRUE,12486,1345,1130,24,69,148,8,8,kenduskeag,TRUE,paddler,NA,Nic Dorr,Dorr Nic,Brewer,ME,USA,NA,NA,NA,NA
358471,2022,KENDUSKEAG,Downriver,Unknown,16,open,8,TRUE,12486,1345,1130,24,69,148,8,8,kenduskeag,TRUE,paddler,NA,Kellen Hutchins,Hutchins Kellen,Hampen,ME,USA,NA,NA,NA,NA
358471,2022,KENDUSKEAG,Downriver,Unknown,16,open,8,TRUE,12486,1345,1130,24,69,148,8,8,kenduskeag,TRUE,paddler,NA,Adam Newcomb,Newcomb Adam,Bowdoin,ME,USA,NA,NA,NA,NA
424098,2023,KENDUSKEAG,Downriver,Canoe,189,oc2rec,12,TRUE,12491,1346,1131,903,61,122,12,93,kenduskeag,TRUE,paddler,NA,Luke Burns,Burns Luke,Gorham,ME,USA,NA,NA,NA,NA
424098,2023,KENDUSKEAG,Downriver,Canoe,189,oc2rec,12,TRUE,12491,1346,1131,903,61,122,12,93,kenduskeag,TRUE,paddler,NA,Robert Burns,Burns Robert,Gorham,ME,USA,NA,NA,NA,NA
240422,2017,KENDUSKEAG,Downriver,Canoe,356,oc2shortrec,11,TRUE,12507,1349,1134,906,68,202,11,165,kenduskeag,TRUE,paddler,NA,Mark Nawfel,Nawfel Mark,Fairfield,ME,USA,1,T,12507,NA
240422,2017,KENDUSKEAG,Downriver,Canoe,356,oc2shortrec,11,TRUE,12507,1349,1134,906,68,202,11,165,kenduskeag,TRUE,paddler,NA,Jason Toner,Toner Jason,Fairfield,ME,USA,1,T,12507,NA
219863,2015,KENDUSKEAG,Downriver,Canoe,348,oc2hs,2,TRUE,12509,1350,1135,907,44,154,2,122,kenduskeag,TRUE,paddler,NA,Devon Cutherbertson,Cutherbertson Devon,Lagrange,ME,USA,1,T,12509,NA
219863,2015,KENDUSKEAG,Downriver,Canoe,348,oc2hs,2,TRUE,12509,1350,1135,907,44,154,2,122,kenduskeag,TRUE,paddler,NA,Blake French,French Blake,Lagrange,ME,USA,1,T,12509,NA
479144,2024,KENDUSKEAG,Downriver,Canoe,191,oc2rec,10,TRUE,12512,1351,1136,908,62,69,10,51,kenduskeag,TRUE,paddler,NA,Mort Soule,Soule Mort,Old Town,ME,USA,NA,NA,NA,NA
479144,2024,KENDUSKEAG,Downriver,Canoe,191,oc2rec,10,TRUE,12512,1351,1136,908,62,69,10,51,kenduskeag,TRUE,paddler,NA,Winter Whitten,Whitten Winter,Blaine,ME,USA,NA,NA,NA,NA
258313,2019,KENDUSKEAG,Downriver,Canoe,240,oc2mixrec,21,TRUE,12517,1354,216,166,21,216,21,166,kenduskeag2019,TRUE,paddler,NA,Aly East,East Aly,Calias,ME,USA,1,T,12517,NA
258313,2019,KENDUSKEAG,Downriver,Canoe,240,oc2mixrec,21,TRUE,12517,1354,216,166,21,216,21,166,kenduskeag2019,TRUE,paddler,NA,Zachary Vise,Vise Zachary,Boothbay Harbor,ME,USA,1,T,12517,NA
249264,2018,KENDUSKEAG,Downriver,Canoe,7,open,19,TRUE,12519,1355,1139,911,70,188,19,159,kenduskeag,TRUE,paddler,walkeran01,Andrew Walker,Walker Andrew,Hollis Center,ME,USA,1,T,12519,NA
229654,2016,KENDUSKEAG,Downriver,Canoe,344,oc2shortrec,5,TRUE,12522,1357,1141,913,69,115,5,95,kenduskeag,TRUE,paddler,bambrini01,Nick Bambrick,Bambrick Nick,Levant,ME,USA,1,T,12522,NA
229654,2016,KENDUSKEAG,Downriver,Canoe,344,oc2shortrec,5,TRUE,12522,1357,1141,913,69,115,5,95,kenduskeag,TRUE,paddler,NA,Edmund Hatch,Hatch Edmund,Hermon,ME,USA,1,T,12522,NA
358763,2022,KENDUSKEAG,Downriver,Canoe,308,oc2hs,9,TRUE,12523,1358,1142,914,45,149,9,120,kenduskeag,TRUE,paddler,NA,Haley Cherry,Cherry Haley,Machias,ME,USA,NA,NA,NA,NA
358763,2022,KENDUSKEAG,Downriver,Canoe,308,oc2hs,9,TRUE,12523,1358,1142,914,45,149,9,120,kenduskeag,TRUE,paddler,NA,Christopher Horton,Horton Christopher,Bar Harbor,ME,USA,NA,NA,NA,NA
219882,2015,KENDUSKEAG,Downriver,Canoe,370,oc2mediumrec,17,TRUE,12523,1360,1144,916,77,156,17,124,kenduskeag,TRUE,paddler,NA,Rory McLaughlin,McLaughlin Rory,Old Town,ME,USA,1,T,12523,NA
219882,2015,KENDUSKEAG,Downriver,Canoe,370,oc2mediumrec,17,TRUE,12523,1360,1144,916,77,156,17,124,kenduskeag,TRUE,paddler,NA,Evan Vincent,Vincent Evan,Old Town,ME,USA,1,T,12523,NA
358695,2022,KENDUSKEAG,Downriver,Canoe,243,oc2shortrec,15,TRUE,12527,1361,1145,917,70,150,15,121,kenduskeag,TRUE,paddler,NA,Oliver Degnan,Degnan Oliver,Lagrange,ME,USA,NA,NA,NA,NA
358695,2022,KENDUSKEAG,Downriver,Canoe,243,oc2shortrec,15,TRUE,12527,1361,1145,917,70,150,15,121,kenduskeag,TRUE,paddler,NA,Ben Foster,Foster Ben,LaGrange,ME,USA,NA,NA,NA,NA
229484,2016,KENDUSKEAG,Downriver,Kayak,160,k1rec,6,TRUE,12536,1365,1149,206,40,117,6,21,kenduskeag,TRUE,paddler,shortth01,Thomas Short,Short Thomas,Saint Albans,ME,USA,1,T,12536,NA
423959,2023,KENDUSKEAG,Downriver,Canoe,44,oc2short,11,TRUE,12537,1366,1150,920,58,124,11,95,kenduskeag,TRUE,paddler,NA,Evan Goodkowsky,Goodkowsky Evan,Wiscasset,ME,USA,NA,NA,NA,NA
423959,2023,KENDUSKEAG,Downriver,Canoe,44,oc2short,11,TRUE,12537,1366,1150,920,58,124,11,95,kenduskeag,TRUE,paddler,smither01,Eric Smith,Smith Eric,Wiscasset,ME,USA,NA,NA,NA,NA
249376,2018,KENDUSKEAG,Downriver,Kayak,146,k1short,11,TRUE,12551,1370,1154,208,73,192,11,32,kenduskeag,TRUE,paddler,NA,Stephen Comeau,Comeau Stephen,Bangor,ME,USA,1,T,12551,NA
258241,2019,KENDUSKEAG,Downriver,Kayak,133,k1short,13,TRUE,12556,1371,217,34,13,217,13,34,kenduskeag2019,TRUE,paddler,NA,Alexandra Ashby,Ashby Alexandra,Orono,ME,USA,1,T,12556,NA
424099,2023,KENDUSKEAG,Downriver,Canoe,173,oc2rec,13,TRUE,12561,1374,1157,924,63,125,13,96,kenduskeag,TRUE,paddler,NA,Luke Barbour,Barbour Luke,Durham,ME,USA,NA,NA,NA,NA
424099,2023,KENDUSKEAG,Downriver,Canoe,173,oc2rec,13,TRUE,12561,1374,1157,924,63,125,13,96,kenduskeag,TRUE,paddler,NA,Reif Costello,Costello Reif,Durham,ME,USA,NA,NA,NA,NA
424132,2023,KENDUSKEAG,Downriver,Canoe,213,oc2shortrec,12,TRUE,12561,1375,1158,925,71,126,12,97,kenduskeag,TRUE,paddler,NA,Grace Brown,Brown Grace,Bar Harbor,ME,USA,NA,NA,NA,NA
424132,2023,KENDUSKEAG,Downriver,Canoe,213,oc2shortrec,12,TRUE,12561,1375,1158,925,71,126,12,97,kenduskeag,TRUE,paddler,NA,Eamon Macdonald,Macdonald Eamon,Orono,ME,USA,NA,NA,NA,NA
240379,2017,KENDUSKEAG,Downriver,Canoe,311,oc2mediumrec,27,TRUE,12563,1377,1160,927,78,205,27,168,kenduskeag,TRUE,paddler,NA,Andrew Closson,Closson Andrew,Hamdpen,ME,USA,1,T,12563,NA
240379,2017,KENDUSKEAG,Downriver,Canoe,311,oc2mediumrec,27,TRUE,12563,1377,1160,927,78,205,27,168,kenduskeag,TRUE,paddler,NA,Thomas Salamone,Salamone Thomas,South Portland,ME,USA,1,T,12563,NA
479004,2024,KENDUSKEAG,Downriver,Canoe,57,oc2short,3,TRUE,12565,1379,1162,929,59,72,3,54,kenduskeag,TRUE,paddler,NA,Jacob Dow,Dow Jacob,NA,ME,USA,NA,NA,NA,NA
479004,2024,KENDUSKEAG,Downriver,Canoe,57,oc2short,3,TRUE,12565,1379,1162,929,59,72,3,54,kenduskeag,TRUE,paddler,NA,Keith Morin,Morin Keith,Etna,ME,USA,NA,NA,NA,NA
249619,2018,KENDUSKEAG,Downriver,Canoe,443,oc2short,8,TRUE,12570,1380,1163,930,60,194,8,161,kenduskeag,TRUE,paddler,NA,Levi Clark,Clark Levi,Old Town,ME,USA,1,T,12570,NA
249619,2018,KENDUSKEAG,Downriver,Canoe,443,oc2short,8,TRUE,12570,1380,1163,930,60,194,8,161,kenduskeag,TRUE,paddler,NA,Christopher Merchant,Merchant Christopher,Kenduskeag,ME,USA,1,T,12570,NA
249577,2018,KENDUSKEAG,Downriver,Canoe,391,oc2shortbeg,4,TRUE,12574,1382,1165,931,34,195,4,162,kenduskeag,TRUE,paddler,NA,Ron Roberts,Roberts Ron,Ricchmoond,ME,USA,1,T,12574,NA
249577,2018,KENDUSKEAG,Downriver,Canoe,391,oc2shortbeg,4,TRUE,12574,1382,1165,931,34,195,4,162,kenduskeag,TRUE,paddler,NA,Shaun Roberts,Roberts Shaun,West Bath,ME,USA,1,T,12574,NA
424208,2023,KENDUSKEAG,Downriver,Canoe,319,oc2hs,10,TRUE,12576,1383,1166,932,46,127,10,98,kenduskeag,TRUE,paddler,NA,Kaia Douglas,Douglas Kaia,Bar Harbor,ME,USA,NA,NA,NA,NA
424208,2023,KENDUSKEAG,Downriver,Canoe,319,oc2hs,10,TRUE,12576,1383,1166,932,46,127,10,98,kenduskeag,TRUE,paddler,NA,Issa Pizzimenti,Pizzimenti Issa,Bar Harbor,ME,USA,NA,NA,NA,NA
424062,2023,KENDUSKEAG,Downriver,Canoe,156,oc2mixrec,13,TRUE,12576,1385,1168,933,101,128,13,99,kenduskeag,TRUE,paddler,NA,Bezie Starkey,Starkey Bezie,Woolrich,ME,USA,NA,NA,NA,NA
424062,2023,KENDUSKEAG,Downriver,Canoe,156,oc2mixrec,13,TRUE,12576,1385,1168,933,101,128,13,99,kenduskeag,TRUE,paddler,NA,Joseph Starkey,Starkey Joseph,Woolrich,ME,USA,NA,NA,NA,NA
424100,2023,KENDUSKEAG,Downriver,Canoe,324,oc2rec,14,TRUE,12576,1386,1169,934,64,129,14,100,kenduskeag,TRUE,paddler,NA,Tristan Chamberland,Chamberland Tristan,Skowhegan,ME,USA,NA,NA,NA,NA
424100,2023,KENDUSKEAG,Downriver,Canoe,324,oc2rec,14,TRUE,12576,1386,1169,934,64,129,14,100,kenduskeag,TRUE,paddler,NA,Joel Chapman,Chapman Joel,Skowhegan,ME,USA,NA,NA,NA,NA
249594,2018,KENDUSKEAG,Downriver,Canoe,411,oc2hs,12,TRUE,12578,1387,1170,935,47,196,12,163,kenduskeag,TRUE,paddler,NA,Emma Burgason,Burgason Emma,Old Town,ME,USA,1,T,12578,NA
249594,2018,KENDUSKEAG,Downriver,Canoe,411,oc2hs,12,TRUE,12578,1387,1170,935,47,196,12,163,kenduskeag,TRUE,paddler,NA,Kaitlyn Moriarty,Moriarty Kaitlyn,Bangor,ME,USA,1,T,12578,NA
240477,2017,KENDUSKEAG,Downriver,Canoe,425,oc2shortbeg,9,TRUE,12588,1388,1171,936,35,206,9,169,kenduskeag,TRUE,paddler,NA,Patrick Brady,Brady Patrick,Windham,ME,USA,1,T,12588,NA
240477,2017,KENDUSKEAG,Downriver,Canoe,425,oc2shortbeg,9,TRUE,12588,1388,1171,936,35,206,9,169,kenduskeag,TRUE,paddler,NA,Justin Elliott,Elliott Justin,Windham,ME,USA,1,T,12588,NA
240284,2017,KENDUSKEAG,Downriver,Kayak,200,k1rec,7,TRUE,12590,1390,1173,212,41,207,7,38,kenduskeag,TRUE,paddler,NA,Barney Boynton,Boynton Barney,Gray,ME,USA,1,T,12590,NA
258438,2019,KENDUSKEAG,Downriver,Canoe,420,oc2mediumrec,23,TRUE,12602,1395,218,167,23,218,23,167,kenduskeag2019,TRUE,paddler,NA,Joshua Marshall,Marshall Joshua,Bradford,ME,USA,1,T,12602,NA
258438,2019,KENDUSKEAG,Downriver,Canoe,420,oc2mediumrec,23,TRUE,12602,1395,218,167,23,218,23,167,kenduskeag2019,TRUE,paddler,townseda01,Dan Townsend,Townsend Dan,Hudson,ME,USA,1,T,12602,NA
424063,2023,KENDUSKEAG,Downriver,Canoe,134,oc2mixrec,14,TRUE,12603,1396,1178,941,102,132,14,102,kenduskeag,TRUE,paddler,deerinbe01,Benjamin Deering,Deering Benjamin,Bangor,ME,USA,NA,NA,NA,NA
424063,2023,KENDUSKEAG,Downriver,Canoe,134,oc2mixrec,14,TRUE,12603,1396,1178,941,102,132,14,102,kenduskeag,TRUE,paddler,snellma01,Margaret Snell,Snell Margaret,Bangor,ME,USA,NA,NA,NA,NA
358740,2022,KENDUSKEAG,Downriver,Canoe,294,oc2shortbeg,7,TRUE,12604,1397,1179,942,36,151,7,122,kenduskeag,TRUE,paddler,NA,Justin Schlawin,Schlawin Justin,Bowdoinham,ME,USA,NA,NA,NA,NA
358740,2022,KENDUSKEAG,Downriver,Canoe,294,oc2shortbeg,7,TRUE,12604,1397,1179,942,36,151,7,122,kenduskeag,TRUE,paddler,NA,Eben Sypitkowski,Sypitkowski Eben,Bowdoinham,ME,USA,NA,NA,NA,NA
479113,2024,KENDUSKEAG,Downriver,Canoe,177,oc2mixrec,5,TRUE,12606,1398,1180,943,103,73,5,55,kenduskeag,TRUE,paddler,heldem01,Emmy Held,Held Emmy,Farmington,ME,USA,NA,NA,NA,NA
479113,2024,KENDUSKEAG,Downriver,Canoe,177,oc2mixrec,5,TRUE,12606,1398,1180,943,103,73,5,55,kenduskeag,TRUE,paddler,NA,Conor Rogue-Burke,Rogue-Burke Conor,Tarrytown,NY,USA,NA,NA,NA,NA
249528,2018,KENDUSKEAG,Downriver,Canoe,334,oc2shortrec,12,TRUE,12606,1399,1181,944,72,199,12,166,kenduskeag,TRUE,paddler,NA,Pat Blum,Blum Pat,Cumberland,ME,USA,1,T,12606,NA
249528,2018,KENDUSKEAG,Downriver,Canoe,334,oc2shortrec,12,TRUE,12606,1399,1181,944,72,199,12,166,kenduskeag,TRUE,paddler,NA,Doug M itiguy,M itiguy Doug,Cumberland,ME,USA,1,T,12606,NA
358560,2022,KENDUSKEAG,Downriver,Kayak,365,k1rec,5,TRUE,12607,1400,1182,214,42,152,5,22,kenduskeag,TRUE,paddler,NA,Brian Allarie,Allarie Brian,Sidney,ME,USA,NA,NA,NA,NA
479174,2024,KENDUSKEAG,Downriver,Canoe,325,oc2shortrec,6,TRUE,12607,1401,1183,945,73,74,6,56,kenduskeag,TRUE,paddler,NA,Grace Brown,Brown Grace,Bar Harbor,ME,USA,NA,NA,NA,NA
479174,2024,KENDUSKEAG,Downriver,Canoe,325,oc2shortrec,6,TRUE,12607,1401,1183,945,73,74,6,56,kenduskeag,TRUE,paddler,NA,Eamon Macdonald,Macdonald Eamon,Bar Harbor,ME,USA,NA,NA,NA,NA
358472,2022,KENDUSKEAG,Downriver,Unknown,2,open,9,TRUE,12609,1402,1184,25,71,153,9,9,kenduskeag,TRUE,paddler,NA,Kevin Lussier,Lussier Kevin,Scituate,MA,USA,NA,NA,NA,NA
358472,2022,KENDUSKEAG,Downriver,Unknown,2,open,9,TRUE,12609,1402,1184,25,71,153,9,9,kenduskeag,TRUE,paddler,NA,Lindsey Lussier,Lussier Lindsey,Pembroke,MA,USA,NA,NA,NA,NA
358472,2022,KENDUSKEAG,Downriver,Unknown,2,open,9,TRUE,12609,1402,1184,25,71,153,9,9,kenduskeag,TRUE,paddler,NA,Mathieu Lussier,Lussier Mathieu,Pembroke,MA,USA,NA,NA,NA,NA
219750,2015,KENDUSKEAG,Downriver,Canoe,209,oc2mixrec,10,TRUE,12616,1405,1187,948,104,158,10,125,kenduskeag,TRUE,paddler,omallean01,Andrew Omalley,Omalley Andrew,Hampden,ME,USA,1,T,12616,NA
219750,2015,KENDUSKEAG,Downriver,Canoe,209,oc2mixrec,10,TRUE,12616,1405,1187,948,104,158,10,125,kenduskeag,TRUE,paddler,zydlewga01,Gayle Zydlewski,Zydlewski Gayle,Hampden,ME,USA,1,T,12616,NA
345867,2021,KENDUSKEAG,Downriver,Canoe,604,oc2mediumrec,3,TRUE,12622,1406,1188,949,79,20,3,14,kenduskeag,TRUE,paddler,NA,Christopher Lane,Lane Christopher,Bangor,ME,USA,NA,NA,NA,NA
345867,2021,KENDUSKEAG,Downriver,Canoe,604,oc2mediumrec,3,TRUE,12622,1406,1188,949,79,20,3,14,kenduskeag,TRUE,paddler,whitema01,David White,White David,Levant,ME,USA,NA,NA,NA,NA
229578,2016,KENDUSKEAG,Downriver,Canoe,264,oc2mixrec,9,TRUE,12624,1407,1189,950,105,118,9,97,kenduskeag,TRUE,paddler,kennedme01,Meghan Kennedy,Kennedy Meghan,Waldoboro,ME,USA,1,T,12624,NA
229578,2016,KENDUSKEAG,Downriver,Canoe,264,oc2mixrec,9,TRUE,12624,1407,1189,950,105,118,9,97,kenduskeag,TRUE,paddler,moriarto01,Tom Moriarty,Moriarty Tom,Milford,ME,USA,1,T,12624,NA
479145,2024,KENDUSKEAG,Downriver,Canoe,181,oc2rec,11,TRUE,12635,1410,1192,952,65,75,11,57,kenduskeag,TRUE,paddler,cassidda02,David Cassidy,Cassidy David,Portland,ME,USA,NA,NA,NA,NA
479145,2024,KENDUSKEAG,Downriver,Canoe,181,oc2rec,11,TRUE,12635,1410,1192,952,65,75,11,57,kenduskeag,TRUE,paddler,NA,Adam Vidoni,Vidoni Adam,Woodinville,WA,USA,NA,NA,NA,NA
219701,2015,KENDUSKEAG,Downriver,Kayak,149,k1rec,8,TRUE,12636,1411,1193,216,43,159,8,34,kenduskeag,TRUE,paddler,NA,Charlie Cirame,Cirame Charlie,Millinocket,ME,USA,1,T,12636,NA
424064,2023,KENDUSKEAG,Downriver,Canoe,178,oc2mixrec,15,TRUE,12640,1413,1195,954,106,133,15,103,kenduskeag,TRUE,paddler,NA,Katie Cameron,Cameron Katie,Portland,ME,USA,NA,NA,NA,NA
424064,2023,KENDUSKEAG,Downriver,Canoe,178,oc2mixrec,15,TRUE,12640,1413,1195,954,106,133,15,103,kenduskeag,TRUE,paddler,NA,Zachary Cameron,Cameron Zachary,Casco,ME,USA,NA,NA,NA,NA
527945,2025,KENDUSKEAG,Downriver,Canoe,375,oc2hs,6,TRUE,12641,1414,1196,955,48,129,6,99,kenduskeag,TRUE,paddler,NA,Joey Brasslet,Brasslet Joey,Stetson,ME,USA,NA,NA,NA,NA
527945,2025,KENDUSKEAG,Downriver,Canoe,375,oc2hs,6,TRUE,12641,1414,1196,955,48,129,6,99,kenduskeag,TRUE,paddler,NA,Casyn Rushlow,Rushlow Casyn,Corinth,ME,USA,NA,NA,NA,NA
219808,2015,KENDUSKEAG,Downriver,Canoe,277,oc2shortrec,8,TRUE,12644,1416,1198,957,74,160,8,126,kenduskeag,TRUE,paddler,NA,Aaron Burgus,Burgus Aaron,Lamoine,ME,USA,1,T,12644,NA
219808,2015,KENDUSKEAG,Downriver,Canoe,277,oc2shortrec,8,TRUE,12644,1416,1198,957,74,160,8,126,kenduskeag,TRUE,paddler,NA,Rob Hallett,Hallett Rob,Lamoine,ME,USA,1,T,12644,NA
219848,2015,KENDUSKEAG,Downriver,Canoe,324,oc2shortbeg,7,TRUE,12648,1420,1202,961,37,161,7,127,kenduskeag,TRUE,paddler,NA,Ian Lamberton,Lamberton Ian,Brewer,ME,USA,1,T,12648,NA
219848,2015,KENDUSKEAG,Downriver,Canoe,324,oc2shortbeg,7,TRUE,12648,1420,1202,961,37,161,7,127,kenduskeag,TRUE,paddler,NA,Greg Mylen,Mylen Greg,Brewer,ME,USA,1,T,12648,NA
479146,2024,KENDUSKEAG,Downriver,Canoe,196,oc2rec,12,TRUE,12649,1421,1203,962,66,77,12,59,kenduskeag,TRUE,paddler,cassidda01,Daniel Cassidy,Cassidy Daniel,Lebanon,NH,USA,NA,NA,NA,NA
479146,2024,KENDUSKEAG,Downriver,Canoe,196,oc2rec,12,TRUE,12649,1421,1203,962,66,77,12,59,kenduskeag,TRUE,paddler,NA,Luke Cassidy,Cassidy Luke,Bangor,ME,USA,NA,NA,NA,NA
479175,2024,KENDUSKEAG,Downriver,Canoe,327,oc2shortrec,7,TRUE,12653,1422,1204,963,75,78,7,60,kenduskeag,TRUE,paddler,NA,Sam Bernstein,Bernstein Sam,Bath,ME,USA,NA,NA,NA,NA
479175,2024,KENDUSKEAG,Downriver,Canoe,327,oc2shortrec,7,TRUE,12653,1422,1204,963,75,78,7,60,kenduskeag,TRUE,paddler,NA,Dana Cinq Mars,Mars Dana Cinq,Bath,ME,USA,NA,NA,NA,NA
258270,2019,KENDUSKEAG,Downriver,Kayak,184,k1rec,10,TRUE,12657,1423,219,35,10,219,10,35,kenduskeag2019,TRUE,paddler,NA,Alex Marsh,Marsh Alex,Hermon,ME,USA,1,T,12657,NA
258304,2019,KENDUSKEAG,Downriver,Canoe,231,oc2mixrec,22,TRUE,12658,1424,220,168,22,220,22,168,kenduskeag2019,TRUE,paddler,NA,Nicholas Bolduc,Bolduc Nicholas,Hermon,ME,USA,1,T,12658,NA
258304,2019,KENDUSKEAG,Downriver,Canoe,231,oc2mixrec,22,TRUE,12658,1424,220,168,22,220,22,168,kenduskeag2019,TRUE,paddler,NA,Anne Yu,Yu Anne,Ellsworth,ME,USA,1,T,12658,NA
527814,2025,KENDUSKEAG,Downriver,Canoe,194,oc2mixrec,16,TRUE,12659,1425,1205,964,107,130,16,100,kenduskeag,TRUE,paddler,NA,Aaron Donato,Donato Aaron,Alton,ME,USA,NA,NA,NA,NA
527814,2025,KENDUSKEAG,Downriver,Canoe,194,oc2mixrec,16,TRUE,12659,1425,1205,964,107,130,16,100,kenduskeag,TRUE,paddler,NA,Tanya Wilcox,Wilcox Tanya,St Stephen,NB,CAN,NA,NA,NA,NA
219784,2015,KENDUSKEAG,Downriver,Canoe,250,oc2mediumrec,18,TRUE,12660,1426,1206,965,80,162,18,128,kenduskeag,TRUE,paddler,crawforo01,Robert Crawford,Crawford Robert,Corinth,ME,USA,1,T,12660,NA
219784,2015,KENDUSKEAG,Downriver,Canoe,250,oc2mediumrec,18,TRUE,12660,1426,1206,965,80,162,18,128,kenduskeag,TRUE,paddler,partriaa01,Aaron Partridge,Partridge Aaron,Corinth,ME,USA,1,T,12660,NA
424167,2023,KENDUSKEAG,Downriver,Canoe,244,oc2shortbeg,4,TRUE,12660,1427,1207,966,38,134,4,104,kenduskeag,TRUE,paddler,NA,Brett Bissonnette,Bissonnette Brett,Sebago,ME,USA,NA,NA,NA,NA
424167,2023,KENDUSKEAG,Downriver,Canoe,244,oc2shortbeg,4,TRUE,12660,1427,1207,966,38,134,4,104,kenduskeag,TRUE,paddler,NA,Derek Bissonnette,Bissonnette Derek,Kennebunk,ME,USA,NA,NA,NA,NA
479147,2024,KENDUSKEAG,Downriver,Canoe,186,oc2rec,13,TRUE,12662,1428,1208,967,67,79,13,61,kenduskeag,TRUE,paddler,NA,Seth Campbell,Campbell Seth,Orono,ME,USA,NA,NA,NA,NA
479147,2024,KENDUSKEAG,Downriver,Canoe,186,oc2rec,13,TRUE,12662,1428,1208,967,67,79,13,61,kenduskeag,TRUE,paddler,kreutzka01,Karl Kreutz,Kreutz Karl,Orono,ME,USA,NA,NA,NA,NA
249602,2018,KENDUSKEAG,Downriver,Canoe,421,oc2hs,13,TRUE,12663,1429,1209,968,49,200,13,167,kenduskeag,TRUE,paddler,NA,Wyatt Austin,Austin Wyatt,Houlton,ME,USA,1,T,12663,NA
249602,2018,KENDUSKEAG,Downriver,Canoe,421,oc2hs,13,TRUE,12663,1429,1209,968,49,200,13,167,kenduskeag,TRUE,paddler,NA,Alejandro Casillas,Casillas Alejandro,Houlton,ME,USA,1,T,12663,NA
258255,2019,KENDUSKEAG,Downriver,Kayak,155,k1rec,11,TRUE,12665,1430,221,36,11,221,11,36,kenduskeag2019,TRUE,paddler,NA,Deanna Thurston,Thurston Deanna,Levant,ME,USA,1,T,12665,NA
527861,2025,KENDUSKEAG,Downriver,Canoe,352,oc2shortrec,6,TRUE,12665,1431,1210,969,76,131,6,101,kenduskeag,TRUE,paddler,NA,Jacob Horton,Horton Jacob,Montville,ME,USA,NA,NA,NA,NA
527861,2025,KENDUSKEAG,Downriver,Canoe,352,oc2shortrec,6,TRUE,12665,1431,1210,969,76,131,6,101,kenduskeag,TRUE,paddler,NA,Tanner Littlefield,Littlefield Tanner,Thorndike,ME,USA,NA,NA,NA,NA
229634,2016,KENDUSKEAG,Downriver,Canoe,323,oc2mediumrec,17,TRUE,12666,1432,1211,970,81,122,17,101,kenduskeag,TRUE,paddler,NA,Ryan Hanscom,Hanscom Ryan,Orono,ME,USA,1,T,12666,NA
229634,2016,KENDUSKEAG,Downriver,Canoe,323,oc2mediumrec,17,TRUE,12666,1432,1211,970,81,122,17,101,kenduskeag,TRUE,paddler,NA,Brian Tyne,Tyne Brian,Burlington,ME,USA,1,T,12666,NA
358660,2022,KENDUSKEAG,Downriver,Canoe,216,oc2rec,23,TRUE,12680,1434,1213,971,68,157,23,125,kenduskeag,TRUE,paddler,NA,Ethan Tremblay,Tremblay Ethan,Winterport,ME,USA,NA,NA,NA,NA
358660,2022,KENDUSKEAG,Downriver,Canoe,216,oc2rec,23,TRUE,12680,1434,1213,971,68,157,23,125,kenduskeag,TRUE,paddler,NA,Christopher Younge,Younge Christopher,Corinth,ME,USA,NA,NA,NA,NA
527815,2025,KENDUSKEAG,Downriver,Canoe,189,oc2mixrec,17,TRUE,12683,1436,1215,973,108,132,17,102,kenduskeag,TRUE,paddler,NA,Kris Constanzer,Constanzer Kris,Richmond,ME,USA,NA,NA,NA,NA
527815,2025,KENDUSKEAG,Downriver,Canoe,189,oc2mixrec,17,TRUE,12683,1436,1215,973,108,132,17,102,kenduskeag,TRUE,paddler,NA,Catie Luedee,Luedee Catie,Durham,ME,USA,NA,NA,NA,NA
229450,2016,KENDUSKEAG,Downriver,Kayak,117,k1short,6,TRUE,12684,1437,1216,218,74,123,6,22,kenduskeag,TRUE,paddler,baltesja01,Jay Baltes,Baltes Jay,Brunswick,ME,USA,1,T,12684,NA
527816,2025,KENDUSKEAG,Downriver,Canoe,195,oc2mixrec,18,TRUE,12688,1438,1217,974,109,133,18,103,kenduskeag,TRUE,paddler,NA,Oriana Farnham,Farnham Oriana,Westbrook,ME,USA,NA,NA,NA,NA
527816,2025,KENDUSKEAG,Downriver,Canoe,195,oc2mixrec,18,TRUE,12688,1438,1217,974,109,133,18,103,kenduskeag,TRUE,paddler,NA,Jeremy Niles,Niles Jeremy,Westbrook,ME,USA,NA,NA,NA,NA
527622,2025,KENDUSKEAG,Downriver,Unknown,368,open,4,TRUE,12694,1441,1220,26,72,136,4,4,kenduskeag,TRUE,paddler,NA,Ronald Harvey,Harvey Ronald,Garland,ME,USA,NA,NA,NA,NA
258426,2019,KENDUSKEAG,Downriver,Canoe,402,oc2hs,8,TRUE,12694,1442,222,169,8,222,8,169,kenduskeag2019,TRUE,paddler,NA,Brandon Ip,Ip Brandon,Orono,ME,USA,1,T,12694,NA
258426,2019,KENDUSKEAG,Downriver,Canoe,402,oc2hs,8,TRUE,12694,1442,222,169,8,222,8,169,kenduskeag2019,TRUE,paddler,NA,Bryanna Power,Power Bryanna,Orono,ME,USA,1,T,12694,NA
424065,2023,KENDUSKEAG,Downriver,Canoe,140,oc2mixrec,16,TRUE,12694,1443,1221,977,110,135,16,105,kenduskeag,TRUE,paddler,NA,Andrew Gardiner,Gardiner Andrew,Portland,ME,USA,NA,NA,NA,NA
424065,2023,KENDUSKEAG,Downriver,Canoe,140,oc2mixrec,16,TRUE,12694,1443,1221,977,110,135,16,105,kenduskeag,TRUE,paddler,NA,Katherine Gardiner,Gardiner Katherine,Portland,ME,USA,NA,NA,NA,NA
424168,2023,KENDUSKEAG,Downriver,Canoe,245,oc2shortbeg,5,TRUE,12696,1444,1222,978,39,136,5,106,kenduskeag,TRUE,paddler,NA,Christopher Burgess,Burgess Christopher,Westbrook,ME,USA,NA,NA,NA,NA
424168,2023,KENDUSKEAG,Downriver,Canoe,245,oc2shortbeg,5,TRUE,12696,1444,1222,978,39,136,5,106,kenduskeag,TRUE,paddler,NA,Merritt Webster,Webster Merritt,Poland,ME,USA,NA,NA,NA,NA
249322,2018,KENDUSKEAG,Downriver,Canoe,82,oc2short,9,TRUE,12705,1445,1223,979,61,201,9,168,kenduskeag,TRUE,paddler,NA,Tim Holt,Holt Tim,Biddeford,ME,USA,1,T,12705,NA
249322,2018,KENDUSKEAG,Downriver,Canoe,82,oc2short,9,TRUE,12705,1445,1223,979,61,201,9,168,kenduskeag,TRUE,paddler,NA,Pat Skall,Skall Pat,Gorham,ME,USA,1,T,12705,NA
219837,2015,KENDUSKEAG,Downriver,Canoe,311,oc2shortbeg,8,TRUE,12709,1447,1225,981,40,163,8,129,kenduskeag,TRUE,paddler,NA,Erik Blomberg,Blomberg Erik,Old Town,ME,USA,1,T,12709,NA
219837,2015,KENDUSKEAG,Downriver,Canoe,311,oc2shortbeg,8,TRUE,12709,1447,1225,981,40,163,8,129,kenduskeag,TRUE,paddler,NA,Daniel Stich,Stich Daniel,Bradley,ME,USA,1,T,12709,NA
358506,2022,KENDUSKEAG,Downriver,Canoe,49,oc2short,6,TRUE,12712,1448,1226,982,62,158,6,126,kenduskeag,TRUE,paddler,NA,Jason Millette,Millette Jason,Kittery,ME,USA,NA,NA,NA,NA
358506,2022,KENDUSKEAG,Downriver,Canoe,49,oc2short,6,TRUE,12712,1448,1226,982,62,158,6,126,kenduskeag,TRUE,paddler,NA,Ryan Pedersen,Pedersen Ryan,Orange,NH,USA,NA,NA,NA,NA
258328,2019,KENDUSKEAG,Downriver,Canoe,261,oc2mediumrec,24,TRUE,12714,1449,223,170,24,223,24,170,kenduskeag2019,TRUE,paddler,NA,Jim Minner,Minner Jim,Amherst,NH,USA,1,T,12714,NA
258328,2019,KENDUSKEAG,Downriver,Canoe,261,oc2mediumrec,24,TRUE,12714,1449,223,170,24,223,24,170,kenduskeag2019,TRUE,paddler,NA,Will Minner,Minner Will,Greenfield Ctr,NY,USA,1,T,12714,NA
424066,2023,KENDUSKEAG,Downriver,Canoe,157,oc2mixrec,17,TRUE,12721,1452,1229,985,111,137,17,107,kenduskeag,TRUE,paddler,NA,Kevin McKenzie,McKenzie Kevin,Washington,ME,USA,NA,NA,NA,NA
424066,2023,KENDUSKEAG,Downriver,Canoe,157,oc2mixrec,17,TRUE,12721,1452,1229,985,111,137,17,107,kenduskeag,TRUE,paddler,NA,Grace McMullen,McMullen Grace,Camden,ME,USA,NA,NA,NA,NA
479148,2024,KENDUSKEAG,Downriver,Canoe,188,oc2rec,14,TRUE,12722,1453,1230,986,69,81,14,63,kenduskeag,TRUE,paddler,NA,Tim Blair,Blair Tim,Bangor,ME,USA,NA,NA,NA,NA
479148,2024,KENDUSKEAG,Downriver,Canoe,188,oc2rec,14,TRUE,12722,1453,1230,986,69,81,14,63,kenduskeag,TRUE,paddler,NA,Zach Falcon,Falcon Zach,Bangor,ME,USA,NA,NA,NA,NA
527908,2025,KENDUSKEAG,Downriver,Canoe,294,oc2shortbeg,5,TRUE,12733,1457,1234,989,41,137,5,106,kenduskeag,TRUE,paddler,NA,Thomas Bennett,Bennett Thomas,Portage,MI,USA,NA,NA,NA,NA
527908,2025,KENDUSKEAG,Downriver,Canoe,294,oc2shortbeg,5,TRUE,12733,1457,1234,989,41,137,5,106,kenduskeag,TRUE,paddler,NA,Mara Bennett-Deiss,Bennett-Deiss Mara,Hermon,ME,USA,NA,NA,NA,NA
229637,2016,KENDUSKEAG,Downriver,Canoe,327,oc2shortrec,6,TRUE,12738,1458,1235,990,77,124,6,102,kenduskeag,TRUE,paddler,NA,Scott Bragg,Bragg Scott,Manchester,ME,USA,1,T,12738,NA
229637,2016,KENDUSKEAG,Downriver,Canoe,327,oc2shortrec,6,TRUE,12738,1458,1235,990,77,124,6,102,kenduskeag,TRUE,paddler,NA,Josh Morgan,Morgan Josh,Eddington,ME,USA,1,T,12738,NA
249540,2018,KENDUSKEAG,Downriver,Canoe,346,oc2shortrec,13,TRUE,12744,1460,1237,992,78,202,13,169,kenduskeag,TRUE,paddler,NA,Tobin Curtis,Curtis Tobin,Madison,ME,USA,1,T,12744,NA
249540,2018,KENDUSKEAG,Downriver,Canoe,346,oc2shortrec,13,TRUE,12744,1460,1237,992,78,202,13,169,kenduskeag,TRUE,paddler,NA,Blaise Kondiko,Kondiko Blaise,Madison,ME,USA,1,T,12744,NA
258265,2019,KENDUSKEAG,Downriver,Kayak,177,k1rec,12,TRUE,12745,1461,224,37,12,224,12,37,kenduskeag2019,TRUE,paddler,NA,Matthew Walker,Walker Matthew,Carmel,ME,USA,1,T,12745,NA
345906,2021,KENDUSKEAG,Downriver,Canoe,457,oc2short,2,TRUE,12751,1463,1239,994,63,21,2,15,kenduskeag,TRUE,paddler,winsloaa01,Aaron Winslow,Winslow Aaron,BELMONT,ME,USA,NA,NA,NA,NA
345906,2021,KENDUSKEAG,Downriver,Canoe,457,oc2short,2,TRUE,12751,1463,1239,994,63,21,2,15,kenduskeag,TRUE,paddler,winsloja01,Jackson Winslow,Winslow Jackson,BELMONT,ME,USA,NA,NA,NA,NA
240374,2017,KENDUSKEAG,Downriver,Canoe,306,oc2mediumrec,28,TRUE,12754,1465,1241,996,82,212,28,173,kenduskeag,TRUE,paddler,NA,Steve Boucher,Boucher Steve,Bar Harbor,ME,USA,1,T,12754,NA
240374,2017,KENDUSKEAG,Downriver,Canoe,306,oc2mediumrec,28,TRUE,12754,1465,1241,996,82,212,28,173,kenduskeag,TRUE,paddler,NA,Edward Hawes,Hawes Edward,Bar Harbor,ME,USA,1,T,12754,NA
249406,2018,KENDUSKEAG,Downriver,Kayak,192,k1rec,8,TRUE,12758,1466,1242,220,44,203,8,34,kenduskeag,TRUE,paddler,NA,Carl A Miller,Miller Carl A,Augusta,ME,USA,1,T,12758,NA
219593,2015,KENDUSKEAG,Downriver,Canoe,12,oc2mediumrec,19,TRUE,12758,1468,1244,998,83,166,19,132,kenduskeag,TRUE,paddler,NA,Joseph Delano,Delano Joseph,Orrington,ME,USA,1,T,12758,NA
219593,2015,KENDUSKEAG,Downriver,Canoe,12,oc2mediumrec,19,TRUE,12758,1468,1244,998,83,166,19,132,kenduskeag,TRUE,paddler,NA,Dennis Lizotte,Lizotte Dennis,Orrington,ME,USA,1,T,12758,NA
249529,2018,KENDUSKEAG,Downriver,Canoe,335,oc2shortrec,14,TRUE,12764,1469,1245,999,79,204,14,170,kenduskeag,TRUE,paddler,bambrini01,Nick Bambrick,Bambrick Nick,Levant,ME,USA,1,T,12764,NA
249529,2018,KENDUSKEAG,Downriver,Canoe,335,oc2shortrec,14,TRUE,12764,1469,1245,999,79,204,14,170,kenduskeag,TRUE,paddler,NA,Eddie Hatch,Hatch Eddie,Hermon,ME,USA,1,T,12764,NA
358507,2022,KENDUSKEAG,Downriver,Canoe,54,oc2short,7,TRUE,12767,1471,1247,1001,64,161,7,129,kenduskeag,TRUE,paddler,NA,Brody McKenzie,McKenzie Brody,Vassalboro,ME,USA,NA,NA,NA,NA
358507,2022,KENDUSKEAG,Downriver,Canoe,54,oc2short,7,TRUE,12767,1471,1247,1001,64,161,7,129,kenduskeag,TRUE,paddler,NA,Clint Spaulding,Spaulding Clint,Freedom,ME,USA,NA,NA,NA,NA
249543,2018,KENDUSKEAG,Downriver,Canoe,349,oc2shortrec,15,TRUE,12771,1473,1249,1003,80,205,15,171,kenduskeag,TRUE,paddler,NA,Ryan Brown,Brown Ryan,Windham,ME,USA,1,T,12771,NA
249543,2018,KENDUSKEAG,Downriver,Canoe,349,oc2shortrec,15,TRUE,12771,1473,1249,1003,80,205,15,171,kenduskeag,TRUE,paddler,NA,Andrew Pease,Pease Andrew,Windham,ME,USA,1,T,12771,NA
358473,2022,KENDUSKEAG,Downriver,Unknown,359,open,10,TRUE,12779,1476,1252,27,73,162,10,10,kenduskeag,TRUE,paddler,NA,Ian Emery,Emery Ian,Benton,ME,USA,NA,NA,NA,NA
358473,2022,KENDUSKEAG,Downriver,Unknown,359,open,10,TRUE,12779,1476,1252,27,73,162,10,10,kenduskeag,TRUE,paddler,NA,Mike Emery,Emery Mike,Benton,ME,USA,NA,NA,NA,NA
358473,2022,KENDUSKEAG,Downriver,Unknown,359,open,10,TRUE,12779,1476,1252,27,73,162,10,10,kenduskeag,TRUE,paddler,NA,Derrick Laflamme,Laflamme Derrick,Benton,ME,USA,NA,NA,NA,NA
219838,2015,KENDUSKEAG,Downriver,Canoe,312,oc2shortbeg,9,TRUE,12781,1477,1253,1005,42,168,9,134,kenduskeag,TRUE,paddler,NA,Nathan Theriault,Theriault Nathan,Turner,ME,USA,1,T,12781,NA
219838,2015,KENDUSKEAG,Downriver,Canoe,312,oc2shortbeg,9,TRUE,12781,1477,1253,1005,42,168,9,134,kenduskeag,TRUE,paddler,NA,Matthew Verrill,Verrill Matthew,Brewer,ME,USA,1,T,12781,NA
249544,2018,KENDUSKEAG,Downriver,Canoe,350,oc2shortrec,16,TRUE,12787,1478,1254,1006,81,206,16,172,kenduskeag,TRUE,paddler,NA,James Herrick,Herrick James,Yarmouth,ME,USA,1,T,12787,NA
249544,2018,KENDUSKEAG,Downriver,Canoe,350,oc2shortrec,16,TRUE,12787,1478,1254,1006,81,206,16,172,kenduskeag,TRUE,paddler,NA,Herby Lafortune,Lafortune Herby,Yarmouth,ME,USA,1,T,12787,NA
358741,2022,KENDUSKEAG,Downriver,Canoe,300,oc2shortbeg,8,TRUE,12799,1483,1259,1011,43,164,8,131,kenduskeag,TRUE,paddler,NA,Brett Bissonnette,Bissonnette Brett,Sebago,ME,USA,NA,NA,NA,NA
358741,2022,KENDUSKEAG,Downriver,Canoe,300,oc2shortbeg,8,TRUE,12799,1483,1259,1011,43,164,8,131,kenduskeag,TRUE,paddler,NA,Mike Hinkley,Hinkley Mike,Sebago,ME,USA,NA,NA,NA,NA
229703,2016,KENDUSKEAG,Downriver,Canoe,400,oc2shortbeg,1,TRUE,12801,1484,1260,1012,44,126,1,104,kenduskeag,TRUE,paddler,NA,Robert Jasper,Jasper Robert,Orono,ME,USA,1,T,12801,NA
229703,2016,KENDUSKEAG,Downriver,Canoe,400,oc2shortbeg,1,TRUE,12801,1484,1260,1012,44,126,1,104,kenduskeag,TRUE,paddler,NA,Cole Maynard,Maynard Cole,Orono,ME,USA,1,T,12801,NA
219775,2015,KENDUSKEAG,Downriver,Canoe,239,oc2mediumrec,20,TRUE,12804,1485,1261,1013,84,169,20,135,kenduskeag,TRUE,paddler,NA,Don Dearborn,Dearborn Don,Lewiston,ME,USA,1,T,12804,NA
219775,2015,KENDUSKEAG,Downriver,Canoe,239,oc2mediumrec,20,TRUE,12804,1485,1261,1013,84,169,20,135,kenduskeag,TRUE,paddler,NA,Nat Wheelwright,Wheelwright Nat,Brunswick,ME,USA,1,T,12804,NA
219598,2015,KENDUSKEAG,Downriver,Canoe,17,open,11,TRUE,12804,1486,1262,1014,74,170,11,136,kenduskeag,TRUE,paddler,NA,Kaitlyn Fowle,Fowle Kaitlyn,Veazie,ME,USA,1,T,12804,NA
219689,2015,KENDUSKEAG,Downriver,Kayak,129,k1rec,9,TRUE,12808,1487,1263,222,45,171,9,35,kenduskeag,TRUE,paddler,stuckeke01,Kevin Stuckey,Stuckey Kevin,Milford,ME,USA,1,T,12808,NA
424067,2023,KENDUSKEAG,Downriver,Canoe,145,oc2mixrec,18,TRUE,12810,1488,1264,1015,112,139,18,109,kenduskeag,TRUE,paddler,NA,Matthew Mensinger,Mensinger Matthew,Orono,ME,USA,NA,NA,NA,NA
424067,2023,KENDUSKEAG,Downriver,Canoe,145,oc2mixrec,18,TRUE,12810,1488,1264,1015,112,139,18,109,kenduskeag,TRUE,paddler,NA,Sarah Welch,Welch Sarah,Orono,ME,USA,NA,NA,NA,NA
249466,2018,KENDUSKEAG,Downriver,Canoe,260,oc2mixrec,17,TRUE,12817,1491,1267,1018,113,208,17,174,kenduskeag,TRUE,paddler,NA,Christina Begin,Begin Christina,Hampden,ME,USA,1,T,12817,NA
249466,2018,KENDUSKEAG,Downriver,Canoe,260,oc2mixrec,17,TRUE,12817,1491,1267,1018,113,208,17,174,kenduskeag,TRUE,paddler,pickerdr01,Drew Pickering,Pickering Drew,Hampden,ME,USA,1,T,12817,NA
258334,2019,KENDUSKEAG,Downriver,Canoe,269,oc2mediumrec,25,TRUE,12821,1492,225,171,25,225,25,171,kenduskeag2019,TRUE,paddler,NA,Andy Michaud,Michaud Andy,Bangor,ME,USA,1,T,12821,NA
258334,2019,KENDUSKEAG,Downriver,Canoe,269,oc2mediumrec,25,TRUE,12821,1492,225,171,25,225,25,171,kenduskeag2019,TRUE,paddler,NA,Shawn Owens,Owens Shawn,Greenfield,ME,USA,1,T,12821,NA
358696,2022,KENDUSKEAG,Downriver,Canoe,253,oc2shortrec,16,TRUE,12827,1493,1268,1019,82,165,16,132,kenduskeag,TRUE,paddler,NA,William Ramsay,Ramsay William,Orono,ME,USA,NA,NA,NA,NA
358696,2022,KENDUSKEAG,Downriver,Canoe,253,oc2shortrec,16,TRUE,12827,1493,1268,1019,82,165,16,132,kenduskeag,TRUE,paddler,NA,Griffin Simmons,Simmons Griffin,Kittery,ME,USA,NA,NA,NA,NA
424068,2023,KENDUSKEAG,Downriver,Canoe,135,oc2mixrec,19,TRUE,12828,1494,1269,1020,114,140,19,110,kenduskeag,TRUE,paddler,NA,Brian Reading,Reading Brian,Bangor,ME,USA,NA,NA,NA,NA
424068,2023,KENDUSKEAG,Downriver,Canoe,135,oc2mixrec,19,TRUE,12828,1494,1269,1020,114,140,19,110,kenduskeag,TRUE,paddler,NA,Mariah Reading,Reading Mariah,Bass Harbor,ME,USA,NA,NA,NA,NA
229582,2016,KENDUSKEAG,Downriver,Canoe,268,oc2mixrec,10,TRUE,12829,1495,1270,1021,115,127,10,105,kenduskeag,TRUE,paddler,deerinbe01,Benjamin Deering,Deering Benjamin,Bangor,ME,USA,1,T,12829,NA
229582,2016,KENDUSKEAG,Downriver,Canoe,268,oc2mixrec,10,TRUE,12829,1495,1270,1021,115,127,10,105,kenduskeag,TRUE,paddler,snellma01,Margaret Snell,Snell Margaret,Bangor,ME,USA,1,T,12829,NA
424169,2023,KENDUSKEAG,Downriver,Canoe,353,oc2shortbeg,6,TRUE,12832,1496,1271,1022,45,141,6,111,kenduskeag,TRUE,paddler,NA,Croix Albee,Albee Croix,Hancock,ME,USA,NA,NA,NA,NA
424169,2023,KENDUSKEAG,Downriver,Canoe,353,oc2shortbeg,6,TRUE,12832,1496,1271,1022,45,141,6,111,kenduskeag,TRUE,paddler,NA,Kohl Shaw,Shaw Kohl,Old Town,ME,USA,NA,NA,NA,NA
424069,2023,KENDUSKEAG,Downriver,Canoe,139,oc2mixrec,20,TRUE,12835,1497,1272,1023,116,142,20,112,kenduskeag,TRUE,paddler,NA,Catherine Johnston,Johnston Catherine,Ellsworth,ME,USA,NA,NA,NA,NA
424069,2023,KENDUSKEAG,Downriver,Canoe,139,oc2mixrec,20,TRUE,12835,1497,1272,1023,116,142,20,112,kenduskeag,TRUE,paddler,zydlewjo01,Joseph Zydlewski,Zydlewski Joseph,Hampden,ME,USA,NA,NA,NA,NA
358742,2022,KENDUSKEAG,Downriver,Canoe,324,oc2shortbeg,9,TRUE,12836,1498,1273,1024,46,166,9,133,kenduskeag,TRUE,paddler,NA,Jim Irish,Irish Jim,Palmyra,ME,USA,NA,NA,NA,NA
358742,2022,KENDUSKEAG,Downriver,Canoe,324,oc2shortbeg,9,TRUE,12836,1498,1273,1024,46,166,9,133,kenduskeag,TRUE,paddler,NA,Clayton Zeller,Zeller Clayton,Parkman,ME,USA,NA,NA,NA,NA
479176,2024,KENDUSKEAG,Downriver,Canoe,238,oc2shortrec,8,TRUE,12841,1500,1275,1026,83,86,8,68,kenduskeag,TRUE,paddler,boudrede01,Dean Boudreau,Boudreau Dean,Trenton,ME,USA,NA,NA,NA,NA
479176,2024,KENDUSKEAG,Downriver,Canoe,238,oc2shortrec,8,TRUE,12841,1500,1275,1026,83,86,8,68,kenduskeag,TRUE,paddler,NA,Henry Boudreau,Boudreau Henry,Trenton,ME,USA,NA,NA,NA,NA
240381,2017,KENDUSKEAG,Downriver,Canoe,313,oc2mediumrec,29,TRUE,12842,1501,1276,1027,85,216,29,177,kenduskeag,TRUE,paddler,NA,Charlie Gilbert,Gilbert Charlie,Ashland,ME,USA,1,T,12842,NA
240381,2017,KENDUSKEAG,Downriver,Canoe,313,oc2mediumrec,29,TRUE,12842,1501,1276,1027,85,216,29,177,kenduskeag,TRUE,paddler,jonesto01,Thomas Jones,Jones Thomas,Deer Isle,ME,USA,1,T,12842,NA
258358,2019,KENDUSKEAG,Downriver,Canoe,297,oc2mediumrec,26,TRUE,12845,1503,226,172,26,226,26,172,kenduskeag2019,TRUE,paddler,NA,Nick Bartholomew,Bartholomew Nick,Old town,ME,USA,1,T,12845,NA
258358,2019,KENDUSKEAG,Downriver,Canoe,297,oc2mediumrec,26,TRUE,12845,1503,226,172,26,226,26,172,kenduskeag2019,TRUE,paddler,NA,Ridge Osgood,Osgood Ridge,Milford,ME,USA,1,T,12845,NA
527909,2025,KENDUSKEAG,Downriver,Canoe,297,oc2shortbeg,6,TRUE,12846,1504,1278,1029,47,138,6,107,kenduskeag,TRUE,paddler,NA,Michael Calderwood,Calderwood Michael,Rockport,ME,USA,NA,NA,NA,NA
527909,2025,KENDUSKEAG,Downriver,Canoe,297,oc2shortbeg,6,TRUE,12846,1504,1278,1029,47,138,6,107,kenduskeag,TRUE,paddler,NA,Logan Mathias,Mathias Logan,Virginia Beach,VA,USA,NA,NA,NA,NA
424209,2023,KENDUSKEAG,Downriver,Canoe,274,oc2hs,11,TRUE,12852,1507,1281,1032,50,143,11,113,kenduskeag,TRUE,paddler,NA,Spencer Benoff,Benoff Spencer,Plymouth,NH,USA,NA,NA,NA,NA
424209,2023,KENDUSKEAG,Downriver,Canoe,274,oc2hs,11,TRUE,12852,1507,1281,1032,50,143,11,113,kenduskeag,TRUE,paddler,NA,Nicolas Doyle,Doyle Nicolas,Plymouth,NH,USA,NA,NA,NA,NA
219681,2015,KENDUSKEAG,Downriver,Kayak,115,k1short,11,TRUE,12855,1510,1284,223,75,173,11,36,kenduskeag,TRUE,paddler,kinkadpa01,Patrick Kinkade,Kinkade Patrick,Corinth,ME,USA,1,T,12855,NA
219802,2015,KENDUSKEAG,Downriver,Canoe,269,oc2shortrec,9,TRUE,12860,1513,1287,1037,84,175,9,139,kenduskeag,TRUE,paddler,NA,Jesse Hensley,Hensley Jesse,Corinna,ME,USA,1,T,12860,NA
219802,2015,KENDUSKEAG,Downriver,Canoe,269,oc2shortrec,9,TRUE,12860,1513,1287,1037,84,175,9,139,kenduskeag,TRUE,paddler,NA,Matthew Thibodeau,Thibodeau Matthew,Exeter,ME,USA,1,T,12860,NA
219751,2015,KENDUSKEAG,Downriver,Canoe,210,oc2mixrec,11,TRUE,12861,1514,1288,1038,117,176,11,140,kenduskeag,TRUE,paddler,NA,Josie Quintrell,Quintrell Josie,Harpswell,ME,USA,1,T,12861,NA
219751,2015,KENDUSKEAG,Downriver,Canoe,210,oc2mixrec,11,TRUE,12861,1514,1288,1038,117,176,11,140,kenduskeag,TRUE,paddler,NA,Duncan Wood,Wood Duncan,Harpswell,ME,USA,1,T,12861,NA
424170,2023,KENDUSKEAG,Downriver,Canoe,242,oc2shortbeg,7,TRUE,12862,1515,1289,1039,48,145,7,115,kenduskeag,TRUE,paddler,NA,Alex True,True Alex,Clifton,ME,USA,NA,NA,NA,NA
424170,2023,KENDUSKEAG,Downriver,Canoe,242,oc2shortbeg,7,TRUE,12862,1515,1289,1039,48,145,7,115,kenduskeag,TRUE,paddler,NA,Jared True,True Jared,Clifton,ME,USA,NA,NA,NA,NA
249610,2018,KENDUSKEAG,Downriver,Canoe,432,oc2hs,14,TRUE,12863,1516,1290,1040,51,210,14,176,kenduskeag,TRUE,paddler,NA,Tyler Beaton,Beaton Tyler,Hermon,ME,USA,1,T,12863,NA
249610,2018,KENDUSKEAG,Downriver,Canoe,432,oc2hs,14,TRUE,12863,1516,1290,1040,51,210,14,176,kenduskeag,TRUE,paddler,NA,Alex Marsh,Marsh Alex,Hermon,ME,USA,1,T,12863,NA
249496,2018,KENDUSKEAG,Downriver,Canoe,293,oc2mediumrec,17,TRUE,12864,1517,1291,1041,86,211,17,177,kenduskeag,TRUE,paddler,NA,Matthew Stratton,Stratton Matthew,North Hampton,MA,USA,1,T,12864,NA
249496,2018,KENDUSKEAG,Downriver,Canoe,293,oc2mediumrec,17,TRUE,12864,1517,1291,1041,86,211,17,177,kenduskeag,TRUE,paddler,NA,Winfield Stratton,Stratton Winfield,Standish,ME,USA,1,T,12864,NA
424133,2023,KENDUSKEAG,Downriver,Canoe,303,oc2shortrec,13,TRUE,12865,1519,1293,1043,85,146,13,116,kenduskeag,TRUE,paddler,NA,Garrett Black,Black Garrett,Rangeley,ME,USA,NA,NA,NA,NA
424133,2023,KENDUSKEAG,Downriver,Canoe,303,oc2shortrec,13,TRUE,12865,1519,1293,1043,85,146,13,116,kenduskeag,TRUE,paddler,NA,Ross Gordon,Gordon Ross,Rangeley,ME,USA,NA,NA,NA,NA
258240,2019,KENDUSKEAG,Downriver,Kayak,132,k1short,14,TRUE,12871,1520,227,38,14,227,14,38,kenduskeag2019,TRUE,paddler,NA,Nate Frace,Frace Nate,OldTown,ME,USA,1,T,12871,NA
424134,2023,KENDUSKEAG,Downriver,Canoe,209,oc2shortrec,14,TRUE,12871,1521,1294,1044,86,147,14,117,kenduskeag,TRUE,paddler,NA,Aaron Bard,Bard Aaron,Old Town,ME,USA,NA,NA,NA,NA
424134,2023,KENDUSKEAG,Downriver,Canoe,209,oc2shortrec,14,TRUE,12871,1521,1294,1044,86,147,14,117,kenduskeag,TRUE,paddler,NA,Ben Wilson,Wilson Ben,Levant,ME,USA,NA,NA,NA,NA
240387,2017,KENDUSKEAG,Downriver,Canoe,319,oc2mediumrec,30,TRUE,12876,1522,1295,1045,87,218,30,179,kenduskeag,TRUE,paddler,NA,Gordon Bromley,Bromley Gordon,Orono,ME,USA,1,T,12876,NA
240387,2017,KENDUSKEAG,Downriver,Canoe,319,oc2mediumrec,30,TRUE,12876,1522,1295,1045,87,218,30,179,kenduskeag,TRUE,paddler,NA,Peter Strand,Strand Peter,Orono,ME,USA,1,T,12876,NA
479149,2024,KENDUSKEAG,Downriver,Canoe,198,oc2rec,15,TRUE,12889,1525,1298,1048,70,89,15,71,kenduskeag,TRUE,paddler,NA,Joel Bond,Bond Joel,Bangor,ME,USA,NA,NA,NA,NA
479149,2024,KENDUSKEAG,Downriver,Canoe,198,oc2rec,15,TRUE,12889,1525,1298,1048,70,89,15,71,kenduskeag,TRUE,paddler,NA,Ian Fraser,Fraser Ian,Brewer,ME,USA,NA,NA,NA,NA
219767,2015,KENDUSKEAG,Downriver,Canoe,228,oc2mixrec,12,TRUE,12900,1526,1299,1049,118,178,12,142,kenduskeag,TRUE,paddler,NA,Christine Roback,Roback Christine,Nobleboro,ME,USA,1,T,12900,NA
219767,2015,KENDUSKEAG,Downriver,Canoe,228,oc2mixrec,12,TRUE,12900,1526,1299,1049,118,178,12,142,kenduskeag,TRUE,paddler,NA,Ben Swanson,Swanson Ben,Nobleboro,ME,USA,1,T,12900,NA
424101,2023,KENDUSKEAG,Downriver,Canoe,182,oc2rec,15,TRUE,12904,1527,1300,1050,71,148,15,118,kenduskeag,TRUE,paddler,NA,Willis Dicentes,Dicentes Willis,Limington,ME,USA,NA,NA,NA,NA
424101,2023,KENDUSKEAG,Downriver,Canoe,182,oc2rec,15,TRUE,12904,1527,1300,1050,71,148,15,118,kenduskeag,TRUE,paddler,NA,Jeremy Sanborn,Sanborn Jeremy,Dayton,ME,USA,NA,NA,NA,NA
424135,2023,KENDUSKEAG,Downriver,Canoe,195,oc2shortrec,15,TRUE,12907,1529,1302,1052,87,149,15,119,kenduskeag,TRUE,paddler,NA,Ian Glass,Glass Ian,Bangor,ME,USA,NA,NA,NA,NA
424135,2023,KENDUSKEAG,Downriver,Canoe,195,oc2shortrec,15,TRUE,12907,1529,1302,1052,87,149,15,119,kenduskeag,TRUE,paddler,NA,Peter Ver Ploeg,Ver Ploeg Peter,Brunswick,ME,USA,NA,NA,NA,NA
240148,2017,KENDUSKEAG,Downriver,Canoe,14,open,13,TRUE,12911,1531,1304,1053,75,219,13,180,kenduskeag,TRUE,paddler,NA,Melissa Cliff,Cliff Melissa,Brewer,ME,USA,1,T,12911,NA
240148,2017,KENDUSKEAG,Downriver,Canoe,14,open,13,TRUE,12911,1531,1304,1053,75,219,13,180,kenduskeag,TRUE,paddler,NA,Amanda Ellis,Ellis Amanda,Brewer,ME,USA,1,T,12911,NA
240148,2017,KENDUSKEAG,Downriver,Canoe,14,open,13,TRUE,12911,1531,1304,1053,75,219,13,180,kenduskeag,TRUE,paddler,NA,Hannah McGurre,McGurre Hannah,Brewer,ME,USA,1,T,12911,NA
527845,2025,KENDUSKEAG,Downriver,Canoe,241,oc2rec,19,TRUE,12913,1533,1306,1055,72,139,19,108,kenduskeag,TRUE,paddler,NA,Martin Curnan,Curnan Martin,Orono,ME,USA,NA,NA,NA,NA
527845,2025,KENDUSKEAG,Downriver,Canoe,241,oc2rec,19,TRUE,12913,1533,1306,1055,72,139,19,108,kenduskeag,TRUE,paddler,NA,Greg Seamans,Seamans Greg,Oxford,ME,USA,NA,NA,NA,NA
240389,2017,KENDUSKEAG,Downriver,Canoe,321,oc2mediumrec,31,TRUE,12919,1535,1308,1057,88,220,31,181,kenduskeag,TRUE,paddler,halebe01,Benjamin Hale,Hale Benjamin,Orono,ME,USA,1,T,12919,NA
240389,2017,KENDUSKEAG,Downriver,Canoe,321,oc2mediumrec,31,TRUE,12919,1535,1308,1057,88,220,31,181,kenduskeag,TRUE,paddler,NA,James Mallar,Mallar James,Cumberland,ME,USA,1,T,12919,NA
229485,2016,KENDUSKEAG,Downriver,Kayak,163,k1rec,7,TRUE,12919,1536,1309,225,46,130,7,23,kenduskeag,TRUE,paddler,lelandro01,Robert Leland,Leland Robert,Alton,ME,USA,1,T,12919,NA
479054,2024,KENDUSKEAG,Downriver,Kayak,377,k1rec,2,TRUE,12925,1537,1310,226,47,90,2,16,kenduskeag,TRUE,paddler,NA,David McIntyre,McIntyre David,Hermon,ME,USA,NA,NA,NA,NA
345868,2021,KENDUSKEAG,Downriver,Canoe,482,oc2mediumrec,4,TRUE,12937,1540,1313,1060,89,23,4,16,kenduskeag,TRUE,paddler,NA,Davis Asherman,Asherman Davis,Eddington,ME,USA,NA,NA,NA,NA
345868,2021,KENDUSKEAG,Downriver,Canoe,482,oc2mediumrec,4,TRUE,12937,1540,1313,1060,89,23,4,16,kenduskeag,TRUE,paddler,NA,Michael Rumohr,Rumohr Michael,Old Town,ME,USA,NA,NA,NA,NA
424136,2023,KENDUSKEAG,Downriver,Canoe,194,oc2shortrec,16,TRUE,12937,1541,1314,1061,88,150,16,120,kenduskeag,TRUE,paddler,NA,Ryan Coffin,Coffin Ryan,Kennebunk,ME,USA,NA,NA,NA,NA
424136,2023,KENDUSKEAG,Downriver,Canoe,194,oc2shortrec,16,TRUE,12937,1541,1314,1061,88,150,16,120,kenduskeag,TRUE,paddler,NA,Kenny West,West Kenny,Kennebunk,ME,USA,NA,NA,NA,NA
358622,2022,KENDUSKEAG,Downriver,Canoe,162,oc2mixrec,21,TRUE,12946,1542,1315,1062,119,168,21,135,kenduskeag,TRUE,paddler,NA,Matthew Mensinger,Mensinger Matthew,Orono,ME,USA,NA,NA,NA,NA
358622,2022,KENDUSKEAG,Downriver,Canoe,162,oc2mixrec,21,TRUE,12946,1542,1315,1062,119,168,21,135,kenduskeag,TRUE,paddler,NA,Sarah Welch,Welch Sarah,Orono,ME,USA,NA,NA,NA,NA
229577,2016,KENDUSKEAG,Downriver,Canoe,263,oc2mixrec,11,TRUE,12949,1544,1317,1064,120,131,11,108,kenduskeag,TRUE,paddler,NA,Emma Ansara,Ansara Emma,Wilton,ME,USA,1,T,12949,NA
229577,2016,KENDUSKEAG,Downriver,Canoe,263,oc2mixrec,11,TRUE,12949,1544,1317,1064,120,131,11,108,kenduskeag,TRUE,paddler,NA,Stephen Engle,Engle Stephen,Wilton,ME,USA,1,T,12949,NA
240207,2017,KENDUSKEAG,Downriver,Canoe,90,oc2short,9,TRUE,12951,1545,1318,1065,65,222,9,183,kenduskeag,TRUE,paddler,NA,Troy Conary,Conary Troy,Berwick,ME,USA,1,T,12951,NA
240207,2017,KENDUSKEAG,Downriver,Canoe,90,oc2short,9,TRUE,12951,1545,1318,1065,65,222,9,183,kenduskeag,TRUE,paddler,NA,Jake Fogarty,Fogarty Jake,Portland,ME,USA,1,T,12951,NA
249500,2018,KENDUSKEAG,Downriver,Canoe,300,oc2mediumrec,18,TRUE,12962,1547,1320,1067,90,215,18,180,kenduskeag,TRUE,paddler,NA,Nelson Bandy,Bandy Nelson,Nobleboro,ME,USA,1,T,12962,NA
249500,2018,KENDUSKEAG,Downriver,Canoe,300,oc2mediumrec,18,TRUE,12962,1547,1320,1067,90,215,18,180,kenduskeag,TRUE,paddler,NA,Matthew Moss-Hawkins,Moss-Hawkins Matthew,Nobleboro,ME,USA,1,T,12962,NA
258406,2019,KENDUSKEAG,Downriver,Canoe,365,oc2shortbeg,9,TRUE,12970,1549,228,173,9,228,9,173,kenduskeag2019,TRUE,paddler,NA,Matthew Cavanaugh,Cavanaugh Matthew,Milford,ME,USA,1,T,12970,NA
258406,2019,KENDUSKEAG,Downriver,Canoe,365,oc2shortbeg,9,TRUE,12970,1549,228,173,9,228,9,173,kenduskeag2019,TRUE,paddler,moriarto01,Tom Moriarty,Moriarty Tom,Old Town,ME,USA,1,T,12970,NA
358623,2022,KENDUSKEAG,Downriver,Canoe,186,oc2mixrec,22,TRUE,12975,1550,1322,1069,121,170,22,137,kenduskeag,TRUE,paddler,NA,Lauren Anderson,Anderson Lauren,Portland,ME,USA,NA,NA,NA,NA
358623,2022,KENDUSKEAG,Downriver,Canoe,186,oc2mixrec,22,TRUE,12975,1550,1322,1069,121,170,22,137,kenduskeag,TRUE,paddler,NA,Benjamin Schmidt,Schmidt Benjamin,Portland,ME,USA,NA,NA,NA,NA
240428,2017,KENDUSKEAG,Downriver,Canoe,363,oc2shortrec,12,TRUE,12978,1551,1323,1070,89,223,12,184,kenduskeag,TRUE,paddler,NA,David Olmstead,Olmstead David,Milford,ME,USA,1,T,12978,NA
240428,2017,KENDUSKEAG,Downriver,Canoe,363,oc2shortrec,12,TRUE,12978,1551,1323,1070,89,223,12,184,kenduskeag,TRUE,paddler,NA,Kyle Pelkey,Pelkey Kyle,Hermon,ME,USA,1,T,12978,NA
219763,2015,KENDUSKEAG,Downriver,Canoe,222,oc2mixrec,13,TRUE,12978,1552,1324,1071,122,180,13,144,kenduskeag,TRUE,paddler,NA,Jessica Hadley,Hadley Jessica,Augusta,ME,USA,1,T,12978,NA
219763,2015,KENDUSKEAG,Downriver,Canoe,222,oc2mixrec,13,TRUE,12978,1552,1324,1071,122,180,13,144,kenduskeag,TRUE,paddler,maguirse01,Sean Maguire,Maguire Sean,Augusta,ME,USA,1,T,12978,NA
345907,2021,KENDUSKEAG,Downriver,Canoe,349,oc2short,3,TRUE,12981,1555,1325,1072,66,24,3,17,kenduskeag,TRUE,paddler,NA,Lauren Diorio,Diorio Lauren,Campton,NH,USA,NA,NA,NA,NA
345907,2021,KENDUSKEAG,Downriver,Canoe,349,oc2short,3,TRUE,12981,1555,1325,1072,66,24,3,17,kenduskeag,TRUE,paddler,NA,Will Tracy,Tracy Will,Campton,NH,USA,NA,NA,NA,NA
479177,2024,KENDUSKEAG,Downriver,Canoe,235,oc2shortrec,9,TRUE,12983,1556,1326,1073,90,92,9,73,kenduskeag,TRUE,paddler,NA,Thomas Deckers,Deckers Thomas,Amherst,ME,USA,NA,NA,NA,NA
479177,2024,KENDUSKEAG,Downriver,Canoe,235,oc2shortrec,9,TRUE,12983,1556,1326,1073,90,92,9,73,kenduskeag,TRUE,paddler,NA,Stephen Leonard,Leonard Stephen,Bangor,ME,USA,NA,NA,NA,NA
479114,2024,KENDUSKEAG,Downriver,Canoe,397,oc2mixrec,6,TRUE,12985,1557,1327,1074,123,93,6,74,kenduskeag,TRUE,paddler,NA,Alexandra Leveillee,Leveillee Alexandra,Biddeford,ME,USA,NA,NA,NA,NA
479114,2024,KENDUSKEAG,Downriver,Canoe,397,oc2mixrec,6,TRUE,12985,1557,1327,1074,123,93,6,74,kenduskeag,TRUE,paddler,NA,Brian Ross,Ross Brian,Biddeford,ME,USA,NA,NA,NA,NA
358474,2022,KENDUSKEAG,Downriver,Unknown,10,open,11,TRUE,12986,1558,1328,28,76,171,11,11,kenduskeag,TRUE,paddler,boyingda01,Daryl Boyington,Boyington Daryl,Hampden,ME,USA,NA,NA,NA,NA
358474,2022,KENDUSKEAG,Downriver,Unknown,10,open,11,TRUE,12986,1558,1328,28,76,171,11,11,kenduskeag,TRUE,paddler,dayto01,Toby Day,Day Toby,Milford,ME,USA,NA,NA,NA,NA
358474,2022,KENDUSKEAG,Downriver,Unknown,10,open,11,TRUE,12986,1558,1328,28,76,171,11,11,kenduskeag,TRUE,paddler,NA,Chris Doucette,Doucette Chris,Wiscasset,ME,USA,NA,NA,NA,NA
358474,2022,KENDUSKEAG,Downriver,Unknown,10,open,11,TRUE,12986,1558,1328,28,76,171,11,11,kenduskeag,TRUE,paddler,pelletda01,Dan Pelletier,Pelletier Dan,Alton,ME,USA,NA,NA,NA,NA
229346,2016,KENDUSKEAG,Downriver,Canoe,2,open,5,TRUE,13002,1561,1331,1077,77,134,5,111,kenduskeag,TRUE,paddler,NA,Tyler Carl,Carl Tyler,South China,ME,USA,1,T,13002,NA
229346,2016,KENDUSKEAG,Downriver,Canoe,2,open,5,TRUE,13002,1561,1331,1077,77,134,5,111,kenduskeag,TRUE,paddler,NA,Derik Elvin,Elvin Derik,Palermo,ME,USA,1,T,13002,NA
229346,2016,KENDUSKEAG,Downriver,Canoe,2,open,5,TRUE,13002,1561,1331,1077,77,134,5,111,kenduskeag,TRUE,paddler,NA,Cody Kirk,Kirk Cody,Augusta,ME,USA,1,T,13002,NA
229346,2016,KENDUSKEAG,Downriver,Canoe,2,open,5,TRUE,13002,1561,1331,1077,77,134,5,111,kenduskeag,TRUE,paddler,NA,Josh Severy,Severy Josh,China,ME,USA,1,T,13002,NA
229625,2016,KENDUSKEAG,Downriver,Canoe,312,oc2mediumrec,18,TRUE,13003,1562,1332,1078,91,135,18,112,kenduskeag,TRUE,paddler,NA,Fred Litty,Litty Fred,Orono,ME,USA,1,T,13003,NA
229625,2016,KENDUSKEAG,Downriver,Canoe,312,oc2mediumrec,18,TRUE,13003,1562,1332,1078,91,135,18,112,kenduskeag,TRUE,paddler,NA,Matthew Litty,Litty Matthew,Orono,ME,USA,1,T,13003,NA
527846,2025,KENDUSKEAG,Downriver,Canoe,222,oc2rec,20,TRUE,13006,1563,1333,1079,73,141,20,110,kenduskeag,TRUE,paddler,NA,Matt Morneault,Morneault Matt,Eddington,ME,USA,NA,NA,NA,NA
527846,2025,KENDUSKEAG,Downriver,Canoe,222,oc2rec,20,TRUE,13006,1563,1333,1079,73,141,20,110,kenduskeag,TRUE,paddler,NA,Justin Wilson,Wilson Justin,Eddington,ME,USA,NA,NA,NA,NA
479005,2024,KENDUSKEAG,Downriver,Canoe,398,oc2short,4,TRUE,13009,1565,1335,1081,67,94,4,75,kenduskeag,TRUE,paddler,NA,John Carpenter,Carpenter John,Scarborough,ME,USA,NA,NA,NA,NA
479005,2024,KENDUSKEAG,Downriver,Canoe,398,oc2short,4,TRUE,13009,1565,1335,1081,67,94,4,75,kenduskeag,TRUE,paddler,NA,Robert Herrick,Herrick Robert,Yarmouth,ME,USA,NA,NA,NA,NA
345908,2021,KENDUSKEAG,Downriver,Canoe,465,oc2short,4,TRUE,13012,1567,1337,1082,68,25,4,18,kenduskeag,TRUE,paddler,pricean01,Andy Price,Price Andy,montville,ME,USA,NA,NA,NA,NA
345908,2021,KENDUSKEAG,Downriver,Canoe,465,oc2short,4,TRUE,13012,1567,1337,1082,68,25,4,18,kenduskeag,TRUE,paddler,widmergl01,Glen Widmer,Widmer Glen,montville,ME,USA,NA,NA,NA,NA
258245,2019,KENDUSKEAG,Downriver,Kayak,140,k1short,15,TRUE,13014,1569,231,39,15,231,15,39,kenduskeag2019,TRUE,paddler,NA,Matthew Fortier,Fortier Matthew,Windham,ME,USA,1,T,13014,NA
345961,2021,KENDUSKEAG,Downriver,Canoe,339,open,2,TRUE,13016,1570,1339,1084,78,26,2,19,kenduskeag,TRUE,paddler,NA,Ben Cobb,Cobb Ben,Saco,ME,USA,NA,NA,NA,NA
345961,2021,KENDUSKEAG,Downriver,Canoe,339,open,2,TRUE,13016,1570,1339,1084,78,26,2,19,kenduskeag,TRUE,paddler,cobbja01,Jackie Cobb,Cobb Jackie,Bowdoin,ME,USA,NA,NA,NA,NA
345961,2021,KENDUSKEAG,Downriver,Canoe,339,open,2,TRUE,13016,1570,1339,1084,78,26,2,19,kenduskeag,TRUE,paddler,NA,Randall Cobb,Cobb Randall,Saco,ME,USA,NA,NA,NA,NA
345961,2021,KENDUSKEAG,Downriver,Canoe,339,open,2,TRUE,13016,1570,1339,1084,78,26,2,19,kenduskeag,TRUE,paddler,NA,Juliet Pilvines,Pilvines Juliet,Bowdoin,ME,USA,NA,NA,NA,NA
249490,2018,KENDUSKEAG,Downriver,Canoe,287,oc2mediumrec,19,TRUE,13021,1571,1340,1085,92,216,19,181,kenduskeag,TRUE,paddler,NA,Joe Ripley,Ripley Joe,Portland,ME,USA,1,T,13021,NA
249490,2018,KENDUSKEAG,Downriver,Canoe,287,oc2mediumrec,19,TRUE,13021,1571,1340,1085,92,216,19,181,kenduskeag,TRUE,paddler,NA,Marshall Ripley,Ripley Marshall,Portland,ME,USA,1,T,13021,NA
249539,2018,KENDUSKEAG,Downriver,Canoe,345,oc2shortrec,17,TRUE,13022,1572,1341,1086,91,217,17,182,kenduskeag,TRUE,paddler,NA,Jake Bogar,Bogar Jake,Farmington,ME,USA,1,T,13022,NA
249539,2018,KENDUSKEAG,Downriver,Canoe,345,oc2shortrec,17,TRUE,13022,1572,1341,1086,91,217,17,182,kenduskeag,TRUE,paddler,NA,Travis Tierney,Tierney Travis,Farmington,ME,USA,1,T,13022,NA
358624,2022,KENDUSKEAG,Downriver,Canoe,161,oc2mixrec,23,TRUE,13028,1573,1342,1087,124,172,23,138,kenduskeag,TRUE,paddler,NA,Jade Kluttz,Kluttz Jade,Freeport,ME,USA,NA,NA,NA,NA
358624,2022,KENDUSKEAG,Downriver,Canoe,161,oc2mixrec,23,TRUE,13028,1573,1342,1087,124,172,23,138,kenduskeag,TRUE,paddler,NA,Sean Kluttz,Kluttz Sean,Freeport,ME,USA,NA,NA,NA,NA
479115,2024,KENDUSKEAG,Downriver,Canoe,169,oc2mixrec,7,TRUE,13036,1578,1347,1092,125,96,7,77,kenduskeag,TRUE,paddler,NA,David Lockman,Lockman David,Vassalboro,ME,USA,NA,NA,NA,NA
479115,2024,KENDUSKEAG,Downriver,Canoe,169,oc2mixrec,7,TRUE,13036,1578,1347,1092,125,96,7,77,kenduskeag,TRUE,paddler,NA,Johanna Szillery,Szillery Johanna,Millinockett,ME,USA,NA,NA,NA,NA
219879,2015,KENDUSKEAG,Downriver,Canoe,367,open,12,TRUE,13039,1579,1348,1093,79,183,12,147,kenduskeag,TRUE,paddler,NA,Liis Emajoe,Emajoe Liis,Orono,ME,USA,1,T,13039,NA
219879,2015,KENDUSKEAG,Downriver,Canoe,367,open,12,TRUE,13039,1579,1348,1093,79,183,12,147,kenduskeag,TRUE,paddler,NA,Zachary Smith,Smith Zachary,Orono,ME,USA,1,T,13039,NA
219879,2015,KENDUSKEAG,Downriver,Canoe,367,open,12,TRUE,13039,1579,1348,1093,79,183,12,147,kenduskeag,TRUE,paddler,NA,Jonathan Varnum,Varnum Jonathan,Bangor,ME,USA,1,T,13039,NA
358697,2022,KENDUSKEAG,Downriver,Canoe,247,oc2shortrec,17,TRUE,13049,1582,1351,1096,92,173,17,139,kenduskeag,TRUE,paddler,speedbe01,Benjamin Speed,Speed Benjamin,Bangor,ME,USA,NA,NA,NA,NA
358697,2022,KENDUSKEAG,Downriver,Canoe,247,oc2shortrec,17,TRUE,13049,1582,1351,1096,92,173,17,139,kenduskeag,TRUE,paddler,NA,Noah Speed,Speed Noah,Bangor,ME,USA,NA,NA,NA,NA
527817,2025,KENDUSKEAG,Downriver,Canoe,204,oc2mixrec,19,TRUE,13050,1584,1353,1098,126,145,19,114,kenduskeag,TRUE,paddler,NA,Lindsay Mitchell,Mitchell Lindsay,Corinth,ME,USA,NA,NA,NA,NA
527817,2025,KENDUSKEAG,Downriver,Canoe,204,oc2mixrec,19,TRUE,13050,1584,1353,1098,126,145,19,114,kenduskeag,TRUE,paddler,NA,Tyler Mitchell,Mitchell Tyler,Corinth,ME,USA,NA,NA,NA,NA
345869,2021,KENDUSKEAG,Downriver,Canoe,492,oc2mediumrec,5,TRUE,13053,1585,1354,1099,93,27,5,20,kenduskeag,TRUE,paddler,NA,Fritz Oldenburg,Oldenburg Fritz,Bangor,ME,USA,NA,NA,NA,NA
345869,2021,KENDUSKEAG,Downriver,Canoe,492,oc2mediumrec,5,TRUE,13053,1585,1354,1099,93,27,5,20,kenduskeag,TRUE,paddler,NA,Simon Socolow,Socolow Simon,Bangor,ME,USA,NA,NA,NA,NA
479178,2024,KENDUSKEAG,Downriver,Canoe,224,oc2shortrec,10,TRUE,13057,1587,1356,1100,93,98,10,79,kenduskeag,TRUE,paddler,NA,Spencer Benoff,Benoff Spencer,Holliston,MA,USA,NA,NA,NA,NA
479178,2024,KENDUSKEAG,Downriver,Canoe,224,oc2shortrec,10,TRUE,13057,1587,1356,1100,93,98,10,79,kenduskeag,TRUE,paddler,NA,Nicolas Doyle,Doyle Nicolas,Pike,NH,USA,NA,NA,NA,NA
479179,2024,KENDUSKEAG,Downriver,Canoe,218,oc2shortrec,11,TRUE,13059,1590,1359,1103,94,99,11,80,kenduskeag,TRUE,paddler,NA,Mark Thibobeau,Thibobeau Mark,Carrabassett Valley,ME,USA,NA,NA,NA,NA
479179,2024,KENDUSKEAG,Downriver,Canoe,218,oc2shortrec,11,TRUE,13059,1590,1359,1103,94,99,11,80,kenduskeag,TRUE,paddler,NA,Morgan Thibobeau,Thibobeau Morgan,Carrabassett Valley,ME,USA,NA,NA,NA,NA
358661,2022,KENDUSKEAG,Downriver,Canoe,233,oc2rec,24,TRUE,13061,1591,1360,1104,74,175,24,141,kenduskeag,TRUE,paddler,NA,Jason Lilley,Lilley Jason,Bowdoinham,ME,USA,NA,NA,NA,NA
358661,2022,KENDUSKEAG,Downriver,Canoe,233,oc2rec,24,TRUE,13061,1591,1360,1104,74,175,24,141,kenduskeag,TRUE,paddler,NA,Ted Willis,Willis Ted,South Portland,ME,USA,NA,NA,NA,NA
249507,2018,KENDUSKEAG,Downriver,Canoe,310,oc2mediumrec,20,TRUE,13061,1592,1361,1105,94,221,20,185,kenduskeag,TRUE,paddler,NA,Alex Wallace,Wallace Alex,Bangor,ME,USA,1,T,13061,NA
249507,2018,KENDUSKEAG,Downriver,Canoe,310,oc2mediumrec,20,TRUE,13061,1592,1361,1105,94,221,20,185,kenduskeag,TRUE,paddler,NA,Ethan Wallace,Wallace Ethan,Bangor,ME,USA,1,T,13061,NA
229717,2016,KENDUSKEAG,Downriver,Canoe,415,oc2shortbeg,2,TRUE,13062,1593,1362,1106,49,138,2,114,kenduskeag,TRUE,paddler,NA,Bob Gonella,Gonella Bob,Old Town,ME,USA,1,T,13062,NA
229717,2016,KENDUSKEAG,Downriver,Canoe,415,oc2shortbeg,2,TRUE,13062,1593,1362,1106,49,138,2,114,kenduskeag,TRUE,paddler,NA,Gerorge Rad Mayfield,Mayfield Gerorge Rad,Orono,ME,USA,1,T,13062,NA
229356,2016,KENDUSKEAG,Downriver,Canoe,14,open,6,TRUE,13062,1594,1363,1107,80,139,6,115,kenduskeag,TRUE,paddler,olsonca01,Carl Olson,Olson Carl,Bucksport,ME,USA,1,T,13062,NA
229356,2016,KENDUSKEAG,Downriver,Canoe,14,open,6,TRUE,13062,1594,1363,1107,80,139,6,115,kenduskeag,TRUE,paddler,NA,Cody Olson,Olson Cody,Bucksport,ME,USA,1,T,13062,NA
229356,2016,KENDUSKEAG,Downriver,Canoe,14,open,6,TRUE,13062,1594,1363,1107,80,139,6,115,kenduskeag,TRUE,paddler,NA,Zoe Olson,Olson Zoe,Bucksport,ME,USA,1,T,13062,NA
479239,2024,KENDUSKEAG,Downriver,Canoe,261,oc2shortbeg,4,TRUE,13065,1595,1364,1108,50,100,4,81,kenduskeag,TRUE,paddler,NA,Todd Halligan,Halligan Todd,Brunswick,ME,USA,NA,NA,NA,NA
479239,2024,KENDUSKEAG,Downriver,Canoe,261,oc2shortbeg,4,TRUE,13065,1595,1364,1108,50,100,4,81,kenduskeag,TRUE,paddler,NA,Nick Mangino,Mangino Nick,Guilford,ME,USA,NA,NA,NA,NA
258407,2019,KENDUSKEAG,Downriver,Canoe,366,oc2shortbeg,10,TRUE,13066,1596,232,176,10,232,10,176,kenduskeag2019,TRUE,paddler,NA,Anthony Cole,Cole Anthony,Hermon,ME,USA,1,T,13066,NA
258407,2019,KENDUSKEAG,Downriver,Canoe,366,oc2shortbeg,10,TRUE,13066,1596,232,176,10,232,10,176,kenduskeag2019,TRUE,paddler,NA,Mike Rossignol,Rossignol Mike,Oakland,ME,USA,1,T,13066,NA
240163,2017,KENDUSKEAG,Downriver,Canoe,33,open,14,TRUE,13074,1597,1365,1109,81,224,14,185,kenduskeag,TRUE,paddler,NA,Dana Leland,Leland Dana,Alton,ME,USA,1,T,13074,NA
240163,2017,KENDUSKEAG,Downriver,Canoe,33,open,14,TRUE,13074,1597,1365,1109,81,224,14,185,kenduskeag,TRUE,paddler,lelandro01,Robert Leland,Leland Robert,Alton,ME,USA,1,T,13074,NA
240163,2017,KENDUSKEAG,Downriver,Canoe,33,open,14,TRUE,13074,1597,1365,1109,81,224,14,185,kenduskeag,TRUE,paddler,NA,Tyler Michaud,Michaud Tyler,Kenduskeag,ME,USA,1,T,13074,NA
240163,2017,KENDUSKEAG,Downriver,Canoe,33,open,14,TRUE,13074,1597,1365,1109,81,224,14,185,kenduskeag,TRUE,paddler,NA,Brian Willey,Willey Brian,Hermon,ME,USA,1,T,13074,NA
258409,2019,KENDUSKEAG,Downriver,Canoe,369,oc2shortbeg,11,TRUE,13075,1598,233,177,11,233,11,177,kenduskeag2019,TRUE,paddler,NA,Max Bauman,Bauman Max,Portland,ME,USA,1,T,13075,NA
258409,2019,KENDUSKEAG,Downriver,Canoe,369,oc2shortbeg,11,TRUE,13075,1598,233,177,11,233,11,177,kenduskeag2019,TRUE,paddler,NA,Austin Logan,Logan Austin,Portland,ME,USA,1,T,13075,NA
527727,2025,KENDUSKEAG,Downriver,Kayak,124,k1rec,6,TRUE,13079,1600,1367,229,48,146,6,28,kenduskeag,TRUE,paddler,NA,Kyle Nelson,Nelson Kyle,Howland,ME,USA,NA,NA,NA,NA
249504,2018,KENDUSKEAG,Downriver,Canoe,305,oc2mediumrec,21,TRUE,13080,1601,1368,1111,95,222,21,186,kenduskeag,TRUE,paddler,NA,Charlie Gilbert,Gilbert Charlie,Ashland,ME,USA,1,T,13080,NA
249504,2018,KENDUSKEAG,Downriver,Canoe,305,oc2mediumrec,21,TRUE,13080,1601,1368,1111,95,222,21,186,kenduskeag,TRUE,paddler,jonesto01,Thomas Jones,Jones Thomas,Deer Isle,ME,USA,1,T,13080,NA
479055,2024,KENDUSKEAG,Downriver,Kayak,345,k1rec,3,TRUE,13081,1602,1369,230,49,101,3,17,kenduskeag,TRUE,paddler,NA,Ryan Baker,Baker Ryan,Glenburn,ME,USA,NA,NA,NA,NA
527847,2025,KENDUSKEAG,Downriver,Canoe,221,oc2rec,21,TRUE,13084,1603,1370,1112,75,147,21,115,kenduskeag,TRUE,paddler,NA,Andrew Cookson,Cookson Andrew,Glenburn,ME,USA,NA,NA,NA,NA
527847,2025,KENDUSKEAG,Downriver,Canoe,221,oc2rec,21,TRUE,13084,1603,1370,1112,75,147,21,115,kenduskeag,TRUE,paddler,NA,Michael Giard,Giard Michael,Orland,ME,USA,NA,NA,NA,NA
229567,2016,KENDUSKEAG,Downriver,Canoe,252,oc2mixrec,12,TRUE,13086,1604,1371,1113,127,141,12,117,kenduskeag,TRUE,paddler,NA,Brian Doore,Doore Brian,Bangor,ME,USA,1,T,13086,NA
229567,2016,KENDUSKEAG,Downriver,Canoe,252,oc2mixrec,12,TRUE,13086,1604,1371,1113,127,141,12,117,kenduskeag,TRUE,paddler,NA,Christina LeBlanc,LeBlanc Christina,Wells,ME,USA,1,T,13086,NA
219755,2015,KENDUSKEAG,Downriver,Canoe,214,oc2mixrec,14,TRUE,13094,1607,1374,1115,128,185,14,149,kenduskeag,TRUE,paddler,NA,Matthew Hoffman,Hoffman Matthew,Gorham,ME,USA,1,T,13094,NA
219755,2015,KENDUSKEAG,Downriver,Canoe,214,oc2mixrec,14,TRUE,13094,1607,1374,1115,128,185,14,149,kenduskeag,TRUE,paddler,NA,Tara Rich,Rich Tara,Gorham,ME,USA,1,T,13094,NA
423987,2023,KENDUSKEAG,Downriver,Kayak,276,k1short,9,TRUE,13099,1609,1376,232,76,152,9,21,kenduskeag,TRUE,paddler,NA,Gregory Irish,Irish Gregory,Bangor,ME,USA,NA,NA,NA,NA
345962,2021,KENDUSKEAG,Downriver,Canoe,16,open,3,TRUE,13100,1610,1377,1117,82,29,3,22,kenduskeag,TRUE,paddler,owenra01,Bucky Owen,Owen Bucky,Orono,ME,USA,NA,NA,NA,NA
345962,2021,KENDUSKEAG,Downriver,Canoe,16,open,3,TRUE,13100,1610,1377,1117,82,29,3,22,kenduskeag,TRUE,paddler,owenje01,Jeff Owen,Owen Jeff,Orono,ME,USA,NA,NA,NA,NA
345962,2021,KENDUSKEAG,Downriver,Canoe,16,open,3,TRUE,13100,1610,1377,1117,82,29,3,22,kenduskeag,TRUE,paddler,owensu01,Susannah Owen,Owen Susannah,Orono,ME,USA,NA,NA,NA,NA
479274,2024,KENDUSKEAG,Downriver,Canoe,307,oc2hs,4,TRUE,13103,1613,1380,1120,52,102,4,82,kenduskeag,TRUE,paddler,NA,Elliot Deans,Deans Elliot,Bar Harbor,ME,USA,NA,NA,NA,NA
479274,2024,KENDUSKEAG,Downriver,Canoe,307,oc2hs,4,TRUE,13103,1613,1380,1120,52,102,4,82,kenduskeag,TRUE,paddler,NA,Issa Pizzimenti,Pizzimenti Issa,Bar Harbor,ME,USA,NA,NA,NA,NA
345963,2021,KENDUSKEAG,Downriver,Canoe,3,open,4,TRUE,13104,1614,1381,1121,83,30,4,23,kenduskeag,TRUE,paddler,hallel01,Ellen Hall,Hall Ellen,Bangor,ME,USA,NA,NA,NA,NA
345963,2021,KENDUSKEAG,Downriver,Canoe,3,open,4,TRUE,13104,1614,1381,1121,83,30,4,23,kenduskeag,TRUE,paddler,quinnjo01,John Quinn,Quinn John,Orono,ME,USA,NA,NA,NA,NA
345963,2021,KENDUSKEAG,Downriver,Canoe,3,open,4,TRUE,13104,1614,1381,1121,83,30,4,23,kenduskeag,TRUE,paddler,taylorer01,Eric Taylor,Taylor Eric,Bangor,ME,USA,NA,NA,NA,NA
345963,2021,KENDUSKEAG,Downriver,Canoe,3,open,4,TRUE,13104,1614,1381,1121,83,30,4,23,kenduskeag,TRUE,paddler,NA,Gilman Taylor,Taylor Gilman,Gillman,ME,USA,NA,NA,NA,NA
527946,2025,KENDUSKEAG,Downriver,Canoe,399,oc2hs,7,TRUE,13107,1615,1382,1122,53,149,7,117,kenduskeag,TRUE,paddler,NA,Roger Strauss,Strauss Roger,Mount Desert,ME,USA,NA,NA,NA,NA
527946,2025,KENDUSKEAG,Downriver,Canoe,399,oc2hs,7,TRUE,13107,1615,1382,1122,53,149,7,117,kenduskeag,TRUE,paddler,NA,Jameson Weir,Weir Jameson,Bar Harbor,ME,USA,NA,NA,NA,NA
479180,2024,KENDUSKEAG,Downriver,Canoe,219,oc2shortrec,12,TRUE,13113,1617,1384,1123,95,103,12,83,kenduskeag,TRUE,paddler,NA,Luke Burns,Burns Luke,Gorham,ME,USA,NA,NA,NA,NA
479180,2024,KENDUSKEAG,Downriver,Canoe,219,oc2shortrec,12,TRUE,13113,1617,1384,1123,95,103,12,83,kenduskeag,TRUE,paddler,NA,Robert Burns,Burns Robert,Gorham,ME,USA,NA,NA,NA,NA
240471,2017,KENDUSKEAG,Downriver,Canoe,418,oc2shortbeg,10,TRUE,13115,1618,1385,1124,51,226,10,187,kenduskeag,TRUE,paddler,NA,Tyler Moore,Moore Tyler,Brunswick,ME,USA,1,T,13115,NA
240471,2017,KENDUSKEAG,Downriver,Canoe,418,oc2shortbeg,10,TRUE,13115,1618,1385,1124,51,226,10,187,kenduskeag,TRUE,paddler,NA,Zach Pickering,Pickering Zach,Brunswick,ME,USA,1,T,13115,NA
423988,2023,KENDUSKEAG,Downriver,Kayak,338,k1short,10,TRUE,13118,1619,1386,234,77,153,10,22,kenduskeag,TRUE,paddler,montgogl01,Glenn Montgomery,Montgomery Glenn,Belfast,ME,USA,NA,NA,NA,NA
249499,2018,KENDUSKEAG,Downriver,Canoe,298,oc2mediumrec,22,TRUE,13121,1621,1388,1126,96,223,22,187,kenduskeag,TRUE,paddler,NA,Alex Drew,Drew Alex,Nobleboro,ME,USA,1,T,13121,NA
249499,2018,KENDUSKEAG,Downriver,Canoe,298,oc2mediumrec,22,TRUE,13121,1621,1388,1126,96,223,22,187,kenduskeag,TRUE,paddler,NA,Skyler Dunfey,Dunfey Skyler,Nobleboro,ME,USA,1,T,13121,NA
527848,2025,KENDUSKEAG,Downriver,Canoe,243,oc2rec,22,TRUE,13126,1622,1389,1127,76,151,22,118,kenduskeag,TRUE,paddler,NA,Colton Chiavelli,Chiavelli Colton,Bucksport,ME,USA,NA,NA,NA,NA
527848,2025,KENDUSKEAG,Downriver,Canoe,243,oc2rec,22,TRUE,13126,1622,1389,1127,76,151,22,118,kenduskeag,TRUE,paddler,NA,William Morrison,Morrison William,Eddington,ME,USA,NA,NA,NA,NA
424210,2023,KENDUSKEAG,Downriver,Canoe,318,oc2hs,12,TRUE,13127,1623,1390,1128,54,154,12,122,kenduskeag,TRUE,paddler,NA,Massimo Hamilton,Hamilton Massimo,Bar Harbor,ME,USA,NA,NA,NA,NA
424210,2023,KENDUSKEAG,Downriver,Canoe,318,oc2hs,12,TRUE,13127,1623,1390,1128,54,154,12,122,kenduskeag,TRUE,paddler,NA,Nils Midtun,Midtun Nils,Bar Harbor,ME,USA,NA,NA,NA,NA
358541,2022,KENDUSKEAG,Downriver,Kayak,87,k1short,7,TRUE,13141,1624,1391,235,78,176,7,24,kenduskeag,TRUE,paddler,NA,Dennis McDonald,McDonald Dennis,Bangor,ME,USA,NA,NA,NA,NA
240141,2017,KENDUSKEAG,Downriver,Canoe,3,open,15,TRUE,13148,1626,1393,1130,84,228,15,189,kenduskeag,TRUE,paddler,NA,Amber Gatchell,Gatchell Amber,Orono,ME,USA,1,T,13148,NA
240141,2017,KENDUSKEAG,Downriver,Canoe,3,open,15,TRUE,13148,1626,1393,1130,84,228,15,189,kenduskeag,TRUE,paddler,NA,Patrick Hall,Hall Patrick,Orono,ME,USA,1,T,13148,NA
240141,2017,KENDUSKEAG,Downriver,Canoe,3,open,15,TRUE,13148,1626,1393,1130,84,228,15,189,kenduskeag,TRUE,paddler,NA,Sarah Mullis,Mullis Sarah,Orono,ME,USA,1,T,13148,NA
358662,2022,KENDUSKEAG,Downriver,Canoe,343,oc2rec,25,TRUE,13151,1627,1394,1131,77,178,25,143,kenduskeag,TRUE,paddler,NA,Phil Harvey,Harvey Phil,Bucksport,ME,USA,NA,NA,NA,NA
358662,2022,KENDUSKEAG,Downriver,Canoe,343,oc2rec,25,TRUE,13151,1627,1394,1131,77,178,25,143,kenduskeag,TRUE,paddler,mitchery01,Ryan Mitchell,Mitchell Ryan,Bucksport,ME,USA,NA,NA,NA,NA
527704,2025,KENDUSKEAG,Downriver,Kayak,347,k1short,8,TRUE,13153,1628,1395,236,79,152,8,30,kenduskeag,TRUE,paddler,NA,Andrew Pinkos,Pinkos Andrew,Bangor,ME,USA,NA,NA,NA,NA
479240,2024,KENDUSKEAG,Downriver,Canoe,271,oc2shortbeg,5,TRUE,13156,1630,1397,1133,52,104,5,84,kenduskeag,TRUE,paddler,NA,Alex Leger,Leger Alex,Bangor,ME,USA,NA,NA,NA,NA
479240,2024,KENDUSKEAG,Downriver,Canoe,271,oc2shortbeg,5,TRUE,13156,1630,1397,1133,52,104,5,84,kenduskeag,TRUE,paddler,NA,Adam Wilcox,Wilcox Adam,Greenbush,ME,USA,NA,NA,NA,NA
358508,2022,KENDUSKEAG,Downriver,Canoe,53,oc2short,8,TRUE,13157,1634,1401,1135,69,179,8,144,kenduskeag,TRUE,paddler,NA,Zebediah Razmann,Razmann Zebediah,Harpswell,ME,USA,NA,NA,NA,NA
358508,2022,KENDUSKEAG,Downriver,Canoe,53,oc2short,8,TRUE,13157,1634,1401,1135,69,179,8,144,kenduskeag,TRUE,paddler,NA,Daniel Whitmore,Whitmore Daniel,Cape Elizabeth,ME,USA,NA,NA,NA,NA
258339,2019,KENDUSKEAG,Downriver,Canoe,275,oc2mediumrec,27,TRUE,13161,1635,234,178,27,234,27,178,kenduskeag2019,TRUE,paddler,NA,Patrick Gunn,Gunn Patrick,Bangor,ME,USA,1,T,13161,NA
258339,2019,KENDUSKEAG,Downriver,Canoe,275,oc2mediumrec,27,TRUE,13161,1635,234,178,27,234,27,178,kenduskeag2019,TRUE,paddler,whitepe01,Peter White,White Peter,Bangor,ME,USA,1,T,13161,NA
358698,2022,KENDUSKEAG,Downriver,Canoe,259,oc2shortrec,18,TRUE,13166,1636,1402,1136,96,180,18,145,kenduskeag,TRUE,paddler,NA,Josh Lapointe,Lapointe Josh,Orrington,ME,USA,NA,NA,NA,NA
358698,2022,KENDUSKEAG,Downriver,Canoe,259,oc2shortrec,18,TRUE,13166,1636,1402,1136,96,180,18,145,kenduskeag,TRUE,paddler,NA,Jason Phinney,Phinney Jason,Corinna,ME,USA,NA,NA,NA,NA
479241,2024,KENDUSKEAG,Downriver,Canoe,264,oc2shortbeg,6,TRUE,13167,1637,1403,1137,53,106,6,85,kenduskeag,TRUE,paddler,NA,Carl Pellerin,Pellerin Carl,Dayton,ME,USA,NA,NA,NA,NA
479241,2024,KENDUSKEAG,Downriver,Canoe,264,oc2shortbeg,6,TRUE,13167,1637,1403,1137,53,106,6,85,kenduskeag,TRUE,paddler,NA,Gideon Wheeler,Wheeler Gideon,Bowdoin,ME,USA,NA,NA,NA,NA
358561,2022,KENDUSKEAG,Downriver,Kayak,106,k1rec,6,TRUE,13167,1638,1404,239,50,181,6,25,kenduskeag,TRUE,paddler,NA,Cody Olson,Olson Cody,Trenton,ME,USA,NA,NA,NA,NA
424070,2023,KENDUSKEAG,Downriver,Canoe,291,oc2mixrec,21,TRUE,13168,1639,1405,1138,129,155,21,123,kenduskeag,TRUE,paddler,NA,Kate Dawson,Dawson Kate,Orono,ME,USA,NA,NA,NA,NA
424070,2023,KENDUSKEAG,Downriver,Canoe,291,oc2mixrec,21,TRUE,13168,1639,1405,1138,129,155,21,123,kenduskeag,TRUE,paddler,NA,Cara Oleksyk,Oleksyk Cara,Bangor,ME,USA,NA,NA,NA,NA
258360,2019,KENDUSKEAG,Downriver,Canoe,299,oc2mediumrec,28,TRUE,13169,1640,235,179,28,235,28,179,kenduskeag2019,TRUE,paddler,NA,Sean Longley,Longley Sean,Saco,ME,USA,1,T,13169,NA
258360,2019,KENDUSKEAG,Downriver,Canoe,299,oc2mediumrec,28,TRUE,13169,1640,235,179,28,235,28,179,kenduskeag2019,TRUE,paddler,NA,Brock Major II,Major II Brock,Dayton,ME,USA,1,T,13169,NA
229617,2016,KENDUSKEAG,Downriver,Canoe,304,oc2mediumrec,19,TRUE,13169,1642,1407,1140,97,145,19,119,kenduskeag,TRUE,paddler,NA,Chris Hewke,Hewke Chris,Westfield,ME,USA,1,T,13169,NA
229617,2016,KENDUSKEAG,Downriver,Canoe,304,oc2mediumrec,19,TRUE,13169,1642,1407,1140,97,145,19,119,kenduskeag,TRUE,paddler,NA,Ryan Waterhouse,Waterhouse Ryan,Rochester,NH,USA,1,T,13169,NA
479242,2024,KENDUSKEAG,Downriver,Canoe,338,oc2shortbeg,7,TRUE,13177,1644,1409,1142,54,107,7,86,kenduskeag,TRUE,paddler,NA,Jackson Ireland,Ireland Jackson,Bangor,ME,USA,NA,NA,NA,NA
479242,2024,KENDUSKEAG,Downriver,Canoe,338,oc2shortbeg,7,TRUE,13177,1644,1409,1142,54,107,7,86,kenduskeag,TRUE,paddler,NA,Josh Szymczak,Szymczak Josh,Bangor,ME,USA,NA,NA,NA,NA
527862,2025,KENDUSKEAG,Downriver,Canoe,268,oc2shortrec,7,TRUE,13178,1646,1411,1144,97,154,7,120,kenduskeag,TRUE,paddler,NA,Connor Mullen,Mullen Connor,Winterport,ME,USA,NA,NA,NA,NA
527862,2025,KENDUSKEAG,Downriver,Canoe,268,oc2shortrec,7,TRUE,13178,1646,1411,1144,97,154,7,120,kenduskeag,TRUE,paddler,NA,Andrew Thornton,Thornton Andrew,Auburn,ME,USA,NA,NA,NA,NA
249580,2018,KENDUSKEAG,Downriver,Canoe,395,oc2shortbeg,5,TRUE,13179,1647,1412,1145,55,225,5,189,kenduskeag,TRUE,paddler,NA,Michael Saffron,Saffron Michael,Sterling,MA,USA,1,T,13179,NA
249580,2018,KENDUSKEAG,Downriver,Canoe,395,oc2shortbeg,5,TRUE,13179,1647,1412,1145,55,225,5,189,kenduskeag,TRUE,paddler,NA,Adam Sanborn,Sanborn Adam,Sterling,MA,USA,1,T,13179,NA
424137,2023,KENDUSKEAG,Downriver,Canoe,280,oc2shortrec,17,TRUE,13182,1649,1414,1147,98,156,17,124,kenduskeag,TRUE,paddler,NA,Nick Graham,Graham Nick,Bangor,ME,USA,NA,NA,NA,NA
424137,2023,KENDUSKEAG,Downriver,Canoe,280,oc2shortrec,17,TRUE,13182,1649,1414,1147,98,156,17,124,kenduskeag,TRUE,paddler,NA,Jared Willette,Willette Jared,Bangor,ME,USA,NA,NA,NA,NA
229475,2016,KENDUSKEAG,Downriver,Kayak,149,k1rec,8,TRUE,13183,1650,1415,240,51,146,8,27,kenduskeag,TRUE,paddler,NA,Richard Bendure III,Bendure III Richard,Bangor,ME,USA,1,T,13183,NA
249489,2018,KENDUSKEAG,Downriver,Canoe,286,oc2mediumrec,23,TRUE,13185,1651,1416,1148,98,226,23,190,kenduskeag,TRUE,paddler,NA,Joseph Kerr,Kerr Joseph,Orono,ME,USA,1,T,13185,NA
249489,2018,KENDUSKEAG,Downriver,Canoe,286,oc2mediumrec,23,TRUE,13185,1651,1416,1148,98,226,23,190,kenduskeag,TRUE,paddler,NA,Alessio Mortelliti,Mortelliti Alessio,Orono,ME,USA,1,T,13185,NA
358625,2022,KENDUSKEAG,Downriver,Canoe,183,oc2mixrec,24,TRUE,13190,1656,1420,1151,130,184,24,148,kenduskeag,TRUE,paddler,NA,Daphne Lang,Lang Daphne,Orland,ME,USA,NA,NA,NA,NA
358625,2022,KENDUSKEAG,Downriver,Canoe,183,oc2mixrec,24,TRUE,13190,1656,1420,1151,130,184,24,148,kenduskeag,TRUE,paddler,NA,Justin Leavitt,Leavitt Justin,Orland,ME,USA,NA,NA,NA,NA
219778,2015,KENDUSKEAG,Downriver,Canoe,243,oc2mediumrec,21,TRUE,13191,1658,1422,1153,99,187,21,151,kenduskeag,TRUE,paddler,NA,Dave Grunzel,Grunzel Dave,Orono,ME,USA,1,T,13191,NA
219778,2015,KENDUSKEAG,Downriver,Canoe,243,oc2mediumrec,21,TRUE,13191,1658,1422,1153,99,187,21,151,kenduskeag,TRUE,paddler,NA,Jonathan Watson,Watson Jonathan,Orono,ME,USA,1,T,13191,NA
479150,2024,KENDUSKEAG,Downriver,Canoe,192,oc2rec,16,TRUE,13195,1660,1424,1155,78,109,16,88,kenduskeag,TRUE,paddler,NA,Thomas Kolle,Kolle Thomas,Portland,ME,USA,NA,NA,NA,NA
479150,2024,KENDUSKEAG,Downriver,Canoe,192,oc2rec,16,TRUE,13195,1660,1424,1155,78,109,16,88,kenduskeag,TRUE,paddler,NA,Even Laukli,Laukli Even,Portland,ME,USA,NA,NA,NA,NA
423912,2023,KENDUSKEAG,Downriver,Unknown,9,open,11,TRUE,13196,1661,1425,29,85,157,11,11,kenduskeag,TRUE,paddler,NA,Esther Rounds,Rounds Esther,Hampden,ME,USA,NA,NA,NA,NA
423912,2023,KENDUSKEAG,Downriver,Unknown,9,open,11,TRUE,13196,1661,1425,29,85,157,11,11,kenduskeag,TRUE,paddler,NA,Mark Straub,Straub Mark,Hudson,ME,USA,NA,NA,NA,NA
423912,2023,KENDUSKEAG,Downriver,Unknown,9,open,11,TRUE,13196,1661,1425,29,85,157,11,11,kenduskeag,TRUE,paddler,NA,Jason Tuck,Tuck Jason,Hampden,ME,USA,NA,NA,NA,NA
219839,2015,KENDUSKEAG,Downriver,Canoe,313,oc2shortbeg,10,TRUE,13197,1662,1426,1156,56,188,10,152,kenduskeag,TRUE,paddler,NA,Nathan Garwood,Garwood Nathan,Brunswick,ME,USA,1,T,13197,NA
219839,2015,KENDUSKEAG,Downriver,Canoe,313,oc2shortbeg,10,TRUE,13197,1662,1426,1156,56,188,10,152,kenduskeag,TRUE,paddler,NA,Ethan Wardwell,Wardwell Ethan,Holden,ME,USA,1,T,13197,NA
249502,2018,KENDUSKEAG,Downriver,Canoe,303,oc2mediumrec,24,TRUE,13200,1664,1428,1158,100,227,24,191,kenduskeag,TRUE,paddler,NA,Kevin Alari,Alari Kevin,Bangor,ME,USA,1,T,13200,NA
249502,2018,KENDUSKEAG,Downriver,Canoe,303,oc2mediumrec,24,TRUE,13200,1664,1428,1158,100,227,24,191,kenduskeag,TRUE,paddler,NA,Willie Gilbert,Gilbert Willie,Stonington,ME,USA,1,T,13200,NA
219774,2015,KENDUSKEAG,Downriver,Canoe,237,oc2mediumrec,22,TRUE,13205,1666,1430,1160,101,189,22,153,kenduskeag,TRUE,paddler,NA,Christopher Gould,Gould Christopher,Hampden,ME,USA,1,T,13205,NA
219774,2015,KENDUSKEAG,Downriver,Canoe,237,oc2mediumrec,22,TRUE,13205,1666,1430,1160,101,189,22,153,kenduskeag,TRUE,paddler,NA,Jake St Louis,St Louis Jake,Levant,ME,USA,1,T,13205,NA
249385,2018,KENDUSKEAG,Downriver,Kayak,158,k1short,12,TRUE,13209,1667,1431,242,80,228,12,37,kenduskeag,TRUE,paddler,NA,Nate Frace,Frace Nate,OldTown,ME,USA,1,T,13209,NA
229653,2016,KENDUSKEAG,Downriver,Canoe,343,oc2shortrec,7,TRUE,13214,1669,1433,1162,99,151,7,123,kenduskeag,TRUE,paddler,NA,Jeremy Niles,Niles Jeremy,Portland,ME,USA,1,T,13214,NA
229653,2016,KENDUSKEAG,Downriver,Canoe,343,oc2shortrec,7,TRUE,13214,1669,1433,1162,99,151,7,123,kenduskeag,TRUE,paddler,NA,Terran Siladi,Siladi Terran,Portland,ME,USA,1,T,13214,NA
479181,2024,KENDUSKEAG,Downriver,Canoe,231,oc2shortrec,13,TRUE,13214,1670,1434,1163,100,111,13,90,kenduskeag,TRUE,paddler,NA,Barrett Proulx,Proulx Barrett,Eddington,ME,USA,NA,NA,NA,NA
479181,2024,KENDUSKEAG,Downriver,Canoe,231,oc2shortrec,13,TRUE,13214,1670,1434,1163,100,111,13,90,kenduskeag,TRUE,paddler,NA,Dylan Wilson,Wilson Dylan,Clifton,ME,USA,NA,NA,NA,NA
229576,2016,KENDUSKEAG,Downriver,Canoe,262,oc2mixrec,13,TRUE,13215,1672,1436,1165,131,152,13,124,kenduskeag,TRUE,paddler,haentjni01,Nils Haentjens,Haentjens Nils,Orono,ME,USA,1,T,13215,NA
229576,2016,KENDUSKEAG,Downriver,Canoe,262,oc2mixrec,13,TRUE,13215,1672,1436,1165,131,152,13,124,kenduskeag,TRUE,paddler,NA,Jordan Snyder,Snyder Jordan,Orono,ME,USA,1,T,13215,NA
527623,2025,KENDUSKEAG,Downriver,Unknown,7,open,5,TRUE,13217,1674,1438,30,86,157,5,5,kenduskeag,TRUE,paddler,NA,Johanna Burgason,Burgason Johanna,Old Town,ME,USA,NA,NA,NA,NA
527623,2025,KENDUSKEAG,Downriver,Unknown,7,open,5,TRUE,13217,1674,1438,30,86,157,5,5,kenduskeag,TRUE,paddler,NA,Katelyn Cross,Cross Katelyn,Castine,ME,USA,NA,NA,NA,NA
527623,2025,KENDUSKEAG,Downriver,Unknown,7,open,5,TRUE,13217,1674,1438,30,86,157,5,5,kenduskeag,TRUE,paddler,NA,Colton McAtee,McAtee Colton,Castine,ME,USA,NA,NA,NA,NA
229365,2016,KENDUSKEAG,Downriver,Canoe,25,open,7,TRUE,13224,1677,1441,1168,87,155,7,126,kenduskeag,TRUE,paddler,hummeldo01,Don Hummels,Hummels Don,Glenburn,ME,USA,1,T,13224,NA
229365,2016,KENDUSKEAG,Downriver,Canoe,25,open,7,TRUE,13224,1677,1441,1168,87,155,7,126,kenduskeag,TRUE,paddler,kennedsh01,Shawn Kennedy,Kennedy Shawn,Saunderstown,RI,USA,1,T,13224,NA
229365,2016,KENDUSKEAG,Downriver,Canoe,25,open,7,TRUE,13224,1677,1441,1168,87,155,7,126,kenduskeag,TRUE,paddler,NA,Alain Laprade,Laprade Alain,Saunderstown,RI,USA,1,T,13224,NA
358663,2022,KENDUSKEAG,Downriver,Canoe,221,oc2rec,26,TRUE,13228,1679,1442,1169,79,185,26,149,kenduskeag,TRUE,paddler,NA,Carl Pohlman,Pohlman Carl,Orono,ME,USA,NA,NA,NA,NA
358663,2022,KENDUSKEAG,Downriver,Canoe,221,oc2rec,26,TRUE,13228,1679,1442,1169,79,185,26,149,kenduskeag,TRUE,paddler,NA,Kory Whittum,Whittum Kory,Orono,ME,USA,NA,NA,NA,NA
219799,2015,KENDUSKEAG,Downriver,Canoe,265,oc2shortrec,10,TRUE,13228,1680,1443,1170,101,190,10,154,kenduskeag,TRUE,paddler,NA,Nate Oliver,Oliver Nate,Lee,ME,USA,1,T,13228,NA
219799,2015,KENDUSKEAG,Downriver,Canoe,265,oc2shortrec,10,TRUE,13228,1680,1443,1170,101,190,10,154,kenduskeag,TRUE,paddler,NA,Alan Whitney,Whitney Alan,Lincoln,ME,USA,1,T,13228,NA
229712,2016,KENDUSKEAG,Downriver,Canoe,410,oc2shortbeg,3,TRUE,13232,1682,1445,1172,57,156,3,127,kenduskeag,TRUE,paddler,NA,Cooper Allen,Allen Cooper,North Yarmouth,ME,USA,1,T,13232,NA
229712,2016,KENDUSKEAG,Downriver,Canoe,410,oc2shortbeg,3,TRUE,13232,1682,1445,1172,57,156,3,127,kenduskeag,TRUE,paddler,NA,Sam Johnston,Johnston Sam,Cumberland,ME,USA,1,T,13232,NA
249383,2018,KENDUSKEAG,Downriver,Kayak,156,k1short,13,TRUE,13238,1683,1446,244,81,229,13,38,kenduskeag,TRUE,paddler,NA,Mark Cummings,Cummings Mark,Bradford,ME,USA,1,T,13238,NA
219765,2015,KENDUSKEAG,Downriver,Canoe,226,oc2mixrec,15,TRUE,13238,1684,1447,1173,132,191,15,155,kenduskeag,TRUE,paddler,NA,Charles Rodda,Rodda Charles,Orono,ME,USA,1,T,13238,NA
219765,2015,KENDUSKEAG,Downriver,Canoe,226,oc2mixrec,15,TRUE,13238,1684,1447,1173,132,191,15,155,kenduskeag,TRUE,paddler,NA,Kristen Weil,Weil Kristen,Old Town,ME,USA,1,T,13238,NA
527818,2025,KENDUSKEAG,Downriver,Canoe,351,oc2mixrec,20,TRUE,13242,1685,1448,1174,133,159,20,124,kenduskeag,TRUE,paddler,NA,Lucas Kellett,Kellett Lucas,Farmington,ME,USA,NA,NA,NA,NA
527818,2025,KENDUSKEAG,Downriver,Canoe,351,oc2mixrec,20,TRUE,13242,1685,1448,1174,133,159,20,124,kenduskeag,TRUE,paddler,NA,Maya Kellett,Kellett Maya,Farmington,ME,USA,NA,NA,NA,NA
423989,2023,KENDUSKEAG,Downriver,Kayak,81,k1short,11,TRUE,13246,1687,1450,245,82,159,11,23,kenduskeag,TRUE,paddler,NA,Nathan Lavoy,Lavoy Nathan,Portland,CT,USA,NA,NA,NA,NA
358743,2022,KENDUSKEAG,Downriver,Canoe,299,oc2shortbeg,10,TRUE,13254,1688,1451,1176,58,186,10,150,kenduskeag,TRUE,paddler,NA,Christopher Roman,Roman Christopher,Portland,ME,USA,NA,NA,NA,NA
358743,2022,KENDUSKEAG,Downriver,Canoe,299,oc2shortbeg,10,TRUE,13254,1688,1451,1176,58,186,10,150,kenduskeag,TRUE,paddler,NA,Zachary Roman,Roman Zachary,Portland,ME,USA,NA,NA,NA,NA
358626,2022,KENDUSKEAG,Downriver,Canoe,164,oc2mixrec,25,TRUE,13263,1691,1454,1179,134,188,25,152,kenduskeag,TRUE,paddler,NA,Mitchell Darrow,Darrow Mitchell,South Portland,ME,USA,NA,NA,NA,NA
358626,2022,KENDUSKEAG,Downriver,Canoe,164,oc2mixrec,25,TRUE,13263,1691,1454,1179,134,188,25,152,kenduskeag,TRUE,paddler,NA,Lesley Fine,Fine Lesley,South Portland,ME,USA,NA,NA,NA,NA
527863,2025,KENDUSKEAG,Downriver,Canoe,266,oc2shortrec,8,TRUE,13267,1692,1455,1180,102,161,8,126,kenduskeag,TRUE,paddler,NA,Anthony Nuzzo,Nuzzo Anthony,Gray,ME,USA,NA,NA,NA,NA
527863,2025,KENDUSKEAG,Downriver,Canoe,266,oc2shortrec,8,TRUE,13267,1692,1455,1180,102,161,8,126,kenduskeag,TRUE,paddler,NA,Joel Wagner,Wagner Joel,Portland,ME,USA,NA,NA,NA,NA
249514,2018,KENDUSKEAG,Downriver,Canoe,318,oc2mediumrec,25,TRUE,13268,1693,1456,1181,102,230,25,192,kenduskeag,TRUE,paddler,NA,Nicholas Moulton,Moulton Nicholas,Hermon,ME,USA,1,T,13268,NA
249514,2018,KENDUSKEAG,Downriver,Canoe,318,oc2mediumrec,25,TRUE,13268,1693,1456,1181,102,230,25,192,kenduskeag,TRUE,paddler,NA,Richard Moulton,Moulton Richard,Hermon,ME,USA,1,T,13268,NA
258411,2019,KENDUSKEAG,Downriver,Canoe,371,oc2shortbeg,12,TRUE,13270,1695,238,182,12,238,12,182,kenduskeag2019,TRUE,paddler,NA,Ben Amaral,Amaral Ben,Carmel,ME,USA,1,T,13270,NA
258411,2019,KENDUSKEAG,Downriver,Canoe,371,oc2shortbeg,12,TRUE,13270,1695,238,182,12,238,12,182,kenduskeag2019,TRUE,paddler,jordanju01,Justin Jordan,Jordan Justin,Holden,ME,USA,1,T,13270,NA
219760,2015,KENDUSKEAG,Downriver,Canoe,219,oc2mixrec,16,TRUE,13270,1696,1458,1183,135,192,16,156,kenduskeag,TRUE,paddler,NA,Adam Reed,Reed Adam,Farmington,ME,USA,1,T,13270,NA
219760,2015,KENDUSKEAG,Downriver,Canoe,219,oc2mixrec,16,TRUE,13270,1696,1458,1183,135,192,16,156,kenduskeag,TRUE,paddler,NA,Katie Reed,Reed Katie,Farmington,ME,USA,1,T,13270,NA
229399,2016,KENDUSKEAG,Downriver,Canoe,63,oc2short,11,TRUE,13273,1698,1460,1185,70,158,11,129,kenduskeag,TRUE,paddler,NA,Joel Leicy,Leicy Joel,Bird-In-Hand,PA,USA,1,T,13273,NA
229399,2016,KENDUSKEAG,Downriver,Canoe,63,oc2short,11,TRUE,13273,1698,1460,1185,70,158,11,129,kenduskeag,TRUE,paddler,NA,Nicholas Theriault,Theriault Nicholas,Bird-In-Hand,PA,USA,1,T,13273,NA
249573,2018,KENDUSKEAG,Downriver,Canoe,387,oc2shortbeg,6,TRUE,13275,1700,1462,1186,59,231,6,193,kenduskeag,TRUE,paddler,campbero01,Bob Campbell,Campbell Bob,Bangor,ME,USA,1,T,13275,NA
249573,2018,KENDUSKEAG,Downriver,Canoe,387,oc2shortbeg,6,TRUE,13275,1700,1462,1186,59,231,6,193,kenduskeag,TRUE,paddler,NA,Jesse Jandreau,Jandreau Jesse,Bangor,ME,USA,1,T,13275,NA
219592,2015,KENDUSKEAG,Downriver,Canoe,10,open,13,TRUE,13276,1701,1463,1187,88,193,13,157,kenduskeag,TRUE,paddler,NA,Sonya Campbell,Campbell Sonya,Eddington,ME,USA,1,T,13276,NA
219592,2015,KENDUSKEAG,Downriver,Canoe,10,open,13,TRUE,13276,1701,1463,1187,88,193,13,157,kenduskeag,TRUE,paddler,NA,Caleb Groff,Groff Caleb,Eddington,ME,USA,1,T,13276,NA
219592,2015,KENDUSKEAG,Downriver,Canoe,10,open,13,TRUE,13276,1701,1463,1187,88,193,13,157,kenduskeag,TRUE,paddler,NA,Bradley Murray,Murray Bradley,Eddington,ME,USA,1,T,13276,NA
229711,2016,KENDUSKEAG,Downriver,Canoe,409,oc2shortbeg,4,TRUE,13277,1702,1464,1188,60,160,4,130,kenduskeag,TRUE,paddler,NA,Chris DiLisio,DiLisio Chris,Cumberland,ME,USA,1,T,13277,NA
229711,2016,KENDUSKEAG,Downriver,Canoe,409,oc2shortbeg,4,TRUE,13277,1702,1464,1188,60,160,4,130,kenduskeag,TRUE,paddler,NA,Cam Mitiguy,Mitiguy Cam,Cumberland,ME,USA,1,T,13277,NA
240247,2017,KENDUSKEAG,Downriver,Kayak,143,k1short,19,TRUE,13278,1703,1465,247,83,230,19,40,kenduskeag,TRUE,paddler,NA,Jordan Davis,Davis Jordan,Hampden,ME,USA,1,T,13278,NA
229413,2016,KENDUSKEAG,Downriver,Canoe,77,oc2short,12,TRUE,13281,1705,1467,1190,71,161,12,131,kenduskeag,TRUE,paddler,sullivca01,Cameron Sullivan,Sullivan Cameron,Old Town,ME,USA,1,T,13281,NA
229413,2016,KENDUSKEAG,Downriver,Canoe,77,oc2short,12,TRUE,13281,1705,1467,1190,71,161,12,131,kenduskeag,TRUE,paddler,sullivty01,Ty Sullivan,Sullivan Ty,Old Town,ME,USA,1,T,13281,NA
258418,2019,KENDUSKEAG,Downriver,Canoe,385,oc2shortbeg,13,TRUE,13282,1706,239,183,13,239,13,183,kenduskeag2019,TRUE,paddler,NA,Noel Potter,Potter Noel,Orno,ME,USA,1,T,13282,NA
258418,2019,KENDUSKEAG,Downriver,Canoe,385,oc2shortbeg,13,TRUE,13282,1706,239,183,13,239,13,183,kenduskeag2019,TRUE,paddler,NA,Jacob Volz,Volz Jacob,Orno,ME,USA,1,T,13282,NA
358744,2022,KENDUSKEAG,Downriver,Canoe,296,oc2shortbeg,11,TRUE,13285,1707,1468,1191,61,189,11,153,kenduskeag,TRUE,paddler,lynchjo01,Joe Lynch,Lynch Joe,Saco,ME,USA,NA,NA,NA,NA
358744,2022,KENDUSKEAG,Downriver,Canoe,296,oc2shortbeg,11,TRUE,13285,1707,1468,1191,61,189,11,153,kenduskeag,TRUE,paddler,NA,Raymond Pacquette,Pacquette Raymond,Saco,ME,USA,NA,NA,NA,NA
345909,2021,KENDUSKEAG,Downriver,Canoe,344,oc2short,5,TRUE,13294,1709,1470,1193,72,31,5,24,kenduskeag,TRUE,paddler,bambrini01,Nick Bambrick,Bambrick Nick,Levant,ME,USA,NA,NA,NA,NA
345909,2021,KENDUSKEAG,Downriver,Canoe,344,oc2short,5,TRUE,13294,1709,1470,1193,72,31,5,24,kenduskeag,TRUE,paddler,NA,Eddie Hatch,Hatch Eddie,Levant,ME,USA,NA,NA,NA,NA
249607,2018,KENDUSKEAG,Downriver,Canoe,429,oc2hs,15,TRUE,13295,1710,1471,1194,55,232,15,194,kenduskeag,TRUE,paddler,NA,Austin Cyr,Cyr Austin,Glenburn,ME,USA,1,T,13295,NA
249607,2018,KENDUSKEAG,Downriver,Canoe,429,oc2hs,15,TRUE,13295,1710,1471,1194,55,232,15,194,kenduskeag,TRUE,paddler,NA,Nick Jordan,Jordan Nick,Orrington,ME,USA,1,T,13295,NA
345910,2021,KENDUSKEAG,Downriver,Canoe,346,oc2short,6,TRUE,13300,1711,1472,1195,73,32,6,25,kenduskeag,TRUE,paddler,cassidda02,David Cassidy,Cassidy David,Portland,ME,USA,NA,NA,NA,NA
345910,2021,KENDUSKEAG,Downriver,Canoe,346,oc2short,6,TRUE,13300,1711,1472,1195,73,32,6,25,kenduskeag,TRUE,paddler,cassidth01,Thomas Cassidy,Cassidy Thomas,Portland,ME,USA,NA,NA,NA,NA
219794,2015,KENDUSKEAG,Downriver,Canoe,260,oc2mediumrec,23,TRUE,13304,1712,1473,1196,103,194,23,158,kenduskeag,TRUE,paddler,NA,John Ahern,Ahern John,Orono,ME,USA,1,T,13304,NA
219794,2015,KENDUSKEAG,Downriver,Canoe,260,oc2mediumrec,23,TRUE,13304,1712,1473,1196,103,194,23,158,kenduskeag,TRUE,paddler,NA,Thomas Merrow,Merrow Thomas,Orono,ME,USA,1,T,13304,NA
479275,2024,KENDUSKEAG,Downriver,Canoe,292,oc2hs,5,TRUE,13312,1713,1474,1197,56,112,5,91,kenduskeag,TRUE,paddler,NA,Collin Cooper,Cooper Collin,Acton,MA,USA,NA,NA,NA,NA
479275,2024,KENDUSKEAG,Downriver,Canoe,292,oc2hs,5,TRUE,13312,1713,1474,1197,56,112,5,91,kenduskeag,TRUE,paddler,NA,Melissa Genoter,Genoter Melissa,Townsend,MA,USA,NA,NA,NA,NA
479182,2024,KENDUSKEAG,Downriver,Canoe,236,oc2shortrec,14,TRUE,13329,1717,1478,1201,103,113,14,92,kenduskeag,TRUE,paddler,NA,Cody Leaf,Leaf Cody,Pownal,ME,USA,NA,NA,NA,NA
479182,2024,KENDUSKEAG,Downriver,Canoe,236,oc2shortrec,14,TRUE,13329,1717,1478,1201,103,113,14,92,kenduskeag,TRUE,paddler,NA,Thomas Salamone,Salamone Thomas,North Yarmouth,ME,USA,NA,NA,NA,NA
240430,2017,KENDUSKEAG,Downriver,Canoe,365,oc2shortrec,13,TRUE,13335,1719,1480,1203,104,231,13,191,kenduskeag,TRUE,paddler,NA,Shawn Higgins,Higgins Shawn,Portland,ME,USA,1,T,13335,NA
240430,2017,KENDUSKEAG,Downriver,Canoe,365,oc2shortrec,13,TRUE,13335,1719,1480,1203,104,231,13,191,kenduskeag,TRUE,paddler,NA,Andrew Hughes,Hughes Andrew,Brewer,ME,USA,1,T,13335,NA
423913,2023,KENDUSKEAG,Downriver,Unknown,13,open,12,TRUE,13336,1720,1481,31,89,165,12,12,kenduskeag,TRUE,paddler,hallel01,Ellen Hall,Hall Ellen,Bangor,ME,USA,NA,NA,NA,NA
423913,2023,KENDUSKEAG,Downriver,Unknown,13,open,12,TRUE,13336,1720,1481,31,89,165,12,12,kenduskeag,TRUE,paddler,NA,Michelle Keller,Keller Michelle,Hinesburg,VT,USA,NA,NA,NA,NA
423913,2023,KENDUSKEAG,Downriver,Unknown,13,open,12,TRUE,13336,1720,1481,31,89,165,12,12,kenduskeag,TRUE,paddler,NA,Brennan Van Steenburgen,Van Steenburgen Brennan,Bar Harbor,ME,USA,NA,NA,NA,NA
424071,2023,KENDUSKEAG,Downriver,Canoe,146,oc2mixrec,22,TRUE,13338,1722,1483,1204,136,166,22,131,kenduskeag,TRUE,paddler,NA,Amanda Campbell,Campbell Amanda,Chebeague Island,ME,USA,NA,NA,NA,NA
424071,2023,KENDUSKEAG,Downriver,Canoe,146,oc2mixrec,22,TRUE,13338,1722,1483,1204,136,166,22,131,kenduskeag,TRUE,paddler,NA,Jason Phippen,Phippen Jason,Yarmouth,ME,USA,NA,NA,NA,NA
479151,2024,KENDUSKEAG,Downriver,Canoe,390,oc2rec,17,TRUE,13343,1725,1486,1207,80,115,17,94,kenduskeag,TRUE,paddler,NA,Brian Loiselle Jr,Loiselle Jr Brian,Hampden,ME,USA,NA,NA,NA,NA
479151,2024,KENDUSKEAG,Downriver,Canoe,390,oc2rec,17,TRUE,13343,1725,1486,1207,80,115,17,94,kenduskeag,TRUE,paddler,NA,Brian Loiselle Sr,Loiselle Sr Brian,Bangor,ME,USA,NA,NA,NA,NA
358627,2022,KENDUSKEAG,Downriver,Canoe,163,oc2mixrec,26,TRUE,13343,1726,1487,1208,137,190,26,154,kenduskeag,TRUE,paddler,NA,Paige Nadeau,Nadeau Paige,Bangor,ME,USA,NA,NA,NA,NA
358627,2022,KENDUSKEAG,Downriver,Canoe,163,oc2mixrec,26,TRUE,13343,1726,1487,1208,137,190,26,154,kenduskeag,TRUE,paddler,NA,Ryan Winslow,Winslow Ryan,Winterport,ME,USA,NA,NA,NA,NA
229713,2016,KENDUSKEAG,Downriver,Canoe,411,oc2shortbeg,5,TRUE,13345,1727,1488,1209,62,165,5,134,kenduskeag,TRUE,paddler,NA,Mark Eldridge,Eldridge Mark,Hampden,ME,USA,1,T,13345,NA
229713,2016,KENDUSKEAG,Downriver,Canoe,411,oc2shortbeg,5,TRUE,13345,1727,1488,1209,62,165,5,134,kenduskeag,TRUE,paddler,NA,Matt Haws,Haws Matt,Hampden,ME,USA,1,T,13345,NA
229370,2016,KENDUSKEAG,Downriver,Canoe,30,open,8,TRUE,13345,1728,1489,1210,90,166,8,135,kenduskeag,TRUE,paddler,sidawabe01,Ben Sidaway,Sidaway Ben,Dedham,ME,USA,1,T,13345,NA
229370,2016,KENDUSKEAG,Downriver,Canoe,30,open,8,TRUE,13345,1728,1489,1210,90,166,8,135,kenduskeag,TRUE,paddler,NA,Eilidh Sidaway,Sidaway Eilidh,Dedham,ME,USA,1,T,13345,NA
229370,2016,KENDUSKEAG,Downriver,Canoe,30,open,8,TRUE,13345,1728,1489,1210,90,166,8,135,kenduskeag,TRUE,paddler,NA,Jaymie Sidaway,Sidaway Jaymie,Dedham,ME,USA,1,T,13345,NA
258417,2019,KENDUSKEAG,Downriver,Canoe,384,oc2shortbeg,14,TRUE,13347,1729,240,184,14,240,14,184,kenduskeag2019,TRUE,paddler,NA,Will Koller,Koller Will,New Havenn,CT,USA,1,T,13347,NA
258417,2019,KENDUSKEAG,Downriver,Canoe,384,oc2shortbeg,14,TRUE,13347,1729,240,184,14,240,14,184,kenduskeag2019,TRUE,paddler,NA,Henry Loeffler,Loeffler Henry,Portland,ME,USA,1,T,13347,NA
229659,2016,KENDUSKEAG,Downriver,Canoe,349,oc2shortrec,8,TRUE,13365,1737,1497,1217,105,169,8,137,kenduskeag,TRUE,paddler,NA,Brian Allan,Allan Brian,Old Town,ME,USA,1,T,13365,NA
229659,2016,KENDUSKEAG,Downriver,Canoe,349,oc2shortrec,8,TRUE,13365,1737,1497,1217,105,169,8,137,kenduskeag,TRUE,paddler,NA,Erik Blomberg,Blomberg Erik,Old Town,ME,USA,1,T,13365,NA
219702,2015,KENDUSKEAG,Downriver,Kayak,150,k1rec,10,TRUE,13365,1738,1498,250,52,195,10,37,kenduskeag,TRUE,paddler,NA,Caleb Ford,Ford Caleb,Millinocket,ME,USA,1,T,13365,NA
424211,2023,KENDUSKEAG,Downriver,Canoe,264,oc2hs,13,TRUE,13366,1739,1499,1218,57,169,13,134,kenduskeag,TRUE,paddler,NA,Jack Karszes,Karszes Jack,Somers,CT,USA,NA,NA,NA,NA
424211,2023,KENDUSKEAG,Downriver,Canoe,264,oc2hs,13,TRUE,13366,1739,1499,1218,57,169,13,134,kenduskeag,TRUE,paddler,NA,Sam Teel,Teel Sam,Somers,CT,USA,NA,NA,NA,NA
249598,2018,KENDUSKEAG,Downriver,Canoe,417,oc2hs,16,TRUE,13366,1740,1500,1219,58,233,16,195,kenduskeag,TRUE,paddler,NA,Stephanie Anderson,Anderson Stephanie,Salem,NH,USA,1,T,13366,NA
249598,2018,KENDUSKEAG,Downriver,Canoe,417,oc2hs,16,TRUE,13366,1740,1500,1219,58,233,16,195,kenduskeag,TRUE,paddler,NA,Christina Leblanc,Leblanc Christina,WELLS,ME,USA,1,T,13366,NA
527864,2025,KENDUSKEAG,Downriver,Canoe,267,oc2shortrec,9,TRUE,13368,1741,1501,1220,106,166,9,131,kenduskeag,TRUE,paddler,NA,Josiah Harper,Harper Josiah,Madison,ME,USA,NA,NA,NA,NA
527864,2025,KENDUSKEAG,Downriver,Canoe,267,oc2shortrec,9,TRUE,13368,1741,1501,1220,106,166,9,131,kenduskeag,TRUE,paddler,NA,Luke Harper,Harper Luke,Newport,ME,USA,NA,NA,NA,NA
358628,2022,KENDUSKEAG,Downriver,Canoe,195,oc2mixrec,27,TRUE,13369,1742,1502,1221,138,192,27,156,kenduskeag,TRUE,paddler,NA,Bruce Cook,Cook Bruce,Brooks,ME,USA,NA,NA,NA,NA
358628,2022,KENDUSKEAG,Downriver,Canoe,195,oc2mixrec,27,TRUE,13369,1742,1502,1221,138,192,27,156,kenduskeag,TRUE,paddler,NA,Cassandra McDonald,McDonald Cassandra,Clinton,ME,USA,NA,NA,NA,NA
423914,2023,KENDUSKEAG,Downriver,Unknown,5,open,13,TRUE,13384,1745,1505,32,91,170,13,13,kenduskeag,TRUE,paddler,NA,Jacob Collupy,Collupy Jacob,Bridgeton,ME,USA,NA,NA,NA,NA
423914,2023,KENDUSKEAG,Downriver,Unknown,5,open,13,TRUE,13384,1745,1505,32,91,170,13,13,kenduskeag,TRUE,paddler,NA,Tyler Everett,Everett Tyler,West Baldwin,ME,USA,NA,NA,NA,NA
423914,2023,KENDUSKEAG,Downriver,Unknown,5,open,13,TRUE,13384,1745,1505,32,91,170,13,13,kenduskeag,TRUE,paddler,NA,Andrew Lee,Lee Andrew,Gorham,ME,USA,NA,NA,NA,NA
479056,2024,KENDUSKEAG,Downriver,Kayak,109,k1rec,4,TRUE,13385,1746,1506,252,53,117,4,20,kenduskeag,TRUE,paddler,olsonca01,Carl Olson,Olson Carl,Trenton,ME,USA,NA,NA,NA,NA
423915,2023,KENDUSKEAG,Downriver,Unknown,23,open,14,TRUE,13393,1749,1509,33,92,171,14,14,kenduskeag,TRUE,paddler,NA,Charlotte Begouen,Begouen Charlotte,Orono,ME,USA,NA,NA,NA,NA
423915,2023,KENDUSKEAG,Downriver,Unknown,23,open,14,TRUE,13393,1749,1509,33,92,171,14,14,kenduskeag,TRUE,paddler,NA,Alexis Merk,Merk Alexis,Orono,ME,USA,NA,NA,NA,NA
423915,2023,KENDUSKEAG,Downriver,Unknown,23,open,14,TRUE,13393,1749,1509,33,92,171,14,14,kenduskeag,TRUE,paddler,NA,Edgar Schnepp,Schnepp Edgar,Montreal,QC,CAN,NA,NA,NA,NA
229364,2016,KENDUSKEAG,Downriver,Canoe,24,open,9,TRUE,13394,1750,1510,1225,93,170,9,138,kenduskeag,TRUE,paddler,NA,Elizabeth Kenny,Kenny Elizabeth,Brunswick,ME,USA,1,T,13394,NA
229364,2016,KENDUSKEAG,Downriver,Canoe,24,open,9,TRUE,13394,1750,1510,1225,93,170,9,138,kenduskeag,TRUE,paddler,marshaha01,Hannah Marshall,Marshall Hannah,Brunswick,ME,USA,1,T,13394,NA
229364,2016,KENDUSKEAG,Downriver,Canoe,24,open,9,TRUE,13394,1750,1510,1225,93,170,9,138,kenduskeag,TRUE,paddler,NA,Bailey Moritz,Moritz Bailey,Brunswick,ME,USA,1,T,13394,NA
479276,2024,KENDUSKEAG,Downriver,Canoe,301,oc2hs,6,TRUE,13401,1752,1512,1227,59,118,6,95,kenduskeag,TRUE,paddler,NA,Carly Hayward,Hayward Carly,Bangor,ME,USA,NA,NA,NA,NA
479276,2024,KENDUSKEAG,Downriver,Canoe,301,oc2hs,6,TRUE,13401,1752,1512,1227,59,118,6,95,kenduskeag,TRUE,paddler,NA,Grace Litzenberger,Litzenberger Grace,Bethlehem,PA,USA,NA,NA,NA,NA
527865,2025,KENDUSKEAG,Downriver,Canoe,249,oc2shortrec,10,TRUE,13403,1753,1513,1228,107,169,10,134,kenduskeag,TRUE,paddler,NA,Michael Doucette,Doucette Michael,Glenburn,ME,USA,NA,NA,NA,NA
527865,2025,KENDUSKEAG,Downriver,Canoe,249,oc2shortrec,10,TRUE,13403,1753,1513,1228,107,169,10,134,kenduskeag,TRUE,paddler,NA,Nick Doucette,Doucette Nick,Glenburn,ME,USA,NA,NA,NA,NA
345964,2021,KENDUSKEAG,Downriver,Canoe,24,open,5,TRUE,13405,1754,1514,1229,94,34,5,27,kenduskeag,TRUE,paddler,NA,Lincoln Mazzei,Mazzei Lincoln,Bangor,ME,USA,NA,NA,NA,NA
345964,2021,KENDUSKEAG,Downriver,Canoe,24,open,5,TRUE,13405,1754,1514,1229,94,34,5,27,kenduskeag,TRUE,paddler,NA,Morgan Mazzei,Mazzei Morgan,Bangor,ME,USA,NA,NA,NA,NA
345964,2021,KENDUSKEAG,Downriver,Canoe,24,open,5,TRUE,13405,1754,1514,1229,94,34,5,27,kenduskeag,TRUE,paddler,NA,Andrea Oldenburg,Oldenburg Andrea,Bangor,ME,USA,NA,NA,NA,NA
345964,2021,KENDUSKEAG,Downriver,Canoe,24,open,5,TRUE,13405,1754,1514,1229,94,34,5,27,kenduskeag,TRUE,paddler,NA,Parke Oldenburg,Oldenburg Parke,Bangor,ME,USA,NA,NA,NA,NA
219628,2015,KENDUSKEAG,Downriver,Canoe,48,oc2short,7,TRUE,13405,1755,1515,1230,74,196,7,159,kenduskeag,TRUE,paddler,cyrke01,Kevin Cyr,Cyr Kevin,Dexter,ME,USA,1,T,13405,NA
219628,2015,KENDUSKEAG,Downriver,Canoe,48,oc2short,7,TRUE,13405,1755,1515,1230,74,196,7,159,kenduskeag,TRUE,paddler,NA,Chris Merchant,Merchant Chris,Kenduskeag,ME,USA,1,T,13405,NA
240285,2017,KENDUSKEAG,Downriver,Kayak,203,k1rec,8,TRUE,13408,1756,1516,253,54,233,8,41,kenduskeag,TRUE,paddler,NA,Glenn Gordon,Gordon Glenn,Hermon,ME,USA,1,T,13408,NA
345950,2021,KENDUSKEAG,Downriver,Kayak,326,k1short,4,TRUE,13411,1759,1519,254,84,35,4,8,kenduskeag,TRUE,paddler,baltesja01,Jay Baltes,Baltes Jay,Brunswick,ME,USA,NA,NA,NA,NA
229629,2016,KENDUSKEAG,Downriver,Canoe,316,oc2shortrec,9,TRUE,13411,1760,1520,1233,108,171,9,139,kenduskeag,TRUE,paddler,NA,Jack Wharton,Wharton Jack,Levant,ME,USA,1,T,13411,NA
229629,2016,KENDUSKEAG,Downriver,Canoe,316,oc2shortrec,9,TRUE,13411,1760,1520,1233,108,171,9,139,kenduskeag,TRUE,paddler,whitema01,David White,White David,Levant,ME,USA,1,T,13411,NA
358542,2022,KENDUSKEAG,Downriver,Kayak,96,k1short,8,TRUE,13425,1764,1524,256,85,195,8,27,kenduskeag,TRUE,paddler,NA,Matthew Thibodeau,Thibodeau Matthew,Exeter,ME,USA,NA,NA,NA,NA
219793,2015,KENDUSKEAG,Downriver,Canoe,259,oc2mediumrec,24,TRUE,13425,1765,1525,1236,104,198,24,161,kenduskeag,TRUE,paddler,NA,Eric Duncan,Duncan Eric,Bangor,ME,USA,1,T,13425,NA
219793,2015,KENDUSKEAG,Downriver,Canoe,259,oc2mediumrec,24,TRUE,13425,1765,1525,1236,104,198,24,161,kenduskeag,TRUE,paddler,halebe01,Benjamin Hale,Hale Benjamin,Orono,ME,USA,1,T,13425,NA
229773,2016,KENDUSKEAG,Downriver,Canoe,474,oc2mediumrec,20,TRUE,13426,1766,1526,1237,105,172,20,140,kenduskeag,TRUE,paddler,prattjo01,Joe Pratt,Pratt Joe,Bangor,ME,USA,1,T,13426,NA
229773,2016,KENDUSKEAG,Downriver,Canoe,474,oc2mediumrec,20,TRUE,13426,1766,1526,1237,105,172,20,140,kenduskeag,TRUE,paddler,NA,Jonathan Wood,Wood Jonathan,Hampden,ME,USA,1,T,13426,NA
229371,2016,KENDUSKEAG,Downriver,Canoe,31,open,10,TRUE,13426,1767,1527,1238,95,173,10,141,kenduskeag,TRUE,paddler,intronal01,Alex Introne,Introne Alex,Orono,ME,USA,1,T,13426,NA
229371,2016,KENDUSKEAG,Downriver,Canoe,31,open,10,TRUE,13426,1767,1527,1238,95,173,10,141,kenduskeag,TRUE,paddler,intronch01,Chris Introne,Introne Chris,Orono,ME,USA,1,T,13426,NA
229371,2016,KENDUSKEAG,Downriver,Canoe,31,open,10,TRUE,13426,1767,1527,1238,95,173,10,141,kenduskeag,TRUE,paddler,NA,Miles Pretlove,Pretlove Miles,Orono,ME,USA,1,T,13426,NA
424171,2023,KENDUSKEAG,Downriver,Canoe,241,oc2shortbeg,8,TRUE,13429,1768,1528,1239,63,173,8,136,kenduskeag,TRUE,paddler,NA,Edward Becker,Becker Edward,Caratunk,ME,USA,NA,NA,NA,NA
424171,2023,KENDUSKEAG,Downriver,Canoe,241,oc2shortbeg,8,TRUE,13429,1768,1528,1239,63,173,8,136,kenduskeag,TRUE,paddler,NA,River Muise,Muise River,Blue Hill,ME,USA,NA,NA,NA,NA
424212,2023,KENDUSKEAG,Downriver,Canoe,315,oc2hs,14,TRUE,13432,1769,1529,1240,60,174,14,137,kenduskeag,TRUE,paddler,NA,Bennett Peters,Peters Bennett,Bar Harbor,ME,USA,NA,NA,NA,NA
424212,2023,KENDUSKEAG,Downriver,Canoe,315,oc2hs,14,TRUE,13432,1769,1529,1240,60,174,14,137,kenduskeag,TRUE,paddler,NA,Shea Turner,Turner Shea,Bar Harbor,ME,USA,NA,NA,NA,NA
249547,2018,KENDUSKEAG,Downriver,Canoe,353,oc2shortrec,18,TRUE,13438,1770,1530,1241,109,235,18,197,kenduskeag,TRUE,paddler,NA,Michael Anderson,Anderson Michael,Corinth,ME,USA,1,T,13438,NA
249547,2018,KENDUSKEAG,Downriver,Canoe,353,oc2shortrec,18,TRUE,13438,1770,1530,1241,109,235,18,197,kenduskeag,TRUE,paddler,NA,Eric Goode,Goode Eric,Corinth,ME,USA,1,T,13438,NA
229701,2016,KENDUSKEAG,Downriver,Canoe,398,oc2shortbeg,6,TRUE,13442,1772,1532,1242,64,175,6,142,kenduskeag,TRUE,paddler,NA,Eddie Hughes,Hughes Eddie,Brunswick,ME,USA,1,T,13442,NA
229701,2016,KENDUSKEAG,Downriver,Canoe,398,oc2shortbeg,6,TRUE,13442,1772,1532,1242,64,175,6,142,kenduskeag,TRUE,paddler,NA,Charles Rackley,Rackley Charles,Bowdoin,ME,USA,1,T,13442,NA
258341,2019,KENDUSKEAG,Downriver,Canoe,277,oc2mediumrec,29,TRUE,13446,1773,241,185,29,241,29,185,kenduskeag2019,TRUE,paddler,NA,Brandon Moontri,Moontri Brandon,Brewer,ME,USA,1,T,13446,NA
258341,2019,KENDUSKEAG,Downriver,Canoe,277,oc2mediumrec,29,TRUE,13446,1773,241,185,29,241,29,185,kenduskeag2019,TRUE,paddler,tatarcry01,Ryan Tatarcyk,Tatarcyk Ryan,Bangor,ME,USA,1,T,13446,NA
249576,2018,KENDUSKEAG,Downriver,Canoe,390,oc2shortbeg,7,TRUE,13460,1778,1537,1246,65,237,7,198,kenduskeag,TRUE,paddler,NA,Raymond Valcourt,Valcourt Raymond,Bangor,ME,USA,1,T,13460,NA
249576,2018,KENDUSKEAG,Downriver,Canoe,390,oc2shortbeg,7,TRUE,13460,1778,1537,1246,65,237,7,198,kenduskeag,TRUE,paddler,NA,Vaughn York,York Vaughn,Levant,ME,USA,1,T,13460,NA
229650,2016,KENDUSKEAG,Downriver,Canoe,340,oc2shortrec,10,TRUE,13464,1780,1539,1248,110,178,10,145,kenduskeag,TRUE,paddler,NA,Alec Downs,Downs Alec,Brockton,ME,USA,1,T,13464,NA
229650,2016,KENDUSKEAG,Downriver,Canoe,340,oc2shortrec,10,TRUE,13464,1780,1539,1248,110,178,10,145,kenduskeag,TRUE,paddler,whiteta01,Tanner White,White Tanner,Baileyville,ME,USA,1,T,13464,NA
219638,2015,KENDUSKEAG,Downriver,Canoe,58,oc2short,8,TRUE,13468,1783,1542,1251,75,199,8,162,kenduskeag,TRUE,paddler,NA,Chris Leveris,Leveris Chris,Gilmanton,NH,USA,1,T,13468,NA
219638,2015,KENDUSKEAG,Downriver,Canoe,58,oc2short,8,TRUE,13468,1783,1542,1251,75,199,8,162,kenduskeag,TRUE,paddler,NA,Cole McCann,McCann Cole,Gilmanton,NH,USA,1,T,13468,NA
240417,2017,KENDUSKEAG,Downriver,Canoe,350,oc2mediumrec,32,TRUE,13471,1784,1543,1252,106,234,32,193,kenduskeag,TRUE,paddler,NA,Andrew Meagher,Meagher Andrew,Bangor,ME,USA,1,T,13471,NA
240417,2017,KENDUSKEAG,Downriver,Canoe,350,oc2mediumrec,32,TRUE,13471,1784,1543,1252,106,234,32,193,kenduskeag,TRUE,paddler,NA,Viral Patel,Patel Viral,Worcester,MA,USA,1,T,13471,NA
423990,2023,KENDUSKEAG,Downriver,Kayak,82,k1short,12,TRUE,13473,1785,1544,259,86,175,12,24,kenduskeag,TRUE,paddler,NA,River Khoriaty,Khoriaty River,Topsham,ME,USA,NA,NA,NA,NA
527624,2025,KENDUSKEAG,Downriver,Unknown,3,open,6,TRUE,13474,1786,1545,34,96,171,6,6,kenduskeag,TRUE,paddler,NA,Connor Alley,Alley Connor,Oakland,ME,USA,NA,NA,NA,NA
527624,2025,KENDUSKEAG,Downriver,Unknown,3,open,6,TRUE,13474,1786,1545,34,96,171,6,6,kenduskeag,TRUE,paddler,NA,Jonathan Hicks,Hicks Jonathan,Clinton,CT,USA,NA,NA,NA,NA
527624,2025,KENDUSKEAG,Downriver,Unknown,3,open,6,TRUE,13474,1786,1545,34,96,171,6,6,kenduskeag,TRUE,paddler,NA,Justin Pelletier,Pelletier Justin,Madawaska,ME,USA,NA,NA,NA,NA
249518,2018,KENDUSKEAG,Downriver,Canoe,322,oc2mediumrec,26,TRUE,13474,1787,1546,1253,107,239,26,200,kenduskeag,TRUE,paddler,NA,Luke Merrifield,Merrifield Luke,Gorham,ME,USA,1,T,13474,NA
249518,2018,KENDUSKEAG,Downriver,Canoe,322,oc2mediumrec,26,TRUE,13474,1787,1546,1253,107,239,26,200,kenduskeag,TRUE,paddler,NA,Nate Petersen,Petersen Nate,Gorham,ME,USA,1,T,13474,NA
240474,2017,KENDUSKEAG,Downriver,Canoe,422,oc2shortbeg,11,TRUE,13489,1791,1550,1257,66,235,11,194,kenduskeag,TRUE,paddler,NA,Wyatt Colby,Colby Wyatt,Southport,ME,USA,1,T,13489,NA
240474,2017,KENDUSKEAG,Downriver,Canoe,422,oc2shortbeg,11,TRUE,13489,1791,1550,1257,66,235,11,194,kenduskeag,TRUE,paddler,NA,Patrick Tyrving,Tyrving Patrick,Topsham,ME,USA,1,T,13489,NA
249260,2018,KENDUSKEAG,Downriver,Canoe,3,open,20,TRUE,13491,1792,1551,1258,97,240,20,201,kenduskeag,TRUE,paddler,NA,Jared Desantis,Desantis Jared,Yarmouth,ME,USA,1,T,13491,NA
249260,2018,KENDUSKEAG,Downriver,Canoe,3,open,20,TRUE,13491,1792,1551,1258,97,240,20,201,kenduskeag,TRUE,paddler,NA,Paul Mark Desantis,Desantis Paul Mark,Levant,ME,USA,1,T,13491,NA
249260,2018,KENDUSKEAG,Downriver,Canoe,3,open,20,TRUE,13491,1792,1551,1258,97,240,20,201,kenduskeag,TRUE,paddler,NA,Ryan Saucier,Saucier Ryan,Stillwater,ME,USA,1,T,13491,NA
249260,2018,KENDUSKEAG,Downriver,Canoe,3,open,20,TRUE,13491,1792,1551,1258,97,240,20,201,kenduskeag,TRUE,paddler,NA,Adam Yeo,Yeo Adam,Hermon,ME,USA,1,T,13491,NA
229564,2016,KENDUSKEAG,Downriver,Canoe,248,oc2mixrec,14,TRUE,13499,1793,1552,1259,139,180,14,147,kenduskeag,TRUE,paddler,NA,Maric Landry,Landry Maric,New Gloucester,ME,USA,1,T,13499,NA
229564,2016,KENDUSKEAG,Downriver,Canoe,248,oc2mixrec,14,TRUE,13499,1793,1552,1259,139,180,14,147,kenduskeag,TRUE,paddler,NA,Allison Quick,Quick Allison,Augusta,ME,USA,1,T,13499,NA
345870,2021,KENDUSKEAG,Downriver,Canoe,480,oc2mediumrec,6,TRUE,13514,1797,1556,1263,108,36,6,28,kenduskeag,TRUE,paddler,NA,Kevin Kotredes,Kotredes Kevin,Dedham,ME,USA,NA,NA,NA,NA
345870,2021,KENDUSKEAG,Downriver,Canoe,480,oc2mediumrec,6,TRUE,13514,1797,1556,1263,108,36,6,28,kenduskeag,TRUE,paddler,NA,Mike Kotredes,Kotredes Mike,Levant,ME,USA,NA,NA,NA,NA
527819,2025,KENDUSKEAG,Downriver,Canoe,199,oc2mixrec,21,TRUE,13514,1798,1557,1264,140,173,21,137,kenduskeag,TRUE,paddler,NA,Hannah Chavis,Chavis Hannah,Augusta,ME,USA,NA,NA,NA,NA
527819,2025,KENDUSKEAG,Downriver,Canoe,199,oc2mixrec,21,TRUE,13514,1798,1557,1264,140,173,21,137,kenduskeag,TRUE,paddler,NA,Justin Libby,Libby Justin,Augusta,ME,USA,NA,NA,NA,NA
479277,2024,KENDUSKEAG,Downriver,Canoe,298,oc2hs,7,TRUE,13515,1799,1558,1265,61,122,7,99,kenduskeag,TRUE,paddler,NA,Michael Frampton,Frampton Michael,Warren,ME,USA,NA,NA,NA,NA
479277,2024,KENDUSKEAG,Downriver,Canoe,298,oc2hs,7,TRUE,13515,1799,1558,1265,61,122,7,99,kenduskeag,TRUE,paddler,NA,Bence Rosenberg,Rosenberg Bence,Morristown,NJ,USA,NA,NA,NA,NA
527866,2025,KENDUSKEAG,Downriver,Canoe,251,oc2shortrec,11,TRUE,13516,1801,1560,1267,111,174,11,138,kenduskeag,TRUE,paddler,NA,Jacob Collupy,Collupy Jacob,Bridgton,ME,USA,NA,NA,NA,NA
527866,2025,KENDUSKEAG,Downriver,Canoe,251,oc2shortrec,11,TRUE,13516,1801,1560,1267,111,174,11,138,kenduskeag,TRUE,paddler,NA,Tyler Everett,Everett Tyler,West Baldwin,ME,USA,NA,NA,NA,NA
479183,2024,KENDUSKEAG,Downriver,Canoe,350,oc2shortrec,15,TRUE,13517,1802,1561,1268,112,123,15,100,kenduskeag,TRUE,paddler,NA,Arrian Stockdale,Stockdale Arrian,Bangor,ME,USA,NA,NA,NA,NA
479183,2024,KENDUSKEAG,Downriver,Canoe,350,oc2shortrec,15,TRUE,13517,1802,1561,1268,112,123,15,100,kenduskeag,TRUE,paddler,NA,Hunter Tzovarras,Tzovarras Hunter,Bangor,ME,USA,NA,NA,NA,NA
240370,2017,KENDUSKEAG,Downriver,Canoe,301,oc2mixrec,17,TRUE,13527,1804,1563,1270,141,238,17,197,kenduskeag,TRUE,paddler,NA,Mac Peters,Peters Mac,Nobleboro,ME,USA,1,T,13527,NA
240370,2017,KENDUSKEAG,Downriver,Canoe,301,oc2mixrec,17,TRUE,13527,1804,1563,1270,141,238,17,197,kenduskeag,TRUE,paddler,NA,Chris Sanchez,Sanchez Chris,Nobleboro,ME,USA,1,T,13527,NA
358664,2022,KENDUSKEAG,Downriver,Canoe,86,oc2rec,27,TRUE,13531,1805,1564,1271,81,198,27,160,kenduskeag,TRUE,paddler,NA,Chase Hanson,Hanson Chase,Bucksport,ME,USA,NA,NA,NA,NA
358664,2022,KENDUSKEAG,Downriver,Canoe,86,oc2rec,27,TRUE,13531,1805,1564,1271,81,198,27,160,kenduskeag,TRUE,paddler,NA,Cole Hanson,Hanson Cole,Bucksport,ME,USA,NA,NA,NA,NA
219606,2015,KENDUSKEAG,Downriver,Canoe,26,open,14,TRUE,13532,1806,1565,1272,98,201,14,164,kenduskeag,TRUE,paddler,NA,Dana Leland,Leland Dana,Alton,ME,USA,1,T,13532,NA
219606,2015,KENDUSKEAG,Downriver,Canoe,26,open,14,TRUE,13532,1806,1565,1272,98,201,14,164,kenduskeag,TRUE,paddler,NA,Adam Malenfant,Malenfant Adam,Milford,ME,USA,1,T,13532,NA
219606,2015,KENDUSKEAG,Downriver,Canoe,26,open,14,TRUE,13532,1806,1565,1272,98,201,14,164,kenduskeag,TRUE,paddler,NA,Brian Willey,Willey Brian,Milford,ME,USA,1,T,13532,NA
345871,2021,KENDUSKEAG,Downriver,Canoe,619,oc2mediumrec,7,TRUE,13534,1807,1566,1273,109,37,7,29,kenduskeag,TRUE,paddler,NA,Aaron Megquier,Megquier Aaron,Belfast,ME,USA,NA,NA,NA,NA
345871,2021,KENDUSKEAG,Downriver,Canoe,619,oc2mediumrec,7,TRUE,13534,1807,1566,1273,109,37,7,29,kenduskeag,TRUE,paddler,NA,Matthew Powers,Powers Matthew,Orono,ME,USA,NA,NA,NA,NA
229645,2016,KENDUSKEAG,Downriver,Canoe,335,oc2shortrec,11,TRUE,13535,1808,1567,1274,113,181,11,148,kenduskeag,TRUE,paddler,NA,Aaron Burgus,Burgus Aaron,Lamoine,ME,USA,1,T,13535,NA
229645,2016,KENDUSKEAG,Downriver,Canoe,335,oc2shortrec,11,TRUE,13535,1808,1567,1274,113,181,11,148,kenduskeag,TRUE,paddler,NA,Rob Hallett,Hallett Rob,Ellsworth,ME,USA,1,T,13535,NA
358629,2022,KENDUSKEAG,Downriver,Canoe,177,oc2mixrec,28,TRUE,13542,1810,1569,1275,142,199,28,161,kenduskeag,TRUE,paddler,NA,Isobel Curtis,Curtis Isobel,Portland,ME,USA,NA,NA,NA,NA
358629,2022,KENDUSKEAG,Downriver,Canoe,177,oc2mixrec,28,TRUE,13542,1810,1569,1275,142,199,28,161,kenduskeag,TRUE,paddler,NA,Nick Delprete,Delprete Nick,Portland,ME,USA,NA,NA,NA,NA
345911,2021,KENDUSKEAG,Downriver,Canoe,453,oc2short,7,TRUE,13543,1811,1570,1276,76,38,7,30,kenduskeag,TRUE,paddler,NA,Jennifer Adams,Adams Jennifer,Westport Island,ME,USA,NA,NA,NA,NA
345911,2021,KENDUSKEAG,Downriver,Canoe,453,oc2short,7,TRUE,13543,1811,1570,1276,76,38,7,30,kenduskeag,TRUE,paddler,marshaha01,Hannah Marshall,Marshall Hannah,Westport Island,ME,USA,NA,NA,NA,NA
527820,2025,KENDUSKEAG,Downriver,Canoe,212,oc2mixrec,22,TRUE,13543,1812,1571,1277,143,176,22,139,kenduskeag,TRUE,paddler,NA,Garrett Black,Black Garrett,Surry,ME,USA,NA,NA,NA,NA
527820,2025,KENDUSKEAG,Downriver,Canoe,212,oc2mixrec,22,TRUE,13543,1812,1571,1277,143,176,22,139,kenduskeag,TRUE,paddler,NA,Hazel Stark,Stark Hazel,Surry,ME,USA,NA,NA,NA,NA
229775,2016,KENDUSKEAG,Downriver,Canoe,476,oc2shortbeg,7,TRUE,13546,1813,1572,1278,67,182,7,149,kenduskeag,TRUE,paddler,NA,Christian Klaucke,Klaucke Christian,Auburn,MA,USA,1,T,13546,NA
229775,2016,KENDUSKEAG,Downriver,Canoe,476,oc2shortbeg,7,TRUE,13546,1813,1572,1278,67,182,7,149,kenduskeag,TRUE,paddler,NA,Andrew Meagher,Meagher Andrew,Bangor,ME,USA,1,T,13546,NA
478948,2024,KENDUSKEAG,Downriver,Unknown,5,open,4,TRUE,13555,1816,1575,35,99,124,4,4,kenduskeag,TRUE,paddler,NA,Angie Cousins,Cousins Angie,Glenburn,ME,USA,NA,NA,NA,NA
478948,2024,KENDUSKEAG,Downriver,Unknown,5,open,4,TRUE,13555,1816,1575,35,99,124,4,4,kenduskeag,TRUE,paddler,NA,Elijah Cousins,Cousins Elijah,Glenburn,ME,USA,NA,NA,NA,NA
478948,2024,KENDUSKEAG,Downriver,Unknown,5,open,4,TRUE,13555,1816,1575,35,99,124,4,4,kenduskeag,TRUE,paddler,cousinjo01,Joe Cousins,Cousins Joe,Glenburn,ME,USA,NA,NA,NA,NA
478948,2024,KENDUSKEAG,Downriver,Unknown,5,open,4,TRUE,13555,1816,1575,35,99,124,4,4,kenduskeag,TRUE,paddler,NA,Lily Cousins,Cousins Lily,Glenburn,ME,USA,NA,NA,NA,NA
358665,2022,KENDUSKEAG,Downriver,Canoe,205,oc2rec,28,TRUE,13561,1819,1578,1282,82,201,28,163,kenduskeag,TRUE,paddler,NA,Andy Peake,Peake Andy,Penobscot,ME,USA,NA,NA,NA,NA
358665,2022,KENDUSKEAG,Downriver,Canoe,205,oc2rec,28,TRUE,13561,1819,1578,1282,82,201,28,163,kenduskeag,TRUE,paddler,NA,Paul Schultz,Schultz Paul,Penobscot,ME,USA,NA,NA,NA,NA
358543,2022,KENDUSKEAG,Downriver,Kayak,88,k1short,9,TRUE,13565,1822,1581,262,87,202,9,28,kenduskeag,TRUE,paddler,NA,Emily Konopka,Konopka Emily,Milford,ME,USA,NA,NA,NA,NA
229404,2016,KENDUSKEAG,Downriver,Canoe,68,oc2short,13,TRUE,13571,1824,1583,1285,77,186,13,152,kenduskeag,TRUE,paddler,NA,Travis Cole,Cole Travis,Winterport,ME,USA,1,T,13571,NA
229404,2016,KENDUSKEAG,Downriver,Canoe,68,oc2short,13,TRUE,13571,1824,1583,1285,77,186,13,152,kenduskeag,TRUE,paddler,walkerbi01,Bill Walker,Walker Bill,Brewer,ME,USA,1,T,13571,NA
240412,2017,KENDUSKEAG,Downriver,Canoe,345,oc2mediumrec,33,TRUE,13572,1825,1584,1286,110,239,33,198,kenduskeag,TRUE,paddler,NA,Kyle Forsythe,Forsythe Kyle,Orono,ME,USA,1,T,13572,NA
240412,2017,KENDUSKEAG,Downriver,Canoe,345,oc2mediumrec,33,TRUE,13572,1825,1584,1286,110,239,33,198,kenduskeag,TRUE,paddler,NA,Tim Galllon,Galllon Tim,Orono,ME,USA,1,T,13572,NA
345951,2021,KENDUSKEAG,Downriver,Kayak,319,k1short,5,TRUE,13575,1827,1586,264,88,39,5,9,kenduskeag,TRUE,paddler,merrilla01,Larry Merrill,Merrill Larry,Orrington,ME,USA,NA,NA,NA,NA
358475,2022,KENDUSKEAG,Downriver,Unknown,20,open,12,TRUE,13580,1829,1588,36,100,203,12,12,kenduskeag,TRUE,paddler,NA,Jacob Collupy,Collupy Jacob,Bridgton,ME,USA,NA,NA,NA,NA
358475,2022,KENDUSKEAG,Downriver,Unknown,20,open,12,TRUE,13580,1829,1588,36,100,203,12,12,kenduskeag,TRUE,paddler,NA,Tyler Everett,Everett Tyler,Standish,ME,USA,NA,NA,NA,NA
358475,2022,KENDUSKEAG,Downriver,Unknown,20,open,12,TRUE,13580,1829,1588,36,100,203,12,12,kenduskeag,TRUE,paddler,NA,Andrew Lee,Lee Andrew,Waterboro,ME,USA,NA,NA,NA,NA
219590,2015,KENDUSKEAG,Downriver,Canoe,7,open,15,TRUE,13582,1831,1589,1289,101,202,15,165,kenduskeag,TRUE,paddler,stroutch01,Christopher Strout,Strout Christopher,Bar Harbor,ME,USA,1,T,13582,NA
358699,2022,KENDUSKEAG,Downriver,Canoe,261,oc2shortrec,19,TRUE,13585,1832,1590,1290,114,204,19,164,kenduskeag,TRUE,paddler,NA,Ben Rote,Rote Ben,Glenburn,ME,USA,NA,NA,NA,NA
358699,2022,KENDUSKEAG,Downriver,Canoe,261,oc2shortrec,19,TRUE,13585,1832,1590,1290,114,204,19,164,kenduskeag,TRUE,paddler,NA,Oliver Sheehan,Sheehan Oliver,Orland,ME,USA,NA,NA,NA,NA
358745,2022,KENDUSKEAG,Downriver,Canoe,292,oc2shortbeg,12,TRUE,13586,1833,1591,1291,68,205,12,165,kenduskeag,TRUE,paddler,NA,Benjamin Underhill,Underhill Benjamin,Corinth,ME,USA,NA,NA,NA,NA
358745,2022,KENDUSKEAG,Downriver,Canoe,292,oc2shortbeg,12,TRUE,13586,1833,1591,1291,68,205,12,165,kenduskeag,TRUE,paddler,NA,Morgan York,York Morgan,Prospect,ME,USA,NA,NA,NA,NA
219788,2015,KENDUSKEAG,Downriver,Canoe,254,oc2mediumrec,25,TRUE,13600,1837,1595,1294,111,203,25,166,kenduskeag,TRUE,paddler,NA,William Dunnigan IV,Dunnigan IV William,Newburyport,MA,USA,1,T,13600,NA
219788,2015,KENDUSKEAG,Downriver,Canoe,254,oc2mediumrec,25,TRUE,13600,1837,1595,1294,111,203,25,166,kenduskeag,TRUE,paddler,NA,Jonathan Skinner,Skinner Jonathan,Newburyport,MA,USA,1,T,13600,NA
345912,2021,KENDUSKEAG,Downriver,Canoe,456,oc2short,8,TRUE,13603,1838,1596,1295,78,40,8,31,kenduskeag,TRUE,paddler,NA,Sydney Kahl,Kahl Sydney,Waterville,ME,USA,NA,NA,NA,NA
345912,2021,KENDUSKEAG,Downriver,Canoe,456,oc2short,8,TRUE,13603,1838,1596,1295,78,40,8,31,kenduskeag,TRUE,paddler,NA,Phil Park,Park Phil,Waterville,ME,USA,NA,NA,NA,NA
423991,2023,KENDUSKEAG,Downriver,Kayak,300,k1short,13,TRUE,13607,1839,1597,266,89,176,13,25,kenduskeag,TRUE,paddler,NA,Andrew Pinkos,Pinkos Andrew,Winterport,ME,USA,NA,NA,NA,NA
219624,2015,KENDUSKEAG,Downriver,Canoe,44,oc2short,9,TRUE,13613,1842,1600,1298,79,204,9,167,kenduskeag,TRUE,paddler,NA,David Carter,Carter David,Orono,ME,USA,1,T,13613,NA
219624,2015,KENDUSKEAG,Downriver,Canoe,44,oc2short,9,TRUE,13613,1842,1600,1298,79,204,9,167,kenduskeag,TRUE,paddler,NA,Brian Nielson,Nielson Brian,Bangor,ME,USA,1,T,13613,NA
479116,2024,KENDUSKEAG,Downriver,Canoe,171,oc2mixrec,8,TRUE,13614,1843,1601,1299,144,125,8,101,kenduskeag,TRUE,paddler,NA,Oriana Farnham,Farnham Oriana,Westbrook,ME,USA,NA,NA,NA,NA
479116,2024,KENDUSKEAG,Downriver,Canoe,171,oc2mixrec,8,TRUE,13614,1843,1601,1299,144,125,8,101,kenduskeag,TRUE,paddler,NA,Jeremy Niles,Niles Jeremy,Westbrook,ME,USA,NA,NA,NA,NA
478949,2024,KENDUSKEAG,Downriver,Unknown,221,open,5,TRUE,13617,1844,1602,37,102,126,5,5,kenduskeag,TRUE,paddler,koehleka01,Karl Koehler,Koehler Karl,Orono,ME,USA,NA,NA,NA,NA
229347,2016,KENDUSKEAG,Downriver,Canoe,3,open,11,TRUE,13620,1847,1605,1302,103,189,11,155,kenduskeag,TRUE,paddler,NA,Hannah Day,Day Hannah,Milford,ME,USA,1,T,13620,NA
229347,2016,KENDUSKEAG,Downriver,Canoe,3,open,11,TRUE,13620,1847,1605,1302,103,189,11,155,kenduskeag,TRUE,paddler,dayto01,Toby Day,Day Toby,Milford,ME,USA,1,T,13620,NA
229347,2016,KENDUSKEAG,Downriver,Canoe,3,open,11,TRUE,13620,1847,1605,1302,103,189,11,155,kenduskeag,TRUE,paddler,doucetla01,Larry Doucette,Doucette Larry,Dummerston,VT,USA,1,T,13620,NA
229347,2016,KENDUSKEAG,Downriver,Canoe,3,open,11,TRUE,13620,1847,1605,1302,103,189,11,155,kenduskeag,TRUE,paddler,pelletda02,Dan Pelletier,Pelletier Dan,Alton,ME,USA,1,T,13620,NA
478950,2024,KENDUSKEAG,Downriver,Unknown,8,open,6,TRUE,13626,1849,1607,38,104,127,6,6,kenduskeag,TRUE,paddler,hallel01,Ellen Hall,Hall Ellen,Bangor,ME,USA,NA,NA,NA,NA
478950,2024,KENDUSKEAG,Downriver,Unknown,8,open,6,TRUE,13626,1849,1607,38,104,127,6,6,kenduskeag,TRUE,paddler,NA,Andrew Hersey,Hersey Andrew,Hampden,ME,USA,NA,NA,NA,NA
478950,2024,KENDUSKEAG,Downriver,Unknown,8,open,6,TRUE,13626,1849,1607,38,104,127,6,6,kenduskeag,TRUE,paddler,NA,Haley Lang,Lang Haley,Hanson,MA,USA,NA,NA,NA,NA
478950,2024,KENDUSKEAG,Downriver,Unknown,8,open,6,TRUE,13626,1849,1607,38,104,127,6,6,kenduskeag,TRUE,paddler,taylorer01,Eric Taylor,Taylor Eric,Bangor,ME,USA,NA,NA,NA,NA
240270,2017,KENDUSKEAG,Downriver,Kayak,176,k1short,20,TRUE,13628,1850,1608,267,90,240,20,42,kenduskeag,TRUE,paddler,NA,Alan Herrick,Herrick Alan,Sebago,ME,USA,1,T,13628,NA
423916,2023,KENDUSKEAG,Downriver,Unknown,295,open,15,TRUE,13632,1852,1610,39,105,178,15,15,kenduskeag,TRUE,paddler,NA,Johanna Burgason,Burgason Johanna,Ashford,CT,USA,NA,NA,NA,NA
423916,2023,KENDUSKEAG,Downriver,Unknown,295,open,15,TRUE,13632,1852,1610,39,105,178,15,15,kenduskeag,TRUE,paddler,NA,Katelyn Cross,Cross Katelyn,Ellsworth,ME,USA,NA,NA,NA,NA
423916,2023,KENDUSKEAG,Downriver,Unknown,295,open,15,TRUE,13632,1852,1610,39,105,178,15,15,kenduskeag,TRUE,paddler,NA,Colton McAtee,McAtee Colton,Castine,ME,USA,NA,NA,NA,NA
258441,2019,KENDUSKEAG,Downriver,Canoe,428,oc2mediumrec,30,TRUE,13639,1855,243,187,30,243,30,187,kenduskeag2019,TRUE,paddler,NA,Kevin Sheasgreen,Sheasgreen Kevin,Bangor,ME,USA,1,T,13639,NA
258441,2019,KENDUSKEAG,Downriver,Canoe,428,oc2mediumrec,30,TRUE,13639,1855,243,187,30,243,30,187,kenduskeag2019,TRUE,paddler,NA,Lorry Sheasgreen,Sheasgreen Lorry,Bangor,ME,USA,1,T,13639,NA
229641,2016,KENDUSKEAG,Downriver,Canoe,331,oc2shortrec,12,TRUE,13643,1856,1613,1307,115,192,12,158,kenduskeag,TRUE,paddler,NA,Christopher Mares,Mares Christopher,Orono,ME,USA,1,T,13643,NA
229641,2016,KENDUSKEAG,Downriver,Canoe,331,oc2shortrec,12,TRUE,13643,1856,1613,1307,115,192,12,158,kenduskeag,TRUE,paddler,NA,Carter Stone,Stone Carter,Orono,ME,USA,1,T,13643,NA
240267,2017,KENDUSKEAG,Downriver,Kayak,169,k1short,21,TRUE,13646,1858,1615,268,91,241,21,43,kenduskeag,TRUE,paddler,NA,Keith Herrick,Herrick Keith,West Gardiner,ME,USA,1,T,13646,NA
358630,2022,KENDUSKEAG,Downriver,Canoe,170,oc2mixrec,29,TRUE,13647,1859,1616,1309,145,207,29,167,kenduskeag,TRUE,paddler,NA,Gabriel McGinn,McGinn Gabriel,Portland,ME,USA,NA,NA,NA,NA
358630,2022,KENDUSKEAG,Downriver,Canoe,170,oc2mixrec,29,TRUE,13647,1859,1616,1309,145,207,29,167,kenduskeag,TRUE,paddler,NA,Eileen O'Shea,O'Shea Eileen,Portland,ME,USA,NA,NA,NA,NA
240268,2017,KENDUSKEAG,Downriver,Kayak,170,k1short,22,TRUE,13652,1860,1617,269,92,242,22,44,kenduskeag,TRUE,paddler,NA,Arnold Herrick,Herrick Arnold,Westbrook,ME,USA,1,T,13652,NA
358631,2022,KENDUSKEAG,Downriver,Canoe,167,oc2mixrec,30,TRUE,13652,1861,1618,1310,146,208,30,168,kenduskeag,TRUE,paddler,NA,Russell Broad,Broad Russell,Corinith,ME,USA,NA,NA,NA,NA
358631,2022,KENDUSKEAG,Downriver,Canoe,167,oc2mixrec,30,TRUE,13652,1861,1618,1310,146,208,30,168,kenduskeag,TRUE,paddler,NA,Terri Lynn Fowler,Fowler Terri Lynn,Corinth,ME,USA,NA,NA,NA,NA
424072,2023,KENDUSKEAG,Downriver,Canoe,138,oc2mixrec,23,TRUE,13655,1862,1619,1311,147,179,23,139,kenduskeag,TRUE,paddler,NA,Hannah Chavis,Chavis Hannah,Augusta,ME,USA,NA,NA,NA,NA
424072,2023,KENDUSKEAG,Downriver,Canoe,138,oc2mixrec,23,TRUE,13655,1862,1619,1311,147,179,23,139,kenduskeag,TRUE,paddler,NA,Justin Libby,Libby Justin,Augusta,ME,USA,NA,NA,NA,NA
229658,2016,KENDUSKEAG,Downriver,Canoe,348,oc2shortrec,13,TRUE,13664,1866,1623,1313,116,194,13,160,kenduskeag,TRUE,paddler,NA,Jon Keating,Keating Jon,Auburn,ME,USA,1,T,13664,NA
229658,2016,KENDUSKEAG,Downriver,Canoe,348,oc2shortrec,13,TRUE,13664,1866,1623,1313,116,194,13,160,kenduskeag,TRUE,paddler,walshma01,Matt Walsh,Walsh Matt,Greene,ME,USA,1,T,13664,NA
527705,2025,KENDUSKEAG,Downriver,Kayak,92,k1short,9,TRUE,13668,1867,1624,272,93,180,9,32,kenduskeag,TRUE,paddler,NA,Mike Russo,Russo Mike,Cleveland,OH,USA,NA,NA,NA,NA
258382,2019,KENDUSKEAG,Downriver,Canoe,327,oc2shortrec,20,TRUE,13669,1868,244,188,20,244,20,188,kenduskeag2019,TRUE,paddler,NA,Aaron Chesler,Chesler Aaron,Orono,ME,USA,1,T,13669,NA
258382,2019,KENDUSKEAG,Downriver,Canoe,327,oc2shortrec,20,TRUE,13669,1868,244,188,20,244,20,188,kenduskeag2019,TRUE,paddler,NA,Jesse Walters,Walters Jesse,Orono,ME,USA,1,T,13669,NA
219694,2015,KENDUSKEAG,Downriver,Kayak,138,k1rec,11,TRUE,13674,1869,1625,273,55,207,11,38,kenduskeag,TRUE,paddler,jonesto01,Thomas Jones,Jones Thomas,Stonington,ME,USA,1,T,13674,NA
423992,2023,KENDUSKEAG,Downriver,Kayak,83,k1short,14,TRUE,13695,1873,1629,274,94,182,14,27,kenduskeag,TRUE,paddler,NA,Jeremy Drews,Drews Jeremy,Bangor,ME,USA,NA,NA,NA,NA
229780,2016,KENDUSKEAG,Downriver,Canoe,484,open,12,TRUE,13696,1874,1630,1317,106,195,12,161,kenduskeag,TRUE,paddler,NA,Aaron,Aaron,Newport,ME,USA,1,T,13696,Northwoods RR
229780,2016,KENDUSKEAG,Downriver,Canoe,484,open,12,TRUE,13696,1874,1630,1317,106,195,12,161,kenduskeag,TRUE,paddler,NA,Joseph,Joseph,Newport,ME,USA,1,T,13696,Northwoods RR
229780,2016,KENDUSKEAG,Downriver,Canoe,484,open,12,TRUE,13696,1874,1630,1317,106,195,12,161,kenduskeag,TRUE,paddler,NA,Skyler,Skyler,Newport,ME,USA,1,T,13696,Northwoods RR
229574,2016,KENDUSKEAG,Downriver,Canoe,260,oc2mixrec,15,TRUE,13703,1876,1632,1319,148,196,15,162,kenduskeag,TRUE,paddler,NA,Sarah Ebel,Ebel Sarah,Orono,ME,USA,1,T,13703,NA
229574,2016,KENDUSKEAG,Downriver,Canoe,260,oc2mixrec,15,TRUE,13703,1876,1632,1319,148,196,15,162,kenduskeag,TRUE,paddler,NA,Wesley Norton,Norton Wesley,Deer Isle,ME,USA,1,T,13703,NA
219759,2015,KENDUSKEAG,Downriver,Canoe,218,oc2mixrec,17,TRUE,13706,1877,1633,1320,149,209,17,171,kenduskeag,TRUE,paddler,evanssh01,Shawn Evans,Evans Shawn,Orland,ME,USA,1,T,13706,NA
219759,2015,KENDUSKEAG,Downriver,Canoe,218,oc2mixrec,17,TRUE,13706,1877,1633,1320,149,209,17,171,kenduskeag,TRUE,paddler,NA,Lauren Nason,Nason Lauren,Carmel,ME,USA,1,T,13706,NA
219596,2015,KENDUSKEAG,Downriver,Canoe,15,open,16,TRUE,13709,1881,1637,1324,107,210,16,172,kenduskeag,TRUE,paddler,intronal01,Alex Introne,Introne Alex,Orono,ME,USA,1,T,13709,NA
219596,2015,KENDUSKEAG,Downriver,Canoe,15,open,16,TRUE,13709,1881,1637,1324,107,210,16,172,kenduskeag,TRUE,paddler,NA,Miles Pretlove,Pretlove Miles,Orono,ME,USA,1,T,13709,NA
219596,2015,KENDUSKEAG,Downriver,Canoe,15,open,16,TRUE,13709,1881,1637,1324,107,210,16,172,kenduskeag,TRUE,paddler,NA,Paul Stavrou,Stavrou Paul,Orono,ME,USA,1,T,13709,NA
358666,2022,KENDUSKEAG,Downriver,Canoe,200,oc2rec,29,TRUE,13711,1882,1638,1325,83,211,29,171,kenduskeag,TRUE,paddler,NA,Todd Daloz,Daloz Todd,Middlesex,VT,USA,NA,NA,NA,NA
358666,2022,KENDUSKEAG,Downriver,Canoe,200,oc2rec,29,TRUE,13711,1882,1638,1325,83,211,29,171,kenduskeag,TRUE,paddler,NA,Tim Waring,Waring Tim,Orono,ME,USA,NA,NA,NA,NA
479278,2024,KENDUSKEAG,Downriver,Canoe,290,oc2hs,8,TRUE,13715,1883,1639,1326,62,130,8,103,kenduskeag,TRUE,paddler,NA,Nick Leavitt,Leavitt Nick,Orono,ME,USA,NA,NA,NA,NA
479278,2024,KENDUSKEAG,Downriver,Canoe,290,oc2hs,8,TRUE,13715,1883,1639,1326,62,130,8,103,kenduskeag,TRUE,paddler,NA,Samuel Robinson,Robinson Samuel,Orono,ME,USA,NA,NA,NA,NA
219840,2015,KENDUSKEAG,Downriver,Canoe,314,oc2shortbeg,11,TRUE,13725,1885,1641,1328,69,211,11,173,kenduskeag,TRUE,paddler,NA,Caleb RumneyBlake,RumneyBlake Caleb,Searsport,ME,USA,1,T,13725,NA
358746,2022,KENDUSKEAG,Downriver,Canoe,297,oc2shortbeg,13,TRUE,13726,1886,1642,1329,70,212,13,172,kenduskeag,TRUE,paddler,NA,William Delano,Delano William,Brooklin,ME,USA,NA,NA,NA,NA
358746,2022,KENDUSKEAG,Downriver,Canoe,297,oc2shortbeg,13,TRUE,13726,1886,1642,1329,70,212,13,172,kenduskeag,TRUE,paddler,NA,Torben Johnson,Johnson Torben,Belfast,ME,USA,NA,NA,NA,NA
345965,2021,KENDUSKEAG,Downriver,Canoe,12,open,6,TRUE,13729,1887,1643,1330,108,42,6,33,kenduskeag,TRUE,paddler,brooksra01,Rachel Brooks,Brooks Rachel,Clifton,ME,USA,NA,NA,NA,NA
345965,2021,KENDUSKEAG,Downriver,Canoe,12,open,6,TRUE,13729,1887,1643,1330,108,42,6,33,kenduskeag,TRUE,paddler,brooksti01,Tim Brooks,Brooks Tim,Clifton,ME,USA,NA,NA,NA,NA
345965,2021,KENDUSKEAG,Downriver,Canoe,12,open,6,TRUE,13729,1887,1643,1330,108,42,6,33,kenduskeag,TRUE,paddler,NA,Joanna Howell,Howell Joanna,Newport,ME,USA,NA,NA,NA,NA
258262,2019,KENDUSKEAG,Downriver,Kayak,174,k1rec,13,TRUE,13729,1888,245,40,13,245,13,40,kenduskeag2019,TRUE,paddler,NA,Nicole Duncan,Duncan Nicole,Bangor,ME,USA,1,T,13729,NA
229579,2016,KENDUSKEAG,Downriver,Canoe,265,oc2mixrec,16,TRUE,13730,1889,1644,1331,150,197,16,163,kenduskeag,TRUE,paddler,NA,Annie Boucher,Boucher Annie,Orono,ME,USA,1,T,13730,NA
229579,2016,KENDUSKEAG,Downriver,Canoe,265,oc2mixrec,16,TRUE,13730,1889,1644,1331,150,197,16,163,kenduskeag,TRUE,paddler,NA,Jonathan Watson,Watson Jonathan,Old Town,ME,USA,1,T,13730,NA
527821,2025,KENDUSKEAG,Downriver,Canoe,350,oc2mixrec,23,TRUE,13732,1890,1645,1332,151,182,23,144,kenduskeag,TRUE,paddler,NA,Thomas Emerson,Emerson Thomas,Bedford,NH,USA,NA,NA,NA,NA
527821,2025,KENDUSKEAG,Downriver,Canoe,350,oc2mixrec,23,TRUE,13732,1890,1645,1332,151,182,23,144,kenduskeag,TRUE,paddler,NA,Emily Grudzein,Grudzein Emily,Bedford,NH,USA,NA,NA,NA,NA
249477,2018,KENDUSKEAG,Downriver,Canoe,271,oc2mixrec,18,TRUE,13736,1891,1646,1333,152,247,18,206,kenduskeag,TRUE,paddler,NA,Megan Bailey,Bailey Megan,Northeast Harbor,ME,USA,1,T,13736,NA
249477,2018,KENDUSKEAG,Downriver,Canoe,271,oc2mixrec,18,TRUE,13736,1891,1646,1333,152,247,18,206,kenduskeag,TRUE,paddler,baileymi01,Michael Bailey,Bailey Michael,Northeast Harbor,ME,USA,1,T,13736,NA
527822,2025,KENDUSKEAG,Downriver,Canoe,200,oc2mixrec,24,TRUE,13737,1892,1647,1334,153,183,24,145,kenduskeag,TRUE,paddler,NA,Jason Lilley,Lilley Jason,Bowdoinham,ME,USA,NA,NA,NA,NA
527822,2025,KENDUSKEAG,Downriver,Canoe,200,oc2mixrec,24,TRUE,13737,1892,1647,1334,153,183,24,145,kenduskeag,TRUE,paddler,NA,Dani Scherer,Scherer Dani,Bowdoinham,ME,USA,NA,NA,NA,NA
424172,2023,KENDUSKEAG,Downriver,Canoe,239,oc2shortbeg,9,TRUE,13744,1893,1648,1335,71,184,9,142,kenduskeag,TRUE,paddler,NA,Carl Pellerin,Pellerin Carl,Dayton,ME,USA,NA,NA,NA,NA
424172,2023,KENDUSKEAG,Downriver,Canoe,239,oc2shortbeg,9,TRUE,13744,1893,1648,1335,71,184,9,142,kenduskeag,TRUE,paddler,NA,Gideon Wheeler,Wheeler Gideon,Bowdoin,ME,USA,NA,NA,NA,NA
527728,2025,KENDUSKEAG,Downriver,Kayak,119,k1rec,7,TRUE,13748,1894,1649,275,56,184,7,33,kenduskeag,TRUE,paddler,NA,Josh Ivey,Ivey Josh,Corinith,ME,USA,NA,NA,NA,NA
240353,2017,KENDUSKEAG,Downriver,Canoe,282,oc2mixrec,18,TRUE,13752,1895,1650,1336,154,243,18,199,kenduskeag,TRUE,paddler,NA,Toby Reckards,Reckards Toby,Rockwood,ME,USA,1,T,13752,NA
240353,2017,KENDUSKEAG,Downriver,Canoe,282,oc2mixrec,18,TRUE,13752,1895,1650,1336,154,243,18,199,kenduskeag,TRUE,paddler,NA,Katie Yakubowski,Yakubowski Katie,Greenville,ME,USA,1,T,13752,NA
358764,2022,KENDUSKEAG,Downriver,Canoe,311,oc2hs,10,TRUE,13753,1896,1651,1337,63,213,10,173,kenduskeag,TRUE,paddler,NA,Julia Hills,Hills Julia,Orono,ME,USA,NA,NA,NA,NA
358764,2022,KENDUSKEAG,Downriver,Canoe,311,oc2hs,10,TRUE,13753,1896,1651,1337,63,213,10,173,kenduskeag,TRUE,paddler,NA,Megan Keast,Keast Megan,Orono,ME,USA,NA,NA,NA,NA
358562,2022,KENDUSKEAG,Downriver,Kayak,109,k1rec,7,TRUE,13753,1897,1652,276,57,214,7,29,kenduskeag,TRUE,paddler,NA,Michael Doucette,Doucette Michael,Glenburn,ME,USA,NA,NA,NA,NA
527674,2025,KENDUSKEAG,Downriver,Canoe,60,oc2short,9,TRUE,13755,1899,1654,1339,80,185,9,146,kenduskeag,TRUE,paddler,NA,Zebadiah Raszmann,Raszmann Zebadiah,Harpswell,ME,USA,NA,NA,NA,NA
527674,2025,KENDUSKEAG,Downriver,Canoe,60,oc2short,9,TRUE,13755,1899,1654,1339,80,185,9,146,kenduskeag,TRUE,paddler,NA,Daniel Whitmore,Whitmore Daniel,Cape Elizabeth,ME,USA,NA,NA,NA,NA
229453,2016,KENDUSKEAG,Downriver,Kayak,121,k1short,7,TRUE,13755,1900,1655,277,95,198,7,35,kenduskeag,TRUE,paddler,kallocli01,Liam Kalloch,Kalloch Liam,South Portland,ME,USA,1,T,13755,NA
240415,2017,KENDUSKEAG,Downriver,Canoe,348,oc2mediumrec,34,TRUE,13758,1901,1656,1340,112,244,34,200,kenduskeag,TRUE,paddler,NA,Kevin Lane,Lane Kevin,Nobleboro,ME,USA,1,T,13758,NA
240415,2017,KENDUSKEAG,Downriver,Canoe,348,oc2mediumrec,34,TRUE,13758,1901,1656,1340,112,244,34,200,kenduskeag,TRUE,paddler,NA,Drew Schmid,Schmid Drew,Nobleboro,ME,USA,1,T,13758,NA
527625,2025,KENDUSKEAG,Downriver,Unknown,4,open,7,TRUE,13765,1902,1657,40,109,186,7,7,kenduskeag,TRUE,paddler,NA,Anna Bateman,Bateman Anna,Hermon,ME,USA,NA,NA,NA,NA
527625,2025,KENDUSKEAG,Downriver,Unknown,4,open,7,TRUE,13765,1902,1657,40,109,186,7,7,kenduskeag,TRUE,paddler,NA,Mack Bateman,Bateman Mack,Hermon,ME,USA,NA,NA,NA,NA
527625,2025,KENDUSKEAG,Downriver,Unknown,4,open,7,TRUE,13765,1902,1657,40,109,186,7,7,kenduskeag,TRUE,paddler,NA,Rex Bateman,Bateman Rex,Hermon,ME,USA,NA,NA,NA,NA
345913,2021,KENDUSKEAG,Downriver,Canoe,347,oc2short,9,TRUE,13769,1903,1658,1341,81,44,9,35,kenduskeag,TRUE,paddler,NA,Matthew Entwistle,Entwistle Matthew,Berwick,ME,USA,NA,NA,NA,NA
345913,2021,KENDUSKEAG,Downriver,Canoe,347,oc2short,9,TRUE,13769,1903,1658,1341,81,44,9,35,kenduskeag,TRUE,paddler,NA,Joseph Gattozzi,Gattozzi Joseph,Berwick,ME,USA,NA,NA,NA,NA
249614,2018,KENDUSKEAG,Downriver,Kayak,437,k1rec,9,TRUE,13774,1904,1659,278,58,248,9,42,kenduskeag,TRUE,paddler,NA,Enest Linders,Linders Enest,Aurora,ME,USA,1,T,13774,NA
258202,2019,KENDUSKEAG,Downriver,Canoe,78,oc2short,10,TRUE,13774,1905,246,189,10,246,10,189,kenduskeag2019,TRUE,paddler,NA,Andrew Bell,Bell Andrew,Corinth,ME,USA,1,T,13774,NA
258202,2019,KENDUSKEAG,Downriver,Canoe,78,oc2short,10,TRUE,13774,1905,246,189,10,246,10,189,kenduskeag2019,TRUE,paddler,NA,Chris Bither,Bither Chris,Sebec,ME,USA,1,T,13774,NA
258201,2019,KENDUSKEAG,Downriver,Canoe,76,oc2short,11,TRUE,13781,1906,247,190,11,247,11,190,kenduskeag2019,TRUE,paddler,NA,Thomas Bender,Bender Thomas,Levant,ME,USA,1,T,13781,NA
258201,2019,KENDUSKEAG,Downriver,Canoe,76,oc2short,11,TRUE,13781,1906,247,190,11,247,11,190,kenduskeag2019,TRUE,paddler,NA,Brandon DuGay,DuGay Brandon,Dedham,ME,USA,1,T,13781,NA
249521,2018,KENDUSKEAG,Downriver,Canoe,326,oc2shortrec,19,TRUE,13782,1907,1660,1342,117,249,19,207,kenduskeag,TRUE,paddler,NA,John McCloskey,McCloskey John,Greenlaw,NY,USA,1,T,13782,NA
249521,2018,KENDUSKEAG,Downriver,Canoe,326,oc2shortrec,19,TRUE,13782,1907,1660,1342,117,249,19,207,kenduskeag,TRUE,paddler,NA,Kevin Sheasgreen,Sheasgreen Kevin,Bangor,ME,USA,1,T,13782,NA
345872,2021,KENDUSKEAG,Downriver,Canoe,640,oc2mediumrec,8,TRUE,13787,1909,1662,1343,113,45,8,36,kenduskeag,TRUE,paddler,NA,David Kerns,Kerns David,Ellsworth,ME,USA,NA,NA,NA,NA
345872,2021,KENDUSKEAG,Downriver,Canoe,640,oc2mediumrec,8,TRUE,13787,1909,1662,1343,113,45,8,36,kenduskeag,TRUE,paddler,NA,Eric McLaughlin,McLaughlin Eric,Columbia Falls,ME,USA,NA,NA,NA,NA
479184,2024,KENDUSKEAG,Downriver,Canoe,227,oc2shortrec,16,TRUE,13787,1911,1664,1345,118,131,16,104,kenduskeag,TRUE,paddler,NA,Aaron Brunnelle,Brunnelle Aaron,Winslow,ME,USA,NA,NA,NA,NA
479184,2024,KENDUSKEAG,Downriver,Canoe,227,oc2shortrec,16,TRUE,13787,1911,1664,1345,118,131,16,104,kenduskeag,TRUE,paddler,NA,Nick Irving,Irving Nick,Waterville,ME,USA,NA,NA,NA,NA
249571,2018,KENDUSKEAG,Downriver,Canoe,380,oc2shortbeg,8,TRUE,13789,1912,1665,1346,72,251,8,208,kenduskeag,TRUE,paddler,NA,Adam Hood,Hood Adam,Portsmouth,NH,USA,1,T,13789,NA
249571,2018,KENDUSKEAG,Downriver,Canoe,380,oc2shortbeg,8,TRUE,13789,1912,1665,1346,72,251,8,208,kenduskeag,TRUE,paddler,NA,Kurt Hood,Hood Kurt,Portsmouth,NH,USA,1,T,13789,NA
358667,2022,KENDUSKEAG,Downriver,Canoe,220,oc2rec,30,TRUE,13792,1913,1666,1347,84,216,30,175,kenduskeag,TRUE,paddler,NA,Justin Lewis,Lewis Justin,Eddington,ME,USA,NA,NA,NA,NA
358667,2022,KENDUSKEAG,Downriver,Canoe,220,oc2rec,30,TRUE,13792,1913,1666,1347,84,216,30,175,kenduskeag,TRUE,paddler,NA,Adam Thibodeau,Thibodeau Adam,Hampden,ME,USA,NA,NA,NA,NA
229644,2016,KENDUSKEAG,Downriver,Canoe,334,oc2shortrec,14,TRUE,13793,1914,1667,1348,119,199,14,164,kenduskeag,TRUE,paddler,NA,Erik Higgins,Higgins Erik,Portland,ME,USA,1,T,13793,NA
229644,2016,KENDUSKEAG,Downriver,Canoe,334,oc2shortrec,14,TRUE,13793,1914,1667,1348,119,199,14,164,kenduskeag,TRUE,paddler,NA,Shawn Higgins,Higgins Shawn,Bangor,ME,USA,1,T,13793,NA
258384,2019,KENDUSKEAG,Downriver,Canoe,331,oc2shortrec,21,TRUE,13793,1915,248,191,21,248,21,191,kenduskeag2019,TRUE,paddler,NA,Jon Seymour,Seymour Jon,Hermon,ME,USA,1,T,13793,NA
258384,2019,KENDUSKEAG,Downriver,Canoe,331,oc2shortrec,21,TRUE,13793,1915,248,191,21,248,21,191,kenduskeag2019,TRUE,paddler,wagnerma01,Matthew Wagner,Wagner Matthew,Hampden,ME,USA,1,T,13793,NA
345966,2021,KENDUSKEAG,Downriver,Canoe,2,open,7,TRUE,13803,1917,1669,1350,110,46,7,37,kenduskeag,TRUE,paddler,NA,Elijah Adams,Adams Elijah,Glenburn,ME,USA,NA,NA,NA,NA
345966,2021,KENDUSKEAG,Downriver,Canoe,2,open,7,TRUE,13803,1917,1669,1350,110,46,7,37,kenduskeag,TRUE,paddler,NA,Rick Adams,Adams Rick,Corinth,ME,USA,NA,NA,NA,NA
345966,2021,KENDUSKEAG,Downriver,Canoe,2,open,7,TRUE,13803,1917,1669,1350,110,46,7,37,kenduskeag,TRUE,paddler,martinbo01,Bob Martin,Martin Bob,Dedham,ME,USA,NA,NA,NA,NA
345966,2021,KENDUSKEAG,Downriver,Canoe,2,open,7,TRUE,13803,1917,1669,1350,110,46,7,37,kenduskeag,TRUE,paddler,wescotte01,Terry Wescott,Wescott Terry,Thorndike,ME,USA,NA,NA,NA,NA
479185,2024,KENDUSKEAG,Downriver,Canoe,228,oc2shortrec,17,TRUE,13806,1918,1670,1351,120,132,17,105,kenduskeag,TRUE,paddler,NA,Zach Boss,Boss Zach,Hampden,ME,USA,NA,NA,NA,NA
479185,2024,KENDUSKEAG,Downriver,Canoe,228,oc2shortrec,17,TRUE,13806,1918,1670,1351,120,132,17,105,kenduskeag,TRUE,paddler,NA,Alex Marsh,Marsh Alex,Hermon,ME,USA,NA,NA,NA,NA
345873,2021,KENDUSKEAG,Downriver,Canoe,633,oc2mediumrec,9,TRUE,13807,1919,1671,1352,114,47,9,38,kenduskeag,TRUE,paddler,NA,Alice Hotopp,Hotopp Alice,Orono,ME,USA,NA,NA,NA,NA
345873,2021,KENDUSKEAG,Downriver,Canoe,633,oc2mediumrec,9,TRUE,13807,1919,1671,1352,114,47,9,38,kenduskeag,TRUE,paddler,NA,Elliot Johnston,Johnston Elliot,Orono,ME,USA,NA,NA,NA,NA
249404,2018,KENDUSKEAG,Downriver,Kayak,189,k1rec,10,TRUE,13807,1920,1672,280,59,252,10,44,kenduskeag,TRUE,paddler,NA,Jason Deering,Deering Jason,Hollis Center,ME,USA,1,T,13807,NA
527823,2025,KENDUSKEAG,Downriver,Canoe,208,oc2mixrec,25,TRUE,13808,1922,1674,1354,155,188,25,148,kenduskeag,TRUE,paddler,NA,Amanda Campbell,Campbell Amanda,Chebeague Island,ME,USA,NA,NA,NA,NA
527823,2025,KENDUSKEAG,Downriver,Canoe,208,oc2mixrec,25,TRUE,13808,1922,1674,1354,155,188,25,148,kenduskeag,TRUE,paddler,NA,Jason Phippen,Phippen Jason,Yarmouth,ME,USA,NA,NA,NA,NA
240154,2017,KENDUSKEAG,Downriver,Canoe,22,open,16,TRUE,13809,1923,1675,1355,111,245,16,201,kenduskeag,TRUE,paddler,NA,Jennifer Keyser,Keyser Jennifer,Andover,NH,USA,1,T,13809,NA
240154,2017,KENDUSKEAG,Downriver,Canoe,22,open,16,TRUE,13809,1923,1675,1355,111,245,16,201,kenduskeag,TRUE,paddler,NA,Ashley Kuplin,Kuplin Ashley,Alexandria,NH,USA,1,T,13809,NA
240154,2017,KENDUSKEAG,Downriver,Canoe,22,open,16,TRUE,13809,1923,1675,1355,111,245,16,201,kenduskeag,TRUE,paddler,NA,Katie Tuttle,Tuttle Katie,Bristol,NH,USA,1,T,13809,NA
479186,2024,KENDUSKEAG,Downriver,Canoe,215,oc2shortrec,18,TRUE,13814,1925,1677,1357,121,133,18,106,kenduskeag,TRUE,paddler,NA,Luke Barbour,Barbour Luke,Durham,ME,USA,NA,NA,NA,NA
479186,2024,KENDUSKEAG,Downriver,Canoe,215,oc2shortrec,18,TRUE,13814,1925,1677,1357,121,133,18,106,kenduskeag,TRUE,paddler,NA,Angus Rose,Rose Angus,Portland,ME,USA,NA,NA,NA,NA
249494,2018,KENDUSKEAG,Downriver,Canoe,291,oc2mediumrec,27,TRUE,13818,1926,1678,1358,115,253,27,209,kenduskeag,TRUE,paddler,NA,Tim King,King Tim,Bangor,ME,USA,1,T,13818,NA
249494,2018,KENDUSKEAG,Downriver,Canoe,291,oc2mediumrec,27,TRUE,13818,1926,1678,1358,115,253,27,209,kenduskeag,TRUE,paddler,NA,Reg Rulin,Rulin Reg,Bangor,ME,USA,1,T,13818,NA
249485,2018,KENDUSKEAG,Downriver,Canoe,282,oc2mixrec,19,TRUE,13827,1927,1679,1359,156,254,19,210,kenduskeag,TRUE,paddler,NA,Peter Gerard,Gerard Peter,Windham,ME,USA,1,T,13827,NA
249485,2018,KENDUSKEAG,Downriver,Canoe,282,oc2mixrec,19,TRUE,13827,1927,1679,1359,156,254,19,210,kenduskeag,TRUE,paddler,NA,Abby Neill,Neill Abby,Windham,ME,USA,1,T,13827,NA
527910,2025,KENDUSKEAG,Downriver,Canoe,405,oc2shortbeg,7,TRUE,13830,1928,1680,1360,73,189,7,149,kenduskeag,TRUE,paddler,NA,Jonathan Brenner,Brenner Jonathan,Williamstown,MA,USA,NA,NA,NA,NA
527910,2025,KENDUSKEAG,Downriver,Canoe,405,oc2shortbeg,7,TRUE,13830,1928,1680,1360,73,189,7,149,kenduskeag,TRUE,paddler,NA,Michael Derepino,Derepino Michael,Charleston,ME,USA,NA,NA,NA,NA
358668,2022,KENDUSKEAG,Downriver,Canoe,226,oc2rec,31,TRUE,13833,1930,1682,1362,85,217,31,176,kenduskeag,TRUE,paddler,NA,Christopher Brann,Brann Christopher,Auburn,ME,USA,NA,NA,NA,NA
358668,2022,KENDUSKEAG,Downriver,Canoe,226,oc2rec,31,TRUE,13833,1930,1682,1362,85,217,31,176,kenduskeag,TRUE,paddler,kinneyju01,Justin Kinney,Kinney Justin,Durham,ME,USA,NA,NA,NA,NA
358544,2022,KENDUSKEAG,Downriver,Kayak,91,k1short,10,TRUE,13833,1931,1683,281,96,218,10,30,kenduskeag,TRUE,paddler,NA,Jeremy Drews,Drews Jeremy,Bangor,ME,USA,NA,NA,NA,NA
479279,2024,KENDUSKEAG,Downriver,Canoe,333,oc2hs,9,TRUE,13839,1934,1686,1364,64,135,9,108,kenduskeag,TRUE,paddler,NA,Peyton Sheaffer,Sheaffer Peyton,Lancaster,PA,USA,NA,NA,NA,NA
479279,2024,KENDUSKEAG,Downriver,Canoe,333,oc2hs,9,TRUE,13839,1934,1686,1364,64,135,9,108,kenduskeag,TRUE,paddler,NA,Ryan Shetzline,Shetzline Ryan,Lancaster,PA,USA,NA,NA,NA,NA
258244,2019,KENDUSKEAG,Downriver,Kayak,137,k1short,16,TRUE,13839,1935,249,41,16,249,16,41,kenduskeag2019,TRUE,paddler,bondpa01,Pat Bond,Bond Pat,W Newfield,ME,USA,1,T,13839,NA
358632,2022,KENDUSKEAG,Downriver,Canoe,190,oc2mixrec,31,TRUE,13843,1937,1688,1366,157,219,31,177,kenduskeag,TRUE,paddler,NA,Stephen Goulet,Goulet Stephen,Easton,ME,USA,NA,NA,NA,NA
358632,2022,KENDUSKEAG,Downriver,Canoe,190,oc2mixrec,31,TRUE,13843,1937,1688,1366,157,219,31,177,kenduskeag,TRUE,paddler,NA,Emily Vannozzi,Vannozzi Emily,Manchester,ME,USA,NA,NA,NA,NA
229358,2016,KENDUSKEAG,Downriver,Canoe,17,open,13,TRUE,13848,1938,1689,1367,112,201,13,166,kenduskeag,TRUE,paddler,NA,Joe Kelley,Kelley Joe,Oronoo,ME,USA,1,T,13848,NA
229358,2016,KENDUSKEAG,Downriver,Canoe,17,open,13,TRUE,13848,1938,1689,1367,112,201,13,166,kenduskeag,TRUE,paddler,scofiejo01,John Scofield,Scofield John,Glenburn,ME,USA,1,T,13848,NA
229358,2016,KENDUSKEAG,Downriver,Canoe,17,open,13,TRUE,13848,1938,1689,1367,112,201,13,166,kenduskeag,TRUE,paddler,NA,Donald Vereault II,Vereault II Donald,Bangor,ME,USA,1,T,13848,NA
479187,2024,KENDUSKEAG,Downriver,Canoe,391,oc2shortrec,19,TRUE,13853,1939,1690,1368,122,137,19,110,kenduskeag,TRUE,paddler,NA,Andrew Ball,Ball Andrew,Hermon,ME,USA,NA,NA,NA,NA
479187,2024,KENDUSKEAG,Downriver,Canoe,391,oc2shortrec,19,TRUE,13853,1939,1690,1368,122,137,19,110,kenduskeag,TRUE,paddler,NA,Zach Dudley,Dudley Zach,Hermon,ME,USA,NA,NA,NA,NA
358765,2022,KENDUSKEAG,Downriver,Canoe,312,oc2hs,11,TRUE,13859,1941,1692,1370,65,220,11,178,kenduskeag,TRUE,paddler,NA,Philip Allen,Allen Philip,Vasslaboro,ME,USA,NA,NA,NA,NA
358765,2022,KENDUSKEAG,Downriver,Canoe,312,oc2hs,11,TRUE,13859,1941,1692,1370,65,220,11,178,kenduskeag,TRUE,paddler,NA,Fred Czerwinski,Czerwinski Fred,Bowdainham,ME,USA,NA,NA,NA,NA
424102,2023,KENDUSKEAG,Downriver,Canoe,351,oc2rec,16,TRUE,13867,1944,1695,1373,86,186,16,144,kenduskeag,TRUE,paddler,NA,Martin Curnan,Curnan Martin,Orono,ME,USA,NA,NA,NA,NA
424102,2023,KENDUSKEAG,Downriver,Canoe,351,oc2rec,16,TRUE,13867,1944,1695,1373,86,186,16,144,kenduskeag,TRUE,paddler,NA,Martin Curnan,Curnan Martin,Stratton,ME,USA,NA,NA,NA,NA
527947,2025,KENDUSKEAG,Downriver,Canoe,340,oc2hs,8,TRUE,13871,1947,1698,1376,66,192,8,152,kenduskeag,TRUE,paddler,NA,Alder Ame,Ame Alder,Bar Harbor,ME,USA,NA,NA,NA,NA
527947,2025,KENDUSKEAG,Downriver,Canoe,340,oc2hs,8,TRUE,13871,1947,1698,1376,66,192,8,152,kenduskeag,TRUE,paddler,NA,Tyler Herbert,Herbert Tyler,Bar Harbor,ME,USA,NA,NA,NA,NA
479117,2024,KENDUSKEAG,Downriver,Canoe,157,oc2mixrec,9,TRUE,13879,1950,1701,1378,158,140,9,113,kenduskeag,TRUE,paddler,NA,Amanda Campbell,Campbell Amanda,Chebeague Island,ME,USA,NA,NA,NA,NA
479117,2024,KENDUSKEAG,Downriver,Canoe,157,oc2mixrec,9,TRUE,13879,1950,1701,1378,158,140,9,113,kenduskeag,TRUE,paddler,NA,Jason Phippen,Phippen Jason,Portland,ME,USA,NA,NA,NA,NA
527849,2025,KENDUSKEAG,Downriver,Canoe,238,oc2rec,23,TRUE,13879,1951,1702,1379,87,194,23,153,kenduskeag,TRUE,paddler,NA,Liam Waring,Waring Liam,Orono,ME,USA,NA,NA,NA,NA
527849,2025,KENDUSKEAG,Downriver,Canoe,238,oc2rec,23,TRUE,13879,1951,1702,1379,87,194,23,153,kenduskeag,TRUE,paddler,NA,Tim Waring,Waring Tim,Orono,ME,USA,NA,NA,NA,NA
358509,2022,KENDUSKEAG,Downriver,Canoe,61,oc2short,9,TRUE,13887,1955,1706,1383,82,221,9,179,kenduskeag,TRUE,paddler,NA,Dugan McKenzie,McKenzie Dugan,Casco,ME,USA,NA,NA,NA,NA
358509,2022,KENDUSKEAG,Downriver,Canoe,61,oc2short,9,TRUE,13887,1955,1706,1383,82,221,9,179,kenduskeag,TRUE,paddler,NA,Jerimiah McKenzie,McKenzie Jerimiah,Albion,ME,USA,NA,NA,NA,NA
249527,2018,KENDUSKEAG,Downriver,Canoe,333,oc2shortrec,20,TRUE,13887,1956,1707,1384,123,256,20,211,kenduskeag,TRUE,paddler,NA,Andy Michaud,Michaud Andy,Levant,ME,USA,1,T,13887,NA
249527,2018,KENDUSKEAG,Downriver,Canoe,333,oc2shortrec,20,TRUE,13887,1956,1707,1384,123,256,20,211,kenduskeag,TRUE,paddler,NA,Shawn Owens,Owens Shawn,Levant,ME,USA,1,T,13887,NA
424073,2023,KENDUSKEAG,Downriver,Canoe,141,oc2mixrec,24,TRUE,13889,1958,1709,1386,159,187,24,145,kenduskeag,TRUE,paddler,NA,Lindsey Lussier,Lussier Lindsey,Pembroke,MA,USA,NA,NA,NA,NA
424073,2023,KENDUSKEAG,Downriver,Canoe,141,oc2mixrec,24,TRUE,13889,1958,1709,1386,159,187,24,145,kenduskeag,TRUE,paddler,NA,Mathieu Lussier,Lussier Mathieu,Pembroke,MA,USA,NA,NA,NA,NA
258410,2019,KENDUSKEAG,Downriver,Canoe,370,oc2shortbeg,15,TRUE,13892,1959,250,192,15,250,15,192,kenduskeag2019,TRUE,paddler,NA,Maggie Bouchard,Bouchard Maggie,Topsham,ME,USA,1,T,13892,NA
258410,2019,KENDUSKEAG,Downriver,Canoe,370,oc2shortbeg,15,TRUE,13892,1959,250,192,15,250,15,192,kenduskeag2019,TRUE,paddler,NA,Alexi Deering,Deering Alexi,Topsham,ME,USA,1,T,13892,NA
240388,2017,KENDUSKEAG,Downriver,Canoe,320,oc2mediumrec,35,TRUE,13894,1961,1711,1388,116,249,35,205,kenduskeag,TRUE,paddler,girouxsc01,Scott Giroux,Giroux Scott,Brooks,ME,USA,1,T,13894,NA
240388,2017,KENDUSKEAG,Downriver,Canoe,320,oc2mediumrec,35,TRUE,13894,1961,1711,1388,116,249,35,205,kenduskeag,TRUE,paddler,NA,William Yori,Yori William,Brooks,ME,USA,1,T,13894,NA
479188,2024,KENDUSKEAG,Downriver,Canoe,233,oc2shortrec,20,TRUE,13897,1964,1714,1391,124,142,20,115,kenduskeag,TRUE,paddler,NA,Shane Borrello,Borrello Shane,Old Town,ME,USA,NA,NA,NA,NA
479188,2024,KENDUSKEAG,Downriver,Canoe,233,oc2shortrec,20,TRUE,13897,1964,1714,1391,124,142,20,115,kenduskeag,TRUE,paddler,NA,Nick Reed,Reed Nick,Enfield,ME,USA,NA,NA,NA,NA
424074,2023,KENDUSKEAG,Downriver,Canoe,137,oc2mixrec,25,TRUE,13904,1966,1716,1393,160,188,25,146,kenduskeag,TRUE,paddler,NA,Rebecca Huettner,Huettner Rebecca,Monson,ME,USA,NA,NA,NA,NA
424074,2023,KENDUSKEAG,Downriver,Canoe,137,oc2mixrec,25,TRUE,13904,1966,1716,1393,160,188,25,146,kenduskeag,TRUE,paddler,NA,Alexander Larrabee,Larrabee Alexander,St George,ME,USA,NA,NA,NA,NA
249532,2018,KENDUSKEAG,Downriver,Canoe,338,oc2shortrec,21,TRUE,13908,1967,1717,1394,125,257,21,212,kenduskeag,TRUE,paddler,NA,Robert Brouillard,Brouillard Robert,Castine,ME,USA,1,T,13908,NA
249532,2018,KENDUSKEAG,Downriver,Canoe,338,oc2shortrec,21,TRUE,13908,1967,1717,1394,125,257,21,212,kenduskeag,TRUE,paddler,NA,Seth Fowler,Fowler Seth,Castine,ME,USA,1,T,13908,NA
424103,2023,KENDUSKEAG,Downriver,Canoe,167,oc2rec,17,TRUE,13909,1968,1718,1395,88,189,17,147,kenduskeag,TRUE,paddler,NA,Ben McGinnis,McGinnis Ben,Barnstead,NH,USA,NA,NA,NA,NA
424103,2023,KENDUSKEAG,Downriver,Canoe,167,oc2rec,17,TRUE,13909,1968,1718,1395,88,189,17,147,kenduskeag,TRUE,paddler,NA,Austin Smith,Smith Austin,Eliot,ME,USA,NA,NA,NA,NA
219601,2015,KENDUSKEAG,Downriver,Canoe,21,open,17,TRUE,13917,1971,1721,1398,113,215,17,177,kenduskeag,TRUE,paddler,NA,Nicholas Richmond,Richmond Nicholas,Orono,ME,USA,1,T,13917,NA
219601,2015,KENDUSKEAG,Downriver,Canoe,21,open,17,TRUE,13917,1971,1721,1398,113,215,17,177,kenduskeag,TRUE,paddler,scofieco01,Connor Scofield,Scofield Connor,Orono,ME,USA,1,T,13917,NA
219601,2015,KENDUSKEAG,Downriver,Canoe,21,open,17,TRUE,13917,1971,1721,1398,113,215,17,177,kenduskeag,TRUE,paddler,NA,Anna Vanasse,Vanasse Anna,Orono,ME,USA,1,T,13917,NA
479189,2024,KENDUSKEAG,Downriver,Canoe,351,oc2shortrec,21,TRUE,13918,1974,1724,1400,126,144,21,117,kenduskeag,TRUE,paddler,NA,Garrett Black,Black Garrett,Oquossoc,ME,USA,NA,NA,NA,NA
479189,2024,KENDUSKEAG,Downriver,Canoe,351,oc2shortrec,21,TRUE,13918,1974,1724,1400,126,144,21,117,kenduskeag,TRUE,paddler,NA,Ross Gordon,Gordon Ross,Oquossoc,ME,USA,NA,NA,NA,NA
258381,2019,KENDUSKEAG,Downriver,Canoe,326,oc2shortrec,22,TRUE,13919,1976,251,193,22,251,22,193,kenduskeag2019,TRUE,paddler,NA,Chris Strout,Strout Chris,Portland,ME,USA,1,T,13919,NA
258381,2019,KENDUSKEAG,Downriver,Canoe,326,oc2shortrec,22,TRUE,13919,1976,251,193,22,251,22,193,kenduskeag2019,TRUE,paddler,NA,Sam Truesdell,Truesdell Sam,Portland,ME,USA,1,T,13919,NA
527867,2025,KENDUSKEAG,Downriver,Canoe,253,oc2shortrec,12,TRUE,13919,1977,1726,1402,127,197,12,155,kenduskeag,TRUE,paddler,NA,Matthew Entwistle,Entwistle Matthew,Berwick,ME,USA,NA,NA,NA,NA
527867,2025,KENDUSKEAG,Downriver,Canoe,253,oc2shortrec,12,TRUE,13919,1977,1726,1402,127,197,12,155,kenduskeag,TRUE,paddler,NA,Joseph Gattozzi,Gattozzi Joseph,Kittery,ME,USA,NA,NA,NA,NA
229706,2016,KENDUSKEAG,Downriver,Canoe,404,oc2shortbeg,8,TRUE,13934,1979,1728,1404,74,205,8,170,kenduskeag,TRUE,paddler,NA,Gavin Mathy,Mathy Gavin,Bath,ME,USA,1,T,13934,NA
229706,2016,KENDUSKEAG,Downriver,Canoe,404,oc2shortbeg,8,TRUE,13934,1979,1728,1404,74,205,8,170,kenduskeag,TRUE,paddler,NA,Austin Risner,Risner Austin,Iron City,TN,USA,1,T,13934,NA
479190,2024,KENDUSKEAG,Downriver,Canoe,232,oc2shortrec,22,TRUE,13936,1980,1729,1405,128,145,22,118,kenduskeag,TRUE,paddler,NA,Matthew Stratton,Stratton Matthew,East Hampton,MA,USA,NA,NA,NA,NA
479190,2024,KENDUSKEAG,Downriver,Canoe,232,oc2shortrec,22,TRUE,13936,1980,1729,1405,128,145,22,118,kenduskeag,TRUE,paddler,NA,Winfield Stratton,Stratton Winfield,Old Orchard,ME,USA,NA,NA,NA,NA
219836,2015,KENDUSKEAG,Downriver,Canoe,310,oc2shortbeg,12,TRUE,13943,1982,1731,1406,75,216,12,178,kenduskeag,TRUE,paddler,NA,Tom Cummings,Cummings Tom,Bangor,ME,USA,1,T,13943,NA
219836,2015,KENDUSKEAG,Downriver,Canoe,310,oc2shortbeg,12,TRUE,13943,1982,1731,1406,75,216,12,178,kenduskeag,TRUE,paddler,NA,Devin Deane,Deane Devin,South Portland,ME,USA,1,T,13943,NA
240378,2017,KENDUSKEAG,Downriver,Canoe,310,oc2mediumrec,36,TRUE,13949,1983,1732,1407,117,253,36,209,kenduskeag,TRUE,paddler,piconejo01,John Picone,Picone John,Bangor,ME,USA,1,T,13949,NA
240378,2017,KENDUSKEAG,Downriver,Canoe,310,oc2mediumrec,36,TRUE,13949,1983,1732,1407,117,253,36,209,kenduskeag,TRUE,paddler,NA,JoJo Picone,Picone JoJo,Bangor,ME,USA,1,T,13949,NA
424104,2023,KENDUSKEAG,Downriver,Canoe,296,oc2rec,18,TRUE,13950,1984,1733,1408,89,190,18,148,kenduskeag,TRUE,paddler,valleysa01,Sam Valley,Valley Sam,Bangor,ME,USA,NA,NA,NA,NA
424104,2023,KENDUSKEAG,Downriver,Canoe,296,oc2rec,18,TRUE,13950,1984,1733,1408,89,190,18,148,kenduskeag,TRUE,paddler,NA,Scott Williamson,Williamson Scott,Carmel,ME,USA,NA,NA,NA,NA
479191,2024,KENDUSKEAG,Downriver,Canoe,200,oc2shortrec,23,TRUE,13956,1985,1734,1409,129,146,23,119,kenduskeag,TRUE,paddler,bettssa01,Samuel Betts,Betts Samuel,Bradley,ME,USA,NA,NA,NA,NA
479191,2024,KENDUSKEAG,Downriver,Canoe,200,oc2shortrec,23,TRUE,13956,1985,1734,1409,129,146,23,119,kenduskeag,TRUE,paddler,NA,Ryan Nadeau,Nadeau Ryan,Hermon,ME,USA,NA,NA,NA,NA
527850,2025,KENDUSKEAG,Downriver,Canoe,244,oc2rec,24,TRUE,13965,1987,1736,1411,90,198,24,156,kenduskeag,TRUE,paddler,NA,Gregory Roemer,Roemer Gregory,Naples,ME,USA,NA,NA,NA,NA
527850,2025,KENDUSKEAG,Downriver,Canoe,244,oc2rec,24,TRUE,13965,1987,1736,1411,90,198,24,156,kenduskeag,TRUE,paddler,NA,Blake Williams,Williams Blake,Saco,ME,USA,NA,NA,NA,NA
358700,2022,KENDUSKEAG,Downriver,Canoe,143,oc2shortrec,20,TRUE,13966,1988,1737,1412,130,222,20,180,kenduskeag,TRUE,paddler,NA,Simon Chatenever,Chatenever Simon,Bangor,ME,USA,NA,NA,NA,NA
358700,2022,KENDUSKEAG,Downriver,Canoe,143,oc2shortrec,20,TRUE,13966,1988,1737,1412,130,222,20,180,kenduskeag,TRUE,paddler,NA,Christopher Packard,Packard Christopher,Hampden,ME,USA,NA,NA,NA,NA
527626,2025,KENDUSKEAG,Downriver,Unknown,354,open,8,TRUE,13973,1991,1740,41,114,199,8,8,kenduskeag,TRUE,paddler,joyma01,Mary Joy,Joy Mary,Swans Island,ME,USA,NA,NA,NA,NA
527626,2025,KENDUSKEAG,Downriver,Unknown,354,open,8,TRUE,13973,1991,1740,41,114,199,8,8,kenduskeag,TRUE,paddler,NA,Sam Joy,Joy Sam,Swans Island,ME,USA,NA,NA,NA,NA
527626,2025,KENDUSKEAG,Downriver,Unknown,354,open,8,TRUE,13973,1991,1740,41,114,199,8,8,kenduskeag,TRUE,paddler,NA,Elijah Joyce,Joyce Elijah,Swans Island,ME,USA,NA,NA,NA,NA
479280,2024,KENDUSKEAG,Downriver,Canoe,340,oc2hs,10,TRUE,13977,1992,1741,1415,67,147,10,120,kenduskeag,TRUE,paddler,NA,Adelaide Brandt,Brandt Adelaide,Limerick,ME,USA,NA,NA,NA,NA
479280,2024,KENDUSKEAG,Downriver,Canoe,340,oc2hs,10,TRUE,13977,1992,1741,1415,67,147,10,120,kenduskeag,TRUE,paddler,NA,Catherine Tibbets,Tibbets Catherine,Limerick,ME,USA,NA,NA,NA,NA
249372,2018,KENDUSKEAG,Downriver,Kayak,141,k1short,14,TRUE,13980,1993,1742,286,97,258,14,46,kenduskeag,TRUE,paddler,pfaffjo01,John Pfaff,Pfaff John,PONTIAC,IL,USA,1,T,13980,NA
249570,2018,KENDUSKEAG,Downriver,Canoe,379,oc2shortbeg,9,TRUE,13981,1994,1743,1416,76,259,9,213,kenduskeag,TRUE,paddler,NA,Paul Fecteau,Fecteau Paul,Gray,ME,USA,1,T,13981,NA
249570,2018,KENDUSKEAG,Downriver,Canoe,379,oc2shortbeg,9,TRUE,13981,1994,1743,1416,76,259,9,213,kenduskeag,TRUE,paddler,NA,Matthew Sturgis,Sturgis Matthew,Gray,ME,USA,1,T,13981,NA
240376,2017,KENDUSKEAG,Downriver,Canoe,308,oc2mediumrec,37,TRUE,13981,1995,1744,1417,118,255,37,211,kenduskeag,TRUE,paddler,NA,Matthew Stratton,Stratton Matthew,Northampton,MA,USA,1,T,13981,NA
240376,2017,KENDUSKEAG,Downriver,Canoe,308,oc2mediumrec,37,TRUE,13981,1995,1744,1417,118,255,37,211,kenduskeag,TRUE,paddler,NA,Winfield Stratton,Stratton Winfield,Standish,ME,USA,1,T,13981,NA
249261,2018,KENDUSKEAG,Downriver,Canoe,4,open,21,TRUE,13983,1996,1745,1418,115,260,21,214,kenduskeag,TRUE,paddler,NA,Amber Gatchell,Gatchell Amber,Franklin,ME,USA,1,T,13983,NA
249261,2018,KENDUSKEAG,Downriver,Canoe,4,open,21,TRUE,13983,1996,1745,1418,115,260,21,214,kenduskeag,TRUE,paddler,NA,Patrick Hall,Hall Patrick,Franklin,ME,USA,1,T,13983,NA
249261,2018,KENDUSKEAG,Downriver,Canoe,4,open,21,TRUE,13983,1996,1745,1418,115,260,21,214,kenduskeag,TRUE,paddler,NA,Sarah Mullis,Mullis Sarah,Orland,ME,USA,1,T,13983,NA
423917,2023,KENDUSKEAG,Downriver,Unknown,15,open,16,TRUE,13994,1998,1747,42,116,191,16,16,kenduskeag,TRUE,paddler,hummeldo01,Don Hummels,Hummels Don,Glenburn,ME,USA,NA,NA,NA,NA
423917,2023,KENDUSKEAG,Downriver,Unknown,15,open,16,TRUE,13994,1998,1747,42,116,191,16,16,kenduskeag,TRUE,paddler,NA,Rogan Kennedy,Kennedy Rogan,Kittery,ME,USA,NA,NA,NA,NA
423917,2023,KENDUSKEAG,Downriver,Unknown,15,open,16,TRUE,13994,1998,1747,42,116,191,16,16,kenduskeag,TRUE,paddler,kennedsh01,Shawn Kennedy,Kennedy Shawn,Saunderstown,RI,USA,NA,NA,NA,NA
358715,2022,KENDUSKEAG,Downriver,Canoe,271,oc2rec,32,TRUE,13997,2000,1749,1420,91,223,32,181,kenduskeag,TRUE,paddler,NA,Kaitlyn Moriarty,Moriarty Kaitlyn,Bangor,ME,USA,NA,NA,NA,NA
358715,2022,KENDUSKEAG,Downriver,Canoe,271,oc2rec,32,TRUE,13997,2000,1749,1420,91,223,32,181,kenduskeag,TRUE,paddler,NA,John White,White John,Bangor,ME,USA,NA,NA,NA,NA
249605,2018,KENDUSKEAG,Downriver,Canoe,424,oc2hs,17,TRUE,14000,2002,1751,1422,68,261,17,215,kenduskeag,TRUE,paddler,NA,Ben DiSalvatore,DiSalvatore Ben,Bradley,ME,USA,1,T,14000,NA
249605,2018,KENDUSKEAG,Downriver,Canoe,424,oc2hs,17,TRUE,14000,2002,1751,1422,68,261,17,215,kenduskeag,TRUE,paddler,NA,Zachary Goulet,Goulet Zachary,Sanford,ME,USA,1,T,14000,NA
479192,2024,KENDUSKEAG,Downriver,Canoe,226,oc2shortrec,24,TRUE,14014,2004,1753,1423,131,148,24,121,kenduskeag,TRUE,paddler,NA,Dan McDonnell,McDonnell Dan,Denmark,ME,USA,NA,NA,NA,NA
479192,2024,KENDUSKEAG,Downriver,Canoe,226,oc2shortrec,24,TRUE,14014,2004,1753,1423,131,148,24,121,kenduskeag,TRUE,paddler,NA,Sam McDonnell,McDonnell Sam,Denmark,ME,USA,NA,NA,NA,NA
229351,2016,KENDUSKEAG,Downriver,Canoe,8,open,14,TRUE,14025,2007,1756,1426,117,210,14,174,kenduskeag,TRUE,paddler,NA,Benjamin Howard,Howard Benjamin,Princeton,ME,USA,1,T,14025,NA
229351,2016,KENDUSKEAG,Downriver,Canoe,8,open,14,TRUE,14025,2007,1756,1426,117,210,14,174,kenduskeag,TRUE,paddler,NA,Mary Howard,Howard Mary,Waterville,ME,USA,1,T,14025,NA
229351,2016,KENDUSKEAG,Downriver,Canoe,8,open,14,TRUE,14025,2007,1756,1426,117,210,14,174,kenduskeag,TRUE,paddler,NA,Samuel Howard,Howard Samuel,New Gloucester,ME,USA,1,T,14025,NA
258150,2019,KENDUSKEAG,Downriver,Unknown,9,open,18,TRUE,14027,2009,252,18,18,252,18,18,kenduskeag2019,TRUE,paddler,NA,Terry Pinkham,Pinkham Terry,Ellsworth,ME,USA,1,T,14027,NA
258150,2019,KENDUSKEAG,Downriver,Unknown,9,open,18,TRUE,14027,2009,252,18,18,252,18,18,kenduskeag2019,TRUE,paddler,NA,Ben Small,Small Ben,Hancock,ME,USA,1,T,14027,NA
258150,2019,KENDUSKEAG,Downriver,Unknown,9,open,18,TRUE,14027,2009,252,18,18,252,18,18,kenduskeag2019,TRUE,paddler,stroutch01,Christopher Strout,Strout Christopher,Bar Harbor,ME,USA,1,T,14027,NA
258150,2019,KENDUSKEAG,Downriver,Unknown,9,open,18,TRUE,14027,2009,252,18,18,252,18,18,kenduskeag2019,TRUE,paddler,NA,Sarah Thibault,Thibault Sarah,Hermon,ME,USA,1,T,14027,NA
358701,2022,KENDUSKEAG,Downriver,Canoe,257,oc2shortrec,21,TRUE,14059,2012,1760,1429,132,224,21,182,kenduskeag,TRUE,paddler,NA,Robert Brouillard,Brouillard Robert,Castine,ME,USA,NA,NA,NA,NA
358701,2022,KENDUSKEAG,Downriver,Canoe,257,oc2shortrec,21,TRUE,14059,2012,1760,1429,132,224,21,182,kenduskeag,TRUE,paddler,NA,Zak Glover,Glover Zak,Lincolnville,ME,USA,NA,NA,NA,NA
358633,2022,KENDUSKEAG,Downriver,Canoe,181,oc2mixrec,32,TRUE,14062,2013,1761,1430,161,225,32,183,kenduskeag,TRUE,paddler,NA,Hannah Chavis,Chavis Hannah,Augusta,ME,USA,NA,NA,NA,NA
358633,2022,KENDUSKEAG,Downriver,Canoe,181,oc2mixrec,32,TRUE,14062,2013,1761,1430,161,225,32,183,kenduskeag,TRUE,paddler,NA,Justin Libby,Libby Justin,Augusta,ME,USA,NA,NA,NA,NA
424213,2023,KENDUSKEAG,Downriver,Canoe,314,oc2hs,15,TRUE,14072,2017,1765,1433,69,194,15,150,kenduskeag,TRUE,paddler,NA,Linnea Goh,Goh Linnea,Bar Harbor,ME,USA,NA,NA,NA,NA
424213,2023,KENDUSKEAG,Downriver,Canoe,314,oc2hs,15,TRUE,14072,2017,1765,1433,69,194,15,150,kenduskeag,TRUE,paddler,NA,Hanako Moulton,Moulton Hanako,Bar Harbor,ME,USA,NA,NA,NA,NA
240433,2017,KENDUSKEAG,Downriver,Canoe,369,oc2shortrec,14,TRUE,14074,2018,1766,1434,133,257,14,212,kenduskeag,TRUE,paddler,NA,Brian Allen,Allen Brian,Fort Collins,CO,USA,1,T,14074,NA
240433,2017,KENDUSKEAG,Downriver,Canoe,369,oc2shortrec,14,TRUE,14074,2018,1766,1434,133,257,14,212,kenduskeag,TRUE,paddler,NA,Erik Blomberg,Blomberg Erik,Old Town,ME,USA,1,T,14074,NA
249366,2018,KENDUSKEAG,Downriver,Kayak,135,k1short,15,TRUE,14078,2020,1768,291,98,262,15,47,kenduskeag,TRUE,paddler,NA,Andrew Weikert,Weikert Andrew,Lancaster,PA,USA,1,T,14078,NA
424214,2023,KENDUSKEAG,Downriver,Canoe,265,oc2hs,16,TRUE,14082,2021,1769,1436,70,195,16,151,kenduskeag,TRUE,paddler,NA,Christopher Horton,Horton Christopher,Bar Harbor,ME,USA,NA,NA,NA,NA
424214,2023,KENDUSKEAG,Downriver,Canoe,265,oc2hs,16,TRUE,14082,2021,1769,1436,70,195,16,151,kenduskeag,TRUE,paddler,NA,Jack Rigazio,Rigazio Jack,Andover,MA,USA,NA,NA,NA,NA
527851,2025,KENDUSKEAG,Downriver,Canoe,237,oc2rec,25,TRUE,14082,2022,1770,1437,92,205,25,160,kenduskeag,TRUE,paddler,NA,Brandon Moontri,Moontri Brandon,Bangor,ME,USA,NA,NA,NA,NA
527851,2025,KENDUSKEAG,Downriver,Canoe,237,oc2rec,25,TRUE,14082,2022,1770,1437,92,205,25,160,kenduskeag,TRUE,paddler,tatarcry01,Ryan Tatarcyk,Tatarcyk Ryan,Bangor,ME,USA,NA,NA,NA,NA
229403,2016,KENDUSKEAG,Downriver,Canoe,67,oc2short,14,TRUE,14091,2024,1772,1439,83,214,14,178,kenduskeag,TRUE,paddler,NA,Philip Drew,Drew Philip,Glenburn,ME,USA,1,T,14091,NA
229403,2016,KENDUSKEAG,Downriver,Canoe,67,oc2short,14,TRUE,14091,2024,1772,1439,83,214,14,178,kenduskeag,TRUE,paddler,NA,David Naughton,Naughton David,Amherst,MA,USA,1,T,14091,NA
423918,2023,KENDUSKEAG,Downriver,Unknown,16,open,17,TRUE,14092,2026,1774,43,118,196,17,17,kenduskeag,TRUE,paddler,NA,Michael Doucette,Doucette Michael,Glenburn,ME,USA,NA,NA,NA,NA
423918,2023,KENDUSKEAG,Downriver,Unknown,16,open,17,TRUE,14092,2026,1774,43,118,196,17,17,kenduskeag,TRUE,paddler,NA,Nick Doucette,Doucette Nick,Glenburn,ME,USA,NA,NA,NA,NA
423918,2023,KENDUSKEAG,Downriver,Unknown,16,open,17,TRUE,14092,2026,1774,43,118,196,17,17,kenduskeag,TRUE,paddler,NA,Leinani Farnsworth,Farnsworth Leinani,Portland,ME,USA,NA,NA,NA,NA
423918,2023,KENDUSKEAG,Downriver,Unknown,16,open,17,TRUE,14092,2026,1774,43,118,196,17,17,kenduskeag,TRUE,paddler,NA,Bridget Fehrs,Fehrs Bridget,Bangor,ME,USA,NA,NA,NA,NA
423993,2023,KENDUSKEAG,Downriver,Kayak,312,k1short,15,TRUE,14100,2028,1776,292,99,197,15,29,kenduskeag,TRUE,paddler,NA,Aaron Emerson,Emerson Aaron,Orrington,ME,USA,NA,NA,NA,NA
345914,2021,KENDUSKEAG,Downriver,Canoe,351,oc2short,10,TRUE,14106,2031,1779,1444,84,49,10,40,kenduskeag,TRUE,paddler,cunnincr01,Craig Cunningham,Cunningham Craig,Kennebunk,ME,USA,NA,NA,NA,NA
345914,2021,KENDUSKEAG,Downriver,Canoe,351,oc2short,10,TRUE,14106,2031,1779,1444,84,49,10,40,kenduskeag,TRUE,paddler,NA,Bill Gehman,Gehman Bill,Kennebunk,ME,USA,NA,NA,NA,NA
345874,2021,KENDUSKEAG,Downriver,Canoe,488,oc2mediumrec,10,TRUE,14108,2033,1781,1446,119,50,10,41,kenduskeag,TRUE,paddler,NA,Jon Keating,Keating Jon,Auburn,ME,USA,NA,NA,NA,NA
345874,2021,KENDUSKEAG,Downriver,Canoe,488,oc2mediumrec,10,TRUE,14108,2033,1781,1446,119,50,10,41,kenduskeag,TRUE,paddler,walshma01,Matt Walsh,Walsh Matt,Greene,ME,USA,NA,NA,NA,NA
479118,2024,KENDUSKEAG,Downriver,Canoe,399,oc2mixrec,10,TRUE,14108,2034,1782,1447,162,150,10,123,kenduskeag,TRUE,paddler,NA,Sydney Greenlee,Greenlee Sydney,Harpswele,ME,USA,NA,NA,NA,NA
479118,2024,KENDUSKEAG,Downriver,Canoe,399,oc2mixrec,10,TRUE,14108,2034,1782,1447,162,150,10,123,kenduskeag,TRUE,paddler,NA,Alex Russell,Russell Alex,Portland,ME,USA,NA,NA,NA,NA
527911,2025,KENDUSKEAG,Downriver,Canoe,305,oc2shortbeg,8,TRUE,14112,2037,1785,1449,77,207,8,162,kenduskeag,TRUE,paddler,NA,Luke Patry,Patry Luke,Lisbon Falls,ME,USA,NA,NA,NA,NA
527911,2025,KENDUSKEAG,Downriver,Canoe,305,oc2shortbeg,8,TRUE,14112,2037,1785,1449,77,207,8,162,kenduskeag,TRUE,paddler,NA,Chris Peterson,Peterson Chris,Winthrop,ME,USA,NA,NA,NA,NA
423919,2023,KENDUSKEAG,Downriver,Unknown,11,open,18,TRUE,14112,2038,1786,44,119,200,18,18,kenduskeag,TRUE,paddler,NA,Henry Ruddy,Ruddy Henry,Coplin Pit,ME,USA,NA,NA,NA,NA
423919,2023,KENDUSKEAG,Downriver,Unknown,11,open,18,TRUE,14112,2038,1786,44,119,200,18,18,kenduskeag,TRUE,paddler,NA,Robert Ruddy,Ruddy Robert,Coplin Pit,ME,USA,NA,NA,NA,NA
423919,2023,KENDUSKEAG,Downriver,Unknown,11,open,18,TRUE,14112,2038,1786,44,119,200,18,18,kenduskeag,TRUE,paddler,NA,Michael Wales,Wales Michael,New Portland,ME,USA,NA,NA,NA,NA
424075,2023,KENDUSKEAG,Downriver,Canoe,323,oc2mixrec,26,TRUE,14116,2040,1788,1451,163,201,26,154,kenduskeag,TRUE,paddler,NA,Saige Purser,Purser Saige,Milford,ME,USA,NA,NA,NA,NA
424075,2023,KENDUSKEAG,Downriver,Canoe,323,oc2mixrec,26,TRUE,14116,2040,1788,1451,163,201,26,154,kenduskeag,TRUE,paddler,NA,Chris Westman,Westman Chris,Milford,ME,USA,NA,NA,NA,NA
258439,2019,KENDUSKEAG,Downriver,Canoe,421,oc2shortrec,23,TRUE,14124,2044,253,194,23,253,23,194,kenduskeag2019,TRUE,paddler,jordanju01,Justin Jordan,Jordan Justin,Orrington,ME,USA,1,T,14124,NA
258439,2019,KENDUSKEAG,Downriver,Canoe,421,oc2shortrec,23,TRUE,14124,2044,253,194,23,253,23,194,kenduskeag2019,TRUE,paddler,NA,Tom McCann,McCann Tom,Etna,ME,USA,1,T,14124,NA
527627,2025,KENDUSKEAG,Downriver,Unknown,13,open,9,TRUE,14125,2046,1793,45,120,208,9,9,kenduskeag,TRUE,paddler,NA,Andy Jones,Jones Andy,Bangor,ME,USA,NA,NA,NA,NA
527627,2025,KENDUSKEAG,Downriver,Unknown,13,open,9,TRUE,14125,2046,1793,45,120,208,9,9,kenduskeag,TRUE,paddler,NA,Morgan Jones,Jones Morgan,Bangor,ME,USA,NA,NA,NA,NA
527627,2025,KENDUSKEAG,Downriver,Unknown,13,open,9,TRUE,14125,2046,1793,45,120,208,9,9,kenduskeag,TRUE,paddler,NA,Peter Jones,Jones Peter,Irvington,NY,USA,NA,NA,NA,NA
229702,2016,KENDUSKEAG,Downriver,Canoe,399,oc2shortbeg,9,TRUE,14127,2048,1795,1456,78,218,9,182,kenduskeag,TRUE,paddler,NA,Sean Gambrel,Gambrel Sean,Bangor,ME,USA,1,T,14127,NA
229702,2016,KENDUSKEAG,Downriver,Canoe,399,oc2shortbeg,9,TRUE,14127,2048,1795,1456,78,218,9,182,kenduskeag,TRUE,paddler,NA,Paul Nicklas,Nicklas Paul,Bangor,ME,USA,1,T,14127,NA
424105,2023,KENDUSKEAG,Downriver,Canoe,183,oc2rec,19,TRUE,14138,2049,1796,1457,93,202,19,155,kenduskeag,TRUE,paddler,NA,Dan Carey,Carey Dan,Portland,ME,USA,NA,NA,NA,NA
424105,2023,KENDUSKEAG,Downriver,Canoe,183,oc2rec,19,TRUE,14138,2049,1796,1457,93,202,19,155,kenduskeag,TRUE,paddler,NA,Frank Platt,Platt Frank,Orono,ME,USA,NA,NA,NA,NA
249381,2018,KENDUSKEAG,Downriver,Kayak,153,k1short,16,TRUE,14139,2050,1797,295,100,264,16,48,kenduskeag,TRUE,paddler,NA,Bruce Cook,Cook Bruce,Knox,ME,USA,1,T,14139,NA
219804,2015,KENDUSKEAG,Downriver,Canoe,272,oc2shortrec,11,TRUE,14150,2052,1799,1459,134,219,11,180,kenduskeag,TRUE,paddler,NA,William Gilbert,Gilbert William,Stonington,ME,USA,1,T,14150,NA
219804,2015,KENDUSKEAG,Downriver,Canoe,272,oc2shortrec,11,TRUE,14150,2052,1799,1459,134,219,11,180,kenduskeag,TRUE,paddler,NA,Dale Haley Jr.,Haley Jr. Dale,Stonington,ME,USA,1,T,14150,NA
249461,2018,KENDUSKEAG,Downriver,Canoe,255,oc2mixrec,20,TRUE,14151,2053,1800,1460,164,266,20,218,kenduskeag,TRUE,paddler,NA,Hannah Chavis,Chavis Hannah,Fairfield,ME,USA,1,T,14151,NA
249461,2018,KENDUSKEAG,Downriver,Canoe,255,oc2mixrec,20,TRUE,14151,2053,1800,1460,164,266,20,218,kenduskeag,TRUE,paddler,NA,Justin Libby,Libby Justin,Milford,ME,USA,1,T,14151,NA
240168,2017,KENDUSKEAG,Downriver,Canoe,44,open,17,TRUE,14156,2054,1801,1461,121,259,17,214,kenduskeag,TRUE,paddler,stroutch01,Christopher Strout,Strout Christopher,Bar Harbor,ME,USA,1,T,14156,NA
240344,2017,KENDUSKEAG,Downriver,Canoe,271,oc2mixrec,19,TRUE,14164,2058,1805,1465,165,261,19,216,kenduskeag,TRUE,paddler,lavioldo01,Donald Laviolette,Laviolette Donald,Orrington,ME,USA,1,T,14164,NA
240344,2017,KENDUSKEAG,Downriver,Canoe,271,oc2mixrec,19,TRUE,14164,2058,1805,1465,165,261,19,216,kenduskeag,TRUE,paddler,NA,Zoie Laviolette,Laviolette Zoie,Orrington,ME,USA,1,T,14164,NA
345875,2021,KENDUSKEAG,Downriver,Canoe,622,oc2mediumrec,11,TRUE,14167,2059,1806,1466,120,52,11,42,kenduskeag,TRUE,paddler,morrisry01,Ryan Morrison,Morrison Ryan,Eddington,ME,USA,NA,NA,NA,NA
345875,2021,KENDUSKEAG,Downriver,Canoe,622,oc2mediumrec,11,TRUE,14167,2059,1806,1466,120,52,11,42,kenduskeag,TRUE,paddler,NA,William Morrison,Morrison William,Orono,ME,USA,NA,NA,NA,NA
423920,2023,KENDUSKEAG,Downriver,Unknown,18,open,19,TRUE,14169,2060,1807,46,122,203,19,19,kenduskeag,TRUE,paddler,NA,Jacob Cookson,Cookson Jacob,Corinth,ME,USA,NA,NA,NA,NA
423920,2023,KENDUSKEAG,Downriver,Unknown,18,open,19,TRUE,14169,2060,1807,46,122,203,19,19,kenduskeag,TRUE,paddler,NA,Lindsay Mitchell,Mitchell Lindsay,Corinth,ME,USA,NA,NA,NA,NA
423920,2023,KENDUSKEAG,Downriver,Unknown,18,open,19,TRUE,14169,2060,1807,46,122,203,19,19,kenduskeag,TRUE,paddler,NA,Tyler Mitchell,Mitchell Tyler,Corinth,ME,USA,NA,NA,NA,NA
358702,2022,KENDUSKEAG,Downriver,Canoe,258,oc2shortrec,22,TRUE,14180,2064,1811,1470,135,227,22,185,kenduskeag,TRUE,paddler,bryantji01,James Bryant,Bryant James,Gouldsboro,ME,USA,NA,NA,NA,NA
358702,2022,KENDUSKEAG,Downriver,Canoe,258,oc2shortrec,22,TRUE,14180,2064,1811,1470,135,227,22,185,kenduskeag,TRUE,paddler,NA,Richard Flewelling,Flewelling Richard,Hancock,ME,USA,NA,NA,NA,NA
424173,2023,KENDUSKEAG,Downriver,Canoe,233,oc2shortbeg,10,TRUE,14187,2067,1814,1472,79,205,10,157,kenduskeag,TRUE,paddler,NA,Robert Bickford,Bickford Robert,Norridgewock,ME,USA,NA,NA,NA,NA
424173,2023,KENDUSKEAG,Downriver,Canoe,233,oc2shortbeg,10,TRUE,14187,2067,1814,1472,79,205,10,157,kenduskeag,TRUE,paddler,NA,Travis Wibby,Wibby Travis,Maryville,TN,USA,NA,NA,NA,NA
527628,2025,KENDUSKEAG,Downriver,Unknown,19,open,10,TRUE,14190,2068,1815,47,123,211,10,10,kenduskeag,TRUE,paddler,NA,Evan Desmond,Desmond Evan,Gray,ME,USA,NA,NA,NA,NA
527628,2025,KENDUSKEAG,Downriver,Unknown,19,open,10,TRUE,14190,2068,1815,47,123,211,10,10,kenduskeag,TRUE,paddler,NA,Ethan McBrine,McBrine Ethan,Biddeford,ME,USA,NA,NA,NA,NA
527628,2025,KENDUSKEAG,Downriver,Unknown,19,open,10,TRUE,14190,2068,1815,47,123,211,10,10,kenduskeag,TRUE,paddler,NA,Bradley Wallace,Wallace Bradley,Exeter,NH,USA,NA,NA,NA,NA
219705,2015,KENDUSKEAG,Downriver,Canoe,155,oc2mediumrec,26,TRUE,14192,2069,1816,1473,121,221,26,182,kenduskeag,TRUE,paddler,NA,James Newton,Newton James,Bangor,ME,USA,1,T,14192,NA
219705,2015,KENDUSKEAG,Downriver,Canoe,155,oc2mediumrec,26,TRUE,14192,2069,1816,1473,121,221,26,182,kenduskeag,TRUE,paddler,NA,Raul Urbina,Urbina Raul,Old Town,ME,USA,1,T,14192,NA
229587,2016,KENDUSKEAG,Downriver,Canoe,273,oc2mediumrec,21,TRUE,14196,2070,1817,1474,122,219,21,183,kenduskeag,TRUE,paddler,NA,Peter Howell,Howell Peter,Blue Hill,ME,USA,1,T,14196,NA
229587,2016,KENDUSKEAG,Downriver,Canoe,273,oc2mediumrec,21,TRUE,14196,2070,1817,1474,122,219,21,183,kenduskeag,TRUE,paddler,NA,Scott Howell,Howell Scott,Blue Hill,ME,USA,1,T,14196,NA
479152,2024,KENDUSKEAG,Downriver,Canoe,207,oc2rec,18,TRUE,14200,2073,1820,1477,94,155,18,128,kenduskeag,TRUE,paddler,NA,Jason Weiss,Weiss Jason,Cape Elizabeth,ME,USA,NA,NA,NA,NA
479152,2024,KENDUSKEAG,Downriver,Canoe,207,oc2rec,18,TRUE,14200,2073,1820,1477,94,155,18,128,kenduskeag,TRUE,paddler,NA,Virginia Weiss,Weiss Virginia,Cape Elizabeth,ME,USA,NA,NA,NA,NA
258149,2019,KENDUSKEAG,Downriver,Unknown,8,open,19,TRUE,14206,2074,254,19,19,254,19,19,kenduskeag2019,TRUE,paddler,NA,Jaren Desantis,Desantis Jaren,Yarmouth,ME,USA,1,T,14206,NA
258149,2019,KENDUSKEAG,Downriver,Unknown,8,open,19,TRUE,14206,2074,254,19,19,254,19,19,kenduskeag2019,TRUE,paddler,NA,Paul-Mark Desantis,Desantis Paul-Mark,Levant,ME,USA,1,T,14206,NA
258149,2019,KENDUSKEAG,Downriver,Unknown,8,open,19,TRUE,14206,2074,254,19,19,254,19,19,kenduskeag2019,TRUE,paddler,NA,Ryan Saucier,Saucier Ryan,Stillwater,ME,USA,1,T,14206,NA
258149,2019,KENDUSKEAG,Downriver,Unknown,8,open,19,TRUE,14206,2074,254,19,19,254,19,19,kenduskeag2019,TRUE,paddler,NA,Adam Yeo,Yeo Adam,Hermon,ME,USA,1,T,14206,NA
249259,2018,KENDUSKEAG,Downriver,Canoe,2,open,22,TRUE,14208,2075,1821,1478,124,267,22,219,kenduskeag,TRUE,paddler,NA,Derek Rancourt,Rancourt Derek,Hallowell,ME,USA,1,T,14208,NA
249259,2018,KENDUSKEAG,Downriver,Canoe,2,open,22,TRUE,14208,2075,1821,1478,124,267,22,219,kenduskeag,TRUE,paddler,NA,Mike Rancourt,Rancourt Mike,Hampden,ME,USA,1,T,14208,NA
249259,2018,KENDUSKEAG,Downriver,Canoe,2,open,22,TRUE,14208,2075,1821,1478,124,267,22,219,kenduskeag,TRUE,paddler,NA,Ryan Rancourt,Rancourt Ryan,Brewer,ME,USA,1,T,14208,NA
240143,2017,KENDUSKEAG,Downriver,Canoe,7,open,18,TRUE,14216,2076,1822,1479,125,262,18,217,kenduskeag,TRUE,paddler,NA,Jack Andraka,Andraka Jack,Crownsville,MD,USA,1,T,14216,NA
240143,2017,KENDUSKEAG,Downriver,Canoe,7,open,18,TRUE,14216,2076,1822,1479,125,262,18,217,kenduskeag,TRUE,paddler,NA,Jane Andraka,Andraka Jane,Crownsville,MD,USA,1,T,14216,NA
358476,2022,KENDUSKEAG,Downriver,Unknown,4,open,13,TRUE,14217,2077,1823,48,126,228,13,13,kenduskeag,TRUE,paddler,NA,Benjamin York,York Benjamin,Bucksport,ME,USA,NA,NA,NA,NA
358476,2022,KENDUSKEAG,Downriver,Unknown,4,open,13,TRUE,14217,2077,1823,48,126,228,13,13,kenduskeag,TRUE,paddler,NA,Elizabeth York,York Elizabeth,Bucksport,ME,USA,NA,NA,NA,NA
358476,2022,KENDUSKEAG,Downriver,Unknown,4,open,13,TRUE,14217,2077,1823,48,126,228,13,13,kenduskeag,TRUE,paddler,yorkjo01,Joseph York,York Joseph,Bucksport,ME,USA,NA,NA,NA,NA
240164,2017,KENDUSKEAG,Downriver,Canoe,35,open,19,TRUE,14222,2078,1824,1480,127,263,19,218,kenduskeag,TRUE,paddler,NA,Melanie McVety,McVety Melanie,Albion,ME,USA,1,T,14222,NA
240164,2017,KENDUSKEAG,Downriver,Canoe,35,open,19,TRUE,14222,2078,1824,1480,127,263,19,218,kenduskeag,TRUE,paddler,NA,Kelsy Morganwalp,Morganwalp Kelsy,Gorham,NH,USA,1,T,14222,NA
240164,2017,KENDUSKEAG,Downriver,Canoe,35,open,19,TRUE,14222,2078,1824,1480,127,263,19,218,kenduskeag,TRUE,paddler,NA,Haley Peterson,Peterson Haley,Bristol,NH,USA,1,T,14222,NA
229714,2016,KENDUSKEAG,Downriver,Canoe,412,oc2shortbeg,10,TRUE,14222,2079,1825,1481,80,220,10,184,kenduskeag,TRUE,paddler,NA,Tyler Moore,Moore Tyler,Phippsburg,ME,USA,1,T,14222,NA
229714,2016,KENDUSKEAG,Downriver,Canoe,412,oc2shortbeg,10,TRUE,14222,2079,1825,1481,80,220,10,184,kenduskeag,TRUE,paddler,NA,Zach Pickering,Pickering Zach,Phippsburg,ME,USA,1,T,14222,NA
345876,2021,KENDUSKEAG,Downriver,Canoe,617,oc2mediumrec,12,TRUE,14223,2080,1826,1482,123,55,12,44,kenduskeag,TRUE,paddler,butlerda01,Dave Butler,Butler Dave,Windam,ME,USA,NA,NA,NA,NA
345876,2021,KENDUSKEAG,Downriver,Canoe,617,oc2mediumrec,12,TRUE,14223,2080,1826,1482,123,55,12,44,kenduskeag,TRUE,paddler,NA,Stephen Lyons,Lyons Stephen,Cape Elizabeth,ME,USA,NA,NA,NA,NA
358563,2022,KENDUSKEAG,Downriver,Kayak,123,k1rec,8,TRUE,14223,2082,1828,297,60,229,8,31,kenduskeag,TRUE,paddler,NA,Jeremy Markuson,Markuson Jeremy,Bangor,ME,USA,NA,NA,NA,NA
240274,2017,KENDUSKEAG,Downriver,Kayak,184,k1rec,9,TRUE,14225,2084,1829,298,61,264,9,46,kenduskeag,TRUE,paddler,caffeeho01,Hollis Caffee,Caffee Hollis,Bangor,ME,USA,1,T,14225,NA
479119,2024,KENDUSKEAG,Downriver,Canoe,167,oc2mixrec,11,TRUE,14234,2086,1831,1485,166,156,11,129,kenduskeag,TRUE,paddler,NA,Thomas Emerson,Emerson Thomas,Raymond,ME,USA,NA,NA,NA,NA
479119,2024,KENDUSKEAG,Downriver,Canoe,167,oc2mixrec,11,TRUE,14234,2086,1831,1485,166,156,11,129,kenduskeag,TRUE,paddler,NA,Emily Grudzien,Grudzien Emily,Raymond,ME,USA,NA,NA,NA,NA
345915,2021,KENDUSKEAG,Downriver,Canoe,460,oc2short,11,TRUE,14240,2087,1832,1486,85,56,11,45,kenduskeag,TRUE,paddler,NA,Donnie Bentley,Bentley Donnie,Levant,ME,USA,NA,NA,NA,NA
345915,2021,KENDUSKEAG,Downriver,Canoe,460,oc2short,11,TRUE,14240,2087,1832,1486,85,56,11,45,kenduskeag,TRUE,paddler,NA,Matthew Pellerin,Pellerin Matthew,Levant,ME,USA,NA,NA,NA,NA
479153,2024,KENDUSKEAG,Downriver,Canoe,183,oc2rec,19,TRUE,14240,2088,1833,1487,95,157,19,130,kenduskeag,TRUE,paddler,NA,Luke Patry,Patry Luke,Lisbon Falls,ME,USA,NA,NA,NA,NA
479153,2024,KENDUSKEAG,Downriver,Canoe,183,oc2rec,19,TRUE,14240,2088,1833,1487,95,157,19,130,kenduskeag,TRUE,paddler,NA,Chris Peterson,Peterson Chris,Winthrop,ME,USA,NA,NA,NA,NA
479281,2024,KENDUSKEAG,Downriver,Canoe,310,oc2hs,11,TRUE,14241,2089,1834,1488,71,158,11,131,kenduskeag,TRUE,paddler,NA,Alder Ame,Ame Alder,Bar Harbor,ME,USA,NA,NA,NA,NA
479281,2024,KENDUSKEAG,Downriver,Canoe,310,oc2hs,11,TRUE,14241,2089,1834,1488,71,158,11,131,kenduskeag,TRUE,paddler,NA,Sam Nguyen-Jones,Nguyen-Jones Sam,Bar Harbor,ME,USA,NA,NA,NA,NA
229463,2016,KENDUSKEAG,Downriver,Kayak,132,k1short,8,TRUE,14242,2090,1835,299,101,222,8,37,kenduskeag,TRUE,paddler,NA,Mark Bevelhimer,Bevelhimer Mark,Lenoir City,TN,USA,1,T,14242,NA
358669,2022,KENDUSKEAG,Downriver,Canoe,203,oc2rec,33,TRUE,14245,2092,1837,1490,96,230,33,186,kenduskeag,TRUE,paddler,NA,Keegan Kennedy,Kennedy Keegan,Waldoboro,ME,USA,NA,NA,NA,NA
358669,2022,KENDUSKEAG,Downriver,Canoe,203,oc2rec,33,TRUE,14245,2092,1837,1490,96,230,33,186,kenduskeag,TRUE,paddler,moriarto01,Tom Moriarty,Moriarty Tom,Milford,ME,USA,NA,NA,NA,NA
479057,2024,KENDUSKEAG,Downriver,Kayak,108,k1rec,5,TRUE,14250,2093,1838,300,62,159,5,22,kenduskeag,TRUE,paddler,merrilla01,Larry Merrill,Merrill Larry,Orrington,ME,USA,NA,NA,NA,NA
423960,2023,KENDUSKEAG,Downriver,Canoe,43,oc2short,12,TRUE,14258,2096,1841,1493,86,206,12,158,kenduskeag,TRUE,paddler,NA,Zebadiah Raszmann,Raszmann Zebadiah,Harpswell,ME,USA,NA,NA,NA,NA
423960,2023,KENDUSKEAG,Downriver,Canoe,43,oc2short,12,TRUE,14258,2096,1841,1493,86,206,12,158,kenduskeag,TRUE,paddler,NA,Daniel Whitmore,Whitmore Daniel,Cape Elizabeth,ME,USA,NA,NA,NA,NA
424138,2023,KENDUSKEAG,Downriver,Canoe,207,oc2shortrec,18,TRUE,14259,2097,1842,1494,136,207,18,159,kenduskeag,TRUE,paddler,NA,Adam Buck,Buck Adam,Raymond,NH,USA,NA,NA,NA,NA
424138,2023,KENDUSKEAG,Downriver,Canoe,207,oc2shortrec,18,TRUE,14259,2097,1842,1494,136,207,18,159,kenduskeag,TRUE,paddler,NA,Jonathan Martin,Martin Jonathan,Manchester,NH,USA,NA,NA,NA,NA
527912,2025,KENDUSKEAG,Downriver,Canoe,302,oc2shortbeg,9,TRUE,14264,2100,1845,1497,81,213,9,166,kenduskeag,TRUE,paddler,NA,Rose Gellman,Gellman Rose,Orono,ME,USA,NA,NA,NA,NA
527912,2025,KENDUSKEAG,Downriver,Canoe,302,oc2shortbeg,9,TRUE,14264,2100,1845,1497,81,213,9,166,kenduskeag,TRUE,paddler,NA,Rachel Poppe,Poppe Rachel,Orono,ME,USA,NA,NA,NA,NA
229593,2016,KENDUSKEAG,Downriver,Canoe,279,oc2mediumrec,22,TRUE,14275,2102,1847,1499,124,223,22,186,kenduskeag,TRUE,paddler,NA,Sidney Beardsworth,Beardsworth Sidney,Blue Hill,ME,USA,1,T,14275,NA
229593,2016,KENDUSKEAG,Downriver,Canoe,279,oc2mediumrec,22,TRUE,14275,2102,1847,1499,124,223,22,186,kenduskeag,TRUE,paddler,NA,Caleb Wiesing,Wiesing Caleb,Sedgwick,ME,USA,1,T,14275,NA
240390,2017,KENDUSKEAG,Downriver,Canoe,322,oc2mediumrec,38,TRUE,14276,2103,1848,1500,125,267,38,221,kenduskeag,TRUE,paddler,NA,Chris Brann,Brann Chris,PORTLAND,ME,USA,1,T,14276,NA
240390,2017,KENDUSKEAG,Downriver,Canoe,322,oc2mediumrec,38,TRUE,14276,2103,1848,1500,125,267,38,221,kenduskeag,TRUE,paddler,kinneyju01,Justin Kinney,Kinney Justin,PORTLAND,ME,USA,1,T,14276,NA
219785,2015,KENDUSKEAG,Downriver,Canoe,251,oc2mediumrec,27,TRUE,14278,2104,1849,1501,126,223,27,184,kenduskeag,TRUE,paddler,NA,Robert Hanscom,Hanscom Robert,Bar Harbor,ME,USA,1,T,14278,NA
219785,2015,KENDUSKEAG,Downriver,Canoe,251,oc2mediumrec,27,TRUE,14278,2104,1849,1501,126,223,27,184,kenduskeag,TRUE,paddler,sawyerad01,Adam Sawyer,Sawyer Adam,Trenton,ME,USA,1,T,14278,NA
240363,2017,KENDUSKEAG,Downriver,Canoe,294,oc2mixrec,20,TRUE,14278,2105,1850,1502,167,268,20,222,kenduskeag,TRUE,paddler,NA,Sam Martinelli,Martinelli Sam,Orono,ME,USA,1,T,14278,NA
240363,2017,KENDUSKEAG,Downriver,Canoe,294,oc2mixrec,20,TRUE,14278,2105,1850,1502,167,268,20,222,kenduskeag,TRUE,paddler,NA,Sarah McDonald,McDonald Sarah,Orono,ME,USA,1,T,14278,NA
240482,2017,KENDUSKEAG,Downriver,Canoe,430,oc2shortbeg,12,TRUE,14280,2107,1852,1504,82,269,12,223,kenduskeag,TRUE,paddler,NA,Dean Koenig,Koenig Dean,South Thomaston,ME,USA,1,T,14280,NA
240482,2017,KENDUSKEAG,Downriver,Canoe,430,oc2shortbeg,12,TRUE,14280,2107,1852,1504,82,269,12,223,kenduskeag,TRUE,paddler,NA,Ian Mauricette,Mauricette Ian,Owls Head,ME,USA,1,T,14280,NA
479154,2024,KENDUSKEAG,Downriver,Canoe,182,oc2rec,20,TRUE,14284,2108,1853,1505,97,160,20,132,kenduskeag,TRUE,paddler,NA,Reis Costello,Costello Reis,South Portland,ME,USA,NA,NA,NA,NA
479154,2024,KENDUSKEAG,Downriver,Canoe,182,oc2rec,20,TRUE,14284,2108,1853,1505,97,160,20,132,kenduskeag,TRUE,paddler,NA,Will Cutchell,Cutchell Will,Bath,ME,USA,NA,NA,NA,NA
240281,2017,KENDUSKEAG,Downriver,Kayak,197,k1rec,10,TRUE,14286,2109,1854,301,63,270,10,47,kenduskeag,TRUE,paddler,NA,Dennis Lisherness,Lisherness Dennis,Madison,ME,USA,1,T,14286,NA
240282,2017,KENDUSKEAG,Downriver,Kayak,198,k1rec,11,TRUE,14289,2110,1855,302,64,271,11,48,kenduskeag,TRUE,paddler,NA,Jarred Lisherness,Lisherness Jarred,Madison,ME,USA,1,T,14289,NA
229580,2016,KENDUSKEAG,Downriver,Canoe,266,oc2mixrec,17,TRUE,14298,2112,1857,1507,168,225,17,188,kenduskeag,TRUE,paddler,NA,Jessica Hadley,Hadley Jessica,Augusta,ME,USA,1,T,14298,NA
229580,2016,KENDUSKEAG,Downriver,Canoe,266,oc2mixrec,17,TRUE,14298,2112,1857,1507,168,225,17,188,kenduskeag,TRUE,paddler,maguirse01,Sean Maguire,Maguire Sean,Augusta,ME,USA,1,T,14298,NA
527852,2025,KENDUSKEAG,Downriver,Canoe,215,oc2rec,26,TRUE,14304,2115,1860,1510,98,214,26,167,kenduskeag,TRUE,paddler,NA,Andrew Baker,Baker Andrew,Glenburn,ME,USA,NA,NA,NA,NA
527852,2025,KENDUSKEAG,Downriver,Canoe,215,oc2rec,26,TRUE,14304,2115,1860,1510,98,214,26,167,kenduskeag,TRUE,paddler,NA,Ryan Baker,Baker Ryan,Alton,ME,USA,NA,NA,NA,NA
358634,2022,KENDUSKEAG,Downriver,Canoe,189,oc2mixrec,33,TRUE,14305,2117,1862,1512,169,232,33,188,kenduskeag,TRUE,paddler,NA,Erin Nason,Nason Erin,Auburn,ME,USA,NA,NA,NA,NA
358634,2022,KENDUSKEAG,Downriver,Canoe,189,oc2mixrec,33,TRUE,14305,2117,1862,1512,169,232,33,188,kenduskeag,TRUE,paddler,NA,Marty Nason,Nason Marty,Ellsworth,ME,USA,NA,NA,NA,NA
240167,2017,KENDUSKEAG,Downriver,Canoe,42,open,20,TRUE,14311,2118,1863,1513,128,272,20,224,kenduskeag,TRUE,paddler,NA,Terry Pinkham,Pinkham Terry,Ellsworth,ME,USA,1,T,14311,NA
479193,2024,KENDUSKEAG,Downriver,Canoe,239,oc2shortrec,25,TRUE,14313,2119,1864,1514,137,161,25,133,kenduskeag,TRUE,paddler,NA,Nate Campbell,Campbell Nate,Orono,ME,USA,NA,NA,NA,NA
479193,2024,KENDUSKEAG,Downriver,Canoe,239,oc2shortrec,25,TRUE,14313,2119,1864,1514,137,161,25,133,kenduskeag,TRUE,paddler,henderjo01,Jon Henderson,Henderson Jon,Orono,ME,USA,NA,NA,NA,NA
527729,2025,KENDUSKEAG,Downriver,Kayak,120,k1rec,8,TRUE,14320,2121,1866,303,65,216,8,38,kenduskeag,TRUE,paddler,NA,Paul Leger,Leger Paul,Concord,NH,USA,NA,NA,NA,NA
358766,2022,KENDUSKEAG,Downriver,Canoe,334,oc2hs,12,TRUE,14321,2122,1867,1516,72,233,12,189,kenduskeag,TRUE,paddler,NA,Sydney Pine,Pine Sydney,Orrington,ME,USA,NA,NA,NA,NA
358766,2022,KENDUSKEAG,Downriver,Canoe,334,oc2hs,12,TRUE,14321,2122,1867,1516,72,233,12,189,kenduskeag,TRUE,paddler,NA,Cassidy Urquhart,Urquhart Cassidy,Amherst,ME,USA,NA,NA,NA,NA
527868,2025,KENDUSKEAG,Downriver,Canoe,259,oc2shortrec,13,TRUE,14321,2123,1868,1517,138,217,13,169,kenduskeag,TRUE,paddler,NA,Rob Mueller,Mueller Rob,Brunswick,ME,USA,NA,NA,NA,NA
527868,2025,KENDUSKEAG,Downriver,Canoe,259,oc2shortrec,13,TRUE,14321,2123,1868,1517,138,217,13,169,kenduskeag,TRUE,paddler,NA,Jason Reinalda,Reinalda Jason,Saunderstown,RI,USA,NA,NA,NA,NA
229611,2016,KENDUSKEAG,Downriver,Canoe,298,oc2mediumrec,23,TRUE,14322,2124,1869,1518,127,228,23,191,kenduskeag,TRUE,paddler,NA,Robert Hanscom,Hanscom Robert,Trenton,ME,USA,1,T,14322,NA
229611,2016,KENDUSKEAG,Downriver,Canoe,298,oc2mediumrec,23,TRUE,14322,2124,1869,1518,127,228,23,191,kenduskeag,TRUE,paddler,sawyerad01,Adam Sawyer,Sawyer Adam,Trenton,ME,USA,1,T,14322,NA
249374,2018,KENDUSKEAG,Downriver,Kayak,143,k1short,17,TRUE,14328,2127,1872,304,102,271,17,49,kenduskeag,TRUE,paddler,NA,Christopher Mares,Mares Christopher,Orono,ME,USA,1,T,14328,NA
229602,2016,KENDUSKEAG,Downriver,Canoe,289,oc2mediumrec,24,TRUE,14336,2129,1874,1521,128,231,24,193,kenduskeag,TRUE,paddler,NA,Christopher Gould,Gould Christopher,Stetson,ME,USA,1,T,14336,NA
229602,2016,KENDUSKEAG,Downriver,Canoe,289,oc2mediumrec,24,TRUE,14336,2129,1874,1521,128,231,24,193,kenduskeag,TRUE,paddler,NA,Jake St. Louis,St. Louis Jake,Stetson,ME,USA,1,T,14336,NA
423921,2023,KENDUSKEAG,Downriver,Unknown,17,open,20,TRUE,14350,2131,1876,49,129,210,20,20,kenduskeag,TRUE,paddler,NA,Linda Mari Arnaud,Mari Arnaud Linda,Blue Hill,ME,USA,NA,NA,NA,NA
423921,2023,KENDUSKEAG,Downriver,Unknown,17,open,20,TRUE,14350,2131,1876,49,129,210,20,20,kenduskeag,TRUE,paddler,NA,Kelly Slaven,Slaven Kelly,Blue Hill,ME,USA,NA,NA,NA,NA
423921,2023,KENDUSKEAG,Downriver,Unknown,17,open,20,TRUE,14350,2131,1876,49,129,210,20,20,kenduskeag,TRUE,paddler,NA,Joel Wilson,Wilson Joel,Franklin,ME,USA,NA,NA,NA,NA
358564,2022,KENDUSKEAG,Downriver,Kayak,125,k1rec,9,TRUE,14356,2133,1878,306,66,234,9,32,kenduskeag,TRUE,paddler,NA,Alex Marsh,Marsh Alex,Hermon,ME,USA,NA,NA,NA,NA
229479,2016,KENDUSKEAG,Downriver,Kayak,153,k1rec,9,TRUE,14369,2139,1883,307,67,232,9,39,kenduskeag,TRUE,paddler,NA,Jason Deering,Deering Jason,Bangor,ME,USA,1,T,14369,NA
424076,2023,KENDUSKEAG,Downriver,Canoe,293,oc2mixrec,27,TRUE,14378,2140,1884,1528,170,212,27,163,kenduskeag,TRUE,paddler,NA,Lauren Anderson,Anderson Lauren,Saco,ME,USA,NA,NA,NA,NA
424076,2023,KENDUSKEAG,Downriver,Canoe,293,oc2mixrec,27,TRUE,14378,2140,1884,1528,170,212,27,163,kenduskeag,TRUE,paddler,NA,Benjamin Schmidt,Schmidt Benjamin,Saco,ME,USA,NA,NA,NA,NA
479194,2024,KENDUSKEAG,Downriver,Canoe,225,oc2shortrec,26,TRUE,14378,2141,1885,1529,139,162,26,134,kenduskeag,TRUE,paddler,NA,Abbott Hooper,Hooper Abbott,Biddeford,ME,USA,NA,NA,NA,NA
479194,2024,KENDUSKEAG,Downriver,Canoe,225,oc2shortrec,26,TRUE,14378,2141,1885,1529,139,162,26,134,kenduskeag,TRUE,paddler,NA,Josh Neal,Neal Josh,Monmouth,ME,USA,NA,NA,NA,NA
240380,2017,KENDUSKEAG,Downriver,Canoe,312,oc2mediumrec,39,TRUE,14378,2142,1886,1530,129,273,39,225,kenduskeag,TRUE,paddler,NA,Willie Gilbert,Gilbert Willie,Stonington,ME,USA,1,T,14378,NA
240380,2017,KENDUSKEAG,Downriver,Canoe,312,oc2mediumrec,39,TRUE,14378,2142,1886,1530,129,273,39,225,kenduskeag,TRUE,paddler,NA,Dale Haley Jr.,Haley Jr. Dale,Stonington,ME,USA,1,T,14378,NA
424215,2023,KENDUSKEAG,Downriver,Canoe,275,oc2hs,17,TRUE,14381,2143,1887,1531,73,213,17,164,kenduskeag,TRUE,paddler,NA,Julianna Day,Day Julianna,Orono,ME,USA,NA,NA,NA,NA
424215,2023,KENDUSKEAG,Downriver,Canoe,275,oc2hs,17,TRUE,14381,2143,1887,1531,73,213,17,164,kenduskeag,TRUE,paddler,NA,Joeseph Folsom,Folsom Joeseph,Orono,ME,USA,NA,NA,NA,NA
479155,2024,KENDUSKEAG,Downriver,Canoe,190,oc2rec,21,TRUE,14381,2144,1888,1532,99,163,21,135,kenduskeag,TRUE,paddler,NA,Shawn Snyder,Snyder Shawn,Orono,ME,USA,NA,NA,NA,NA
479155,2024,KENDUSKEAG,Downriver,Canoe,190,oc2rec,21,TRUE,14381,2144,1888,1532,99,163,21,135,kenduskeag,TRUE,paddler,NA,Kory Whittum,Whittum Kory,Orono,ME,USA,NA,NA,NA,NA
258303,2019,KENDUSKEAG,Downriver,Canoe,230,oc2mixrec,23,TRUE,14382,2145,257,197,23,257,23,197,kenduskeag2019,TRUE,paddler,NA,Rebecca Judkins,Judkins Rebecca,Bangor,ME,USA,1,T,14382,NA
258303,2019,KENDUSKEAG,Downriver,Canoe,230,oc2mixrec,23,TRUE,14382,2145,257,197,23,257,23,197,kenduskeag2019,TRUE,paddler,NA,Robert Judkins,Judkins Robert,Bangor,ME,USA,1,T,14382,NA
229646,2016,KENDUSKEAG,Downriver,Canoe,336,oc2shortrec,15,TRUE,14386,2147,1889,1533,140,233,15,194,kenduskeag,TRUE,paddler,NA,Jeremy Aldrich,Aldrich Jeremy,Argyle Twp.,ME,USA,1,T,14386,NA
229646,2016,KENDUSKEAG,Downriver,Canoe,336,oc2shortrec,15,TRUE,14386,2147,1889,1533,140,233,15,194,kenduskeag,TRUE,paddler,NA,Mack Delcoart,Delcoart Mack,Milford,ME,USA,1,T,14386,NA
219849,2015,KENDUSKEAG,Downriver,Canoe,325,oc2shortbeg,13,TRUE,14394,2148,1890,1534,83,225,13,186,kenduskeag,TRUE,paddler,NA,Aaron Teets,Teets Aaron,Old Town,ME,USA,1,T,14394,NA
219849,2015,KENDUSKEAG,Downriver,Canoe,325,oc2shortbeg,13,TRUE,14394,2148,1890,1534,83,225,13,186,kenduskeag,TRUE,paddler,NA,Nathan Wesley,Wesley Nathan,Old Town,ME,USA,1,T,14394,NA
240354,2017,KENDUSKEAG,Downriver,Canoe,283,oc2mixrec,21,TRUE,14396,2150,1892,1536,171,274,21,226,kenduskeag,TRUE,paddler,NA,Heather Furth,Furth Heather,Orono,ME,USA,1,T,14396,NA
240354,2017,KENDUSKEAG,Downriver,Canoe,283,oc2mixrec,21,TRUE,14396,2150,1892,1536,171,274,21,226,kenduskeag,TRUE,paddler,NA,Howie Whelden,Whelden Howie,Old Town,ME,USA,1,T,14396,NA
479120,2024,KENDUSKEAG,Downriver,Canoe,172,oc2mixrec,12,TRUE,14399,2151,1893,1537,172,164,12,136,kenduskeag,TRUE,paddler,NA,Matthew Mensinger,Mensinger Matthew,Orono,ME,USA,NA,NA,NA,NA
479120,2024,KENDUSKEAG,Downriver,Canoe,172,oc2mixrec,12,TRUE,14399,2151,1893,1537,172,164,12,136,kenduskeag,TRUE,paddler,NA,Sarah Mensinger,Mensinger Sarah,Orono,ME,USA,NA,NA,NA,NA
219597,2015,KENDUSKEAG,Downriver,Canoe,16,open,18,TRUE,14403,2152,1894,1538,130,226,18,187,kenduskeag,TRUE,paddler,NA,Brock Bennett,Bennett Brock,Orrington,ME,USA,1,T,14403,NA
219597,2015,KENDUSKEAG,Downriver,Canoe,16,open,18,TRUE,14403,2152,1894,1538,130,226,18,187,kenduskeag,TRUE,paddler,NA,Daniel Freeman,Freeman Daniel,Orrington,ME,USA,1,T,14403,NA
219597,2015,KENDUSKEAG,Downriver,Canoe,16,open,18,TRUE,14403,2152,1894,1538,130,226,18,187,kenduskeag,TRUE,paddler,NA,Patrick Neal,Neal Patrick,Orrington,ME,USA,1,T,14403,NA
219699,2015,KENDUSKEAG,Downriver,Kayak,144,k1rec,12,TRUE,14407,2154,1896,308,68,227,12,40,kenduskeag,TRUE,paddler,thompsda01,David Thompson,Thompson David,Newburgh,ME,USA,1,T,14407,NA
258302,2019,KENDUSKEAG,Downriver,Canoe,229,oc2mixrec,24,TRUE,14408,2155,259,198,24,259,24,198,kenduskeag2019,TRUE,paddler,kingda01,David King,King David,Portsmouth,NH,USA,1,T,14408,NA
258302,2019,KENDUSKEAG,Downriver,Canoe,229,oc2mixrec,24,TRUE,14408,2155,259,198,24,259,24,198,kenduskeag2019,TRUE,paddler,NA,Tamera King,King Tamera,Hampden,ME,USA,1,T,14408,NA
424106,2023,KENDUSKEAG,Downriver,Canoe,305,oc2rec,20,TRUE,14419,2158,1899,1542,100,216,20,167,kenduskeag,TRUE,paddler,NA,Terry Greenier,Greenier Terry,Orono,ME,USA,NA,NA,NA,NA
424106,2023,KENDUSKEAG,Downriver,Canoe,305,oc2rec,20,TRUE,14419,2158,1899,1542,100,216,20,167,kenduskeag,TRUE,paddler,hallerja01,James Haller,Haller James,Orono,ME,USA,NA,NA,NA,NA
358747,2022,KENDUSKEAG,Downriver,Canoe,298,oc2shortbeg,14,TRUE,14425,2159,1900,1543,84,235,14,190,kenduskeag,TRUE,paddler,NA,Laura Braun,Braun Laura,Orono,ME,USA,NA,NA,NA,NA
358747,2022,KENDUSKEAG,Downriver,Canoe,298,oc2shortbeg,14,TRUE,14425,2159,1900,1543,84,235,14,190,kenduskeag,TRUE,paddler,NA,Eliza Costigan,Costigan Eliza,Orono,ME,USA,NA,NA,NA,NA
258327,2019,KENDUSKEAG,Downriver,Canoe,259,oc2mixrec,25,TRUE,14426,2160,260,199,25,260,25,199,kenduskeag2019,TRUE,paddler,NA,Nicole Guido,Guido Nicole,Orono,ME,USA,1,T,14426,NA
258327,2019,KENDUSKEAG,Downriver,Canoe,259,oc2mixrec,25,TRUE,14426,2160,260,199,25,260,25,199,kenduskeag2019,TRUE,paddler,NA,J Elliott Sanders,Sanders J Elliott,Orono,ME,USA,1,T,14426,NA
240478,2017,KENDUSKEAG,Downriver,Canoe,426,oc2shortbeg,13,TRUE,14430,2162,1902,1545,85,275,13,227,kenduskeag,TRUE,paddler,NA,Matthew Cavanaugh,Cavanaugh Matthew,Old Town,ME,USA,1,T,14430,NA
240478,2017,KENDUSKEAG,Downriver,Canoe,426,oc2shortbeg,13,TRUE,14430,2162,1902,1545,85,275,13,227,kenduskeag,TRUE,paddler,moriarto01,Tom Moriarty,Moriarty Tom,Old Town,ME,USA,1,T,14430,NA
424006,2023,KENDUSKEAG,Downriver,Kayak,101,k1rec,5,TRUE,14433,2163,1903,309,69,217,5,30,kenduskeag,TRUE,paddler,NA,Josh Ivey,Ivey Josh,Corinth,ME,USA,NA,NA,NA,NA
219753,2015,KENDUSKEAG,Downriver,Canoe,212,oc2mixrec,18,TRUE,14445,2165,1905,1547,173,228,18,188,kenduskeag,TRUE,paddler,NA,Jeff Auger,Auger Jeff,Orono,ME,USA,1,T,14445,NA
219753,2015,KENDUSKEAG,Downriver,Canoe,212,oc2mixrec,18,TRUE,14445,2165,1905,1547,173,228,18,188,kenduskeag,TRUE,paddler,NA,Nina Whitney,Whitney Nina,Old Town,ME,USA,1,T,14445,NA
219843,2015,KENDUSKEAG,Downriver,Canoe,317,oc2shortbeg,14,TRUE,14447,2168,1908,1550,86,230,14,190,kenduskeag,TRUE,paddler,NA,Sarah Chesnutt,Chesnutt Sarah,Gorham,NH,USA,1,T,14447,NA
219843,2015,KENDUSKEAG,Downriver,Canoe,317,oc2shortbeg,14,TRUE,14447,2168,1908,1550,86,230,14,190,kenduskeag,TRUE,paddler,NA,Kelsy Morganwalp,Morganwalp Kelsy,Gorham,NH,USA,1,T,14447,NA
527706,2025,KENDUSKEAG,Downriver,Kayak,386,k1short,10,TRUE,14450,2169,1909,310,103,221,10,39,kenduskeag,TRUE,paddler,NA,Allen Batchelder,Batchelder Allen,Etna,ME,USA,NA,NA,NA,NA
219676,2015,KENDUSKEAG,Downriver,Kayak,110,k1short,12,TRUE,14452,2170,1910,311,104,231,12,41,kenduskeag,TRUE,paddler,NA,Cody Southard,Southard Cody,Pittsfield,ME,USA,1,T,14452,NA
358510,2022,KENDUSKEAG,Downriver,Canoe,60,oc2short,10,TRUE,14455,2171,1911,1551,87,236,10,191,kenduskeag,TRUE,paddler,NA,Erik Blomerg,Blomerg Erik,Old Town,ME,USA,NA,NA,NA,NA
358510,2022,KENDUSKEAG,Downriver,Canoe,60,oc2short,10,TRUE,14455,2171,1911,1551,87,236,10,191,kenduskeag,TRUE,paddler,NA,Alex Fish,Fish Alex,Wakefield,RI,USA,NA,NA,NA,NA
424007,2023,KENDUSKEAG,Downriver,Kayak,100,k1rec,6,TRUE,14492,2179,1919,314,70,220,6,31,kenduskeag,TRUE,paddler,whitejo01,Jonathan White,White Jonathan,Orono,ME,USA,NA,NA,NA,NA
229616,2016,KENDUSKEAG,Downriver,Canoe,303,oc2mediumrec,25,TRUE,14496,2182,1922,1559,130,236,25,197,kenduskeag,TRUE,paddler,crawforo01,Robert Crawford,Crawford Robert,Corinth,ME,USA,1,T,14496,NA
229616,2016,KENDUSKEAG,Downriver,Canoe,303,oc2mediumrec,25,TRUE,14496,2182,1922,1559,130,236,25,197,kenduskeag,TRUE,paddler,NA,Aaron Libby,Libby Aaron,Corinth,ME,USA,1,T,14496,NA
249604,2018,KENDUSKEAG,Downriver,Canoe,423,oc2hs,18,TRUE,14497,2183,1923,1560,74,276,18,227,kenduskeag,TRUE,paddler,NA,Sierra Bloom,Bloom Sierra,Bar Harbor,ME,USA,1,T,14497,NA
249604,2018,KENDUSKEAG,Downriver,Canoe,423,oc2hs,18,TRUE,14497,2183,1923,1560,74,276,18,227,kenduskeag,TRUE,paddler,NA,Anna Butler,Butler Anna,Bar Harbor,ME,USA,1,T,14497,NA
424216,2023,KENDUSKEAG,Downriver,Canoe,331,oc2hs,18,TRUE,14502,2184,1924,1561,75,221,18,170,kenduskeag,TRUE,paddler,NA,Arion Carraher-Kang,Carraher-Kang Arion,Manchester,MA,USA,NA,NA,NA,NA
424216,2023,KENDUSKEAG,Downriver,Canoe,331,oc2hs,18,TRUE,14502,2184,1924,1561,75,221,18,170,kenduskeag,TRUE,paddler,NA,Kaylie Harlin,Harlin Kaylie,Brunswick,ME,USA,NA,NA,NA,NA
527869,2025,KENDUSKEAG,Downriver,Canoe,353,oc2shortrec,14,TRUE,14502,2185,1925,1562,141,226,14,176,kenduskeag,TRUE,paddler,NA,Jared Willette,Willette Jared,Brewer,ME,USA,NA,NA,NA,NA
527869,2025,KENDUSKEAG,Downriver,Canoe,353,oc2shortrec,14,TRUE,14502,2185,1925,1562,141,226,14,176,kenduskeag,TRUE,paddler,NA,Kyle Willette,Willette Kyle,Bangor,ME,USA,NA,NA,NA,NA
479243,2024,KENDUSKEAG,Downriver,Canoe,268,oc2shortbeg,8,TRUE,14504,2186,1926,1563,87,167,8,139,kenduskeag,TRUE,paddler,NA,Nicholas Dieffenbacker-Krall,Dieffenbacker-Krall Nicholas,Old Town,ME,USA,NA,NA,NA,NA
479243,2024,KENDUSKEAG,Downriver,Canoe,268,oc2shortbeg,8,TRUE,14504,2186,1926,1563,87,167,8,139,kenduskeag,TRUE,paddler,NA,Keegan Feero,Feero Keegan,Augusta,ME,USA,NA,NA,NA,NA
358545,2022,KENDUSKEAG,Downriver,Kayak,348,k1short,11,TRUE,14504,2187,1927,315,105,237,11,33,kenduskeag,TRUE,paddler,stevenjo01,John Stevens,Stevens John,North Haven,ME,USA,NA,NA,NA,NA
479282,2024,KENDUSKEAG,Downriver,Canoe,306,oc2hs,12,TRUE,14509,2189,1929,1565,76,168,12,140,kenduskeag,TRUE,paddler,NA,Sierra Abrams,Abrams Sierra,Bar Harbor,ME,USA,NA,NA,NA,NA
479282,2024,KENDUSKEAG,Downriver,Canoe,306,oc2hs,12,TRUE,14509,2189,1929,1565,76,168,12,140,kenduskeag,TRUE,paddler,NA,Tim Barker-Plotkin,Barker-Plotkin Tim,Bar Harbor,ME,USA,NA,NA,NA,NA
479121,2024,KENDUSKEAG,Downriver,Canoe,164,oc2mixrec,13,TRUE,14513,2190,1930,1566,174,169,13,141,kenduskeag,TRUE,paddler,NA,Kris Constanzar,Constanzar Kris,Richmond,ME,USA,NA,NA,NA,NA
479121,2024,KENDUSKEAG,Downriver,Canoe,164,oc2mixrec,13,TRUE,14513,2190,1930,1566,174,169,13,141,kenduskeag,TRUE,paddler,NA,Caite Luedee,Luedee Caite,Durham,ME,USA,NA,NA,NA,NA
479195,2024,KENDUSKEAG,Downriver,Canoe,230,oc2shortrec,27,TRUE,14529,2193,1933,1569,142,170,27,142,kenduskeag,TRUE,paddler,NA,Jacob Collupy,Collupy Jacob,Bridgton,ME,USA,NA,NA,NA,NA
479195,2024,KENDUSKEAG,Downriver,Canoe,230,oc2shortrec,27,TRUE,14529,2193,1933,1569,142,170,27,142,kenduskeag,TRUE,paddler,NA,Kevin Lewis,Lewis Kevin,Portland,ME,USA,NA,NA,NA,NA
424008,2023,KENDUSKEAG,Downriver,Kayak,102,k1rec,7,TRUE,14531,2194,1934,316,71,222,7,32,kenduskeag,TRUE,paddler,NA,Ben Greeley,Greeley Ben,Brunswick,ME,USA,NA,NA,NA,NA
219588,2015,KENDUSKEAG,Downriver,Canoe,5,open,19,TRUE,14539,2196,1936,1570,131,232,19,191,kenduskeag,TRUE,paddler,NA,Kate Castonguay,Castonguay Kate,Holden,ME,USA,1,T,14539,NA
219588,2015,KENDUSKEAG,Downriver,Canoe,5,open,19,TRUE,14539,2196,1936,1570,131,232,19,191,kenduskeag,TRUE,paddler,NA,Amanda Ellis,Ellis Amanda,Holden,ME,USA,1,T,14539,NA
219588,2015,KENDUSKEAG,Downriver,Canoe,5,open,19,TRUE,14539,2196,1936,1570,131,232,19,191,kenduskeag,TRUE,paddler,NA,Hannah McGuire,McGuire Hannah,Holden,ME,USA,1,T,14539,NA
219797,2015,KENDUSKEAG,Downriver,Canoe,263,oc2shortrec,12,TRUE,14562,2200,1940,1572,143,234,12,192,kenduskeag,TRUE,paddler,NA,Travis Hardison,Hardison Travis,Otis,ME,USA,1,T,14562,NA
219797,2015,KENDUSKEAG,Downriver,Canoe,263,oc2shortrec,12,TRUE,14562,2200,1940,1572,143,234,12,192,kenduskeag,TRUE,paddler,speedbe01,Benjamin Speed,Speed Benjamin,Franklin,ME,USA,1,T,14562,NA
249484,2018,KENDUSKEAG,Downriver,Canoe,281,oc2mixrec,21,TRUE,14564,2201,1941,1573,175,277,21,228,kenduskeag,TRUE,paddler,NA,Christopher Treadwell,Treadwell Christopher,Gorham,ME,USA,1,T,14564,NA
249484,2018,KENDUSKEAG,Downriver,Canoe,281,oc2mixrec,21,TRUE,14564,2201,1941,1573,175,277,21,228,kenduskeag,TRUE,paddler,NA,Lacey Treadwell,Treadwell Lacey,Old Town,ME,USA,1,T,14564,NA
229603,2016,KENDUSKEAG,Downriver,Canoe,290,oc2mediumrec,26,TRUE,14574,2204,1944,1576,131,240,26,200,kenduskeag,TRUE,paddler,pelletda03,Daniel Pelletier,Pelletier Daniel,Gardiner,ME,USA,1,T,14574,NA
229603,2016,KENDUSKEAG,Downriver,Canoe,290,oc2mediumrec,26,TRUE,14574,2204,1944,1576,131,240,26,200,kenduskeag,TRUE,paddler,NA,Brandon Sperrey,Sperrey Brandon,Gardiner,ME,USA,1,T,14574,NA
249329,2018,KENDUSKEAG,Downriver,Canoe,92,oc2short,10,TRUE,14577,2205,1945,1577,88,279,10,230,kenduskeag,TRUE,paddler,NA,Ethan Cantin,Cantin Ethan,Orono,ME,USA,1,T,14577,NA
249329,2018,KENDUSKEAG,Downriver,Canoe,92,oc2short,10,TRUE,14577,2205,1945,1577,88,279,10,230,kenduskeag,TRUE,paddler,NA,Joseph Patenaude,Patenaude Joseph,Orono,ME,USA,1,T,14577,NA
527948,2025,KENDUSKEAG,Downriver,Canoe,345,oc2hs,9,TRUE,14579,2206,1946,1578,77,228,9,178,kenduskeag,TRUE,paddler,NA,Sierra Abrams,Abrams Sierra,Bar Harbor,ME,USA,NA,NA,NA,NA
527948,2025,KENDUSKEAG,Downriver,Canoe,345,oc2hs,9,TRUE,14579,2206,1946,1578,77,228,9,178,kenduskeag,TRUE,paddler,NA,Sam Nquyen-Jones,Nquyen-Jones Sam,Bar Harbor,ME,USA,NA,NA,NA,NA
358635,2022,KENDUSKEAG,Downriver,Canoe,184,oc2mixrec,34,TRUE,14580,2208,1947,1579,176,238,34,192,kenduskeag,TRUE,paddler,NA,Brielle Embrey,Embrey Brielle,Monmouth,ME,USA,NA,NA,NA,NA
358635,2022,KENDUSKEAG,Downriver,Canoe,184,oc2mixrec,34,TRUE,14580,2208,1947,1579,176,238,34,192,kenduskeag,TRUE,paddler,NA,Don Embrey,Embrey Don,Monmouth,ME,USA,NA,NA,NA,NA
358636,2022,KENDUSKEAG,Downriver,Canoe,185,oc2mixrec,35,TRUE,14580,2209,1948,1580,177,239,35,193,kenduskeag,TRUE,paddler,NA,John McElrath,McElrath John,West Poland,ME,USA,NA,NA,NA,NA
358636,2022,KENDUSKEAG,Downriver,Canoe,185,oc2mixrec,35,TRUE,14580,2209,1948,1580,177,239,35,193,kenduskeag,TRUE,paddler,NA,Shauna McElrath,McElrath Shauna,West Poland,ME,USA,NA,NA,NA,NA
240290,2017,KENDUSKEAG,Downriver,Kayak,208,k1rec,12,TRUE,14581,2210,1949,320,72,279,12,51,kenduskeag,TRUE,paddler,NA,Elias Ayrey,Ayrey Elias,Orono,ME,USA,1,T,14581,NA
249375,2018,KENDUSKEAG,Downriver,Kayak,144,k1short,18,TRUE,14583,2211,1950,321,106,280,18,50,kenduskeag,TRUE,paddler,NA,Ben Greeley,Greeley Ben,Waterville,ME,USA,1,T,14583,NA
424107,2023,KENDUSKEAG,Downriver,Canoe,175,oc2rec,21,TRUE,14586,2213,1952,1582,101,224,21,172,kenduskeag,TRUE,paddler,NA,Christopher Brann,Brann Christopher,Auburn,ME,USA,NA,NA,NA,NA
424107,2023,KENDUSKEAG,Downriver,Canoe,175,oc2rec,21,TRUE,14586,2213,1952,1582,101,224,21,172,kenduskeag,TRUE,paddler,kinneyju01,Justin Kinney,Kinney Justin,Durham,ME,USA,NA,NA,NA,NA
478951,2024,KENDUSKEAG,Downriver,Unknown,24,open,7,TRUE,14589,2215,1954,50,132,171,7,7,kenduskeag,TRUE,paddler,NA,Charlotte Begouen,Begouen Charlotte,Orono,ME,USA,NA,NA,NA,NA
478951,2024,KENDUSKEAG,Downriver,Unknown,24,open,7,TRUE,14589,2215,1954,50,132,171,7,7,kenduskeag,TRUE,paddler,NA,Alexis Merk,Merk Alexis,Orono,ME,USA,NA,NA,NA,NA
478951,2024,KENDUSKEAG,Downriver,Unknown,24,open,7,TRUE,14589,2215,1954,50,132,171,7,7,kenduskeag,TRUE,paddler,NA,Edgar Schnepp,Schnepp Edgar,Orono,ME,USA,NA,NA,NA,NA
479244,2024,KENDUSKEAG,Downriver,Canoe,266,oc2shortbeg,9,TRUE,14596,2218,1957,1586,88,173,9,144,kenduskeag,TRUE,paddler,NA,Anthony Nuzzo,Nuzzo Anthony,Gray,ME,USA,NA,NA,NA,NA
479244,2024,KENDUSKEAG,Downriver,Canoe,266,oc2shortbeg,9,TRUE,14596,2218,1957,1586,88,173,9,144,kenduskeag,TRUE,paddler,NA,Terran Siladi,Siladi Terran,Portland,ME,USA,NA,NA,NA,NA
229498,2016,KENDUSKEAG,Downriver,Kayak,177,k1rec,10,TRUE,14603,2220,1959,322,73,241,10,41,kenduskeag,TRUE,paddler,NA,Mark Cummings,Cummings Mark,Bradford,ME,USA,1,T,14603,NA
229605,2016,KENDUSKEAG,Downriver,Canoe,292,oc2mediumrec,27,TRUE,14603,2221,1960,1588,132,242,27,201,kenduskeag,TRUE,paddler,NA,Keith Manaker,Manaker Keith,Orono,ME,USA,1,T,14603,NA
229605,2016,KENDUSKEAG,Downriver,Canoe,292,oc2mediumrec,27,TRUE,14603,2221,1960,1588,132,242,27,201,kenduskeag,TRUE,paddler,NA,Matt Miller,Miller Matt,Orono,ME,USA,1,T,14603,NA
527824,2025,KENDUSKEAG,Downriver,Canoe,196,oc2mixrec,26,TRUE,14604,2223,1962,1590,178,229,26,179,kenduskeag,TRUE,paddler,NA,Brighid Doherty,Doherty Brighid,Deer Isle,ME,USA,NA,NA,NA,NA
527824,2025,KENDUSKEAG,Downriver,Canoe,196,oc2mixrec,26,TRUE,14604,2223,1962,1590,178,229,26,179,kenduskeag,TRUE,paddler,NA,Jeffrey Gagne,Gagne Jeffrey,Deer Isle,ME,USA,NA,NA,NA,NA
249325,2018,KENDUSKEAG,Downriver,Canoe,86,oc2short,11,TRUE,14605,2224,1963,1591,89,284,11,234,kenduskeag,TRUE,paddler,NA,Michael Rubino,Rubino Michael,Wakefield,MA,USA,1,T,14605,NA
249325,2018,KENDUSKEAG,Downriver,Canoe,86,oc2short,11,TRUE,14605,2224,1963,1591,89,284,11,234,kenduskeag,TRUE,paddler,NA,Thomas Rubino,Rubino Thomas,Wakefield,MA,USA,1,T,14605,NA
219692,2015,KENDUSKEAG,Downriver,Kayak,134,k1rec,13,TRUE,14610,2226,1965,323,74,235,13,43,kenduskeag,TRUE,paddler,whitejo01,Jonathan White,White Jonathan,Orono,ME,USA,1,T,14610,NA
219792,2015,KENDUSKEAG,Downriver,Canoe,258,oc2mediumrec,28,TRUE,14611,2228,1967,1593,133,236,28,193,kenduskeag,TRUE,paddler,NA,Garrett Babbs,Babbs Garrett,Calais,ME,USA,1,T,14611,NA
219792,2015,KENDUSKEAG,Downriver,Canoe,258,oc2mediumrec,28,TRUE,14611,2228,1967,1593,133,236,28,193,kenduskeag,TRUE,paddler,NA,Cole Bridges,Bridges Cole,Calais,ME,USA,1,T,14611,NA
229679,2016,KENDUSKEAG,Downriver,Canoe,374,oc2shortbeg,11,TRUE,14616,2230,1969,1595,89,243,11,202,kenduskeag,TRUE,paddler,NA,Jeffery Doyon,Doyon Jeffery,Fairfield,ME,USA,1,T,14616,NA
229679,2016,KENDUSKEAG,Downriver,Canoe,374,oc2shortbeg,11,TRUE,14616,2230,1969,1595,89,243,11,202,kenduskeag,TRUE,paddler,NA,Patrick Guerette,Guerette Patrick,Sidney,ME,USA,1,T,14616,NA
479006,2024,KENDUSKEAG,Downriver,Canoe,55,oc2short,5,TRUE,14624,2232,1971,1596,90,175,5,146,kenduskeag,TRUE,paddler,NA,Evan Goodkowsky,Goodkowsky Evan,Wiscasset,ME,USA,NA,NA,NA,NA
479006,2024,KENDUSKEAG,Downriver,Canoe,55,oc2short,5,TRUE,14624,2232,1971,1596,90,175,5,146,kenduskeag,TRUE,paddler,smither01,Eric Smith,Smith Eric,Bath,ME,USA,NA,NA,NA,NA
219881,2015,KENDUSKEAG,Downriver,Canoe,369,oc2mediumrec,29,TRUE,14626,2234,1973,1598,134,238,29,195,kenduskeag,TRUE,paddler,NA,Jeffrey Burnditt,Burnditt Jeffrey,Otis,ME,USA,1,T,14626,NA
219881,2015,KENDUSKEAG,Downriver,Canoe,369,oc2mediumrec,29,TRUE,14626,2234,1973,1598,134,238,29,195,kenduskeag,TRUE,paddler,NA,Michael Hibbits,Hibbits Michael,Franklin,ME,USA,1,T,14626,NA
527629,2025,KENDUSKEAG,Downriver,Unknown,23,open,11,TRUE,14627,2235,1974,51,133,230,11,11,kenduskeag,TRUE,paddler,NA,Leyli Johnson,Johnson Leyli,Bar Harbor,ME,USA,NA,NA,NA,NA
527629,2025,KENDUSKEAG,Downriver,Unknown,23,open,11,TRUE,14627,2235,1974,51,133,230,11,11,kenduskeag,TRUE,paddler,NA,Natalie Rodriguez,Rodriguez Natalie,Bar Harbor,ME,USA,NA,NA,NA,NA
527629,2025,KENDUSKEAG,Downriver,Unknown,23,open,11,TRUE,14627,2235,1974,51,133,230,11,11,kenduskeag,TRUE,paddler,NA,Lizzy Wright,Wright Lizzy,Bar Harbor,ME,USA,NA,NA,NA,NA
479196,2024,KENDUSKEAG,Downriver,Canoe,214,oc2shortrec,28,TRUE,14627,2236,1975,1599,144,176,28,147,kenduskeag,TRUE,paddler,speedbe01,Benjamin Speed,Speed Benjamin,Bangor,ME,USA,NA,NA,NA,NA
479196,2024,KENDUSKEAG,Downriver,Canoe,214,oc2shortrec,28,TRUE,14627,2236,1975,1599,144,176,28,147,kenduskeag,TRUE,paddler,NA,Noah Speed,Speed Noah,Bangor,ME,USA,NA,NA,NA,NA
479283,2024,KENDUSKEAG,Downriver,Canoe,303,oc2hs,13,TRUE,14631,2238,1977,1601,78,177,13,148,kenduskeag,TRUE,paddler,NA,Kaia Douglas,Douglas Kaia,Bar Harbor,ME,USA,NA,NA,NA,NA
479283,2024,KENDUSKEAG,Downriver,Canoe,303,oc2hs,13,TRUE,14631,2238,1977,1601,78,177,13,148,kenduskeag,TRUE,paddler,NA,Hanako Moulton,Moulton Hanako,Bar Harbor,ME,USA,NA,NA,NA,NA
240413,2017,KENDUSKEAG,Downriver,Canoe,346,oc2mediumrec,40,TRUE,14633,2239,1978,1602,135,281,40,230,kenduskeag,TRUE,paddler,NA,Matthew Jipson,Jipson Matthew,Burlington,ME,USA,1,T,14633,NA
240413,2017,KENDUSKEAG,Downriver,Canoe,346,oc2mediumrec,40,TRUE,14633,2239,1978,1602,135,281,40,230,kenduskeag,TRUE,paddler,NA,Eric Poulin,Poulin Eric,Howland,ME,USA,1,T,14633,NA
479034,2024,KENDUSKEAG,Downriver,Kayak,80,k1short,6,TRUE,14635,2241,1980,327,107,178,6,23,kenduskeag,TRUE,paddler,NA,Andrew Pinkos,Pinkos Andrew,Winterport,ME,USA,NA,NA,NA,NA
527707,2025,KENDUSKEAG,Downriver,Kayak,91,k1short,11,TRUE,14637,2242,1981,328,108,231,11,41,kenduskeag,TRUE,paddler,NA,Anthony McChesney,McChesney Anthony,Dedham,ME,USA,NA,NA,NA,NA
229497,2016,KENDUSKEAG,Downriver,Kayak,176,k1rec,11,TRUE,14639,2243,1982,329,75,245,11,42,kenduskeag,TRUE,paddler,NA,Benjamin Bambrick,Bambrick Benjamin,Bangor,ME,USA,1,T,14639,NA
527630,2025,KENDUSKEAG,Downriver,Unknown,22,open,12,TRUE,14640,2244,1983,52,134,232,12,12,kenduskeag,TRUE,paddler,NA,Addie Festel,Festel Addie,Bar Harbor,ME,USA,NA,NA,NA,NA
527630,2025,KENDUSKEAG,Downriver,Unknown,22,open,12,TRUE,14640,2244,1983,52,134,232,12,12,kenduskeag,TRUE,paddler,NA,Julianne Hurst,Hurst Julianne,Bar Harbor,ME,USA,NA,NA,NA,NA
527630,2025,KENDUSKEAG,Downriver,Unknown,22,open,12,TRUE,14640,2244,1983,52,134,232,12,12,kenduskeag,TRUE,paddler,NA,Minu Toos,Toos Minu,Bar Harbor,ME,USA,NA,NA,NA,NA
479156,2024,KENDUSKEAG,Downriver,Canoe,201,oc2rec,22,TRUE,14641,2245,1984,1603,102,179,22,149,kenduskeag,TRUE,paddler,NA,Michael Doucette,Doucette Michael,Glenburn,ME,USA,NA,NA,NA,NA
479156,2024,KENDUSKEAG,Downriver,Canoe,201,oc2rec,22,TRUE,14641,2245,1984,1603,102,179,22,149,kenduskeag,TRUE,paddler,NA,Nicholas Doucette,Doucette Nicholas,Glenburn,ME,USA,NA,NA,NA,NA
423994,2023,KENDUSKEAG,Downriver,Kayak,76,k1short,16,TRUE,14643,2246,1985,330,109,225,16,33,kenduskeag,TRUE,paddler,NA,Sienna Roberge,Roberge Sienna,Bangor,ME,USA,NA,NA,NA,NA
345916,2021,KENDUSKEAG,Downriver,Canoe,452,oc2short,12,TRUE,14653,2247,1986,1604,91,59,12,47,kenduskeag,TRUE,paddler,NA,Nick Bishop,Bishop Nick,Windham,ME,USA,NA,NA,NA,NA
345916,2021,KENDUSKEAG,Downriver,Canoe,452,oc2short,12,TRUE,14653,2247,1986,1604,91,59,12,47,kenduskeag,TRUE,paddler,NA,Aaron Coulombe,Coulombe Aaron,Windham,ME,USA,NA,NA,NA,NA
219639,2015,KENDUSKEAG,Downriver,Canoe,59,oc2short,10,TRUE,14653,2248,1987,1605,92,240,10,196,kenduskeag,TRUE,paddler,NA,Ryan Blake,Blake Ryan,Hampden,ME,USA,1,T,14653,NA
219639,2015,KENDUSKEAG,Downriver,Canoe,59,oc2short,10,TRUE,14653,2248,1987,1605,92,240,10,196,kenduskeag,TRUE,paddler,NA,Coplin Fickett,Fickett Coplin,Hampden,ME,USA,1,T,14653,NA
478952,2024,KENDUSKEAG,Downriver,Unknown,9,open,8,TRUE,14657,2250,1989,53,135,180,8,8,kenduskeag,TRUE,paddler,NA,Johanna Burgason,Burgason Johanna,Worcester,MA,USA,NA,NA,NA,NA
478952,2024,KENDUSKEAG,Downriver,Unknown,9,open,8,TRUE,14657,2250,1989,53,135,180,8,8,kenduskeag,TRUE,paddler,NA,Katelyn Cross,Cross Katelyn,Castine,ME,USA,NA,NA,NA,NA
478952,2024,KENDUSKEAG,Downriver,Unknown,9,open,8,TRUE,14657,2250,1989,53,135,180,8,8,kenduskeag,TRUE,paddler,NA,Colton McAtee,McAtee Colton,Castine,ME,USA,NA,NA,NA,NA
258235,2019,KENDUSKEAG,Downriver,Kayak,125,k1short,17,TRUE,14663,2252,262,43,17,262,17,43,kenduskeag2019,TRUE,paddler,NA,Todd Hanson,Hanson Todd,Bucksport,ME,USA,1,T,14663,NA
423995,2023,KENDUSKEAG,Downriver,Kayak,283,k1short,17,TRUE,14667,2255,1993,331,110,226,17,34,kenduskeag,TRUE,paddler,NA,Allen Batchelder,Batchelder Allen,Etna,ME,USA,NA,NA,NA,NA
240140,2017,KENDUSKEAG,Downriver,Canoe,2,open,21,TRUE,14668,2257,1995,1611,136,282,21,231,kenduskeag,TRUE,paddler,bossem01,Emmanuel Boss,Boss Emmanuel,Orono,ME,USA,1,T,14668,NA
527949,2025,KENDUSKEAG,Downriver,Canoe,338,oc2hs,10,TRUE,14672,2258,1996,1612,79,233,10,180,kenduskeag,TRUE,paddler,NA,Huck Powers,Powers Huck,Bar Harbor,ME,USA,NA,NA,NA,NA
527949,2025,KENDUSKEAG,Downriver,Canoe,338,oc2hs,10,TRUE,14672,2258,1996,1612,79,233,10,180,kenduskeag,TRUE,paddler,NA,Teddy Romero,Romero Teddy,Bar Harbor,ME,USA,NA,NA,NA,NA
423996,2023,KENDUSKEAG,Downriver,Kayak,75,k1short,18,TRUE,14673,2259,1997,332,111,228,18,35,kenduskeag,TRUE,paddler,NA,Nathan Faessler,Faessler Nathan,Bangor,ME,USA,NA,NA,NA,NA
479197,2024,KENDUSKEAG,Downriver,Canoe,229,oc2shortrec,29,TRUE,14673,2260,1998,1613,145,181,29,150,kenduskeag,TRUE,paddler,NA,Tyler Everett,Everett Tyler,West Baldwin,ME,USA,NA,NA,NA,NA
479197,2024,KENDUSKEAG,Downriver,Canoe,229,oc2shortrec,29,TRUE,14673,2260,1998,1613,145,181,29,150,kenduskeag,TRUE,paddler,NA,Andrew Lee,Lee Andrew,Gorham,ME,USA,NA,NA,NA,NA
345917,2021,KENDUSKEAG,Downriver,Canoe,458,oc2short,13,TRUE,14679,2262,2000,1615,93,62,13,50,kenduskeag,TRUE,paddler,NA,Daniel Monahan,Monahan Daniel,Eddington,ME,USA,NA,NA,NA,NA
345917,2021,KENDUSKEAG,Downriver,Canoe,458,oc2short,13,TRUE,14679,2262,2000,1615,93,62,13,50,kenduskeag,TRUE,paddler,NA,Lance Parker,Parker Lance,Eddington,ME,USA,NA,NA,NA,NA
240145,2017,KENDUSKEAG,Downriver,Canoe,9,open,22,TRUE,14692,2265,2003,1618,137,283,22,232,kenduskeag,TRUE,paddler,NA,Ben Howard,Howard Ben,Princeton,ME,USA,1,T,14692,NA
240145,2017,KENDUSKEAG,Downriver,Canoe,9,open,22,TRUE,14692,2265,2003,1618,137,283,22,232,kenduskeag,TRUE,paddler,NA,Mary Howard,Howard Mary,Hallowell,ME,USA,1,T,14692,NA
240145,2017,KENDUSKEAG,Downriver,Canoe,9,open,22,TRUE,14692,2265,2003,1618,137,283,22,232,kenduskeag,TRUE,paddler,NA,Sam Howard,Howard Sam,New Gloucester,ME,USA,1,T,14692,NA
249323,2018,KENDUSKEAG,Downriver,Canoe,83,oc2short,12,TRUE,14692,2266,2004,1619,94,287,12,236,kenduskeag,TRUE,paddler,NA,Jeffery Leicy,Leicy Jeffery,Bird-In-Hand,PA,USA,1,T,14692,NA
249323,2018,KENDUSKEAG,Downriver,Canoe,83,oc2short,12,TRUE,14692,2266,2004,1619,94,287,12,236,kenduskeag,TRUE,paddler,NA,Joel Leicy,Leicy Joel,Bird-In-Hand,PA,USA,1,T,14692,NA
219805,2015,KENDUSKEAG,Downriver,Canoe,273,oc2shortrec,13,TRUE,14693,2267,2005,1620,146,243,13,199,kenduskeag,TRUE,paddler,NA,Thomas Newell,Newell Thomas,Princeton,ME,USA,1,T,14693,NA
219805,2015,KENDUSKEAG,Downriver,Canoe,273,oc2shortrec,13,TRUE,14693,2267,2005,1620,146,243,13,199,kenduskeag,TRUE,paddler,NA,Jeffrey Tomah,Tomah Jeffrey,Bangor,ME,USA,1,T,14693,NA
479245,2024,KENDUSKEAG,Downriver,Canoe,267,oc2shortbeg,10,TRUE,14701,2269,2007,1622,90,182,10,151,kenduskeag,TRUE,paddler,NA,Nishan Papazian,Papazian Nishan,Worcester,MA,USA,NA,NA,NA,NA
479245,2024,KENDUSKEAG,Downriver,Canoe,267,oc2shortbeg,10,TRUE,14701,2269,2007,1622,90,182,10,151,kenduskeag,TRUE,paddler,NA,Adam Sanborn,Sanborn Adam,Worcester,MA,USA,NA,NA,NA,NA
258345,2019,KENDUSKEAG,Downriver,Canoe,282,oc2mediumrec,31,TRUE,14704,2270,263,201,31,263,31,201,kenduskeag2019,TRUE,paddler,NA,Scott Bonnell,Bonnell Scott,Durham,ME,USA,1,T,14704,NA
258345,2019,KENDUSKEAG,Downriver,Canoe,282,oc2mediumrec,31,TRUE,14704,2270,263,201,31,263,31,201,kenduskeag2019,TRUE,paddler,NA,Benjamin Douglass,Douglass Benjamin,Portland,ME,USA,1,T,14704,NA
479246,2024,KENDUSKEAG,Downriver,Canoe,262,oc2shortbeg,11,TRUE,14711,2271,2008,1623,91,183,11,152,kenduskeag,TRUE,paddler,NA,Alexander Eremita,Eremita Alexander,Bangor,ME,USA,NA,NA,NA,NA
479246,2024,KENDUSKEAG,Downriver,Canoe,262,oc2shortbeg,11,TRUE,14711,2271,2008,1623,91,183,11,152,kenduskeag,TRUE,paddler,NA,Parker McGlauflin,McGlauflin Parker,Hermon,ME,USA,NA,NA,NA,NA
479198,2024,KENDUSKEAG,Downriver,Canoe,216,oc2shortrec,30,TRUE,14714,2273,2010,1625,147,184,30,153,kenduskeag,TRUE,paddler,NA,Lindsey Lussier,Lussier Lindsey,Pembroke,MA,USA,NA,NA,NA,NA
479198,2024,KENDUSKEAG,Downriver,Canoe,216,oc2shortrec,30,TRUE,14714,2273,2010,1625,147,184,30,153,kenduskeag,TRUE,paddler,NA,Mathieu Lussier,Lussier Mathieu,Pembroke,MA,USA,NA,NA,NA,NA
424139,2023,KENDUSKEAG,Downriver,Canoe,196,oc2shortrec,19,TRUE,14726,2276,2013,1628,148,232,19,177,kenduskeag,TRUE,paddler,NA,Tim Rexrode,Rexrode Tim,Bangor,ME,USA,NA,NA,NA,NA
424139,2023,KENDUSKEAG,Downriver,Canoe,196,oc2shortrec,19,TRUE,14726,2276,2013,1628,148,232,19,177,kenduskeag,TRUE,paddler,NA,Gabe Tinkle,Tinkle Gabe,Bradley,ME,USA,NA,NA,NA,NA
424174,2023,KENDUSKEAG,Downriver,Canoe,238,oc2shortbeg,11,TRUE,14729,2277,2014,1629,92,233,11,178,kenduskeag,TRUE,paddler,NA,Ted James,James Ted,Bangor,ME,USA,NA,NA,NA,NA
424174,2023,KENDUSKEAG,Downriver,Canoe,238,oc2shortbeg,11,TRUE,14729,2277,2014,1629,92,233,11,178,kenduskeag,TRUE,paddler,NA,James Lobdell,Lobdell James,Hampden,ME,USA,NA,NA,NA,NA
424140,2023,KENDUSKEAG,Downriver,Canoe,204,oc2shortrec,20,TRUE,14745,2280,2017,1631,149,234,20,179,kenduskeag,TRUE,paddler,NA,Kyle Noonan,Noonan Kyle,Scarborough,ME,USA,NA,NA,NA,NA
424140,2023,KENDUSKEAG,Downriver,Canoe,204,oc2shortrec,20,TRUE,14745,2280,2017,1631,149,234,20,179,kenduskeag,TRUE,paddler,NA,Zachary Whitener,Whitener Zachary,Freeport,ME,USA,NA,NA,NA,NA
229666,2016,KENDUSKEAG,Downriver,Canoe,358,oc2shortrec,16,TRUE,14755,2282,2019,1633,150,247,16,205,kenduskeag,TRUE,paddler,fowlerda01,Dan Fowler,Fowler Dan,Orono,ME,USA,1,T,14755,NA
229666,2016,KENDUSKEAG,Downriver,Canoe,358,oc2shortrec,16,TRUE,14755,2282,2019,1633,150,247,16,205,kenduskeag,TRUE,paddler,NA,Sam Math,Math Sam,Orono,ME,USA,1,T,14755,NA
229377,2016,KENDUSKEAG,Downriver,Canoe,38,open,15,TRUE,14759,2283,2020,1634,138,248,15,206,kenduskeag,TRUE,paddler,NA,Ethan Fish,Fish Ethan,Dedham,ME,USA,1,T,14759,NA
229377,2016,KENDUSKEAG,Downriver,Canoe,38,open,15,TRUE,14759,2283,2020,1634,138,248,15,206,kenduskeag,TRUE,paddler,NA,Heidi Fish,Fish Heidi,Dedham,ME,USA,1,T,14759,NA
229377,2016,KENDUSKEAG,Downriver,Canoe,38,open,15,TRUE,14759,2283,2020,1634,138,248,15,206,kenduskeag,TRUE,paddler,NA,Max Perkins,Perkins Max,Holden,ME,USA,1,T,14759,NA
479247,2024,KENDUSKEAG,Downriver,Canoe,265,oc2shortbeg,12,TRUE,14776,2286,2023,1637,93,188,12,157,kenduskeag,TRUE,paddler,NA,Simon Chatenever,Chatenever Simon,Brewer,ME,USA,NA,NA,NA,NA
479247,2024,KENDUSKEAG,Downriver,Canoe,265,oc2shortbeg,12,TRUE,14776,2286,2023,1637,93,188,12,157,kenduskeag,TRUE,paddler,NA,Christopher Packard,Packard Christopher,Hampden,ME,USA,NA,NA,NA,NA
249509,2018,KENDUSKEAG,Downriver,Canoe,312,oc2mediumrec,28,TRUE,14776,2287,2024,1638,136,289,28,238,kenduskeag,TRUE,paddler,NA,Aaron Chesler,Chesler Aaron,Orono,ME,USA,1,T,14776,NA
249509,2018,KENDUSKEAG,Downriver,Canoe,312,oc2mediumrec,28,TRUE,14776,2287,2024,1638,136,289,28,238,kenduskeag,TRUE,paddler,NA,Jesse Walters,Walters Jesse,Orono,ME,USA,1,T,14776,NA
527631,2025,KENDUSKEAG,Downriver,Unknown,18,open,13,TRUE,14800,2289,2026,54,139,236,13,13,kenduskeag,TRUE,paddler,NA,Stephen Goulet,Goulet Stephen,Presque Isle,ME,USA,NA,NA,NA,NA
527631,2025,KENDUSKEAG,Downriver,Unknown,18,open,13,TRUE,14800,2289,2026,54,139,236,13,13,kenduskeag,TRUE,paddler,NA,Lucas Mathers,Mathers Lucas,Island Falls,ME,USA,NA,NA,NA,NA
527631,2025,KENDUSKEAG,Downriver,Unknown,18,open,13,TRUE,14800,2289,2026,54,139,236,13,13,kenduskeag,TRUE,paddler,NA,Mike Picard,Picard Mike,Presque Isle,ME,USA,NA,NA,NA,NA
258266,2019,KENDUSKEAG,Downriver,Kayak,178,k1rec,14,TRUE,14816,2295,264,44,14,264,14,44,kenduskeag2019,TRUE,paddler,NA,Josh Ortiz,Ortiz Josh,Bangor,ME,USA,1,T,14816,NA
258267,2019,KENDUSKEAG,Downriver,Kayak,179,k1rec,15,TRUE,14821,2298,265,45,15,265,15,45,kenduskeag2019,TRUE,paddler,ortizst01,Stephen Ortiz,Ortiz Stephen,Bangor,ME,USA,1,T,14821,NA
219776,2015,KENDUSKEAG,Downriver,Canoe,241,oc2mediumrec,30,TRUE,14823,2299,2034,1646,137,246,30,201,kenduskeag,TRUE,paddler,NA,Randy Frappier,Frappier Randy,Augusta,ME,USA,1,T,14823,NA
219776,2015,KENDUSKEAG,Downriver,Canoe,241,oc2mediumrec,30,TRUE,14823,2299,2034,1646,137,246,30,201,kenduskeag,TRUE,paddler,warnerma01,Mark Warner,Warner Mark,Augusta,ME,USA,1,T,14823,NA
240349,2017,KENDUSKEAG,Downriver,Canoe,278,oc2mixrec,22,TRUE,14824,2301,2036,1648,179,284,22,233,kenduskeag,TRUE,paddler,NA,Mathew Kinney,Kinney Mathew,PORTLAND,ME,USA,1,T,14824,NA
240349,2017,KENDUSKEAG,Downriver,Canoe,278,oc2mixrec,22,TRUE,14824,2301,2036,1648,179,284,22,233,kenduskeag,TRUE,paddler,NA,Erika McCoy,McCoy Erika,PORTLAND,ME,USA,1,T,14824,NA
527870,2025,KENDUSKEAG,Downriver,Canoe,256,oc2shortrec,15,TRUE,14828,2303,2038,1650,151,238,15,184,kenduskeag,TRUE,paddler,NA,Zach Buckley,Buckley Zach,Freedom,ME,USA,NA,NA,NA,NA
527870,2025,KENDUSKEAG,Downriver,Canoe,256,oc2shortrec,15,TRUE,14828,2303,2038,1650,151,238,15,184,kenduskeag,TRUE,paddler,NA,Grant Mullen,Mullen Grant,Northport,ME,USA,NA,NA,NA,NA
240348,2017,KENDUSKEAG,Downriver,Canoe,277,oc2mixrec,23,TRUE,14829,2304,2039,1651,180,285,23,234,kenduskeag,TRUE,paddler,NA,Christina Begin,Begin Christina,Hampden,ME,USA,1,T,14829,NA
240348,2017,KENDUSKEAG,Downriver,Canoe,277,oc2mixrec,23,TRUE,14829,2304,2039,1651,180,285,23,234,kenduskeag,TRUE,paddler,pickerdr01,Drew Pickering,Pickering Drew,Hampden,ME,USA,1,T,14829,NA
240280,2017,KENDUSKEAG,Downriver,Kayak,196,k1rec,13,TRUE,14831,2306,2041,335,76,286,13,52,kenduskeag,TRUE,paddler,NA,Erin Smith,Smith Erin,Carmel,ME,USA,1,T,14831,NA
358670,2022,KENDUSKEAG,Downriver,Canoe,274,oc2rec,34,TRUE,14833,2307,2042,1653,103,243,34,197,kenduskeag,TRUE,paddler,NA,Stefan Apse,Apse Stefan,South Portland,ME,USA,NA,NA,NA,NA
358670,2022,KENDUSKEAG,Downriver,Canoe,274,oc2rec,34,TRUE,14833,2307,2042,1653,103,243,34,197,kenduskeag,TRUE,paddler,NA,Grant Provost,Provost Grant,Brunswick,ME,USA,NA,NA,NA,NA
424217,2023,KENDUSKEAG,Downriver,Canoe,271,oc2hs,19,TRUE,14835,2308,2043,1654,80,235,19,180,kenduskeag,TRUE,paddler,NA,Franklin Libby,Libby Franklin,Orono,ME,USA,NA,NA,NA,NA
424217,2023,KENDUSKEAG,Downriver,Canoe,271,oc2hs,19,TRUE,14835,2308,2043,1654,80,235,19,180,kenduskeag,TRUE,paddler,NA,Conor Melanson,Melanson Conor,Haverhill,MA,USA,NA,NA,NA,NA
424175,2023,KENDUSKEAG,Downriver,Canoe,250,oc2shortbeg,12,TRUE,14843,2309,2044,1655,94,236,12,181,kenduskeag,TRUE,paddler,NA,Phillip Drew,Drew Phillip,Gorham,ME,USA,NA,NA,NA,NA
424175,2023,KENDUSKEAG,Downriver,Canoe,250,oc2shortbeg,12,TRUE,14843,2309,2044,1655,94,236,12,181,kenduskeag,TRUE,paddler,NA,Patrick Skall,Skall Patrick,Glenburn,ME,USA,NA,NA,NA,NA
258208,2019,KENDUSKEAG,Downriver,Canoe,85,oc2short,12,TRUE,14846,2310,266,202,12,266,12,202,kenduskeag2019,TRUE,paddler,NA,Joshua Duffy,Duffy Joshua,Plymouth,ME,USA,1,T,14846,NA
258208,2019,KENDUSKEAG,Downriver,Canoe,85,oc2short,12,TRUE,14846,2310,266,202,12,266,12,202,kenduskeag2019,TRUE,paddler,NA,Nathan Lancaster,Lancaster Nathan,Westbrook,ME,USA,1,T,14846,NA
424218,2023,KENDUSKEAG,Downriver,Canoe,272,oc2hs,20,TRUE,14851,2311,2045,1656,81,237,20,182,kenduskeag,TRUE,paddler,NA,Aiden Belanger,Belanger Aiden,Cornville,ME,USA,NA,NA,NA,NA
424218,2023,KENDUSKEAG,Downriver,Canoe,272,oc2hs,20,TRUE,14851,2311,2045,1656,81,237,20,182,kenduskeag,TRUE,paddler,NA,Andrew Van Dyke,Van Dyke Andrew,Orono,ME,USA,NA,NA,NA,NA
249389,2018,KENDUSKEAG,Downriver,Kayak,165,k1short,19,TRUE,14853,2313,2047,336,112,291,19,52,kenduskeag,TRUE,paddler,NA,Levi Bubier,Bubier Levi,Glenburn,ME,USA,1,T,14853,NA
229606,2016,KENDUSKEAG,Downriver,Canoe,293,oc2mediumrec,28,TRUE,14856,2316,2050,1659,138,255,28,212,kenduskeag,TRUE,paddler,NA,Charlie Gilbert,Gilbert Charlie,Ashland,ME,USA,1,T,14856,NA
229606,2016,KENDUSKEAG,Downriver,Canoe,293,oc2mediumrec,28,TRUE,14856,2316,2050,1659,138,255,28,212,kenduskeag,TRUE,paddler,jonesto01,Thomas Jones,Jones Thomas,Deer Isle,ME,USA,1,T,14856,NA
229715,2016,KENDUSKEAG,Downriver,Canoe,413,oc2shortbeg,12,TRUE,14857,2317,2051,1660,95,256,12,213,kenduskeag,TRUE,paddler,NA,Chris Phillips,Phillips Chris,Carmel,ME,USA,1,T,14857,NA
229715,2016,KENDUSKEAG,Downriver,Canoe,413,oc2shortbeg,12,TRUE,14857,2317,2051,1660,95,256,12,213,kenduskeag,TRUE,paddler,NA,Nicholas Phillips,Phillips Nicholas,Carmel,ME,USA,1,T,14857,NA
358511,2022,KENDUSKEAG,Downriver,Canoe,57,oc2short,11,TRUE,14868,2320,2054,1663,95,244,11,198,kenduskeag,TRUE,paddler,NA,Nicholas Dieffenbacher,Dieffenbacher Nicholas,Old Town,ME,USA,NA,NA,NA,NA
358511,2022,KENDUSKEAG,Downriver,Canoe,57,oc2short,11,TRUE,14868,2320,2054,1663,95,244,11,198,kenduskeag,TRUE,paddler,NA,Derek Hass,Hass Derek,Billerica,MA,USA,NA,NA,NA,NA
258259,2019,KENDUSKEAG,Downriver,Kayak,164,k1rec,16,TRUE,14871,2321,267,46,16,267,16,46,kenduskeag2019,TRUE,paddler,NA,Perry Lebreton,Lebreton Perry,Levant,ME,USA,1,T,14871,NA
527913,2025,KENDUSKEAG,Downriver,Canoe,299,oc2shortbeg,10,TRUE,14874,2322,2055,1664,96,239,10,185,kenduskeag,TRUE,paddler,NA,Nathan Casey,Casey Nathan,Bangor,ME,USA,NA,NA,NA,NA
527913,2025,KENDUSKEAG,Downriver,Canoe,299,oc2shortbeg,10,TRUE,14874,2322,2055,1664,96,239,10,185,kenduskeag,TRUE,paddler,NA,Colby McGary,McGary Colby,Dixmont,ME,USA,NA,NA,NA,NA
229731,2016,KENDUSKEAG,Downriver,Canoe,429,open,16,TRUE,14883,2326,2059,1668,140,257,16,214,kenduskeag,TRUE,paddler,NA,Ruleo Camacho,Camacho Ruleo,Orono,ME,USA,1,T,14883,NA
229731,2016,KENDUSKEAG,Downriver,Canoe,429,open,16,TRUE,14883,2326,2059,1668,140,257,16,214,kenduskeag,TRUE,paddler,NA,Betsy Irish,Irish Betsy,Orono,ME,USA,1,T,14883,NA
229731,2016,KENDUSKEAG,Downriver,Canoe,429,open,16,TRUE,14883,2326,2059,1668,140,257,16,214,kenduskeag,TRUE,paddler,omallean01,Andrew Omalley,Omalley Andrew,Orono,ME,USA,1,T,14883,NA
424009,2023,KENDUSKEAG,Downriver,Kayak,311,k1rec,8,TRUE,14891,2327,2060,338,77,238,8,36,kenduskeag,TRUE,paddler,NA,Scott Wilkerson,Wilkerson Scott,Orono,ME,USA,NA,NA,NA,NA
240358,2017,KENDUSKEAG,Downriver,Canoe,287,oc2mixrec,24,TRUE,14891,2328,2061,1669,181,288,24,236,kenduskeag,TRUE,paddler,NA,Kylie Osguthorpe,Osguthorpe Kylie,Bar Harbor,ME,USA,1,T,14891,NA
240358,2017,KENDUSKEAG,Downriver,Canoe,287,oc2mixrec,24,TRUE,14891,2328,2061,1669,181,288,24,236,kenduskeag,TRUE,paddler,NA,Jack Shaida,Shaida Jack,Bar Harbor,ME,USA,1,T,14891,NA
527950,2025,KENDUSKEAG,Downriver,Canoe,336,oc2hs,11,TRUE,14893,2329,2062,1670,82,241,11,187,kenduskeag,TRUE,paddler,NA,Ira Reinhart-Smith,Reinhart-Smith Ira,Bar Harbor,ME,USA,NA,NA,NA,NA
527950,2025,KENDUSKEAG,Downriver,Canoe,336,oc2hs,11,TRUE,14893,2329,2062,1670,82,241,11,187,kenduskeag,TRUE,paddler,NA,Kinga Toth-Rohonyi,Toth-Rohonyi Kinga,Bar Harbor,ME,USA,NA,NA,NA,NA
479122,2024,KENDUSKEAG,Downriver,Canoe,163,oc2mixrec,14,TRUE,14902,2331,2064,1672,182,193,14,161,kenduskeag,TRUE,paddler,NA,Benjamin Schmidt,Schmidt Benjamin,Saco,ME,USA,NA,NA,NA,NA
479122,2024,KENDUSKEAG,Downriver,Canoe,163,oc2mixrec,14,TRUE,14902,2331,2064,1672,182,193,14,161,kenduskeag,TRUE,paddler,NA,Lauren Schmidt,Schmidt Lauren,Saco,ME,USA,NA,NA,NA,NA
258347,2019,KENDUSKEAG,Downriver,Canoe,284,oc2mediumrec,32,TRUE,14904,2332,268,203,32,268,32,203,kenduskeag2019,TRUE,paddler,pickerdr01,Drew Pickering,Pickering Drew,Monroe,ME,USA,1,T,14904,NA
258347,2019,KENDUSKEAG,Downriver,Canoe,284,oc2mediumrec,32,TRUE,14904,2332,268,203,32,268,32,203,kenduskeag2019,TRUE,paddler,NA,Michael Voisine,Voisine Michael,Fort Kent,ME,USA,1,T,14904,NA
249526,2018,KENDUSKEAG,Downriver,Canoe,332,oc2shortrec,22,TRUE,14913,2334,2066,1674,152,293,22,241,kenduskeag,TRUE,paddler,NA,Slippy Sam Johnston,Johnston Slippy Sam,Cumberland,ME,USA,1,T,14913,NA
249526,2018,KENDUSKEAG,Downriver,Canoe,332,oc2shortrec,22,TRUE,14913,2334,2066,1674,152,293,22,241,kenduskeag,TRUE,paddler,NA,Carmen Mitiguy,Mitiguy Carmen,Cumberland,ME,USA,1,T,14913,NA
249525,2018,KENDUSKEAG,Downriver,Canoe,331,oc2shortrec,23,TRUE,14915,2335,2067,1675,153,294,23,242,kenduskeag,TRUE,paddler,NA,Cooper Allen,Allen Cooper,Cumberland,ME,USA,1,T,14915,NA
249525,2018,KENDUSKEAG,Downriver,Canoe,331,oc2shortrec,23,TRUE,14915,2335,2067,1675,153,294,23,242,kenduskeag,TRUE,paddler,NA,Chris DiLisio,DiLisio Chris,Cumberland,ME,USA,1,T,14915,NA
424108,2023,KENDUSKEAG,Downriver,Canoe,278,oc2rec,22,TRUE,14917,2337,2069,1677,104,240,22,184,kenduskeag,TRUE,paddler,NA,Lee Hecker,Hecker Lee,Orono,ME,USA,NA,NA,NA,NA
424108,2023,KENDUSKEAG,Downriver,Canoe,278,oc2rec,22,TRUE,14917,2337,2069,1677,104,240,22,184,kenduskeag,TRUE,paddler,NA,Ben Richards,Richards Ben,Bremen,ME,USA,NA,NA,NA,NA
358767,2022,KENDUSKEAG,Downriver,Canoe,309,oc2hs,13,TRUE,14920,2338,2070,1678,83,246,13,200,kenduskeag,TRUE,paddler,NA,Jessica Doherty,Doherty Jessica,Orono,ME,USA,NA,NA,NA,NA
358767,2022,KENDUSKEAG,Downriver,Canoe,309,oc2hs,13,TRUE,14920,2338,2070,1678,83,246,13,200,kenduskeag,TRUE,paddler,NA,Becky Dore,Dore Becky,Gratham,NH,USA,NA,NA,NA,NA
258157,2019,KENDUSKEAG,Downriver,Unknown,21,open,20,TRUE,14922,2339,269,20,20,269,20,20,kenduskeag2019,TRUE,paddler,NA,Dan Ellis,Ellis Dan,Holden,ME,USA,1,T,14922,NA
258157,2019,KENDUSKEAG,Downriver,Unknown,21,open,20,TRUE,14922,2339,269,20,20,269,20,20,kenduskeag2019,TRUE,paddler,NA,Brad Haase,Haase Brad,Hampden,ME,USA,1,T,14922,NA
258157,2019,KENDUSKEAG,Downriver,Unknown,21,open,20,TRUE,14922,2339,269,20,20,269,20,20,kenduskeag2019,TRUE,paddler,NA,Joshua McNutt,McNutt Joshua,Winterport,ME,USA,1,T,14922,NA
527632,2025,KENDUSKEAG,Downriver,Unknown,5,open,14,TRUE,14924,2340,2071,55,141,243,14,14,kenduskeag,TRUE,paddler,NA,Cedar Andrus,Andrus Cedar,Hope,ME,USA,NA,NA,NA,NA
527632,2025,KENDUSKEAG,Downriver,Unknown,5,open,14,TRUE,14924,2340,2071,55,141,243,14,14,kenduskeag,TRUE,paddler,NA,Michael Blackwell,Blackwell Michael,Bangor,ME,USA,NA,NA,NA,NA
527632,2025,KENDUSKEAG,Downriver,Unknown,5,open,14,TRUE,14924,2340,2071,55,141,243,14,14,kenduskeag,TRUE,paddler,NA,Chloe Kilbride,Kilbride Chloe,Westbrook,ME,USA,NA,NA,NA,NA
258153,2019,KENDUSKEAG,Downriver,Unknown,15,open,21,TRUE,14927,2341,270,21,21,270,21,21,kenduskeag2019,TRUE,paddler,NA,Isabelle Dibiase,Dibiase Isabelle,Scarborough,ME,USA,1,T,14927,NA
258153,2019,KENDUSKEAG,Downriver,Unknown,15,open,21,TRUE,14927,2341,270,21,21,270,21,21,kenduskeag2019,TRUE,paddler,NA,Ivy Dibiase,Dibiase Ivy,Scarborough,ME,USA,1,T,14927,NA
258153,2019,KENDUSKEAG,Downriver,Unknown,15,open,21,TRUE,14927,2341,270,21,21,270,21,21,kenduskeag2019,TRUE,paddler,NA,Nicholas Dibiase,Dibiase Nicholas,Scarborough,ME,USA,1,T,14927,NA
527825,2025,KENDUSKEAG,Downriver,Canoe,206,oc2mixrec,27,TRUE,14927,2342,2072,1679,183,244,27,189,kenduskeag,TRUE,paddler,morrisry01,Ryan Morrison,Morrison Ryan,Eddington,ME,USA,NA,NA,NA,NA
527825,2025,KENDUSKEAG,Downriver,Canoe,206,oc2mixrec,27,TRUE,14927,2342,2072,1679,183,244,27,189,kenduskeag,TRUE,paddler,NA,Sophia Morrison,Morrison Sophia,Eddington,ME,USA,NA,NA,NA,NA
527853,2025,KENDUSKEAG,Downriver,Canoe,229,oc2rec,27,TRUE,14929,2343,2073,1680,105,245,27,190,kenduskeag,TRUE,paddler,halebe01,Benjamin Hale,Hale Benjamin,Orono,ME,USA,NA,NA,NA,NA
527853,2025,KENDUSKEAG,Downriver,Canoe,229,oc2rec,27,TRUE,14929,2343,2073,1680,105,245,27,190,kenduskeag,TRUE,paddler,NA,Frank Platt,Platt Frank,Burlington,VT,USA,NA,NA,NA,NA
229618,2016,KENDUSKEAG,Downriver,Canoe,305,oc2mediumrec,29,TRUE,14933,2344,2074,1681,139,258,29,215,kenduskeag,TRUE,paddler,NA,Nicholas Moulton,Moulton Nicholas,Hermon,ME,USA,1,T,14933,NA
229618,2016,KENDUSKEAG,Downriver,Canoe,305,oc2mediumrec,29,TRUE,14933,2344,2074,1681,139,258,29,215,kenduskeag,TRUE,paddler,NA,Richard Moulton,Moulton Richard,Greenbush,ME,USA,1,T,14933,NA
424176,2023,KENDUSKEAG,Downriver,Canoe,247,oc2shortbeg,13,TRUE,14935,2346,2076,1682,97,241,13,185,kenduskeag,TRUE,paddler,NA,Tom Guzman,Guzman Tom,Portland,ME,USA,NA,NA,NA,NA
424176,2023,KENDUSKEAG,Downriver,Canoe,247,oc2shortbeg,13,TRUE,14935,2346,2076,1682,97,241,13,185,kenduskeag,TRUE,paddler,NA,William Slack,Slack William,Cape Elizabeth,ME,USA,NA,NA,NA,NA
229783,2016,KENDUSKEAG,Downriver,Canoe,489,oc2short,15,TRUE,14936,2347,2077,1683,96,259,15,216,kenduskeag,TRUE,paddler,NA,Jason Leighton,Leighton Jason,Trenton,ME,USA,1,T,14936,NA
229783,2016,KENDUSKEAG,Downriver,Canoe,489,oc2short,15,TRUE,14936,2347,2077,1683,96,259,15,216,kenduskeag,TRUE,paddler,NA,Ben Sciucco,Sciucco Ben,Berverly,MA,USA,1,T,14936,NA
358565,2022,KENDUSKEAG,Downriver,Kayak,116,k1rec,10,TRUE,14936,2348,2078,340,78,247,10,34,kenduskeag,TRUE,paddler,NA,Zoe Olson,Olson Zoe,Trenton,ME,USA,NA,NA,NA,NA
258158,2019,KENDUSKEAG,Downriver,Unknown,22,open,22,TRUE,14943,2349,271,22,22,271,22,22,kenduskeag2019,TRUE,paddler,NA,Mike Cabral,Cabral Mike,Bangor,ME,USA,1,T,14943,NA
258158,2019,KENDUSKEAG,Downriver,Unknown,22,open,22,TRUE,14943,2349,271,22,22,271,22,22,kenduskeag2019,TRUE,paddler,NA,Danelle Partridge,Partridge Danelle,Bangor,ME,USA,1,T,14943,NA
258158,2019,KENDUSKEAG,Downriver,Unknown,22,open,22,TRUE,14943,2349,271,22,22,271,22,22,kenduskeag2019,TRUE,paddler,NA,Kristen Partridge,Partridge Kristen,Bangor,ME,USA,1,T,14943,NA
358546,2022,KENDUSKEAG,Downriver,Kayak,113,k1short,12,TRUE,14949,2352,2081,341,113,248,12,35,kenduskeag,TRUE,paddler,NA,Paul Deveau,Deveau Paul,South Portland,ME,USA,NA,NA,NA,NA
240276,2017,KENDUSKEAG,Downriver,Kayak,188,k1rec,14,TRUE,14949,2353,2082,342,79,289,14,53,kenduskeag,TRUE,paddler,NA,Kallie White,White Kallie,Bangor,ME,USA,1,T,14949,NA
240275,2017,KENDUSKEAG,Downriver,Kayak,187,k1rec,15,TRUE,14950,2354,2083,343,80,290,15,54,kenduskeag,TRUE,paddler,NA,Abbie Armstrong,Armstrong Abbie,Bangor,ME,USA,1,T,14950,NA
479284,2024,KENDUSKEAG,Downriver,Canoe,288,oc2hs,14,TRUE,14952,2355,2084,1686,84,195,14,163,kenduskeag,TRUE,paddler,NA,Kathryn Gatewood,Gatewood Kathryn,Orono,ME,USA,NA,NA,NA,NA
479284,2024,KENDUSKEAG,Downriver,Canoe,288,oc2hs,14,TRUE,14952,2355,2084,1686,84,195,14,163,kenduskeag,TRUE,paddler,NA,Connor Hubbard,Hubbard Connor,Carrabassett Valley,ME,USA,NA,NA,NA,NA
249513,2018,KENDUSKEAG,Downriver,Canoe,317,oc2mediumrec,29,TRUE,14955,2356,2085,1687,140,295,29,243,kenduskeag,TRUE,paddler,NA,Kaleb Cianchette,Cianchette Kaleb,Hermon,ME,USA,1,T,14955,NA
249513,2018,KENDUSKEAG,Downriver,Canoe,317,oc2mediumrec,29,TRUE,14955,2356,2085,1687,140,295,29,243,kenduskeag,TRUE,paddler,NA,Michael Cianchette,Cianchette Michael,Hermon,ME,USA,1,T,14955,NA
424010,2023,KENDUSKEAG,Downriver,Kayak,348,k1rec,9,TRUE,14956,2357,2086,344,81,243,9,37,kenduskeag,TRUE,paddler,NA,David Johnson,Johnson David,Rome,ME,USA,NA,NA,NA,NA
219844,2015,KENDUSKEAG,Downriver,Canoe,318,oc2shortbeg,15,TRUE,14957,2358,2087,1688,98,248,15,203,kenduskeag,TRUE,paddler,NA,Nicholas Chasse,Chasse Nicholas,Dover Foxcroft,ME,USA,1,T,14957,NA
219844,2015,KENDUSKEAG,Downriver,Canoe,318,oc2shortbeg,15,TRUE,14957,2358,2087,1688,98,248,15,203,kenduskeag,TRUE,paddler,thomasry01,Ryan Thomas,Thomas Ryan,Kenduskeag,ME,USA,1,T,14957,NA
527708,2025,KENDUSKEAG,Downriver,Kayak,394,k1short,12,TRUE,14959,2359,2088,345,114,246,12,42,kenduskeag,TRUE,paddler,NA,Aaron Emerson,Emerson Aaron,Orrington,ME,USA,NA,NA,NA,NA
479285,2024,KENDUSKEAG,Downriver,Canoe,295,oc2hs,15,TRUE,14971,2361,2090,1690,85,196,15,164,kenduskeag,TRUE,paddler,NA,Aiden Belanger,Belanger Aiden,Cornville,ME,USA,NA,NA,NA,NA
479285,2024,KENDUSKEAG,Downriver,Canoe,295,oc2hs,15,TRUE,14971,2361,2090,1690,85,196,15,164,kenduskeag,TRUE,paddler,NA,Sophia Fitz,Fitz Sophia,Holyoke,MA,USA,NA,NA,NA,NA
219832,2015,KENDUSKEAG,Downriver,Canoe,303,oc2shortbeg,16,TRUE,15002,2364,2093,1693,99,249,16,204,kenduskeag,TRUE,paddler,NA,Christopher Phinney,Phinney Christopher,Passadumkeag,ME,USA,1,T,15002,NA
219832,2015,KENDUSKEAG,Downriver,Canoe,303,oc2shortbeg,16,TRUE,15002,2364,2093,1693,99,249,16,204,kenduskeag,TRUE,paddler,NA,Chandler Seavey,Seavey Chandler,Passadumkeag,ME,USA,1,T,15002,NA
424011,2023,KENDUSKEAG,Downriver,Kayak,341,k1rec,10,TRUE,15014,2366,2095,346,82,244,10,38,kenduskeag,TRUE,paddler,NA,Ernest Linders,Linders Ernest,Aurora,ME,USA,NA,NA,NA,NA
229461,2016,KENDUSKEAG,Downriver,Kayak,130,k1short,9,TRUE,15018,2367,2096,347,115,261,9,44,kenduskeag,TRUE,paddler,mcvetywi01,Wiley McVety,McVety Wiley,Alexandria,NH,USA,1,T,15018,NA
527730,2025,KENDUSKEAG,Downriver,Kayak,123,k1rec,9,TRUE,15020,2368,2097,348,83,247,9,43,kenduskeag,TRUE,paddler,NA,Aaron Muth,Muth Aaron,Holden,ME,USA,NA,NA,NA,NA
229709,2016,KENDUSKEAG,Downriver,Canoe,407,oc2shortbeg,13,TRUE,15025,2369,2098,1695,100,262,13,218,kenduskeag,TRUE,paddler,NA,Benjamin Underhill,Underhill Benjamin,Corinth,ME,USA,1,T,15025,NA
229709,2016,KENDUSKEAG,Downriver,Canoe,407,oc2shortbeg,13,TRUE,15025,2369,2098,1695,100,262,13,218,kenduskeag,TRUE,paddler,NA,Morgan York,York Morgan,Searsport,ME,USA,1,T,15025,NA
527709,2025,KENDUSKEAG,Downriver,Kayak,96,k1short,13,TRUE,15026,2370,2099,349,116,248,13,44,kenduskeag,TRUE,paddler,NA,Qwin Cute,Cute Qwin,Providence,RI,USA,NA,NA,NA,NA
358477,2022,KENDUSKEAG,Downriver,Unknown,6,open,14,TRUE,15027,2372,2101,56,142,250,14,14,kenduskeag,TRUE,paddler,NA,Derek Rancourt,Rancourt Derek,Hallowell,ME,USA,NA,NA,NA,NA
358477,2022,KENDUSKEAG,Downriver,Unknown,6,open,14,TRUE,15027,2372,2101,56,142,250,14,14,kenduskeag,TRUE,paddler,NA,Kristen Rancourt,Rancourt Kristen,Orono,ME,USA,NA,NA,NA,NA
358477,2022,KENDUSKEAG,Downriver,Unknown,6,open,14,TRUE,15027,2372,2101,56,142,250,14,14,kenduskeag,TRUE,paddler,NA,Ryan Rancourt,Rancourt Ryan,Hermon,ME,USA,NA,NA,NA,NA
358547,2022,KENDUSKEAG,Downriver,Kayak,99,k1short,13,TRUE,15030,2374,2103,351,117,251,13,36,kenduskeag,TRUE,paddler,NA,Richard Brooks,Brooks Richard,Old Town,ME,USA,NA,NA,NA,NA
219677,2015,KENDUSKEAG,Downriver,Canoe,111,open,20,TRUE,15031,2375,2104,1697,143,250,20,205,kenduskeag,TRUE,paddler,NA,Andrew Avery,Avery Andrew,Milford,ME,USA,1,T,15031,NA
219677,2015,KENDUSKEAG,Downriver,Canoe,111,open,20,TRUE,15031,2375,2104,1697,143,250,20,205,kenduskeag,TRUE,paddler,NA,Nick Mitchell,Mitchell Nick,Milford,ME,USA,1,T,15031,NA
219677,2015,KENDUSKEAG,Downriver,Canoe,111,open,20,TRUE,15031,2375,2104,1697,143,250,20,205,kenduskeag,TRUE,paddler,NA,Seth Mitchell,Mitchell Seth,Milford,ME,USA,1,T,15031,NA
358548,2022,KENDUSKEAG,Downriver,Kayak,98,k1short,14,TRUE,15032,2376,2105,352,118,252,14,37,kenduskeag,TRUE,paddler,NA,Corey Braley,Braley Corey,Bradford,ME,USA,NA,NA,NA,NA
229350,2016,KENDUSKEAG,Downriver,Canoe,7,open,17,TRUE,15032,2377,2106,1698,144,263,17,219,kenduskeag,TRUE,paddler,NA,Dakoda Henderson,Henderson Dakoda,Corinth,ME,USA,1,T,15032,NA
229350,2016,KENDUSKEAG,Downriver,Canoe,7,open,17,TRUE,15032,2377,2106,1698,144,263,17,219,kenduskeag,TRUE,paddler,NA,Frank Henderson,Henderson Frank,Bangor,ME,USA,1,T,15032,NA
229350,2016,KENDUSKEAG,Downriver,Canoe,7,open,17,TRUE,15032,2377,2106,1698,144,263,17,219,kenduskeag,TRUE,paddler,henderja01,James Henderson,Henderson James,Carmel,ME,USA,1,T,15032,NA
249268,2018,KENDUSKEAG,Downriver,Canoe,12,open,23,TRUE,15033,2378,2107,1699,145,297,23,244,kenduskeag,TRUE,paddler,NA,Steve Goulet,Goulet Steve,Skowhegan,ME,USA,1,T,15033,NA
249268,2018,KENDUSKEAG,Downriver,Canoe,12,open,23,TRUE,15033,2378,2107,1699,145,297,23,244,kenduskeag,TRUE,paddler,scofieco01,Connor Scofield,Scofield Connor,Orono,ME,USA,1,T,15033,NA
249268,2018,KENDUSKEAG,Downriver,Canoe,12,open,23,TRUE,15033,2378,2107,1699,145,297,23,244,kenduskeag,TRUE,paddler,NA,Holly Thomas,Thomas Holly,Seattle,WA,USA,1,T,15033,NA
229708,2016,KENDUSKEAG,Downriver,Canoe,406,oc2shortbeg,14,TRUE,15039,2379,2108,1700,101,264,14,220,kenduskeag,TRUE,paddler,NA,Matthew Hamby,Hamby Matthew,Windham,ME,USA,1,T,15039,NA
229708,2016,KENDUSKEAG,Downriver,Canoe,406,oc2shortbeg,14,TRUE,15039,2379,2108,1700,101,264,14,220,kenduskeag,TRUE,paddler,NA,Micheal Hamby,Hamby Micheal,Ellsworth,ME,USA,1,T,15039,NA
479123,2024,KENDUSKEAG,Downriver,Canoe,158,oc2mixrec,15,TRUE,15045,2381,2110,1701,184,199,15,167,kenduskeag,TRUE,paddler,NA,Justin King,King Justin,Bowdoinham,ME,USA,NA,NA,NA,NA
479123,2024,KENDUSKEAG,Downriver,Canoe,158,oc2mixrec,15,TRUE,15045,2381,2110,1701,184,199,15,167,kenduskeag,TRUE,paddler,NA,Kaylan Scott,Scott Kaylan,Bowdoinham,ME,USA,NA,NA,NA,NA
358671,2022,KENDUSKEAG,Downriver,Canoe,207,oc2rec,35,TRUE,15057,2383,2112,1703,106,253,35,202,kenduskeag,TRUE,paddler,NA,Philip Drew,Drew Philip,Glenburn,ME,USA,NA,NA,NA,NA
358671,2022,KENDUSKEAG,Downriver,Canoe,207,oc2rec,35,TRUE,15057,2383,2112,1703,106,253,35,202,kenduskeag,TRUE,paddler,NA,David Naughton,Naughton David,Glenburn,ME,USA,NA,NA,NA,NA
229600,2016,KENDUSKEAG,Downriver,Canoe,287,oc2mediumrec,30,TRUE,15061,2386,2115,1706,141,266,30,222,kenduskeag,TRUE,paddler,NA,Andrew Closson,Closson Andrew,Hampden,ME,USA,1,T,15061,NA
229600,2016,KENDUSKEAG,Downriver,Canoe,287,oc2mediumrec,30,TRUE,15061,2386,2115,1706,141,266,30,222,kenduskeag,TRUE,paddler,NA,Thomas Salamone,Salamone Thomas,South Portland,ME,USA,1,T,15061,NA
229643,2016,KENDUSKEAG,Downriver,Canoe,333,oc2shortrec,17,TRUE,15064,2388,2117,1708,154,267,17,223,kenduskeag,TRUE,paddler,NA,Michael Pepin,Pepin Michael,Westbrook,ME,USA,1,T,15064,NA
229643,2016,KENDUSKEAG,Downriver,Canoe,333,oc2shortrec,17,TRUE,15064,2388,2117,1708,154,267,17,223,kenduskeag,TRUE,paddler,NA,Frank Platt,Platt Frank,Westbrook,ME,USA,1,T,15064,NA
240152,2017,KENDUSKEAG,Downriver,Canoe,20,open,23,TRUE,15078,2392,2121,1712,146,293,23,239,kenduskeag,TRUE,paddler,NA,Dakoda Henderson,Henderson Dakoda,Corinth,ME,USA,1,T,15078,NA
240152,2017,KENDUSKEAG,Downriver,Canoe,20,open,23,TRUE,15078,2392,2121,1712,146,293,23,239,kenduskeag,TRUE,paddler,NA,Frank Henderson,Henderson Frank,Hermon,ME,USA,1,T,15078,NA
240152,2017,KENDUSKEAG,Downriver,Canoe,20,open,23,TRUE,15078,2392,2121,1712,146,293,23,239,kenduskeag,TRUE,paddler,henderja01,James Henderson,Henderson James,Carmel,ME,USA,1,T,15078,NA
479124,2024,KENDUSKEAG,Downriver,Canoe,168,oc2mixrec,16,TRUE,15079,2393,2122,1713,185,201,16,169,kenduskeag,TRUE,paddler,bucklebr01,Brian Buckley,Buckley Brian,Newburryport,MA,USA,NA,NA,NA,NA
479124,2024,KENDUSKEAG,Downriver,Canoe,168,oc2mixrec,16,TRUE,15079,2393,2122,1713,185,201,16,169,kenduskeag,TRUE,paddler,NA,Sophie Holm,Holm Sophie,Lubec,ME,USA,NA,NA,NA,NA
219629,2015,KENDUSKEAG,Downriver,Canoe,49,oc2short,11,TRUE,15080,2394,2123,1714,97,252,11,207,kenduskeag,TRUE,paddler,leicyje01,Jeremy Leicy,Leicy Jeremy,Poland,ME,USA,1,T,15080,NA
219629,2015,KENDUSKEAG,Downriver,Canoe,49,oc2short,11,TRUE,15080,2394,2123,1714,97,252,11,207,kenduskeag,TRUE,paddler,NA,Nicholas Theriault,Theriault Nicholas,Poland,ME,USA,1,T,15080,NA
219748,2015,KENDUSKEAG,Downriver,Canoe,207,oc2mixrec,19,TRUE,15081,2396,2125,1716,186,254,19,209,kenduskeag,TRUE,paddler,NA,Dave Leissner,Leissner Dave,Carmel,ME,USA,1,T,15081,NA
219748,2015,KENDUSKEAG,Downriver,Canoe,207,oc2mixrec,19,TRUE,15081,2396,2125,1716,186,254,19,209,kenduskeag,TRUE,paddler,NA,Rita Surette,Surette Rita,Carmel,ME,USA,1,T,15081,NA
219630,2015,KENDUSKEAG,Downriver,Canoe,50,oc2short,12,TRUE,15081,2397,2126,1717,98,255,12,210,kenduskeag,TRUE,paddler,NA,Joel Leicy,Leicy Joel,Bird in Hand,PA,USA,1,T,15081,NA
219630,2015,KENDUSKEAG,Downriver,Canoe,50,oc2short,12,TRUE,15081,2397,2126,1717,98,255,12,210,kenduskeag,TRUE,paddler,NA,Chuck Zegely,Zegely Chuck,Pequea,PA,USA,1,T,15081,NA
479125,2024,KENDUSKEAG,Downriver,Canoe,175,oc2mixrec,17,TRUE,15084,2398,2127,1718,187,202,17,170,kenduskeag,TRUE,paddler,NA,Brielle Embrey,Embrey Brielle,Smithfield,ME,USA,NA,NA,NA,NA
479125,2024,KENDUSKEAG,Downriver,Canoe,175,oc2mixrec,17,TRUE,15084,2398,2127,1718,187,202,17,170,kenduskeag,TRUE,paddler,NA,Don Embrey,Embrey Don,Monmouth,ME,USA,NA,NA,NA,NA
229566,2016,KENDUSKEAG,Downriver,Canoe,251,oc2mixrec,18,TRUE,15101,2400,2129,1720,188,268,18,224,kenduskeag,TRUE,paddler,NA,Lauren Dupee,Dupee Lauren,Old Town,ME,USA,1,T,15101,NA
229566,2016,KENDUSKEAG,Downriver,Canoe,251,oc2mixrec,18,TRUE,15101,2400,2129,1720,188,268,18,224,kenduskeag,TRUE,paddler,quinnjo01,John Quinn,Quinn John,Old Town,ME,USA,1,T,15101,NA
229620,2016,KENDUSKEAG,Downriver,Canoe,307,oc2mediumrec,31,TRUE,15108,2402,2131,1721,142,269,31,225,kenduskeag,TRUE,paddler,NA,Evan Goodkowsky,Goodkowsky Evan,Wiscasset,ME,USA,1,T,15108,NA
229620,2016,KENDUSKEAG,Downriver,Canoe,307,oc2mediumrec,31,TRUE,15108,2402,2131,1721,142,269,31,225,kenduskeag,TRUE,paddler,smither01,Eric Smith,Smith Eric,Hampden,ME,USA,1,T,15108,NA
229585,2016,KENDUSKEAG,Downriver,Canoe,271,oc2mixrec,19,TRUE,15110,2403,2132,1722,189,270,19,226,kenduskeag,TRUE,paddler,NA,Lisa Manning,Manning Lisa,Arlington,VA,USA,1,T,15110,NA
229585,2016,KENDUSKEAG,Downriver,Canoe,271,oc2mixrec,19,TRUE,15110,2403,2132,1722,189,270,19,226,kenduskeag,TRUE,paddler,NA,Adam Thibudeau,Thibudeau Adam,Hampden,ME,USA,1,T,15110,NA
358703,2022,KENDUSKEAG,Downriver,Canoe,242,oc2shortrec,23,TRUE,15115,2405,2134,1724,155,255,23,204,kenduskeag,TRUE,paddler,NA,Jeff Bouchea,Bouchea Jeff,Saco,ME,USA,NA,NA,NA,NA
358703,2022,KENDUSKEAG,Downriver,Canoe,242,oc2shortrec,23,TRUE,15115,2405,2134,1724,155,255,23,204,kenduskeag,TRUE,paddler,NA,Mark Bouchea,Bouchea Mark,Newbury,MA,USA,NA,NA,NA,NA
219700,2015,KENDUSKEAG,Downriver,Kayak,145,k1rec,14,TRUE,15115,2406,2135,355,84,257,14,47,kenduskeag,TRUE,paddler,NA,Brent Borodic,Borodic Brent,Glenburn,ME,USA,1,T,15115,NA
249471,2018,KENDUSKEAG,Downriver,Canoe,265,oc2mixrec,22,TRUE,15120,2410,2139,1727,190,300,22,247,kenduskeag,TRUE,paddler,NA,Rachel Lannino,Lannino Rachel,Nobleboro,ME,USA,1,T,15120,NA
249471,2018,KENDUSKEAG,Downriver,Canoe,265,oc2mixrec,22,TRUE,15120,2410,2139,1727,190,300,22,247,kenduskeag,TRUE,paddler,NA,Drew Schmid,Schmid Drew,Nobleboro,ME,USA,1,T,15120,NA
249284,2018,KENDUSKEAG,Downriver,Canoe,35,open,24,TRUE,15120,2411,2140,1728,147,301,24,248,kenduskeag,TRUE,paddler,NA,Sonya Collette,Collette Sonya,Bangor,ME,USA,1,T,15120,NA
249284,2018,KENDUSKEAG,Downriver,Canoe,35,open,24,TRUE,15120,2411,2140,1728,147,301,24,248,kenduskeag,TRUE,paddler,NA,Amber Murray,Murray Amber,Bangor,ME,USA,1,T,15120,NA
249284,2018,KENDUSKEAG,Downriver,Canoe,35,open,24,TRUE,15120,2411,2140,1728,147,301,24,248,kenduskeag,TRUE,paddler,NA,Bradley Murray,Murray Bradley,Bangor,ME,USA,1,T,15120,NA
479126,2024,KENDUSKEAG,Downriver,Canoe,161,oc2mixrec,18,TRUE,15125,2414,2143,1731,191,204,18,172,kenduskeag,TRUE,paddler,NA,Laini Frager,Frager Laini,Portland,ME,USA,NA,NA,NA,NA
479126,2024,KENDUSKEAG,Downriver,Canoe,161,oc2mixrec,18,TRUE,15125,2414,2143,1731,191,204,18,172,kenduskeag,TRUE,paddler,NA,Gunnar Palm,Palm Gunnar,Kittery Point,ME,USA,NA,NA,NA,NA
258349,2019,KENDUSKEAG,Downriver,Canoe,287,oc2mediumrec,33,TRUE,15128,2415,272,204,33,272,33,204,kenduskeag2019,TRUE,paddler,NA,Devin Conner,Conner Devin,South Portland,ME,USA,1,T,15128,NA
258349,2019,KENDUSKEAG,Downriver,Canoe,287,oc2mediumrec,33,TRUE,15128,2415,272,204,33,272,33,204,kenduskeag2019,TRUE,paddler,warnerma01,Mark Warner,Warner Mark,South Portland,ME,USA,1,T,15128,NA
249503,2018,KENDUSKEAG,Downriver,Canoe,304,oc2mediumrec,30,TRUE,15128,2416,2144,1732,143,302,30,249,kenduskeag,TRUE,paddler,NA,Mathew Cavanaugh,Cavanaugh Mathew,Milford,ME,USA,1,T,15128,NA
249503,2018,KENDUSKEAG,Downriver,Canoe,304,oc2mediumrec,30,TRUE,15128,2416,2144,1732,143,302,30,249,kenduskeag,TRUE,paddler,NA,Thomas Moriaity,Moriaity Thomas,Old Town,ME,USA,1,T,15128,NA
479127,2024,KENDUSKEAG,Downriver,Canoe,174,oc2mixrec,19,TRUE,15145,2418,2146,1734,192,205,19,173,kenduskeag,TRUE,paddler,NA,Tina Pruyn,Pruyn Tina,Freeport,ME,USA,NA,NA,NA,NA
479127,2024,KENDUSKEAG,Downriver,Canoe,174,oc2mixrec,19,TRUE,15145,2418,2146,1734,192,205,19,173,kenduskeag,TRUE,paddler,NA,Zachary Whitener,Whitener Zachary,Freeport,ME,USA,NA,NA,NA,NA
479128,2024,KENDUSKEAG,Downriver,Canoe,322,oc2mixrec,20,TRUE,15152,2421,2149,1737,193,208,20,176,kenduskeag,TRUE,paddler,NA,Gabriel McGinn,McGinn Gabriel,Portland,ME,USA,NA,NA,NA,NA
479128,2024,KENDUSKEAG,Downriver,Canoe,322,oc2mixrec,20,TRUE,15152,2421,2149,1737,193,208,20,176,kenduskeag,TRUE,paddler,NA,Eileen Oshea,Oshea Eileen,Portland,ME,USA,NA,NA,NA,NA
424177,2023,KENDUSKEAG,Downriver,Canoe,243,oc2shortbeg,14,TRUE,15166,2423,2151,1739,102,247,14,189,kenduskeag,TRUE,paddler,NA,Christopher Packard,Packard Christopher,Hampden,ME,USA,NA,NA,NA,NA
424177,2023,KENDUSKEAG,Downriver,Canoe,243,oc2shortbeg,14,TRUE,15166,2423,2151,1739,102,247,14,189,kenduskeag,TRUE,paddler,NA,Michael Redante,Redante Michael,Bangor,ME,USA,NA,NA,NA,NA
229707,2016,KENDUSKEAG,Downriver,Canoe,405,oc2shortbeg,15,TRUE,15175,2425,2153,1741,103,272,15,228,kenduskeag,TRUE,paddler,NA,Jonathan Roy,Roy Jonathan,Hermon,ME,USA,1,T,15175,NA
229707,2016,KENDUSKEAG,Downriver,Canoe,405,oc2shortbeg,15,TRUE,15175,2425,2153,1741,103,272,15,228,kenduskeag,TRUE,paddler,NA,Ronald Roy,Roy Ronald,Hermon,ME,USA,1,T,15175,NA
358637,2022,KENDUSKEAG,Downriver,Canoe,173,oc2mixrec,36,TRUE,15179,2426,2154,1742,194,256,36,205,kenduskeag,TRUE,paddler,NA,Peter Strand,Strand Peter,Bangor,ME,USA,NA,NA,NA,NA
358637,2022,KENDUSKEAG,Downriver,Canoe,173,oc2mixrec,36,TRUE,15179,2426,2154,1742,194,256,36,205,kenduskeag,TRUE,paddler,NA,Melissa Stuart,Stuart Melissa,Bangor,ME,USA,NA,NA,NA,NA
358566,2022,KENDUSKEAG,Downriver,Kayak,112,k1rec,11,TRUE,15181,2427,2155,357,85,257,11,38,kenduskeag,TRUE,paddler,NA,Nicole Duncan,Duncan Nicole,Bangor,ME,USA,NA,NA,NA,NA
358567,2022,KENDUSKEAG,Downriver,Kayak,115,k1rec,12,TRUE,15200,2429,2157,359,86,259,12,40,kenduskeag,TRUE,paddler,NA,Sienna Roberge,Roberge Sienna,Bangor,ME,USA,NA,NA,NA,NA
424178,2023,KENDUSKEAG,Downriver,Canoe,281,oc2shortbeg,15,TRUE,15201,2430,2158,1743,104,248,15,190,kenduskeag,TRUE,paddler,NA,Jim Irish,Irish Jim,Parkman,ME,USA,NA,NA,NA,NA
424178,2023,KENDUSKEAG,Downriver,Canoe,281,oc2shortbeg,15,TRUE,15201,2430,2158,1743,104,248,15,190,kenduskeag,TRUE,paddler,NA,Clayton Zeller,Zeller Clayton,Parkman,ME,USA,NA,NA,NA,NA
229642,2016,KENDUSKEAG,Downriver,Canoe,332,oc2shortrec,18,TRUE,15206,2431,2159,1744,156,273,18,229,kenduskeag,TRUE,paddler,NA,David Kerns,Kerns David,Ellsworth,ME,USA,1,T,15206,NA
229642,2016,KENDUSKEAG,Downriver,Canoe,332,oc2shortrec,18,TRUE,15206,2431,2159,1744,156,273,18,229,kenduskeag,TRUE,paddler,NA,Eric McLaughlin,McLaughlin Eric,Ellsworth,ME,USA,1,T,15206,NA
424219,2023,KENDUSKEAG,Downriver,Canoe,306,oc2hs,21,TRUE,15214,2433,2161,1746,86,249,21,191,kenduskeag,TRUE,paddler,NA,Meg Caron,Caron Meg,Bangor,ME,USA,NA,NA,NA,NA
424219,2023,KENDUSKEAG,Downriver,Canoe,306,oc2hs,21,TRUE,15214,2433,2161,1746,86,249,21,191,kenduskeag,TRUE,paddler,NA,Iris Kitchen,Kitchen Iris,Orono,ME,USA,NA,NA,NA,NA
229478,2016,KENDUSKEAG,Downriver,Kayak,152,k1rec,12,TRUE,15215,2434,2162,360,87,274,12,45,kenduskeag,TRUE,paddler,NA,Todd Zahares,Zahares Todd,Freeport,ME,USA,1,T,15215,NA
240434,2017,KENDUSKEAG,Downriver,Canoe,370,oc2shortrec,15,TRUE,15216,2436,2164,1748,157,296,15,242,kenduskeag,TRUE,paddler,NA,Joseph Kerr,Kerr Joseph,Orono,ME,USA,1,T,15216,NA
240434,2017,KENDUSKEAG,Downriver,Canoe,370,oc2shortrec,15,TRUE,15216,2436,2164,1748,157,296,15,242,kenduskeag,TRUE,paddler,NA,Aaron Strong,Strong Aaron,Orono,ME,USA,1,T,15216,NA
358478,2022,KENDUSKEAG,Downriver,Unknown,3,open,15,TRUE,15222,2437,2165,57,148,260,15,15,kenduskeag,TRUE,paddler,NA,Cory Barnett,Barnett Cory,Fairfield,ME,USA,NA,NA,NA,NA
358478,2022,KENDUSKEAG,Downriver,Unknown,3,open,15,TRUE,15222,2437,2165,57,148,260,15,15,kenduskeag,TRUE,paddler,NA,Benjamin Howard,Howard Benjamin,Princeton,ME,USA,NA,NA,NA,NA
229661,2016,KENDUSKEAG,Downriver,Canoe,351,oc2shortrec,19,TRUE,15224,2438,2166,1749,158,275,19,230,kenduskeag,TRUE,paddler,NA,Dave Barstow,Barstow Dave,Rockport,ME,USA,1,T,15224,NA
229661,2016,KENDUSKEAG,Downriver,Canoe,351,oc2shortrec,19,TRUE,15224,2438,2166,1749,158,275,19,230,kenduskeag,TRUE,paddler,karnesjo01,John Karnes,Karnes John,Bangor,ME,USA,1,T,15224,NA
258329,2019,KENDUSKEAG,Downriver,Canoe,262,oc2mediumrec,34,TRUE,15228,2439,273,205,34,273,34,205,kenduskeag2019,TRUE,paddler,NA,Andrew Trueworthy,Trueworthy Andrew,Lisbon Falls,ME,USA,1,T,15228,NA
258329,2019,KENDUSKEAG,Downriver,Canoe,262,oc2mediumrec,34,TRUE,15228,2439,273,205,34,273,34,205,kenduskeag2019,TRUE,paddler,NA,Matthew White,White Matthew,Holden,ME,USA,1,T,15228,NA
258365,2019,KENDUSKEAG,Downriver,Canoe,305,oc2shortrec,24,TRUE,15229,2440,274,206,24,274,24,206,kenduskeag2019,TRUE,paddler,NA,Ben Pooler,Pooler Ben,Saco,ME,USA,1,T,15229,NA
258365,2019,KENDUSKEAG,Downriver,Canoe,305,oc2shortrec,24,TRUE,15229,2440,274,206,24,274,24,206,kenduskeag2019,TRUE,paddler,NA,Nicholas Pooler,Pooler Nicholas,Saco,ME,USA,1,T,15229,NA
219845,2015,KENDUSKEAG,Downriver,Canoe,321,oc2shortbeg,17,TRUE,15245,2442,2168,1751,105,260,17,212,kenduskeag,TRUE,paddler,NA,Benjamin Fearn,Fearn Benjamin,Bangor,ME,USA,1,T,15245,NA
219845,2015,KENDUSKEAG,Downriver,Canoe,321,oc2shortbeg,17,TRUE,15245,2442,2168,1751,105,260,17,212,kenduskeag,TRUE,paddler,NA,Benjamin McAlexander,McAlexander Benjamin,Orono,ME,USA,1,T,15245,NA
240283,2017,KENDUSKEAG,Downriver,Kayak,199,k1rec,16,TRUE,15250,2443,2169,361,88,297,16,55,kenduskeag,TRUE,paddler,clarkmi01,Mike Clark,Clark Mike,Madison,ME,USA,1,T,15250,NA
358568,2022,KENDUSKEAG,Downriver,Kayak,110,k1rec,13,TRUE,15254,2444,2170,362,89,262,13,41,kenduskeag,TRUE,paddler,NA,Nathan Faessler,Faessler Nathan,Bangor,ME,USA,NA,NA,NA,NA
527951,2025,KENDUSKEAG,Downriver,Canoe,342,oc2hs,12,TRUE,15256,2445,2171,1752,87,251,12,193,kenduskeag,TRUE,paddler,NA,Timothy Barkey Plotkin,Plotkin Timothy Barkey,Bar Harbor,ME,USA,NA,NA,NA,NA
527951,2025,KENDUSKEAG,Downriver,Canoe,342,oc2hs,12,TRUE,15256,2445,2171,1752,87,251,12,193,kenduskeag,TRUE,paddler,NA,Andreigha Kraemer,Kraemer Andreigha,Bar Harbor,ME,USA,NA,NA,NA,NA
249379,2018,KENDUSKEAG,Downriver,Kayak,151,k1short,20,TRUE,15259,2447,2173,363,119,303,20,54,kenduskeag,TRUE,paddler,NA,Justin Reis,Reis Justin,new bedford,MA,USA,1,T,15259,NA
240364,2017,KENDUSKEAG,Downriver,Canoe,295,oc2mixrec,25,TRUE,15263,2448,2174,1754,195,298,25,243,kenduskeag,TRUE,paddler,NA,Melissa Hachey,Hachey Melissa,Ellsworth,ME,USA,1,T,15263,NA
240364,2017,KENDUSKEAG,Downriver,Canoe,295,oc2mixrec,25,TRUE,15263,2448,2174,1754,195,298,25,243,kenduskeag,TRUE,paddler,NA,Wayne Shappy,Shappy Wayne,Ellsworth,ME,USA,1,T,15263,NA
249390,2018,KENDUSKEAG,Downriver,Kayak,167,k1short,21,TRUE,15264,2449,2175,364,120,304,21,55,kenduskeag,TRUE,paddler,NA,Brent Borodic,Borodic Brent,Glenburn,ME,USA,1,T,15264,NA
423922,2023,KENDUSKEAG,Downriver,Unknown,335,open,21,TRUE,15268,2451,2177,58,149,250,21,21,kenduskeag,TRUE,paddler,NA,Bethany Harris,Harris Bethany,Bar Harbor,ME,USA,NA,NA,NA,NA
423922,2023,KENDUSKEAG,Downriver,Unknown,335,open,21,TRUE,15268,2451,2177,58,149,250,21,21,kenduskeag,TRUE,paddler,NA,Britney Kelly,Kelly Britney,Hermon,ME,USA,NA,NA,NA,NA
423922,2023,KENDUSKEAG,Downriver,Unknown,335,open,21,TRUE,15268,2451,2177,58,149,250,21,21,kenduskeag,TRUE,paddler,NA,Athena Laurendeau,Laurendeau Athena,Mount Desert,ME,USA,NA,NA,NA,NA
358704,2022,KENDUSKEAG,Downriver,Canoe,335,oc2shortrec,24,TRUE,15273,2452,2178,1756,159,263,24,207,kenduskeag,TRUE,paddler,NA,Nick Graham,Graham Nick,Bangor,ME,USA,NA,NA,NA,NA
358704,2022,KENDUSKEAG,Downriver,Canoe,335,oc2shortrec,24,TRUE,15273,2452,2178,1756,159,263,24,207,kenduskeag,TRUE,paddler,NA,Jared Willette,Willette Jared,Brewer,ME,USA,NA,NA,NA,NA
249479,2018,KENDUSKEAG,Downriver,Canoe,273,oc2mixrec,23,TRUE,15276,2453,2179,1757,196,305,23,250,kenduskeag,TRUE,paddler,NA,Peter Strand,Strand Peter,Bangor,ME,USA,1,T,15276,NA
249479,2018,KENDUSKEAG,Downriver,Canoe,273,oc2mixrec,23,TRUE,15276,2453,2179,1757,196,305,23,250,kenduskeag,TRUE,paddler,NA,Melissa Stuart,Stuart Melissa,Bangor,ME,USA,1,T,15276,NA
527871,2025,KENDUSKEAG,Downriver,Canoe,250,oc2shortrec,16,TRUE,15276,2454,2180,1758,160,253,16,195,kenduskeag,TRUE,paddler,NA,Andrew Lee,Lee Andrew,Winthrop,ME,USA,NA,NA,NA,NA
527871,2025,KENDUSKEAG,Downriver,Canoe,250,oc2shortrec,16,TRUE,15276,2454,2180,1758,160,253,16,195,kenduskeag,TRUE,paddler,NA,Kevin Lewis,Lewis Kevin,Rockland,ME,USA,NA,NA,NA,NA
229363,2016,KENDUSKEAG,Downriver,Canoe,23,open,18,TRUE,15290,2455,2181,1759,150,277,18,232,kenduskeag,TRUE,paddler,NA,Eddie Adams,Adams Eddie,Orono,ME,USA,1,T,15290,NA
229363,2016,KENDUSKEAG,Downriver,Canoe,23,open,18,TRUE,15290,2455,2181,1759,150,277,18,232,kenduskeag,TRUE,paddler,NA,Danny Dorson,Dorson Danny,Orono,ME,USA,1,T,15290,NA
229363,2016,KENDUSKEAG,Downriver,Canoe,23,open,18,TRUE,15290,2455,2181,1759,150,277,18,232,kenduskeag,TRUE,paddler,murphyti01,Tim Murphy,Murphy Tim,Orono,ME,USA,1,T,15290,NA
240519,2017,KENDUSKEAG,Downriver,Canoe,479,oc2mediumrec,41,TRUE,15292,2456,2182,1760,144,299,41,244,kenduskeag,TRUE,paddler,valleysa01,Sam Valley,Valley Sam,Holden,ME,USA,1,T,15292,NA
240519,2017,KENDUSKEAG,Downriver,Canoe,479,oc2mediumrec,41,TRUE,15292,2456,2182,1760,144,299,41,244,kenduskeag,TRUE,paddler,NA,Scott Williamson,Williamson Scott,Brewer,ME,USA,1,T,15292,NA
249578,2018,KENDUSKEAG,Downriver,Canoe,393,oc2shortbeg,10,TRUE,15293,2457,2183,1761,106,306,10,251,kenduskeag,TRUE,paddler,NA,Joshua Hasbrouck,Hasbrouck Joshua,Augusta,ME,USA,1,T,15293,NA
249578,2018,KENDUSKEAG,Downriver,Canoe,393,oc2shortbeg,10,TRUE,15293,2457,2183,1761,106,306,10,251,kenduskeag,TRUE,paddler,NA,Andrew Lathe,Lathe Andrew,Augusta,ME,USA,1,T,15293,NA
345918,2021,KENDUSKEAG,Downriver,Canoe,343,oc2short,14,TRUE,15295,2458,2184,1762,99,68,14,54,kenduskeag,TRUE,paddler,sullivca01,Cam Sullivan,Sullivan Cam,Old Town,ME,USA,NA,NA,NA,NA
345918,2021,KENDUSKEAG,Downriver,Canoe,343,oc2short,14,TRUE,15295,2458,2184,1762,99,68,14,54,kenduskeag,TRUE,paddler,sullivty01,Ty Sullivan,Sullivan Ty,Old Town,ME,USA,NA,NA,NA,NA
424179,2023,KENDUSKEAG,Downriver,Canoe,248,oc2shortbeg,16,TRUE,15302,2459,2185,1763,107,251,16,192,kenduskeag,TRUE,paddler,NA,Eric Holm,Holm Eric,Lubec,ME,USA,NA,NA,NA,NA
424179,2023,KENDUSKEAG,Downriver,Canoe,248,oc2shortbeg,16,TRUE,15302,2459,2185,1763,107,251,16,192,kenduskeag,TRUE,paddler,NA,Sophie Holm,Holm Sophie,Lubec,ME,USA,NA,NA,NA,NA
229652,2016,KENDUSKEAG,Downriver,Canoe,342,oc2shortrec,20,TRUE,15306,2460,2186,1764,161,278,20,233,kenduskeag,TRUE,paddler,NA,Travis Hardison,Hardison Travis,Otis,ME,USA,1,T,15306,NA
229652,2016,KENDUSKEAG,Downriver,Canoe,342,oc2shortrec,20,TRUE,15306,2460,2186,1764,161,278,20,233,kenduskeag,TRUE,paddler,speedbe01,Benjamin Speed,Speed Benjamin,Franklin,ME,USA,1,T,15306,NA
527872,2025,KENDUSKEAG,Downriver,Canoe,255,oc2shortrec,17,TRUE,15310,2461,2187,1765,162,254,17,196,kenduskeag,TRUE,paddler,NA,Brody Gibbs,Gibbs Brody,Monroe,ME,USA,NA,NA,NA,NA
527872,2025,KENDUSKEAG,Downriver,Canoe,255,oc2shortrec,17,TRUE,15310,2461,2187,1765,162,254,17,196,kenduskeag,TRUE,paddler,NA,Alex Maxsimic,Maxsimic Alex,Hermon,ME,USA,NA,NA,NA,NA
249327,2018,KENDUSKEAG,Downriver,Canoe,89,oc2short,13,TRUE,15315,2462,2188,1766,100,307,13,252,kenduskeag,TRUE,paddler,NA,Billy Flaherty,Flaherty Billy,Concord,NH,USA,1,T,15315,NA
249327,2018,KENDUSKEAG,Downriver,Canoe,89,oc2short,13,TRUE,15315,2462,2188,1766,100,307,13,252,kenduskeag,TRUE,paddler,NA,Brendan Sloan,Sloan Brendan,Concord,NH,USA,1,T,15315,NA
345877,2021,KENDUSKEAG,Downriver,Canoe,491,oc2mediumrec,13,TRUE,15328,2464,2190,1768,145,69,13,55,kenduskeag,TRUE,paddler,NA,Desi Clark,Clark Desi,Bangor,ME,USA,NA,NA,NA,NA
345877,2021,KENDUSKEAG,Downriver,Canoe,491,oc2mediumrec,13,TRUE,15328,2464,2190,1768,145,69,13,55,kenduskeag,TRUE,paddler,risingal01,Allisen Risinger,Risinger Allisen,Saco,ME,USA,NA,NA,NA,NA
258324,2019,KENDUSKEAG,Downriver,Canoe,255,oc2mixrec,26,TRUE,15329,2465,275,207,26,275,26,207,kenduskeag2019,TRUE,paddler,NA,Joelle Wightman,Wightman Joelle,Orono,ME,USA,1,T,15329,NA
258324,2019,KENDUSKEAG,Downriver,Canoe,255,oc2mixrec,26,TRUE,15329,2465,275,207,26,275,26,207,kenduskeag2019,TRUE,paddler,NA,James Zuhlke,Zuhlke James,Orono,ME,USA,1,T,15329,NA
527914,2025,KENDUSKEAG,Downriver,Canoe,295,oc2shortbeg,11,TRUE,15331,2467,2192,1770,108,256,11,198,kenduskeag,TRUE,paddler,NA,Tyler Bourgoin,Bourgoin Tyler,Charleston,ME,USA,NA,NA,NA,NA
527914,2025,KENDUSKEAG,Downriver,Canoe,295,oc2shortbeg,11,TRUE,15331,2467,2192,1770,108,256,11,198,kenduskeag,TRUE,paddler,NA,Jordan Clement,Clement Jordan,Charleston,ME,USA,NA,NA,NA,NA
478953,2024,KENDUSKEAG,Downriver,Unknown,119,open,9,TRUE,15331,2468,2193,59,151,209,9,9,kenduskeag,TRUE,paddler,NA,Chris Sweet,Sweet Chris,Farmington,ME,USA,NA,NA,NA,NA
527952,2025,KENDUSKEAG,Downriver,Canoe,333,oc2hs,13,TRUE,15332,2469,2194,1771,88,257,13,199,kenduskeag,TRUE,paddler,NA,Zain Fitzsimmons,Fitzsimmons Zain,Machias,ME,USA,NA,NA,NA,NA
527952,2025,KENDUSKEAG,Downriver,Canoe,333,oc2hs,13,TRUE,15332,2469,2194,1771,88,257,13,199,kenduskeag,TRUE,paddler,NA,Nathan Gilliam,Gilliam Nathan,Wiscasset,ME,USA,NA,NA,NA,NA
229462,2016,KENDUSKEAG,Downriver,Kayak,131,k1short,10,TRUE,15332,2470,2195,365,121,280,10,46,kenduskeag,TRUE,paddler,NA,Arnold Herrick,Herrick Arnold,Westbrook,ME,USA,1,T,15332,NA
249472,2018,KENDUSKEAG,Downriver,Canoe,266,oc2mixrec,24,TRUE,15332,2471,2196,1772,197,308,24,253,kenduskeag,TRUE,paddler,NA,Bryn Keenhold,Keenhold Bryn,Milford,ME,USA,1,T,15332,NA
249472,2018,KENDUSKEAG,Downriver,Canoe,266,oc2mixrec,24,TRUE,15332,2471,2196,1772,197,308,24,253,kenduskeag,TRUE,paddler,NA,Greg Mcdonald,Mcdonald Greg,Milford,ME,USA,1,T,15332,NA
479035,2024,KENDUSKEAG,Downriver,Kayak,402,k1short,7,TRUE,15335,2472,2197,366,122,210,7,25,kenduskeag,TRUE,paddler,NA,Alen Batchelder,Batchelder Alen,Etna,ME,USA,NA,NA,NA,NA
478954,2024,KENDUSKEAG,Downriver,Unknown,20,open,10,TRUE,15338,2474,2198,60,152,211,10,10,kenduskeag,TRUE,paddler,NA,Cemil Arkula,Arkula Cemil,Orono,ME,USA,NA,NA,NA,NA
478954,2024,KENDUSKEAG,Downriver,Unknown,20,open,10,TRUE,15338,2474,2198,60,152,211,10,10,kenduskeag,TRUE,paddler,NA,Louise Chaplin,Chaplin Louise,Old Town,ME,USA,NA,NA,NA,NA
478954,2024,KENDUSKEAG,Downriver,Unknown,20,open,10,TRUE,15338,2474,2198,60,152,211,10,10,kenduskeag,TRUE,paddler,NA,Thomas Korstanje,Korstanje Thomas,Old Town,ME,USA,NA,NA,NA,NA
240416,2017,KENDUSKEAG,Downriver,Canoe,349,oc2mediumrec,42,TRUE,15341,2475,2199,1773,146,300,42,245,kenduskeag,TRUE,paddler,hacketwi01,Will Hackett,Hackett Will,Nobleboro,ME,USA,1,T,15341,NA
240416,2017,KENDUSKEAG,Downriver,Canoe,349,oc2mediumrec,42,TRUE,15341,2475,2199,1773,146,300,42,245,kenduskeag,TRUE,paddler,NA,Matt Markot,Markot Matt,Nobleboro,ME,USA,1,T,15341,NA
229640,2016,KENDUSKEAG,Downriver,Canoe,330,oc2shortrec,21,TRUE,15343,2476,2200,1774,163,281,21,235,kenduskeag,TRUE,paddler,NA,Kelford Mitchel,Mitchel Kelford,Waterville,ME,USA,1,T,15343,NA
229640,2016,KENDUSKEAG,Downriver,Canoe,330,oc2shortrec,21,TRUE,15343,2476,2200,1774,163,281,21,235,kenduskeag,TRUE,paddler,NA,William Qualey,Qualey William,Norridgewock,ME,USA,1,T,15343,NA
479199,2024,KENDUSKEAG,Downriver,Canoe,197,oc2shortrec,31,TRUE,15348,2479,2202,1776,164,213,31,178,kenduskeag,TRUE,paddler,NA,Alex Lyons,Lyons Alex,Ellsworth,ME,USA,NA,NA,NA,NA
479199,2024,KENDUSKEAG,Downriver,Canoe,197,oc2shortrec,31,TRUE,15348,2479,2202,1776,164,213,31,178,kenduskeag,TRUE,paddler,NA,Ethan Merrifield,Merrifield Ethan,Belfast,ME,USA,NA,NA,NA,NA
424180,2023,KENDUSKEAG,Downriver,Canoe,320,oc2shortbeg,17,TRUE,15357,2481,2204,1778,109,252,17,193,kenduskeag,TRUE,paddler,NA,Tyler Bourgoin,Bourgoin Tyler,Charleston,ME,USA,NA,NA,NA,NA
424180,2023,KENDUSKEAG,Downriver,Canoe,320,oc2shortbeg,17,TRUE,15357,2481,2204,1778,109,252,17,193,kenduskeag,TRUE,paddler,NA,Jordan Clement,Clement Jordan,Bradford,ME,USA,NA,NA,NA,NA
345952,2021,KENDUSKEAG,Downriver,Kayak,320,k1short,6,TRUE,15360,2482,2205,367,123,70,6,15,kenduskeag,TRUE,paddler,NA,William Hazard,Hazard William,corinna,ME,USA,NA,NA,NA,NA
249409,2018,KENDUSKEAG,Downriver,Kayak,195,k1rec,11,TRUE,15394,2486,2209,368,90,310,11,56,kenduskeag,TRUE,paddler,NA,Josh King,King Josh,Carmel,ME,USA,1,T,15394,NA
424181,2023,KENDUSKEAG,Downriver,Canoe,236,oc2shortbeg,18,TRUE,15407,2487,2210,1782,110,253,18,194,kenduskeag,TRUE,paddler,NA,Isabel Burch,Burch Isabel,Topsham,ME,USA,NA,NA,NA,NA
424181,2023,KENDUSKEAG,Downriver,Canoe,236,oc2shortbeg,18,TRUE,15407,2487,2210,1782,110,253,18,194,kenduskeag,TRUE,paddler,NA,Hannah Herrick,Herrick Hannah,Bath,ME,USA,NA,NA,NA,NA
249270,2018,KENDUSKEAG,Downriver,Canoe,14,open,25,TRUE,15421,2493,2216,1788,153,311,25,255,kenduskeag,TRUE,paddler,NA,Emily Andrews,Andrews Emily,Holden,ME,USA,1,T,15421,NA
249270,2018,KENDUSKEAG,Downriver,Canoe,14,open,25,TRUE,15421,2493,2216,1788,153,311,25,255,kenduskeag,TRUE,paddler,NA,Erica Masters,Masters Erica,Holden,ME,USA,1,T,15421,NA
249270,2018,KENDUSKEAG,Downriver,Canoe,14,open,25,TRUE,15421,2493,2216,1788,153,311,25,255,kenduskeag,TRUE,paddler,NA,Kelsey Snowman,Snowman Kelsey,Holden,ME,USA,1,T,15421,NA
258346,2019,KENDUSKEAG,Downriver,Canoe,283,oc2mediumrec,35,TRUE,15427,2494,278,210,35,278,35,210,kenduskeag2019,TRUE,paddler,NA,Chris Brann,Brann Chris,Auburn,ME,USA,1,T,15427,NA
258346,2019,KENDUSKEAG,Downriver,Canoe,283,oc2mediumrec,35,TRUE,15427,2494,278,210,35,278,35,210,kenduskeag2019,TRUE,paddler,kinneyju01,Justin Kinney,Kinney Justin,Durham,ME,USA,1,T,15427,NA
219591,2015,KENDUSKEAG,Downriver,Canoe,8,open,21,TRUE,15428,2495,2217,1789,154,261,21,213,kenduskeag,TRUE,paddler,NA,Dakoda Henderson,Henderson Dakoda,Corinth,ME,USA,1,T,15428,NA
219591,2015,KENDUSKEAG,Downriver,Canoe,8,open,21,TRUE,15428,2495,2217,1789,154,261,21,213,kenduskeag,TRUE,paddler,NA,Frank Henderson,Henderson Frank,Corinth,ME,USA,1,T,15428,NA
219591,2015,KENDUSKEAG,Downriver,Canoe,8,open,21,TRUE,15428,2495,2217,1789,154,261,21,213,kenduskeag,TRUE,paddler,henderja01,James Henderson,Henderson James,Carmel,ME,USA,1,T,15428,NA
229662,2016,KENDUSKEAG,Downriver,Canoe,352,oc2shortrec,22,TRUE,15432,2498,2220,1791,165,285,22,239,kenduskeag,TRUE,paddler,NA,Willis Dicentes,Dicentes Willis,Hollis,ME,USA,1,T,15432,NA
229662,2016,KENDUSKEAG,Downriver,Canoe,352,oc2shortrec,22,TRUE,15432,2498,2220,1791,165,285,22,239,kenduskeag,TRUE,paddler,NA,Jeremy Sanborn,Sanborn Jeremy,Dayton,ME,USA,1,T,15432,NA
229373,2016,KENDUSKEAG,Downriver,Canoe,33,open,19,TRUE,15434,2499,2221,1792,155,286,19,240,kenduskeag,TRUE,paddler,NA,Madison Papianou,Papianou Madison,Rumford,ME,USA,1,T,15434,NA
229373,2016,KENDUSKEAG,Downriver,Canoe,33,open,19,TRUE,15434,2499,2221,1792,155,286,19,240,kenduskeag,TRUE,paddler,NA,Todd Papianou,Papianou Todd,Rumford,ME,USA,1,T,15434,NA
229373,2016,KENDUSKEAG,Downriver,Canoe,33,open,19,TRUE,15434,2499,2221,1792,155,286,19,240,kenduskeag,TRUE,paddler,NA,Karen Wilson,Wilson Karen,Rumford,ME,USA,1,T,15434,NA
358672,2022,KENDUSKEAG,Downriver,Canoe,215,oc2rec,36,TRUE,15438,2500,2222,1793,107,264,36,208,kenduskeag,TRUE,paddler,NA,Brandon Moontri,Moontri Brandon,Bangor,ME,USA,NA,NA,NA,NA
358672,2022,KENDUSKEAG,Downriver,Canoe,215,oc2rec,36,TRUE,15438,2500,2222,1793,107,264,36,208,kenduskeag,TRUE,paddler,tatarcry01,Ryan Tatarcyk,Tatarcyk Ryan,Bangor,ME,USA,NA,NA,NA,NA
249408,2018,KENDUSKEAG,Downriver,Kayak,194,k1rec,12,TRUE,15450,2503,2225,370,91,312,12,57,kenduskeag,TRUE,paddler,NA,Jake Worcester,Worcester Jake,Carmel,ME,USA,1,T,15450,NA
527633,2025,KENDUSKEAG,Downriver,Unknown,9,open,15,TRUE,15452,2504,2226,61,156,258,15,15,kenduskeag,TRUE,paddler,NA,Chloe Bossow,Bossow Chloe,Orono,ME,USA,NA,NA,NA,NA
527633,2025,KENDUSKEAG,Downriver,Unknown,9,open,15,TRUE,15452,2504,2226,61,156,258,15,15,kenduskeag,TRUE,paddler,NA,Chloe Desmond,Desmond Chloe,Orono,ME,USA,NA,NA,NA,NA
527633,2025,KENDUSKEAG,Downriver,Unknown,9,open,15,TRUE,15452,2504,2226,61,156,258,15,15,kenduskeag,TRUE,paddler,NA,Maia Serrano,Serrano Maia,Orono,ME,USA,NA,NA,NA,NA
479007,2024,KENDUSKEAG,Downriver,Canoe,86,oc2short,6,TRUE,15454,2505,2227,1796,101,219,6,183,kenduskeag,TRUE,paddler,NA,Sean Ames,Ames Sean,Farfield,ME,USA,NA,NA,NA,NA
479007,2024,KENDUSKEAG,Downriver,Canoe,86,oc2short,6,TRUE,15454,2505,2227,1796,101,219,6,183,kenduskeag,TRUE,paddler,NA,Josiah Webster,Webster Josiah,Fairfield,ME,USA,NA,NA,NA,NA
423923,2023,KENDUSKEAG,Downriver,Unknown,21,open,22,TRUE,15455,2507,2229,62,157,254,22,22,kenduskeag,TRUE,paddler,NA,Ashley Kuplin,Kuplin Ashley,Bridgewater,NH,USA,NA,NA,NA,NA
423923,2023,KENDUSKEAG,Downriver,Unknown,21,open,22,TRUE,15455,2507,2229,62,157,254,22,22,kenduskeag,TRUE,paddler,NA,Melanie McVety,McVety Melanie,Standish,ME,USA,NA,NA,NA,NA
423923,2023,KENDUSKEAG,Downriver,Unknown,21,open,22,TRUE,15455,2507,2229,62,157,254,22,22,kenduskeag,TRUE,paddler,NA,Ashley Sutton,Sutton Ashley,Petersburg,PA,USA,NA,NA,NA,NA
229466,2016,KENDUSKEAG,Downriver,Kayak,135,k1short,11,TRUE,15460,2508,2230,371,124,288,11,47,kenduskeag,TRUE,paddler,NA,Christopher Filteau,Filteau Christopher,Hampden,ME,USA,1,T,15460,NA
358673,2022,KENDUSKEAG,Downriver,Canoe,206,oc2rec,37,TRUE,15463,2509,2231,1798,108,265,37,209,kenduskeag,TRUE,paddler,NA,Tim Holt,Holt Tim,Biddeford,ME,USA,NA,NA,NA,NA
358673,2022,KENDUSKEAG,Downriver,Canoe,206,oc2rec,37,TRUE,15463,2509,2231,1798,108,265,37,209,kenduskeag,TRUE,paddler,NA,Pat Skall,Skall Pat,Gorham,ME,USA,NA,NA,NA,NA
258248,2019,KENDUSKEAG,Downriver,Kayak,145,k1short,18,TRUE,15463,2510,279,47,18,279,18,47,kenduskeag2019,TRUE,paddler,NA,Brent Borodic,Borodic Brent,Glenburn,ME,USA,1,T,15463,NA
345878,2021,KENDUSKEAG,Downriver,Canoe,476,oc2mediumrec,14,TRUE,15465,2511,2232,1799,147,73,14,58,kenduskeag,TRUE,paddler,NA,John Hafford,Hafford John,Medway,ME,USA,NA,NA,NA,NA
345878,2021,KENDUSKEAG,Downriver,Canoe,476,oc2mediumrec,14,TRUE,15465,2511,2232,1799,147,73,14,58,kenduskeag,TRUE,paddler,NA,Jessica Masse,Masse Jessica,Medway,ME,USA,NA,NA,NA,NA
258340,2019,KENDUSKEAG,Downriver,Canoe,276,oc2mediumrec,36,TRUE,15475,2512,280,211,36,280,36,211,kenduskeag2019,TRUE,paddler,NA,Jarred Powers,Powers Jarred,Chapman,ME,USA,1,T,15475,NA
258340,2019,KENDUSKEAG,Downriver,Canoe,276,oc2mediumrec,36,TRUE,15475,2512,280,211,36,280,36,211,kenduskeag2019,TRUE,paddler,NA,Leslie Richardson,Richardson Leslie,Wells,ME,USA,1,T,15475,NA
424077,2023,KENDUSKEAG,Downriver,Canoe,149,oc2mixrec,28,TRUE,15475,2513,2233,1800,198,255,28,195,kenduskeag,TRUE,paddler,NA,Madeline Eberly,Eberly Madeline,Orono,ME,USA,NA,NA,NA,NA
424077,2023,KENDUSKEAG,Downriver,Canoe,149,oc2mixrec,28,TRUE,15475,2513,2233,1800,198,255,28,195,kenduskeag,TRUE,paddler,NA,Johnny Sanchez,Sanchez Johnny,Orono,ME,USA,NA,NA,NA,NA
479200,2024,KENDUSKEAG,Downriver,Canoe,324,oc2shortrec,32,TRUE,15482,2515,2235,1802,166,220,32,184,kenduskeag,TRUE,paddler,NA,Katherine Doble,Doble Katherine,Steuben,ME,USA,NA,NA,NA,NA
479200,2024,KENDUSKEAG,Downriver,Canoe,324,oc2shortrec,32,TRUE,15482,2515,2235,1802,166,220,32,184,kenduskeag,TRUE,paddler,NA,Cameron Poole,Poole Cameron,Milbridge,ME,USA,NA,NA,NA,NA
424109,2023,KENDUSKEAG,Downriver,Canoe,184,oc2rec,23,TRUE,15491,2520,2240,1807,109,259,23,199,kenduskeag,TRUE,paddler,NA,Chase Hanson,Hanson Chase,Prospect,ME,USA,NA,NA,NA,NA
424109,2023,KENDUSKEAG,Downriver,Canoe,184,oc2rec,23,TRUE,15491,2520,2240,1807,109,259,23,199,kenduskeag,TRUE,paddler,NA,Cole Hanson,Hanson Cole,Prospect,ME,USA,NA,NA,NA,NA
358479,2022,KENDUSKEAG,Downriver,Unknown,11,open,16,TRUE,15509,2524,2244,63,158,267,16,16,kenduskeag,TRUE,paddler,NA,Hazel Cashman,Cashman Hazel,Orono,ME,USA,NA,NA,NA,NA
358479,2022,KENDUSKEAG,Downriver,Unknown,11,open,16,TRUE,15509,2524,2244,63,158,267,16,16,kenduskeag,TRUE,paddler,NA,Noah Rickerich,Rickerich Noah,NY,NY,USA,NA,NA,NA,NA
358479,2022,KENDUSKEAG,Downriver,Unknown,11,open,16,TRUE,15509,2524,2244,63,158,267,16,16,kenduskeag,TRUE,paddler,NA,Samuel Rickerich,Rickerich Samuel,Orono,ME,USA,NA,NA,NA,NA
478955,2024,KENDUSKEAG,Downriver,Unknown,27,open,11,TRUE,15513,2525,2245,64,159,221,11,11,kenduskeag,TRUE,paddler,NA,Tyler Knowles,Knowles Tyler,Bangor,ME,USA,NA,NA,NA,NA
478955,2024,KENDUSKEAG,Downriver,Unknown,27,open,11,TRUE,15513,2525,2245,64,159,221,11,11,kenduskeag,TRUE,paddler,NA,Isaiah Shaw,Shaw Isaiah,Hampden,ME,USA,NA,NA,NA,NA
478955,2024,KENDUSKEAG,Downriver,Unknown,27,open,11,TRUE,15513,2525,2245,64,159,221,11,11,kenduskeag,TRUE,paddler,NA,Colin Williams,Williams Colin,Frankfort,ME,USA,NA,NA,NA,NA
345919,2021,KENDUSKEAG,Downriver,Canoe,463,oc2short,15,TRUE,15514,2526,2246,1811,102,74,15,59,kenduskeag,TRUE,paddler,NA,Michel Brudzinski,Brudzinski Michel,Orrs Island,ME,USA,NA,NA,NA,NA
345919,2021,KENDUSKEAG,Downriver,Canoe,463,oc2short,15,TRUE,15514,2526,2246,1811,102,74,15,59,kenduskeag,TRUE,paddler,NA,Nick Littlefield,Littlefield Nick,Orrs Island,ME,USA,NA,NA,NA,NA
358768,2022,KENDUSKEAG,Downriver,Canoe,320,oc2hs,14,TRUE,15523,2527,2247,1812,89,268,14,211,kenduskeag,TRUE,paddler,NA,Jules Selser,Selser Jules,South Portland,ME,USA,NA,NA,NA,NA
358768,2022,KENDUSKEAG,Downriver,Canoe,320,oc2hs,14,TRUE,15523,2527,2247,1812,89,268,14,211,kenduskeag,TRUE,paddler,NA,Luke Weiser,Weiser Luke,Lebanon,ME,USA,NA,NA,NA,NA
479248,2024,KENDUSKEAG,Downriver,Canoe,331,oc2shortbeg,13,TRUE,15524,2528,2248,1813,111,222,13,185,kenduskeag,TRUE,paddler,NA,Jared Abell,Abell Jared,Portland,ME,USA,NA,NA,NA,NA
479248,2024,KENDUSKEAG,Downriver,Canoe,331,oc2shortbeg,13,TRUE,15524,2528,2248,1813,111,222,13,185,kenduskeag,TRUE,paddler,NA,Joel Wagner,Wagner Joel,Portland,ME,USA,NA,NA,NA,NA
229700,2016,KENDUSKEAG,Downriver,Canoe,396,oc2shortbeg,16,TRUE,15533,2530,2250,1815,112,290,16,243,kenduskeag,TRUE,paddler,NA,Jesse Ordway,Ordway Jesse,New Gloucester,ME,USA,1,T,15533,NA
229700,2016,KENDUSKEAG,Downriver,Canoe,396,oc2shortbeg,16,TRUE,15533,2530,2250,1815,112,290,16,243,kenduskeag,TRUE,paddler,NA,Taylor Valente,Valente Taylor,Glenburn,ME,USA,1,T,15533,NA
358769,2022,KENDUSKEAG,Downriver,Canoe,314,oc2hs,15,TRUE,15551,2537,2257,1821,90,269,15,212,kenduskeag,TRUE,paddler,NA,Jacbob Clark,Clark Jacbob,Brewer,ME,USA,NA,NA,NA,NA
358769,2022,KENDUSKEAG,Downriver,Canoe,314,oc2hs,15,TRUE,15551,2537,2257,1821,90,269,15,212,kenduskeag,TRUE,paddler,NA,Aaron Kircheis,Kircheis Aaron,Brewer,ME,USA,NA,NA,NA,NA
258332,2019,KENDUSKEAG,Downriver,Canoe,267,oc2mediumrec,37,TRUE,15562,2541,281,212,37,281,37,212,kenduskeag2019,TRUE,paddler,NA,Craig Laplante,Laplante Craig,Bangor,ME,USA,1,T,15562,NA
258332,2019,KENDUSKEAG,Downriver,Canoe,267,oc2mediumrec,37,TRUE,15562,2541,281,212,37,281,37,212,kenduskeag2019,TRUE,paddler,NA,Adam Ouellette,Ouellette Adam,Buxton,ME,USA,1,T,15562,NA
424110,2023,KENDUSKEAG,Downriver,Canoe,350,oc2rec,24,TRUE,15563,2542,2261,1824,110,263,24,203,kenduskeag,TRUE,paddler,NA,Andrew Hopkins,Hopkins Andrew,Bangor,ME,USA,NA,NA,NA,NA
424110,2023,KENDUSKEAG,Downriver,Canoe,350,oc2rec,24,TRUE,15563,2542,2261,1824,110,263,24,203,kenduskeag,TRUE,paddler,NA,Tyler Munro,Munro Tyler,Bangor,ME,USA,NA,NA,NA,NA
249291,2018,KENDUSKEAG,Downriver,Canoe,42,open,26,TRUE,15572,2543,2262,1825,160,316,26,259,kenduskeag,TRUE,paddler,NA,Marshal Bertrand,Bertrand Marshal,Orono,ME,USA,1,T,15572,NA
249291,2018,KENDUSKEAG,Downriver,Canoe,42,open,26,TRUE,15572,2543,2262,1825,160,316,26,259,kenduskeag,TRUE,paddler,NA,Max Dorman,Dorman Max,Orono,ME,USA,1,T,15572,NA
249291,2018,KENDUSKEAG,Downriver,Canoe,42,open,26,TRUE,15572,2543,2262,1825,160,316,26,259,kenduskeag,TRUE,paddler,NA,Aly East,East Aly,Stillwater,ME,USA,1,T,15572,NA
240406,2017,KENDUSKEAG,Downriver,Canoe,339,oc2mediumrec,43,TRUE,15573,2544,2263,1826,148,303,43,248,kenduskeag,TRUE,paddler,NA,Ian Lamberton,Lamberton Ian,Hampden,ME,USA,1,T,15573,NA
240406,2017,KENDUSKEAG,Downriver,Canoe,339,oc2mediumrec,43,TRUE,15573,2544,2263,1826,148,303,43,248,kenduskeag,TRUE,paddler,NA,Greg Mylen,Mylen Greg,Hampden,ME,USA,1,T,15573,NA
258311,2019,KENDUSKEAG,Downriver,Canoe,238,oc2mixrec,27,TRUE,15576,2545,282,213,27,282,27,213,kenduskeag2019,TRUE,paddler,NA,Sam Martinelli,Martinelli Sam,Orono,ME,USA,1,T,15576,NA
258311,2019,KENDUSKEAG,Downriver,Canoe,238,oc2mixrec,27,TRUE,15576,2545,282,213,27,282,27,213,kenduskeag2019,TRUE,paddler,NA,Sarah Martinelli,Martinelli Sarah,Orono,ME,USA,1,T,15576,NA
229489,2016,KENDUSKEAG,Downriver,Kayak,168,k1rec,13,TRUE,15592,2548,2266,375,92,293,13,49,kenduskeag,TRUE,paddler,pfaffjo01,John Pfaff,Pfaff John,PONTIAC,IL,USA,1,T,15592,NA
345920,2021,KENDUSKEAG,Downriver,Canoe,345,oc2short,16,TRUE,15601,2551,2269,1830,103,76,16,60,kenduskeag,TRUE,paddler,bambrije01,Jennifer Bambrick,Bambrick Jennifer,Levant,ME,USA,NA,NA,NA,NA
345920,2021,KENDUSKEAG,Downriver,Canoe,345,oc2short,16,TRUE,15601,2551,2269,1830,103,76,16,60,kenduskeag,TRUE,paddler,NA,Becca Bendure,Bendure Becca,Levant,ME,USA,NA,NA,NA,NA
229476,2016,KENDUSKEAG,Downriver,Kayak,150,k1rec,14,TRUE,15604,2553,2271,376,93,294,14,50,kenduskeag,TRUE,paddler,NA,Jacob Adams,Adams Jacob,Gorham,ME,USA,1,T,15604,NA
219602,2015,KENDUSKEAG,Downriver,Canoe,22,open,22,TRUE,15604,2554,2272,1832,161,265,22,217,kenduskeag,TRUE,paddler,NA,Kalib Carmichael,Carmichael Kalib,Greenbush,ME,USA,1,T,15604,NA
219602,2015,KENDUSKEAG,Downriver,Canoe,22,open,22,TRUE,15604,2554,2272,1832,161,265,22,217,kenduskeag,TRUE,paddler,NA,Adam Jenkins,Jenkins Adam,Greenbush,ME,USA,1,T,15604,NA
219602,2015,KENDUSKEAG,Downriver,Canoe,22,open,22,TRUE,15604,2554,2272,1832,161,265,22,217,kenduskeag,TRUE,paddler,NA,Adam Smart,Smart Adam,Greenbush,ME,USA,1,T,15604,NA
424111,2023,KENDUSKEAG,Downriver,Canoe,166,oc2rec,25,TRUE,15607,2555,2273,1833,111,266,25,206,kenduskeag,TRUE,paddler,NA,Brandon Moontri,Moontri Brandon,Bangor,ME,USA,NA,NA,NA,NA
424111,2023,KENDUSKEAG,Downriver,Canoe,166,oc2rec,25,TRUE,15607,2555,2273,1833,111,266,25,206,kenduskeag,TRUE,paddler,tatarcry01,Ryan Tatarcyk,Tatarcyk Ryan,Bangor,ME,USA,NA,NA,NA,NA
479286,2024,KENDUSKEAG,Downriver,Canoe,297,oc2hs,16,TRUE,15622,2558,2276,1836,91,227,16,189,kenduskeag,TRUE,paddler,NA,Julianna Day,Day Julianna,Orono,ME,USA,NA,NA,NA,NA
479286,2024,KENDUSKEAG,Downriver,Canoe,297,oc2hs,16,TRUE,15622,2558,2276,1836,91,227,16,189,kenduskeag,TRUE,paddler,NA,Bella Nayman,Nayman Bella,Orono,ME,USA,NA,NA,NA,NA
249546,2018,KENDUSKEAG,Downriver,Canoe,352,oc2shortrec,24,TRUE,15623,2559,2277,1837,167,317,24,260,kenduskeag,TRUE,paddler,NA,Brandon Moontri,Moontri Brandon,Brewer,ME,USA,1,T,15623,NA
249546,2018,KENDUSKEAG,Downriver,Canoe,352,oc2shortrec,24,TRUE,15623,2559,2277,1837,167,317,24,260,kenduskeag,TRUE,paddler,tatarcry01,Ryan Tatarcyk,Tatarcyk Ryan,Bangor,ME,USA,1,T,15623,NA
240351,2017,KENDUSKEAG,Downriver,Canoe,280,oc2mixrec,26,TRUE,15632,2564,2282,1842,199,306,26,251,kenduskeag,TRUE,paddler,NA,Frank DAlessandro,DAlessandro Frank,Standish,ME,USA,1,T,15632,NA
240351,2017,KENDUSKEAG,Downriver,Canoe,280,oc2mixrec,26,TRUE,15632,2564,2282,1842,199,306,26,251,kenduskeag,TRUE,paddler,NA,Oriana Farnham,Farnham Oriana,Portland,ME,USA,1,T,15632,NA
424220,2023,KENDUSKEAG,Downriver,Canoe,273,oc2hs,22,TRUE,15638,2566,2284,1844,92,267,22,207,kenduskeag,TRUE,paddler,NA,Benjamin Gilman,Gilman Benjamin,Bangor,ME,USA,NA,NA,NA,NA
424220,2023,KENDUSKEAG,Downriver,Canoe,273,oc2hs,22,TRUE,15638,2566,2284,1844,92,267,22,207,kenduskeag,TRUE,paddler,NA,Alberto Porras,Porras Alberto,Kenduskeag,ME,USA,NA,NA,NA,NA
479157,2024,KENDUSKEAG,Downriver,Canoe,212,oc2rec,23,TRUE,15647,2567,2285,1845,112,228,23,190,kenduskeag,TRUE,paddler,NA,Joseph Quinn,Quinn Joseph,Bangor,ME,USA,NA,NA,NA,NA
479157,2024,KENDUSKEAG,Downriver,Canoe,212,oc2rec,23,TRUE,15647,2567,2285,1845,112,228,23,190,kenduskeag,TRUE,paddler,NA,Benjamin Rapaport,Rapaport Benjamin,Bangor,ME,USA,NA,NA,NA,NA
479158,2024,KENDUSKEAG,Downriver,Canoe,392,oc2rec,24,TRUE,15652,2568,2286,1846,113,229,24,191,kenduskeag,TRUE,paddler,brownja03,James Brown,Brown James,Hermon,ME,USA,NA,NA,NA,NA
479158,2024,KENDUSKEAG,Downriver,Canoe,392,oc2rec,24,TRUE,15652,2568,2286,1846,113,229,24,191,kenduskeag,TRUE,paddler,NA,Jesse Chamberlain,Chamberlain Jesse,Dixmont,ME,USA,NA,NA,NA,NA
229464,2016,KENDUSKEAG,Downriver,Kayak,133,k1short,12,TRUE,15661,2569,2287,377,125,297,12,51,kenduskeag,TRUE,paddler,NA,Timothy Davis,Davis Timothy,Brewer,ME,USA,1,T,15661,NA
240481,2017,KENDUSKEAG,Downriver,Canoe,429,oc2shortbeg,14,TRUE,15666,2570,2288,1847,113,307,14,252,kenduskeag,TRUE,paddler,NA,Oakley Farnam,Farnam Oakley,Hermon,ME,USA,1,T,15666,NA
240481,2017,KENDUSKEAG,Downriver,Canoe,429,oc2shortbeg,14,TRUE,15666,2570,2288,1847,113,307,14,252,kenduskeag,TRUE,paddler,NA,Andrew Hersey,Hersey Andrew,Brewer,ME,USA,1,T,15666,NA
229376,2016,KENDUSKEAG,Downriver,Canoe,37,open,20,TRUE,15672,2573,2291,1850,162,299,20,248,kenduskeag,TRUE,paddler,NA,Stephen Goulet,Goulet Stephen,Orono,ME,USA,1,T,15672,NA
229376,2016,KENDUSKEAG,Downriver,Canoe,37,open,20,TRUE,15672,2573,2291,1850,162,299,20,248,kenduskeag,TRUE,paddler,scofieco01,Connor Scofield,Scofield Connor,Orono,ME,USA,1,T,15672,NA
229376,2016,KENDUSKEAG,Downriver,Canoe,37,open,20,TRUE,15672,2573,2291,1850,162,299,20,248,kenduskeag,TRUE,paddler,NA,Holly Thomas,Thomas Holly,Orono,ME,USA,1,T,15672,NA
423961,2023,KENDUSKEAG,Downriver,Canoe,49,oc2short,13,TRUE,15682,2575,2293,1852,104,268,13,208,kenduskeag,TRUE,paddler,NA,John Dieffenbacher-Krall,Dieffenbacher-Krall John,Old Town,ME,USA,NA,NA,NA,NA
423961,2023,KENDUSKEAG,Downriver,Canoe,49,oc2short,13,TRUE,15682,2575,2293,1852,104,268,13,208,kenduskeag,TRUE,paddler,NA,Nicholas Dieffenbacher-Krall,Dieffenbacher-Krall Nicholas,Old Town,ME,USA,NA,NA,NA,NA
424221,2023,KENDUSKEAG,Downriver,Canoe,269,oc2hs,23,TRUE,15685,2576,2294,1853,93,269,23,209,kenduskeag,TRUE,paddler,NA,Andrea Casey,Casey Andrea,Tribes Hill,NY,USA,NA,NA,NA,NA
424221,2023,KENDUSKEAG,Downriver,Canoe,269,oc2hs,23,TRUE,15685,2576,2294,1853,93,269,23,209,kenduskeag,TRUE,paddler,NA,Annabel Zlatich,Zlatich Annabel,Onrno,ME,USA,NA,NA,NA,NA
229699,2016,KENDUSKEAG,Downriver,Canoe,395,oc2shortbeg,17,TRUE,15687,2578,2296,1855,114,300,17,249,kenduskeag,TRUE,paddler,NA,Caleb Blake,Blake Caleb,Searsport,ME,USA,1,T,15687,NA
229699,2016,KENDUSKEAG,Downriver,Canoe,395,oc2shortbeg,17,TRUE,15687,2578,2296,1855,114,300,17,249,kenduskeag,TRUE,paddler,NA,Caleb Rumney,Rumney Caleb,Stockton Springs,ME,USA,1,T,15687,NA
479287,2024,KENDUSKEAG,Downriver,Canoe,311,oc2hs,17,TRUE,15691,2579,2297,1856,94,231,17,193,kenduskeag,TRUE,paddler,NA,Massimo Hamilton,Hamilton Massimo,Bar Harbor,ME,USA,NA,NA,NA,NA
479287,2024,KENDUSKEAG,Downriver,Canoe,311,oc2hs,17,TRUE,15691,2579,2297,1856,94,231,17,193,kenduskeag,TRUE,paddler,NA,Natalie Rodriguez-Dickens,Rodriguez-Dickens Natalie,Bar Harbor,ME,USA,NA,NA,NA,NA
424182,2023,KENDUSKEAG,Downriver,Canoe,185,oc2shortbeg,19,TRUE,15693,2581,2299,1857,115,270,19,210,kenduskeag,TRUE,paddler,NA,Shawn Snyder,Snyder Shawn,Orono,ME,USA,NA,NA,NA,NA
424182,2023,KENDUSKEAG,Downriver,Canoe,185,oc2shortbeg,19,TRUE,15693,2581,2299,1857,115,270,19,210,kenduskeag,TRUE,paddler,NA,Kory Whittum,Whittum Kory,South China,ME,USA,NA,NA,NA,NA
478956,2024,KENDUSKEAG,Downriver,Unknown,6,open,12,TRUE,15703,2583,2301,65,163,234,12,12,kenduskeag,TRUE,paddler,NA,Michaul Gasset,Gasset Michaul,Hoboken,NJ,USA,NA,NA,NA,NA
478956,2024,KENDUSKEAG,Downriver,Unknown,6,open,12,TRUE,15703,2583,2301,65,163,234,12,12,kenduskeag,TRUE,paddler,NA,Andy Jones,Jones Andy,Bangor,ME,USA,NA,NA,NA,NA
478956,2024,KENDUSKEAG,Downriver,Unknown,6,open,12,TRUE,15703,2583,2301,65,163,234,12,12,kenduskeag,TRUE,paddler,NA,Peter Jones,Jones Peter,Bangor,ME,USA,NA,NA,NA,NA
229599,2016,KENDUSKEAG,Downriver,Canoe,286,oc2mediumrec,32,TRUE,15704,2584,2302,1859,149,301,32,250,kenduskeag,TRUE,paddler,kinneyju01,Justin Kinney,Kinney Justin,Hampden,ME,USA,1,T,15704,NA
229599,2016,KENDUSKEAG,Downriver,Canoe,286,oc2mediumrec,32,TRUE,15704,2584,2302,1859,149,301,32,250,kenduskeag,TRUE,paddler,NA,Adam Oulette,Oulette Adam,Hampden,ME,USA,1,T,15704,NA
527634,2025,KENDUSKEAG,Downriver,Unknown,11,open,16,TRUE,15707,2585,2303,66,164,260,16,16,kenduskeag,TRUE,paddler,NA,Hannah Day,Day Hannah,Bangor,ME,USA,NA,NA,NA,NA
527634,2025,KENDUSKEAG,Downriver,Unknown,11,open,16,TRUE,15707,2585,2303,66,164,260,16,16,kenduskeag,TRUE,paddler,NA,Kegan Day,Day Kegan,Milford,ME,USA,NA,NA,NA,NA
527634,2025,KENDUSKEAG,Downriver,Unknown,11,open,16,TRUE,15707,2585,2303,66,164,260,16,16,kenduskeag,TRUE,paddler,NA,Madison Doucette,Doucette Madison,Wiscasstt,ME,USA,NA,NA,NA,NA
527634,2025,KENDUSKEAG,Downriver,Unknown,11,open,16,TRUE,15707,2585,2303,66,164,260,16,16,kenduskeag,TRUE,paddler,pelletda01,Dan Pelletier,Pelletier Dan,Alton,ME,USA,NA,NA,NA,NA
219846,2015,KENDUSKEAG,Downriver,Canoe,322,oc2shortbeg,18,TRUE,15713,2587,2305,1861,116,266,18,218,kenduskeag,TRUE,paddler,NA,Daniel Sciacca,Sciacca Daniel,Dedham,ME,USA,1,T,15713,NA
219846,2015,KENDUSKEAG,Downriver,Canoe,322,oc2shortbeg,18,TRUE,15713,2587,2305,1861,116,266,18,218,kenduskeag,TRUE,paddler,smithbe01,Benjamin Smith,Smith Benjamin,Hermon,ME,USA,1,T,15713,NA
345967,2021,KENDUSKEAG,Downriver,Canoe,15,open,8,TRUE,15715,2588,2306,1862,165,77,8,61,kenduskeag,TRUE,paddler,krogbr01,Brad Krog,Krog Brad,Bangor,ME,USA,NA,NA,NA,NA
345967,2021,KENDUSKEAG,Downriver,Canoe,15,open,8,TRUE,15715,2588,2306,1862,165,77,8,61,kenduskeag,TRUE,paddler,krogda01,Dawn Krog,Krog Dawn,Bangor,ME,USA,NA,NA,NA,NA
345967,2021,KENDUSKEAG,Downriver,Canoe,15,open,8,TRUE,15715,2588,2306,1862,165,77,8,61,kenduskeag,TRUE,paddler,NA,Kade Krog,Krog Kade,Old Town,ME,USA,NA,NA,NA,NA
527915,2025,KENDUSKEAG,Downriver,Canoe,300,oc2shortbeg,12,TRUE,15720,2592,2310,1866,117,263,12,203,kenduskeag,TRUE,paddler,NA,Declan Coster,Coster Declan,Pittstown,NJ,USA,NA,NA,NA,NA
527915,2025,KENDUSKEAG,Downriver,Canoe,300,oc2shortbeg,12,TRUE,15720,2592,2310,1866,117,263,12,203,kenduskeag,TRUE,paddler,NA,Bruce Wyatt,Wyatt Bruce,Orono,ME,USA,NA,NA,NA,NA
423924,2023,KENDUSKEAG,Downriver,Unknown,4,open,23,TRUE,15722,2595,2313,67,166,271,23,23,kenduskeag,TRUE,paddler,NA,Brennan Dunton,Dunton Brennan,Orono,ME,USA,NA,NA,NA,NA
423924,2023,KENDUSKEAG,Downriver,Unknown,4,open,23,TRUE,15722,2595,2313,67,166,271,23,23,kenduskeag,TRUE,paddler,NA,Derek Rancourt,Rancourt Derek,Hallowell,ME,USA,NA,NA,NA,NA
423924,2023,KENDUSKEAG,Downriver,Unknown,4,open,23,TRUE,15722,2595,2313,67,166,271,23,23,kenduskeag,TRUE,paddler,NA,Kristen Rancourt,Rancourt Kristen,Orono,ME,USA,NA,NA,NA,NA
423924,2023,KENDUSKEAG,Downriver,Unknown,4,open,23,TRUE,15722,2595,2313,67,166,271,23,23,kenduskeag,TRUE,paddler,NA,Ryan Rancourt,Rancourt Ryan,Hermon,ME,USA,NA,NA,NA,NA
229367,2016,KENDUSKEAG,Downriver,Canoe,27,open,21,TRUE,15722,2596,2314,1868,167,304,21,253,kenduskeag,TRUE,paddler,NA,Jaclyn Comeau,Comeau Jaclyn,Keene,NH,USA,1,T,15722,NA
229367,2016,KENDUSKEAG,Downriver,Canoe,27,open,21,TRUE,15722,2596,2314,1868,167,304,21,253,kenduskeag,TRUE,paddler,NA,Gregory Elizondo,Elizondo Gregory,Keene,NH,USA,1,T,15722,NA
229367,2016,KENDUSKEAG,Downriver,Canoe,27,open,21,TRUE,15722,2596,2314,1868,167,304,21,253,kenduskeag,TRUE,paddler,NA,Eric Nemitz,Nemitz Eric,Buxton,ME,USA,1,T,15722,NA
240383,2017,KENDUSKEAG,Downriver,Canoe,315,oc2mediumrec,44,TRUE,15725,2597,2315,1869,150,310,44,255,kenduskeag,TRUE,paddler,NA,Dana Albert,Albert Dana,Rockland,ME,USA,1,T,15725,NA
240383,2017,KENDUSKEAG,Downriver,Canoe,315,oc2mediumrec,44,TRUE,15725,2597,2315,1869,150,310,44,255,kenduskeag,TRUE,paddler,NA,Nathan Baker,Baker Nathan,Hampden,ME,USA,1,T,15725,NA
229357,2016,KENDUSKEAG,Downriver,Canoe,16,open,22,TRUE,15736,2598,2316,1870,168,305,22,254,kenduskeag,TRUE,paddler,NA,Carol Freshley,Freshley Carol,Brunswick,ME,USA,1,T,15736,NA
229357,2016,KENDUSKEAG,Downriver,Canoe,16,open,22,TRUE,15736,2598,2316,1870,168,305,22,254,kenduskeag,TRUE,paddler,NA,Craig Freshley,Freshley Craig,Brunswick,ME,USA,1,T,15736,NA
229357,2016,KENDUSKEAG,Downriver,Canoe,16,open,22,TRUE,15736,2598,2316,1870,168,305,22,254,kenduskeag,TRUE,paddler,NA,Sara Freshley,Freshley Sara,Brunswick,ME,USA,1,T,15736,NA
358674,2022,KENDUSKEAG,Downriver,Canoe,352,oc2rec,38,TRUE,15747,2600,2318,1872,114,271,38,214,kenduskeag,TRUE,paddler,NA,Seth Freudenberger,Freudenberger Seth,Bangor,ME,USA,NA,NA,NA,NA
358674,2022,KENDUSKEAG,Downriver,Canoe,352,oc2rec,38,TRUE,15747,2600,2318,1872,114,271,38,214,kenduskeag,TRUE,paddler,NA,Justin Scripture,Scripture Justin,Bangor,ME,USA,NA,NA,NA,NA
229598,2016,KENDUSKEAG,Downriver,Canoe,285,oc2mediumrec,33,TRUE,15750,2602,2320,1874,151,306,33,255,kenduskeag,TRUE,paddler,NA,Matt Kinney,Kinney Matt,Hampden,ME,USA,1,T,15750,NA
229598,2016,KENDUSKEAG,Downriver,Canoe,285,oc2mediumrec,33,TRUE,15750,2602,2320,1874,151,306,33,255,kenduskeag,TRUE,paddler,pickerdr01,Drew Pickering,Pickering Drew,Hampden,ME,USA,1,T,15750,NA
345879,2021,KENDUSKEAG,Downriver,Canoe,613,oc2mediumrec,15,TRUE,15758,2605,2323,1875,152,78,15,62,kenduskeag,TRUE,paddler,NA,Hannah Johanson,Johanson Hannah,Portland,ME,USA,NA,NA,NA,NA
345879,2021,KENDUSKEAG,Downriver,Canoe,613,oc2mediumrec,15,TRUE,15758,2605,2323,1875,152,78,15,62,kenduskeag,TRUE,paddler,NA,Phineas Peake,Peake Phineas,Portland,ME,USA,NA,NA,NA,NA
527953,2025,KENDUSKEAG,Downriver,Canoe,337,oc2hs,14,TRUE,15758,2606,2324,1876,95,265,14,205,kenduskeag,TRUE,paddler,NA,Althea Collier,Collier Althea,Bar Harbor,ME,USA,NA,NA,NA,NA
527953,2025,KENDUSKEAG,Downriver,Canoe,337,oc2hs,14,TRUE,15758,2606,2324,1876,95,265,14,205,kenduskeag,TRUE,paddler,NA,Sophie Jo Frandsen,Frandsen Sophie Jo,Bar Harbor,ME,USA,NA,NA,NA,NA
424141,2023,KENDUSKEAG,Downriver,Canoe,210,oc2shortrec,21,TRUE,15765,2608,2326,1878,168,272,21,211,kenduskeag,TRUE,paddler,NA,Zachary Boss,Boss Zachary,Hampden,ME,USA,NA,NA,NA,NA
424141,2023,KENDUSKEAG,Downriver,Canoe,210,oc2shortrec,21,TRUE,15765,2608,2326,1878,168,272,21,211,kenduskeag,TRUE,paddler,NA,Alex Marsh,Marsh Alex,Hermon,ME,USA,NA,NA,NA,NA
345968,2021,KENDUSKEAG,Downriver,SUP,340,open,9,TRUE,15773,2610,2328,1,169,79,9,1,kenduskeag,TRUE,paddler,NA,River Vogel,Vogel River,Blue Hill,ME,USA,NA,NA,NA,NA
358705,2022,KENDUSKEAG,Downriver,Canoe,241,oc2shortrec,25,TRUE,15774,2611,2329,1880,169,272,25,215,kenduskeag,TRUE,paddler,albeebr01,Bryan Albee,Albee Bryan,Machiasport,ME,USA,NA,NA,NA,NA
358705,2022,KENDUSKEAG,Downriver,Canoe,241,oc2shortrec,25,TRUE,15774,2611,2329,1880,169,272,25,215,kenduskeag,TRUE,paddler,NA,Jared Sutton,Sutton Jared,Jonesport,ME,USA,NA,NA,NA,NA
219851,2015,KENDUSKEAG,Downriver,Canoe,328,oc2shortbeg,19,TRUE,15774,2613,2331,1882,118,269,19,220,kenduskeag,TRUE,paddler,kelleymi01,Mike Kelley,Kelley Mike,Cape Elizabeth,ME,USA,1,T,15774,NA
219851,2015,KENDUSKEAG,Downriver,Canoe,328,oc2shortbeg,19,TRUE,15774,2613,2331,1882,118,269,19,220,kenduskeag,TRUE,paddler,NA,Andrew Moulton,Moulton Andrew,Cape Elizabeth,ME,USA,1,T,15774,NA
345880,2021,KENDUSKEAG,Downriver,Canoe,641,oc2mediumrec,16,TRUE,15776,2614,2332,1883,153,80,16,63,kenduskeag,TRUE,paddler,NA,Rachel Rounds,Rounds Rachel,Hudson,ME,USA,NA,NA,NA,NA
345880,2021,KENDUSKEAG,Downriver,Canoe,641,oc2mediumrec,16,TRUE,15776,2614,2332,1883,153,80,16,63,kenduskeag,TRUE,paddler,NA,Elliot Sanders,Sanders Elliot,Old Town,ME,USA,NA,NA,NA,NA
229747,2016,KENDUSKEAG,Downriver,Canoe,447,oc2hs,4,TRUE,15778,2616,2334,1885,96,307,4,256,kenduskeag,TRUE,paddler,NA,Ben Rote,Rote Ben,Veazie,ME,USA,1,T,15778,NA
229747,2016,KENDUSKEAG,Downriver,Canoe,447,oc2hs,4,TRUE,15778,2616,2334,1885,96,307,4,256,kenduskeag,TRUE,paddler,NA,Oliver Sheehan,Sheehan Oliver,Aurora,ME,USA,1,T,15778,NA
219806,2015,KENDUSKEAG,Downriver,Canoe,274,oc2shortrec,14,TRUE,15780,2617,2335,1886,170,270,14,221,kenduskeag,TRUE,paddler,NA,Geoff Blauvelt,Blauvelt Geoff,Augusta,ME,USA,1,T,15780,NA
219806,2015,KENDUSKEAG,Downriver,Canoe,274,oc2shortrec,14,TRUE,15780,2617,2335,1886,170,270,14,221,kenduskeag,TRUE,paddler,harmser01,Eric Harms,Harms Eric,Sidney,ME,USA,1,T,15780,NA
249273,2018,KENDUSKEAG,Downriver,Canoe,19,open,27,TRUE,15780,2618,2336,1887,170,320,27,263,kenduskeag,TRUE,paddler,NA,Robert Blanchard,Blanchard Robert,Eddington,ME,USA,1,T,15780,NA
249273,2018,KENDUSKEAG,Downriver,Canoe,19,open,27,TRUE,15780,2618,2336,1887,170,320,27,263,kenduskeag,TRUE,paddler,NA,Ron Blanchard,Blanchard Ron,Gorham,ME,USA,1,T,15780,NA
249273,2018,KENDUSKEAG,Downriver,Canoe,19,open,27,TRUE,15780,2618,2336,1887,170,320,27,263,kenduskeag,TRUE,paddler,NA,Josh Waldron,Waldron Josh,Bangor,ME,USA,1,T,15780,NA
240424,2017,KENDUSKEAG,Downriver,Canoe,358,oc2shortrec,16,TRUE,15781,2619,2337,1888,171,314,16,257,kenduskeag,TRUE,paddler,NA,Nicholas Butler,Butler Nicholas,Hampden,ME,USA,1,T,15781,NA
240424,2017,KENDUSKEAG,Downriver,Canoe,358,oc2shortrec,16,TRUE,15781,2619,2337,1888,171,314,16,257,kenduskeag,TRUE,paddler,NA,Andrew Masella,Masella Andrew,Hampden,ME,USA,1,T,15781,NA
424012,2023,KENDUSKEAG,Downriver,Kayak,98,k1rec,11,TRUE,15793,2620,2338,382,94,273,11,39,kenduskeag,TRUE,paddler,NA,Dennis Lisherness,Lisherness Dennis,Madison,ME,USA,NA,NA,NA,NA
479058,2024,KENDUSKEAG,Downriver,Kayak,101,k1rec,6,TRUE,15795,2621,2339,383,95,236,6,29,kenduskeag,TRUE,paddler,NA,Josh Ivey,Ivey Josh,Corinth,ME,USA,NA,NA,NA,NA
424013,2023,KENDUSKEAG,Downriver,Kayak,97,k1rec,12,TRUE,15797,2622,2340,384,96,274,12,40,kenduskeag,TRUE,paddler,NA,Jarred Lisherness,Lisherness Jarred,Madison,ME,USA,NA,NA,NA,NA
424014,2023,KENDUSKEAG,Downriver,Kayak,99,k1rec,13,TRUE,15800,2623,2341,385,97,275,13,41,kenduskeag,TRUE,paddler,clarkmi01,Mike Clark,Clark Mike,Madison,ME,USA,NA,NA,NA,NA
229588,2016,KENDUSKEAG,Downriver,Canoe,274,oc2mediumrec,34,TRUE,15801,2624,2342,1889,154,308,34,257,kenduskeag,TRUE,paddler,NA,Zachary Brandmier,Brandmier Zachary,Bangor,ME,USA,1,T,15801,NA
229588,2016,KENDUSKEAG,Downriver,Canoe,274,oc2mediumrec,34,TRUE,15801,2624,2342,1889,154,308,34,257,kenduskeag,TRUE,paddler,NA,Hunter Tzovarras,Tzovarras Hunter,Hampden,ME,USA,1,T,15801,NA
229746,2016,KENDUSKEAG,Downriver,Canoe,446,oc2hs,5,TRUE,15804,2625,2343,1890,97,309,5,258,kenduskeag,TRUE,paddler,NA,Lucas Harman,Harman Lucas,Veazie,ME,USA,1,T,15804,NA
229746,2016,KENDUSKEAG,Downriver,Canoe,446,oc2hs,5,TRUE,15804,2625,2343,1890,97,309,5,258,kenduskeag,TRUE,paddler,NA,Sean Joyce,Joyce Sean,Veazie,ME,USA,1,T,15804,NA
424112,2023,KENDUSKEAG,Downriver,Canoe,309,oc2rec,26,TRUE,15812,2627,2345,1892,115,276,26,212,kenduskeag,TRUE,paddler,NA,Logan Bradford,Bradford Logan,Bangor,ME,USA,NA,NA,NA,NA
424112,2023,KENDUSKEAG,Downriver,Canoe,309,oc2rec,26,TRUE,15812,2627,2345,1892,115,276,26,212,kenduskeag,TRUE,paddler,NA,Luke Pease,Pease Luke,Hampden,ME,USA,NA,NA,NA,NA
478957,2024,KENDUSKEAG,Downriver,Unknown,26,open,13,TRUE,15818,2628,2346,68,171,237,13,13,kenduskeag,TRUE,paddler,NA,Caleb Dubois,Dubois Caleb,Parsonsfield,ME,USA,NA,NA,NA,NA
478957,2024,KENDUSKEAG,Downriver,Unknown,26,open,13,TRUE,15818,2628,2346,68,171,237,13,13,kenduskeag,TRUE,paddler,NA,Rj Walker,Walker Rj,Parsonsfield,ME,USA,NA,NA,NA,NA
478957,2024,KENDUSKEAG,Downriver,Unknown,26,open,13,TRUE,15818,2628,2346,68,171,237,13,13,kenduskeag,TRUE,paddler,NA,Tara Walker,Walker Tara,Parsonsfield,ME,USA,NA,NA,NA,NA
229648,2016,KENDUSKEAG,Downriver,Canoe,338,oc2shortrec,23,TRUE,15822,2629,2347,1893,172,310,23,259,kenduskeag,TRUE,paddler,lynchjo01,Joseph Lynch,Lynch Joseph,Saco,ME,USA,1,T,15822,NA
229648,2016,KENDUSKEAG,Downriver,Canoe,338,oc2shortrec,23,TRUE,15822,2629,2347,1893,172,310,23,259,kenduskeag,TRUE,paddler,NA,Raymond Paquette,Paquette Raymond,Bangor,ME,USA,1,T,15822,NA
229716,2016,KENDUSKEAG,Downriver,Canoe,414,oc2shortbeg,18,TRUE,15822,2630,2348,1894,119,311,18,260,kenduskeag,TRUE,paddler,NA,Bryan Phillippe,Phillippe Bryan,Carmel,ME,USA,1,T,15822,NA
229716,2016,KENDUSKEAG,Downriver,Canoe,414,oc2shortbeg,18,TRUE,15822,2630,2348,1894,119,311,18,260,kenduskeag,TRUE,paddler,NA,Timothy Phillips,Phillips Timothy,Carmel,ME,USA,1,T,15822,NA
229631,2016,KENDUSKEAG,Downriver,Canoe,318,oc2mediumrec,35,TRUE,15828,2632,2350,1896,155,312,35,261,kenduskeag,TRUE,paddler,NA,Jonathan Steitzer,Steitzer Jonathan,Freeport,ME,USA,1,T,15828,NA
229631,2016,KENDUSKEAG,Downriver,Canoe,318,oc2mediumrec,35,TRUE,15828,2632,2350,1896,155,312,35,261,kenduskeag,TRUE,paddler,NA,Charles Yarnell,Yarnell Charles,Northport,ME,USA,1,T,15828,NA
479159,2024,KENDUSKEAG,Downriver,Canoe,347,oc2rec,25,TRUE,15833,2633,2351,1897,116,239,25,197,kenduskeag,TRUE,paddler,NA,Duncan Wood,Wood Duncan,Harpswell,ME,USA,NA,NA,NA,NA
479159,2024,KENDUSKEAG,Downriver,Canoe,347,oc2rec,25,TRUE,15833,2633,2351,1897,116,239,25,197,kenduskeag,TRUE,paddler,NA,Sam Wood,Wood Sam,Harpswell,ME,USA,NA,NA,NA,NA
527873,2025,KENDUSKEAG,Downriver,Canoe,263,oc2shortrec,18,TRUE,15835,2634,2352,1898,173,268,18,208,kenduskeag,TRUE,paddler,NA,Colin Reid,Reid Colin,New Gloucester,ME,USA,NA,NA,NA,NA
527873,2025,KENDUSKEAG,Downriver,Canoe,263,oc2shortrec,18,TRUE,15835,2634,2352,1898,173,268,18,208,kenduskeag,TRUE,paddler,NA,Oren Stevens,Stevens Oren,Portland,ME,USA,NA,NA,NA,NA
229615,2016,KENDUSKEAG,Downriver,Canoe,302,oc2mediumrec,36,TRUE,15847,2635,2353,1899,156,313,36,262,kenduskeag,TRUE,paddler,NA,Brandon Moontri,Moontri Brandon,Bangor,ME,USA,1,T,15847,NA
229615,2016,KENDUSKEAG,Downriver,Canoe,302,oc2mediumrec,36,TRUE,15847,2635,2353,1899,156,313,36,262,kenduskeag,TRUE,paddler,tatarcry01,Ryan Tatarcyk,Tatarcyk Ryan,Bangor,ME,USA,1,T,15847,NA
249536,2018,KENDUSKEAG,Downriver,Canoe,342,oc2shortrec,25,TRUE,15852,2636,2354,1900,174,321,25,264,kenduskeag,TRUE,paddler,NA,Ben Amaral,Amaral Ben,Biddeford,ME,USA,1,T,15852,NA
249536,2018,KENDUSKEAG,Downriver,Canoe,342,oc2shortrec,25,TRUE,15852,2636,2354,1900,174,321,25,264,kenduskeag,TRUE,paddler,jordanju01,Justin Jordan,Jordan Justin,Holden,ME,USA,1,T,15852,NA
423925,2023,KENDUSKEAG,Downriver,Unknown,3,open,24,TRUE,15855,2638,2356,69,172,277,24,24,kenduskeag,TRUE,paddler,NA,Jarrod Beauregard,Beauregard Jarrod,Orono,ME,USA,NA,NA,NA,NA
423925,2023,KENDUSKEAG,Downriver,Unknown,3,open,24,TRUE,15855,2638,2356,69,172,277,24,24,kenduskeag,TRUE,paddler,NA,Ethan McBrine,McBrine Ethan,Orono,ME,USA,NA,NA,NA,NA
423925,2023,KENDUSKEAG,Downriver,Unknown,3,open,24,TRUE,15855,2638,2356,69,172,277,24,24,kenduskeag,TRUE,paddler,NA,Bradley Wallace,Wallace Bradley,Orono,ME,USA,NA,NA,NA,NA
229745,2016,KENDUSKEAG,Downriver,Canoe,445,oc2hs,6,TRUE,15859,2639,2357,1902,98,314,6,263,kenduskeag,TRUE,paddler,NA,Isaiah Degan,Degan Isaiah,Bangor,ME,USA,1,T,15859,NA
229745,2016,KENDUSKEAG,Downriver,Canoe,445,oc2hs,6,TRUE,15859,2639,2357,1902,98,314,6,263,kenduskeag,TRUE,paddler,NA,Benjamin VanKirk,VanKirk Benjamin,Veazie,ME,USA,1,T,15859,NA
478958,2024,KENDUSKEAG,Downriver,Unknown,11,open,14,TRUE,15860,2641,2359,70,173,240,14,14,kenduskeag,TRUE,paddler,NA,Cade Ennis,Ennis Cade,Orono,ME,USA,NA,NA,NA,NA
478958,2024,KENDUSKEAG,Downriver,Unknown,11,open,14,TRUE,15860,2641,2359,70,173,240,14,14,kenduskeag,TRUE,paddler,NA,Joshua Fragola,Fragola Joshua,Orono,ME,USA,NA,NA,NA,NA
478958,2024,KENDUSKEAG,Downriver,Unknown,11,open,14,TRUE,15860,2641,2359,70,173,240,14,14,kenduskeag,TRUE,paddler,NA,David Jakacky,Jakacky David,Orono,ME,USA,NA,NA,NA,NA
527635,2025,KENDUSKEAG,Downriver,Unknown,376,open,17,TRUE,15864,2642,2360,71,174,269,17,17,kenduskeag,TRUE,paddler,NA,Evelyn Mockler,Mockler Evelyn,Carmel,ME,USA,NA,NA,NA,NA
527635,2025,KENDUSKEAG,Downriver,Unknown,376,open,17,TRUE,15864,2642,2360,71,174,269,17,17,kenduskeag,TRUE,paddler,NA,Justin Mockler,Mockler Justin,Carmel,ME,USA,NA,NA,NA,NA
527635,2025,KENDUSKEAG,Downriver,Unknown,376,open,17,TRUE,15864,2642,2360,71,174,269,17,17,kenduskeag,TRUE,paddler,NA,Hazen Pellon,Pellon Hazen,Carmel,ME,USA,NA,NA,NA,NA
479059,2024,KENDUSKEAG,Downriver,Kayak,100,k1rec,7,TRUE,15866,2643,2361,386,98,241,7,30,kenduskeag,TRUE,paddler,NA,Johnathan White,White Johnathan,Orono,ME,USA,NA,NA,NA,NA
424078,2023,KENDUSKEAG,Downriver,Canoe,160,oc2mixrec,29,TRUE,15871,2645,2362,1904,200,278,29,213,kenduskeag,TRUE,paddler,NA,David Lockman,Lockman David,Vassalboro,ME,USA,NA,NA,NA,NA
424078,2023,KENDUSKEAG,Downriver,Canoe,160,oc2mixrec,29,TRUE,15871,2645,2362,1904,200,278,29,213,kenduskeag,TRUE,paddler,NA,Alison Quick,Quick Alison,Winslow,ME,USA,NA,NA,NA,NA
229465,2016,KENDUSKEAG,Downriver,Kayak,134,k1short,13,TRUE,15874,2646,2363,387,126,315,13,52,kenduskeag,TRUE,paddler,NA,Thomas Labbe,Labbe Thomas,Auburn,ME,USA,1,T,15874,NA
345953,2021,KENDUSKEAG,Downriver,Kayak,331,k1short,7,TRUE,15875,2647,2364,388,127,82,7,17,kenduskeag,TRUE,paddler,NA,Scott Wilkerson,Wilkerson Scott,Orono,ME,USA,NA,NA,NA,NA
249542,2018,KENDUSKEAG,Downriver,Canoe,348,oc2shortrec,26,TRUE,15876,2648,2365,1905,175,322,26,265,kenduskeag,TRUE,paddler,NA,David Barstow,Barstow David,Bangor,ME,USA,1,T,15876,NA
249542,2018,KENDUSKEAG,Downriver,Canoe,348,oc2shortrec,26,TRUE,15876,2648,2365,1905,175,322,26,265,kenduskeag,TRUE,paddler,karnesjo01,John Karnes,Karnes John,Bangor,ME,USA,1,T,15876,NA
229710,2016,KENDUSKEAG,Downriver,Canoe,408,oc2shortbeg,19,TRUE,15877,2649,2366,1906,120,316,19,264,kenduskeag,TRUE,paddler,NA,Douglas Terry,Terry Douglas,Hancock,ME,USA,1,T,15877,NA
229710,2016,KENDUSKEAG,Downriver,Canoe,408,oc2shortbeg,19,TRUE,15877,2649,2366,1906,120,316,19,264,kenduskeag,TRUE,paddler,yorkjo01,Joseph York,York Joseph,Bucksport,ME,USA,1,T,15877,NA
424079,2023,KENDUSKEAG,Downriver,Canoe,148,oc2mixrec,30,TRUE,15884,2651,2368,1908,201,279,30,214,kenduskeag,TRUE,paddler,NA,Jessica Maguire,Maguire Jessica,Augusta,ME,USA,NA,NA,NA,NA
424079,2023,KENDUSKEAG,Downriver,Canoe,148,oc2mixrec,30,TRUE,15884,2651,2368,1908,201,279,30,214,kenduskeag,TRUE,paddler,maguirse01,Sean Maguire,Maguire Sean,Augusta,ME,USA,NA,NA,NA,NA
219783,2015,KENDUSKEAG,Downriver,Canoe,248,oc2mediumrec,31,TRUE,15888,2652,2369,1909,157,273,31,224,kenduskeag,TRUE,paddler,NA,Hunter Tzovarras,Tzovarras Hunter,Bnagor,ME,USA,1,T,15888,NA
219783,2015,KENDUSKEAG,Downriver,Canoe,248,oc2mediumrec,31,TRUE,15888,2652,2369,1909,157,273,31,224,kenduskeag,TRUE,paddler,NA,Zachary Tzovarras,Tzovarras Zachary,Bnagor,ME,USA,1,T,15888,NA
249380,2018,KENDUSKEAG,Downriver,Kayak,152,k1short,22,TRUE,15907,2657,2374,389,128,323,22,58,kenduskeag,TRUE,paddler,NA,Alex Beylerian,Beylerian Alex,Carmel,ME,USA,1,T,15907,NA
527916,2025,KENDUSKEAG,Downriver,Canoe,311,oc2shortbeg,13,TRUE,15910,2658,2375,1914,121,271,13,210,kenduskeag,TRUE,paddler,NA,Riley Fraser,Fraser Riley,Bangor,ME,USA,NA,NA,NA,NA
527916,2025,KENDUSKEAG,Downriver,Canoe,311,oc2shortbeg,13,TRUE,15910,2658,2375,1914,121,271,13,210,kenduskeag,TRUE,paddler,NA,Jaymie Sidaway,Sidaway Jaymie,Dedham,ME,USA,NA,NA,NA,NA
219772,2015,KENDUSKEAG,Downriver,Canoe,235,oc2mediumrec,32,TRUE,15923,2660,2377,1916,158,275,32,226,kenduskeag,TRUE,paddler,hardyet01,Ethan Hardy,Hardy Ethan,North Berwick,ME,USA,1,T,15923,NA
219772,2015,KENDUSKEAG,Downriver,Canoe,235,oc2mediumrec,32,TRUE,15923,2660,2377,1916,158,275,32,226,kenduskeag,TRUE,paddler,NA,Jesse Swett,Swett Jesse,Sanford,ME,USA,1,T,15923,NA
229360,2016,KENDUSKEAG,Downriver,Canoe,19,open,23,TRUE,15924,2661,2378,1917,175,317,23,265,kenduskeag,TRUE,paddler,NA,Lori Cash,Cash Lori,Newcastle,ME,USA,1,T,15924,NA
229360,2016,KENDUSKEAG,Downriver,Canoe,19,open,23,TRUE,15924,2661,2378,1917,175,317,23,265,kenduskeag,TRUE,paddler,NA,Richard Cash,Cash Richard,Newcastle,ME,USA,1,T,15924,NA
229360,2016,KENDUSKEAG,Downriver,Canoe,19,open,23,TRUE,15924,2661,2378,1917,175,317,23,265,kenduskeag,TRUE,paddler,NA,Susan Hilton,Hilton Susan,Newcastle,ME,USA,1,T,15924,NA
219605,2015,KENDUSKEAG,Downriver,Canoe,25,open,23,TRUE,15926,2662,2379,1918,176,276,23,227,kenduskeag,TRUE,paddler,NA,Travis Carey,Carey Travis,Orrington,ME,USA,1,T,15926,NA
219605,2015,KENDUSKEAG,Downriver,Canoe,25,open,23,TRUE,15926,2662,2379,1918,176,276,23,227,kenduskeag,TRUE,paddler,NA,Joshua Jagirdar,Jagirdar Joshua,Orrington,ME,USA,1,T,15926,NA
219605,2015,KENDUSKEAG,Downriver,Canoe,25,open,23,TRUE,15926,2662,2379,1918,176,276,23,227,kenduskeag,TRUE,paddler,NA,Kevin McGinley,McGinley Kevin,Orrington,ME,USA,1,T,15926,NA
219834,2015,KENDUSKEAG,Downriver,Canoe,308,oc2shortbeg,20,TRUE,15927,2663,2380,1919,122,277,20,228,kenduskeag,TRUE,paddler,NA,Kyle Elvin,Elvin Kyle,Palermo,ME,USA,1,T,15927,NA
219834,2015,KENDUSKEAG,Downriver,Canoe,308,oc2shortbeg,20,TRUE,15927,2663,2380,1919,122,277,20,228,kenduskeag,TRUE,paddler,NA,Tyler Leet Elvin,Elvin Tyler Leet,Windsor,ME,USA,1,T,15927,NA
345881,2021,KENDUSKEAG,Downriver,Canoe,642,oc2mediumrec,17,TRUE,15929,2664,2381,1920,159,84,17,66,kenduskeag,TRUE,paddler,NA,Isobel Curtis,Curtis Isobel,Portland,ME,USA,NA,NA,NA,NA
345881,2021,KENDUSKEAG,Downriver,Canoe,642,oc2mediumrec,17,TRUE,15929,2664,2381,1920,159,84,17,66,kenduskeag,TRUE,paddler,NA,Nick Delprete,Delprete Nick,Portland,ME,USA,NA,NA,NA,NA
479160,2024,KENDUSKEAG,Downriver,Canoe,199,oc2rec,26,TRUE,15938,2666,2383,1922,117,244,26,200,kenduskeag,TRUE,paddler,NA,Tyler Pembroke,Pembroke Tyler,Brewer,ME,USA,NA,NA,NA,NA
479160,2024,KENDUSKEAG,Downriver,Canoe,199,oc2rec,26,TRUE,15938,2666,2383,1922,117,244,26,200,kenduskeag,TRUE,paddler,NA,Nicholas Pooler,Pooler Nicholas,Saco,ME,USA,NA,NA,NA,NA
478959,2024,KENDUSKEAG,Downriver,Unknown,3,open,15,TRUE,15944,2668,2385,72,177,245,15,15,kenduskeag,TRUE,paddler,NA,Evan Desmond,Desmond Evan,Orono,ME,USA,NA,NA,NA,NA
478959,2024,KENDUSKEAG,Downriver,Unknown,3,open,15,TRUE,15944,2668,2385,72,177,245,15,15,kenduskeag,TRUE,paddler,NA,Ethan McBrine,McBrine Ethan,Orono,ME,USA,NA,NA,NA,NA
478959,2024,KENDUSKEAG,Downriver,Unknown,3,open,15,TRUE,15944,2668,2385,72,177,245,15,15,kenduskeag,TRUE,paddler,NA,Bradley Wallace,Wallace Bradley,Orono,ME,USA,NA,NA,NA,NA
358480,2022,KENDUSKEAG,Downriver,Unknown,21,open,17,TRUE,15958,2670,2387,73,178,273,17,17,kenduskeag,TRUE,paddler,NA,Jarrod Beauregard,Beauregard Jarrod,Orono,ME,USA,NA,NA,NA,NA
358480,2022,KENDUSKEAG,Downriver,Unknown,21,open,17,TRUE,15958,2670,2387,73,178,273,17,17,kenduskeag,TRUE,paddler,NA,Ethan McBrine,McBrine Ethan,Orono,ME,USA,NA,NA,NA,NA
358480,2022,KENDUSKEAG,Downriver,Unknown,21,open,17,TRUE,15958,2670,2387,73,178,273,17,17,kenduskeag,TRUE,paddler,NA,Bradley Wallace,Wallace Bradley,Orono,ME,USA,NA,NA,NA,NA
479129,2024,KENDUSKEAG,Downriver,Canoe,170,oc2mixrec,21,TRUE,15988,2677,2393,1928,202,246,21,201,kenduskeag,TRUE,paddler,NA,Kathryn Nagle,Nagle Kathryn,Portland,ME,USA,NA,NA,NA,NA
479129,2024,KENDUSKEAG,Downriver,Canoe,170,oc2mixrec,21,TRUE,15988,2677,2393,1928,202,246,21,201,kenduskeag,TRUE,paddler,NA,Noel Potter,Potter Noel,Portland,ME,USA,NA,NA,NA,NA
240418,2017,KENDUSKEAG,Downriver,Canoe,351,oc2mediumrec,45,TRUE,15996,2678,2394,1929,160,319,45,261,kenduskeag,TRUE,paddler,NA,Rob Mueller,Mueller Rob,Brunswick,ME,USA,1,T,15996,NA
240418,2017,KENDUSKEAG,Downriver,Canoe,351,oc2mediumrec,45,TRUE,15996,2678,2394,1929,160,319,45,261,kenduskeag,TRUE,paddler,NA,Jason Reinalda,Reinalda Jason,Saunderstown,RI,USA,1,T,15996,NA
358770,2022,KENDUSKEAG,Downriver,Canoe,315,oc2hs,16,TRUE,16004,2679,2395,1930,99,275,16,216,kenduskeag,TRUE,paddler,NA,Casey Shatzabel,Shatzabel Casey,Ogunquit,ME,USA,NA,NA,NA,NA
358770,2022,KENDUSKEAG,Downriver,Canoe,315,oc2hs,16,TRUE,16004,2679,2395,1930,99,275,16,216,kenduskeag,TRUE,paddler,NA,Mitchel Stapleton,Stapleton Mitchel,Ogunquit,ME,USA,NA,NA,NA,NA
423926,2023,KENDUSKEAG,Downriver,Unknown,10,open,25,TRUE,16005,2680,2396,74,179,280,25,25,kenduskeag,TRUE,paddler,NA,Hannah Day,Day Hannah,Wiscasset,ME,USA,NA,NA,NA,NA
423926,2023,KENDUSKEAG,Downriver,Unknown,10,open,25,TRUE,16005,2680,2396,74,179,280,25,25,kenduskeag,TRUE,paddler,NA,Madison Doucette,Doucette Madison,Bangor,ME,USA,NA,NA,NA,NA
423926,2023,KENDUSKEAG,Downriver,Unknown,10,open,25,TRUE,16005,2680,2396,74,179,280,25,25,kenduskeag,TRUE,paddler,pelletda01,Dan Pelletier,Pelletier Dan,Alton,ME,USA,NA,NA,NA,NA
249534,2018,KENDUSKEAG,Downriver,Canoe,340,oc2shortrec,27,TRUE,16017,2682,2398,1931,176,325,27,267,kenduskeag,TRUE,paddler,NA,Mason Comrie,Comrie Mason,Orono,ME,USA,1,T,16017,NA
249534,2018,KENDUSKEAG,Downriver,Canoe,340,oc2shortrec,27,TRUE,16017,2682,2398,1931,176,325,27,267,kenduskeag,TRUE,paddler,NA,Mitchell Paisker,Paisker Mitchell,Orono,ME,USA,1,T,16017,NA
345882,2021,KENDUSKEAG,Downriver,Canoe,621,oc2mediumrec,18,TRUE,16022,2683,2399,1932,161,86,18,68,kenduskeag,TRUE,paddler,NA,Ethan Tremblay,Tremblay Ethan,Winterport,ME,USA,NA,NA,NA,NA
345882,2021,KENDUSKEAG,Downriver,Canoe,621,oc2mediumrec,18,TRUE,16022,2683,2399,1932,161,86,18,68,kenduskeag,TRUE,paddler,NA,Christopher Young,Young Christopher,Corinth,ME,USA,NA,NA,NA,NA
229369,2016,KENDUSKEAG,Downriver,Canoe,29,open,24,TRUE,16030,2686,2402,1935,180,320,24,268,kenduskeag,TRUE,paddler,campbero01,Bob Campbell,Campbell Bob,Bangor,ME,USA,1,T,16030,NA
229369,2016,KENDUSKEAG,Downriver,Canoe,29,open,24,TRUE,16030,2686,2402,1935,180,320,24,268,kenduskeag,TRUE,paddler,NA,Jake Knight,Knight Jake,Bucksport,ME,USA,1,T,16030,NA
229369,2016,KENDUSKEAG,Downriver,Canoe,29,open,24,TRUE,16030,2686,2402,1935,180,320,24,268,kenduskeag,TRUE,paddler,NA,Bryan Lackee,Lackee Bryan,Hermon,ME,USA,1,T,16030,NA
527826,2025,KENDUSKEAG,Downriver,Canoe,198,oc2mixrec,28,TRUE,16036,2688,2404,1937,203,272,28,211,kenduskeag,TRUE,paddler,NA,Ales Konicek,Konicek Ales,Mapleton,ME,USA,NA,NA,NA,NA
527826,2025,KENDUSKEAG,Downriver,Canoe,198,oc2mixrec,28,TRUE,16036,2688,2404,1937,203,272,28,211,kenduskeag,TRUE,paddler,NA,Rachel Newberry,Newberry Rachel,Mapleton,ME,USA,NA,NA,NA,NA
479060,2024,KENDUSKEAG,Downriver,Kayak,107,k1rec,8,TRUE,16041,2690,2406,393,99,247,8,31,kenduskeag,TRUE,paddler,NA,Elizabeth Mathis,Mathis Elizabeth,Orrington,ME,USA,NA,NA,NA,NA
258434,2019,KENDUSKEAG,Downriver,Canoe,413,oc2hs,9,TRUE,16041,2691,285,216,9,285,9,216,kenduskeag2019,TRUE,paddler,NA,Jared Hodsdon,Hodsdon Jared,Mexico,ME,USA,1,T,16041,NA
258434,2019,KENDUSKEAG,Downriver,Canoe,413,oc2hs,9,TRUE,16041,2691,285,216,9,285,9,216,kenduskeag2019,TRUE,paddler,NA,Josh Hodsdon,Hodsdon Josh,Roxbury,ME,USA,1,T,16041,NA
479061,2024,KENDUSKEAG,Downriver,Kayak,106,k1rec,9,TRUE,16042,2692,2407,394,100,248,9,32,kenduskeag,TRUE,paddler,NA,Brian Mathis,Mathis Brian,Orrington,ME,USA,NA,NA,NA,NA
219632,2015,KENDUSKEAG,Downriver,Kayak,52,k1short,13,TRUE,16046,2693,2408,395,129,279,13,50,kenduskeag,TRUE,paddler,NA,David Cousins,Cousins David,Bangor,ME,USA,1,T,16046,NA
478960,2024,KENDUSKEAG,Downriver,Unknown,2,open,16,TRUE,16050,2695,2410,75,181,249,16,16,kenduskeag,TRUE,paddler,NA,Cory Barnett,Barnett Cory,Dexter,ME,USA,NA,NA,NA,NA
478960,2024,KENDUSKEAG,Downriver,Unknown,2,open,16,TRUE,16050,2695,2410,75,181,249,16,16,kenduskeag,TRUE,paddler,NA,Benjamin Howard,Howard Benjamin,Princeton,ME,USA,NA,NA,NA,NA
478960,2024,KENDUSKEAG,Downriver,Unknown,2,open,16,TRUE,16050,2695,2410,75,181,249,16,16,kenduskeag,TRUE,paddler,NA,Samuel Howard,Howard Samuel,New Gloucester,ME,USA,NA,NA,NA,NA
240202,2017,KENDUSKEAG,Downriver,Canoe,85,oc2short,10,TRUE,16060,2698,2413,1942,105,322,10,263,kenduskeag,TRUE,paddler,NA,Logan Chadbourne,Chadbourne Logan,Harmony,ME,USA,1,T,16060,NA
240202,2017,KENDUSKEAG,Downriver,Canoe,85,oc2short,10,TRUE,16060,2698,2413,1942,105,322,10,263,kenduskeag,TRUE,paddler,NA,Scott Loureiro,Loureiro Scott,Harmony,ME,USA,1,T,16060,NA
358771,2022,KENDUSKEAG,Downriver,Canoe,307,oc2hs,17,TRUE,16064,2700,2415,1944,100,276,17,217,kenduskeag,TRUE,paddler,NA,Evie Clement,Clement Evie,South Portland,ME,USA,NA,NA,NA,NA
358771,2022,KENDUSKEAG,Downriver,Canoe,307,oc2hs,17,TRUE,16064,2700,2415,1944,100,276,17,217,kenduskeag,TRUE,paddler,NA,Taylor Davis,Davis Taylor,South Portland,ME,USA,NA,NA,NA,NA
358549,2022,KENDUSKEAG,Downriver,Kayak,95,k1short,15,TRUE,16066,2701,2416,396,130,277,15,43,kenduskeag,TRUE,paddler,NA,Todd Hanson,Hanson Todd,Bucksport,ME,USA,NA,NA,NA,NA
258436,2019,KENDUSKEAG,Downriver,Canoe,417,oc2shortbeg,16,TRUE,16068,2702,286,217,16,286,16,217,kenduskeag2019,TRUE,paddler,NA,Trisha Garcia,Garcia Trisha,Mexico,ME,USA,1,T,16068,NA
258436,2019,KENDUSKEAG,Downriver,Canoe,417,oc2shortbeg,16,TRUE,16068,2702,286,217,16,286,16,217,kenduskeag2019,TRUE,paddler,NA,Morgan Theriault,Theriault Morgan,Mexico,ME,USA,1,T,16068,NA
219801,2015,KENDUSKEAG,Downriver,Canoe,268,oc2shortrec,15,TRUE,16069,2703,2417,1945,177,281,15,231,kenduskeag,TRUE,paddler,NA,Dave Blood,Blood Dave,N Berwick,ME,USA,1,T,16069,NA
219801,2015,KENDUSKEAG,Downriver,Canoe,268,oc2shortrec,15,TRUE,16069,2703,2417,1945,177,281,15,231,kenduskeag,TRUE,paddler,bondpa01,Pat Bond,Bond Pat,W Newfield,ME,USA,1,T,16069,NA
249373,2018,KENDUSKEAG,Downriver,Kayak,142,k1short,23,TRUE,16079,2705,2419,397,131,327,23,59,kenduskeag,TRUE,paddler,NA,Allen Batchelder,Batchelder Allen,Carmel,ME,USA,1,T,16079,NA
527954,2025,KENDUSKEAG,Downriver,Canoe,344,oc2hs,15,TRUE,16086,2706,2420,1947,101,274,15,213,kenduskeag,TRUE,paddler,NA,Kaia Douglas,Douglas Kaia,Bar Harbor,ME,USA,NA,NA,NA,NA
527954,2025,KENDUSKEAG,Downriver,Canoe,344,oc2hs,15,TRUE,16086,2706,2420,1947,101,274,15,213,kenduskeag,TRUE,paddler,NA,Brock Katz,Katz Brock,Bar Harbor,ME,USA,NA,NA,NA,NA
240201,2017,KENDUSKEAG,Downriver,Canoe,84,oc2short,11,TRUE,16092,2707,2421,1948,106,324,11,265,kenduskeag,TRUE,paddler,NA,Justin Bennett,Bennett Justin,Brunswick,ME,USA,1,T,16092,NA
240201,2017,KENDUSKEAG,Downriver,Canoe,84,oc2short,11,TRUE,16092,2707,2421,1948,106,324,11,265,kenduskeag,TRUE,paddler,NA,Jon Doty,Doty Jon,Brunswick,ME,USA,1,T,16092,NA
345921,2021,KENDUSKEAG,Downriver,Canoe,464,oc2short,17,TRUE,16096,2708,2422,1949,107,88,17,70,kenduskeag,TRUE,paddler,NA,Luke Patry,Patry Luke,Lisbon Falls,ME,USA,NA,NA,NA,NA
345921,2021,KENDUSKEAG,Downriver,Canoe,464,oc2short,17,TRUE,16096,2708,2422,1949,107,88,17,70,kenduskeag,TRUE,paddler,NA,Chris Peterson,Peterson Chris,Lisbon Falls,ME,USA,NA,NA,NA,NA
527955,2025,KENDUSKEAG,Downriver,Canoe,367,oc2hs,16,TRUE,16097,2709,2423,1950,102,275,16,214,kenduskeag,TRUE,paddler,NA,Owen Field,Field Owen,Hampden,ME,USA,NA,NA,NA,NA
527955,2025,KENDUSKEAG,Downriver,Canoe,367,oc2hs,16,TRUE,16097,2709,2423,1950,102,275,16,214,kenduskeag,TRUE,paddler,NA,Peter Verhar,Verhar Peter,Hampden,ME,USA,NA,NA,NA,NA
424080,2023,KENDUSKEAG,Downriver,Canoe,143,oc2mixrec,31,TRUE,16097,2710,2424,1951,204,282,31,216,kenduskeag,TRUE,paddler,NA,Carolyn McGuire,McGuire Carolyn,Bangor,ME,USA,NA,NA,NA,NA
424080,2023,KENDUSKEAG,Downriver,Canoe,143,oc2mixrec,31,TRUE,16097,2710,2424,1951,204,282,31,216,kenduskeag,TRUE,paddler,NA,Sean McGuire,McGuire Sean,Bangor,ME,USA,NA,NA,NA,NA
229787,2016,KENDUSKEAG,Downriver,Kayak,493,k1rec,15,TRUE,16097,2711,2425,398,101,322,15,53,kenduskeag,TRUE,paddler,NA,Cody Small,Small Cody,Veazie,ME,USA,1,T,16097,NA
229786,2016,KENDUSKEAG,Downriver,Kayak,492,k1rec,16,TRUE,16107,2713,2427,399,102,323,16,54,kenduskeag,TRUE,paddler,NA,Jessica Theberge,Theberge Jessica,Starks,ME,USA,1,T,16107,NA
229354,2016,KENDUSKEAG,Downriver,Canoe,12,open,25,TRUE,16140,2716,2430,1955,182,325,25,271,kenduskeag,TRUE,paddler,NA,Sonya Collette,Collette Sonya,Kenduskeag,ME,USA,1,T,16140,NA
229354,2016,KENDUSKEAG,Downriver,Canoe,12,open,25,TRUE,16140,2716,2430,1955,182,325,25,271,kenduskeag,TRUE,paddler,NA,Devon Jackson,Jackson Devon,Bangor,ME,USA,1,T,16140,NA
229354,2016,KENDUSKEAG,Downriver,Canoe,12,open,25,TRUE,16140,2716,2430,1955,182,325,25,271,kenduskeag,TRUE,paddler,NA,Bradley Murray,Murray Bradley,Brewer,ME,USA,1,T,16140,NA
345922,2021,KENDUSKEAG,Downriver,Canoe,350,oc2short,18,TRUE,16141,2717,2431,1956,108,89,18,71,kenduskeag,TRUE,paddler,NA,Emma Longcope,Longcope Emma,Bangor,ME,USA,NA,NA,NA,NA
345922,2021,KENDUSKEAG,Downriver,Canoe,350,oc2short,18,TRUE,16141,2717,2431,1956,108,89,18,71,kenduskeag,TRUE,paddler,NA,Mariah Reading,Reading Mariah,Bangor,ME,USA,NA,NA,NA,NA
358512,2022,KENDUSKEAG,Downriver,Canoe,47,oc2short,12,TRUE,16157,2720,2434,1959,109,278,12,218,kenduskeag,TRUE,paddler,kingda01,David King,King David,Portsmouth,NH,USA,NA,NA,NA,NA
358512,2022,KENDUSKEAG,Downriver,Canoe,47,oc2short,12,TRUE,16157,2720,2434,1959,109,278,12,218,kenduskeag,TRUE,paddler,NA,Robert King,King Robert,Moorestown,NJ,USA,NA,NA,NA,NA
358513,2022,KENDUSKEAG,Downriver,Canoe,48,oc2short,13,TRUE,16157,2721,2435,1960,110,279,13,219,kenduskeag,TRUE,paddler,NA,Tamera King,King Tamera,Hampden,ME,USA,NA,NA,NA,NA
358513,2022,KENDUSKEAG,Downriver,Canoe,48,oc2short,13,TRUE,16157,2721,2435,1960,110,279,13,219,kenduskeag,TRUE,paddler,NA,Rebecca Pelletier,Pelletier Rebecca,Bangor,ME,USA,NA,NA,NA,NA
527854,2025,KENDUSKEAG,Downriver,Canoe,398,oc2rec,28,TRUE,16163,2723,2437,1962,118,278,28,217,kenduskeag,TRUE,paddler,NA,Carter Blease,Blease Carter,Freeport,ME,USA,NA,NA,NA,NA
527854,2025,KENDUSKEAG,Downriver,Canoe,398,oc2rec,28,TRUE,16163,2723,2437,1962,118,278,28,217,kenduskeag,TRUE,paddler,NA,Rob Herrick,Herrick Rob,Yarmouth,ME,USA,NA,NA,NA,NA
423927,2023,KENDUSKEAG,Downriver,Unknown,2,open,26,TRUE,16189,2726,2440,76,183,283,26,26,kenduskeag,TRUE,paddler,NA,Cory Barnett,Barnett Cory,Dexter,ME,USA,NA,NA,NA,NA
423927,2023,KENDUSKEAG,Downriver,Unknown,2,open,26,TRUE,16189,2726,2440,76,183,283,26,26,kenduskeag,TRUE,paddler,NA,Benjamin Howard,Howard Benjamin,Princeton,ME,USA,NA,NA,NA,NA
423927,2023,KENDUSKEAG,Downriver,Unknown,2,open,26,TRUE,16189,2726,2440,76,183,283,26,26,kenduskeag,TRUE,paddler,NA,Samuel Howard,Howard Samuel,New Glouster,ME,USA,NA,NA,NA,NA
240521,2017,KENDUSKEAG,Downriver,Canoe,484,oc2shortbeg,15,TRUE,16201,2729,2443,1966,123,327,15,268,kenduskeag,TRUE,paddler,NA,Cory Callahan,Callahan Cory,Brewer,ME,USA,1,T,16201,NA
240521,2017,KENDUSKEAG,Downriver,Canoe,484,oc2shortbeg,15,TRUE,16201,2729,2443,1966,123,327,15,268,kenduskeag,TRUE,paddler,NA,Tyler Munro,Munro Tyler,Brewer,ME,USA,1,T,16201,NA
249519,2018,KENDUSKEAG,Downriver,Canoe,323,oc2mediumrec,31,TRUE,16211,2730,2444,1967,162,328,31,269,kenduskeag,TRUE,paddler,NA,Kyle Forsythe,Forsythe Kyle,Orono,ME,USA,1,T,16211,NA
249519,2018,KENDUSKEAG,Downriver,Canoe,323,oc2mediumrec,31,TRUE,16211,2730,2444,1967,162,328,31,269,kenduskeag,TRUE,paddler,NA,Tim Gallon,Gallon Tim,Orono,ME,USA,1,T,16211,NA
240404,2017,KENDUSKEAG,Downriver,Canoe,336,oc2mediumrec,46,TRUE,16212,2731,2445,1968,163,328,46,269,kenduskeag,TRUE,paddler,NA,Justin Belanger,Belanger Justin,Winterport,ME,USA,1,T,16212,NA
240404,2017,KENDUSKEAG,Downriver,Canoe,336,oc2mediumrec,46,TRUE,16212,2731,2445,1968,163,328,46,269,kenduskeag,TRUE,paddler,NA,Michael Knights,Knights Michael,Winterport,ME,USA,1,T,16212,NA
479288,2024,KENDUSKEAG,Downriver,Canoe,313,oc2hs,18,TRUE,16236,2736,2450,1973,103,253,18,205,kenduskeag,TRUE,paddler,NA,Lydia Burnet,Burnet Lydia,Bar Harbor,ME,USA,NA,NA,NA,NA
479288,2024,KENDUSKEAG,Downriver,Canoe,313,oc2hs,18,TRUE,16236,2736,2450,1973,103,253,18,205,kenduskeag,TRUE,paddler,NA,Fiona Lovejoy,Lovejoy Fiona,Bar Harbor,ME,USA,NA,NA,NA,NA
249332,2018,KENDUSKEAG,Downriver,Canoe,95,oc2short,14,TRUE,16244,2739,2453,1975,111,329,14,270,kenduskeag,TRUE,paddler,NA,Andrew Bell,Bell Andrew,Brewer,ME,USA,1,T,16244,NA
249332,2018,KENDUSKEAG,Downriver,Canoe,95,oc2short,14,TRUE,16244,2739,2453,1975,111,329,14,270,kenduskeag,TRUE,paddler,NA,Josh Evans,Evans Josh,Kenduskeag,ME,USA,1,T,16244,NA
345969,2021,KENDUSKEAG,Downriver,Canoe,23,open,10,TRUE,16269,2745,2459,1981,184,91,10,72,kenduskeag,TRUE,paddler,boyingda01,Daryl Boyington,Boyington Daryl,Hampden,ME,USA,NA,NA,NA,NA
345969,2021,KENDUSKEAG,Downriver,Canoe,23,open,10,TRUE,16269,2745,2459,1981,184,91,10,72,kenduskeag,TRUE,paddler,dayto01,Toby Day,Day Toby,Milford,ME,USA,NA,NA,NA,NA
345969,2021,KENDUSKEAG,Downriver,Canoe,23,open,10,TRUE,16269,2745,2459,1981,184,91,10,72,kenduskeag,TRUE,paddler,pelletda01,Daniel Pelletier,Pelletier Daniel,Alton,ME,USA,NA,NA,NA,NA
258323,2019,KENDUSKEAG,Downriver,Canoe,254,oc2mixrec,28,TRUE,16278,2746,287,218,28,287,28,218,kenduskeag2019,TRUE,paddler,hallerja01,James Haller,Haller James,Cape Elizabeth,ME,USA,1,T,16278,NA
258323,2019,KENDUSKEAG,Downriver,Canoe,254,oc2mixrec,28,TRUE,16278,2746,287,218,28,287,28,218,kenduskeag2019,TRUE,paddler,NA,Lindsey Weiser,Weiser Lindsey,Bangor,ME,USA,1,T,16278,NA
249572,2018,KENDUSKEAG,Downriver,Canoe,382,oc2shortbeg,11,TRUE,16281,2747,2460,1982,124,330,11,271,kenduskeag,TRUE,paddler,NA,Arthur Dickey,Dickey Arthur,Millinocket,ME,USA,1,T,16281,NA
249572,2018,KENDUSKEAG,Downriver,Canoe,382,oc2shortbeg,11,TRUE,16281,2747,2460,1982,124,330,11,271,kenduskeag,TRUE,paddler,NA,Cory Gardner,Gardner Cory,Orono,ME,USA,1,T,16281,NA
249282,2018,KENDUSKEAG,Downriver,Canoe,32,open,28,TRUE,16283,2748,2461,1983,185,331,28,272,kenduskeag,TRUE,paddler,NA,Clara Deck,Deck Clara,Orono,ME,USA,1,T,16283,NA
249282,2018,KENDUSKEAG,Downriver,Canoe,32,open,28,TRUE,16283,2748,2461,1983,185,331,28,272,kenduskeag,TRUE,paddler,NA,Mariama Dryak,Dryak Mariama,Trenton,ME,USA,1,T,16283,NA
249282,2018,KENDUSKEAG,Downriver,Canoe,32,open,28,TRUE,16283,2748,2461,1983,185,331,28,272,kenduskeag,TRUE,paddler,NA,Erin Mcconnell,Mcconnell Erin,Orono,ME,USA,1,T,16283,NA
229362,2016,KENDUSKEAG,Downriver,Canoe,22,open,26,TRUE,16284,2749,2462,1984,186,331,26,276,kenduskeag,TRUE,paddler,NA,Melanie McVety,McVety Melanie,Palmero,NH,USA,1,T,16284,NA
229362,2016,KENDUSKEAG,Downriver,Canoe,22,open,26,TRUE,16284,2749,2462,1984,186,331,26,276,kenduskeag,TRUE,paddler,NA,Kelsy Morganwalp,Morganwalp Kelsy,Gorham,NH,USA,1,T,16284,NA
229362,2016,KENDUSKEAG,Downriver,Canoe,22,open,26,TRUE,16284,2749,2462,1984,186,331,26,276,kenduskeag,TRUE,paddler,NA,Haley Peterson,Peterson Haley,Alexandria,NH,USA,1,T,16284,NA
229651,2016,KENDUSKEAG,Downriver,Canoe,341,oc2shortrec,24,TRUE,16285,2750,2463,1985,178,332,24,277,kenduskeag,TRUE,paddler,NA,Alex Bagley,Bagley Alex,Old Town,ME,USA,1,T,16285,NA
229651,2016,KENDUSKEAG,Downriver,Canoe,341,oc2shortrec,24,TRUE,16285,2750,2463,1985,178,332,24,277,kenduskeag,TRUE,paddler,smithti01,Tim Smith,Smith Tim,Ipswich,MA,USA,1,T,16285,NA
479289,2024,KENDUSKEAG,Downriver,Canoe,308,oc2hs,19,TRUE,16287,2751,2464,1986,104,255,19,207,kenduskeag,TRUE,paddler,NA,Bennett Peters,Peters Bennett,Bar Harbor,ME,USA,NA,NA,NA,NA
479289,2024,KENDUSKEAG,Downriver,Canoe,308,oc2hs,19,TRUE,16287,2751,2464,1986,104,255,19,207,kenduskeag,TRUE,paddler,NA,Jeremy Powers,Powers Jeremy,Bar Harbor,ME,USA,NA,NA,NA,NA
345923,2021,KENDUSKEAG,Downriver,Canoe,459,oc2short,19,TRUE,16293,2752,2465,1987,112,92,19,73,kenduskeag,TRUE,paddler,NA,Johanna Hartnett,Hartnett Johanna,Somerville,MA,USA,NA,NA,NA,NA
345923,2021,KENDUSKEAG,Downriver,Canoe,459,oc2short,19,TRUE,16293,2752,2465,1987,112,92,19,73,kenduskeag,TRUE,paddler,NA,Noah Hartnett,Hartnett Noah,Somerville,MA,USA,NA,NA,NA,NA
479161,2024,KENDUSKEAG,Downriver,Canoe,195,oc2rec,27,TRUE,16293,2753,2466,1988,119,256,27,208,kenduskeag,TRUE,paddler,NA,Brann Christopher,Christopher Brann,Auburn,ME,USA,NA,NA,NA,NA
479161,2024,KENDUSKEAG,Downriver,Canoe,195,oc2rec,27,TRUE,16293,2753,2466,1988,119,256,27,208,kenduskeag,TRUE,paddler,kinneyju01,Justin Kinney,Kinney Justin,Durham,ME,USA,NA,NA,NA,NA
229499,2016,KENDUSKEAG,Downriver,Kayak,178,k1rec,17,TRUE,16296,2754,2467,402,103,333,17,56,kenduskeag,TRUE,paddler,NA,Charlie Cirame,Cirame Charlie,Milliocket,ME,USA,1,T,16296,NA
478961,2024,KENDUSKEAG,Downriver,Unknown,21,open,17,TRUE,16297,2755,2468,77,187,257,17,17,kenduskeag,TRUE,paddler,NA,Karoline Bass,Bass Karoline,Orono,ME,USA,NA,NA,NA,NA
478961,2024,KENDUSKEAG,Downriver,Unknown,21,open,17,TRUE,16297,2755,2468,77,187,257,17,17,kenduskeag,TRUE,paddler,NA,Jeff Spalding,Spalding Jeff,Orono,ME,USA,NA,NA,NA,NA
478961,2024,KENDUSKEAG,Downriver,Unknown,21,open,17,TRUE,16297,2755,2468,77,187,257,17,17,kenduskeag,TRUE,paddler,NA,Tiffany Wilson,Wilson Tiffany,Orono,ME,USA,NA,NA,NA,NA
479062,2024,KENDUSKEAG,Downriver,Kayak,99,k1rec,10,TRUE,16308,2756,2469,403,104,258,10,33,kenduskeag,TRUE,paddler,NA,Keith Mooney,Mooney Keith,Chelsea,ME,USA,NA,NA,NA,NA
229348,2016,KENDUSKEAG,Downriver,Canoe,4,open,27,TRUE,16314,2758,2471,1990,188,334,27,278,kenduskeag,TRUE,paddler,NA,Ryan Cummings,Cummings Ryan,Bangor,ME,USA,1,T,16314,NA
229348,2016,KENDUSKEAG,Downriver,Canoe,4,open,27,TRUE,16314,2758,2471,1990,188,334,27,278,kenduskeag,TRUE,paddler,NA,Tom Cummings,Cummings Tom,Bangor,ME,USA,1,T,16314,NA
229348,2016,KENDUSKEAG,Downriver,Canoe,4,open,27,TRUE,16314,2758,2471,1990,188,334,27,278,kenduskeag,TRUE,paddler,NA,Devin Deane,Deane Devin,South Portland,ME,USA,1,T,16314,NA
219627,2015,KENDUSKEAG,Downriver,Canoe,47,oc2short,13,TRUE,16317,2760,2473,1992,113,282,13,232,kenduskeag,TRUE,paddler,deshanhe01,Henry Deshane,Deshane Henry,Glenburn,ME,USA,1,T,16317,NA
219627,2015,KENDUSKEAG,Downriver,Canoe,47,oc2short,13,TRUE,16317,2760,2473,1992,113,282,13,232,kenduskeag,TRUE,paddler,welchca01,Carolyn Welch,Welch Carolyn,Brunswick,ME,USA,1,T,16317,NA
527956,2025,KENDUSKEAG,Downriver,Canoe,339,oc2hs,17,TRUE,16319,2761,2474,1993,105,281,17,220,kenduskeag,TRUE,paddler,NA,Lydia Burnet,Burnet Lydia,Bar Harbor,ME,USA,NA,NA,NA,NA
527956,2025,KENDUSKEAG,Downriver,Canoe,339,oc2hs,17,TRUE,16319,2761,2474,1993,105,281,17,220,kenduskeag,TRUE,paddler,NA,Fiona Lovejoy,Lovejoy Fiona,Bar Harbor,ME,USA,NA,NA,NA,NA
229477,2016,KENDUSKEAG,Downriver,Kayak,151,k1rec,18,TRUE,16319,2762,2475,404,105,335,18,57,kenduskeag,TRUE,paddler,stuckeke01,Kevin Stuckey,Stuckey Kevin,Roanoke,VA,USA,1,T,16319,NA
249412,2018,KENDUSKEAG,Downriver,Kayak,199,k1rec,13,TRUE,16325,2763,2476,405,106,333,13,60,kenduskeag,TRUE,paddler,NA,Vincent Melino,Melino Vincent,Carmel,ME,USA,1,T,16325,NA
424113,2023,KENDUSKEAG,Downriver,Canoe,190,oc2rec,27,TRUE,16328,2764,2477,1994,120,285,27,218,kenduskeag,TRUE,paddler,NA,Taylor Davis,Davis Taylor,Kittery,ME,USA,NA,NA,NA,NA
424113,2023,KENDUSKEAG,Downriver,Canoe,190,oc2rec,27,TRUE,16328,2764,2477,1994,120,285,27,218,kenduskeag,TRUE,paddler,NA,Jack Welch,Welch Jack,Kittery,ME,USA,NA,NA,NA,NA
240473,2017,KENDUSKEAG,Downriver,Canoe,421,oc2shortbeg,16,TRUE,16341,2766,2479,1996,125,331,16,272,kenduskeag,TRUE,paddler,NA,Nathan Faessler,Faessler Nathan,Bangor,ME,USA,1,T,16341,NA
240473,2017,KENDUSKEAG,Downriver,Canoe,421,oc2shortbeg,16,TRUE,16341,2766,2479,1996,125,331,16,272,kenduskeag,TRUE,paddler,NA,William West,West William,Milbridge,ME,USA,1,T,16341,NA
358514,2022,KENDUSKEAG,Downriver,Canoe,45,oc2short,14,TRUE,16350,2767,2480,1997,114,283,14,223,kenduskeag,TRUE,paddler,NA,Craig Chapman,Chapman Craig,Clinton,ME,USA,NA,NA,NA,NA
358514,2022,KENDUSKEAG,Downriver,Canoe,45,oc2short,14,TRUE,16350,2767,2480,1997,114,283,14,223,kenduskeag,TRUE,paddler,NA,Joel Chapman,Chapman Joel,Clinton,ME,USA,NA,NA,NA,NA
240425,2017,KENDUSKEAG,Downriver,Canoe,359,oc2shortrec,17,TRUE,16356,2768,2481,1998,179,332,17,273,kenduskeag,TRUE,paddler,NA,David Blood,Blood David,North Berwick,ME,USA,1,T,16356,NA
240425,2017,KENDUSKEAG,Downriver,Canoe,359,oc2shortrec,17,TRUE,16356,2768,2481,1998,179,332,17,273,kenduskeag,TRUE,paddler,bondpa01,Pat Bond,Bond Pat,West Newfield,ME,USA,1,T,16356,NA
479290,2024,KENDUSKEAG,Downriver,Canoe,302,oc2hs,20,TRUE,16359,2771,2484,2001,106,260,20,210,kenduskeag,TRUE,paddler,duffyro01,Roy Duffy,Duffy Roy,Perry,ME,USA,NA,NA,NA,NA
479290,2024,KENDUSKEAG,Downriver,Canoe,302,oc2hs,20,TRUE,16359,2771,2484,2001,106,260,20,210,kenduskeag,TRUE,paddler,NA,Carson Zundel,Zundel Carson,Farmington,ME,USA,NA,NA,NA,NA
219803,2015,KENDUSKEAG,Downriver,Canoe,270,oc2shortrec,16,TRUE,16365,2775,2488,2004,180,283,16,233,kenduskeag,TRUE,paddler,NA,Chris Regan,Regan Chris,Ellsworth,ME,USA,1,T,16365,NA
219803,2015,KENDUSKEAG,Downriver,Canoe,270,oc2shortrec,16,TRUE,16365,2775,2488,2004,180,283,16,233,kenduskeag,TRUE,paddler,NA,Benjamin Sciucco,Sciucco Benjamin,Ellsworth,ME,USA,1,T,16365,NA
258319,2019,KENDUSKEAG,Downriver,Canoe,250,oc2mixrec,29,TRUE,16386,2778,288,219,29,288,29,219,kenduskeag2019,TRUE,paddler,NA,Peter Gerard,Gerard Peter,Windham,ME,USA,1,T,16386,NA
258319,2019,KENDUSKEAG,Downriver,Canoe,250,oc2mixrec,29,TRUE,16386,2778,288,219,29,288,29,219,kenduskeag2019,TRUE,paddler,NA,Abby Neill,Neill Abby,Windham,ME,USA,1,T,16386,NA
423997,2023,KENDUSKEAG,Downriver,Kayak,219,k1short,19,TRUE,16395,2779,2491,408,132,286,19,42,kenduskeag,TRUE,paddler,NA,Christopher Treadwell,Treadwell Christopher,Gorham,ME,USA,NA,NA,NA,NA
229597,2016,KENDUSKEAG,Downriver,Canoe,284,oc2mediumrec,37,TRUE,16396,2780,2492,2006,164,337,37,280,kenduskeag,TRUE,paddler,NA,Mike Gallagher,Gallagher Mike,Sanford,ME,USA,1,T,16396,NA
229597,2016,KENDUSKEAG,Downriver,Canoe,284,oc2mediumrec,37,TRUE,16396,2780,2492,2006,164,337,37,280,kenduskeag,TRUE,paddler,NA,Patrick Johnson,Johnson Patrick,Saco,ME,USA,1,T,16396,NA
229359,2016,KENDUSKEAG,Downriver,Canoe,18,open,28,TRUE,16406,2781,2493,2007,189,338,28,281,kenduskeag,TRUE,paddler,NA,Lydia Kifner,Kifner Lydia,Orono,ME,USA,1,T,16406,NA
229359,2016,KENDUSKEAG,Downriver,Canoe,18,open,28,TRUE,16406,2781,2493,2007,189,338,28,281,kenduskeag,TRUE,paddler,NA,Courtney King,King Courtney,Orono,ME,USA,1,T,16406,NA
229359,2016,KENDUSKEAG,Downriver,Canoe,18,open,28,TRUE,16406,2781,2493,2007,189,338,28,281,kenduskeag,TRUE,paddler,NA,Kelli Straka,Straka Kelli,Veazie,ME,USA,1,T,16406,NA
229622,2016,KENDUSKEAG,Downriver,Canoe,309,oc2mediumrec,38,TRUE,16425,2783,2494,2008,165,339,38,282,kenduskeag,TRUE,paddler,NA,Jonathan Belanger,Belanger Jonathan,Bangor,ME,USA,1,T,16425,NA
229622,2016,KENDUSKEAG,Downriver,Canoe,309,oc2mediumrec,38,TRUE,16425,2783,2494,2008,165,339,38,282,kenduskeag,TRUE,paddler,NA,Justin Belanger,Belanger Justin,Bangor,ME,USA,1,T,16425,NA
479249,2024,KENDUSKEAG,Downriver,Canoe,270,oc2shortbeg,14,TRUE,16436,2786,2497,2011,126,262,14,211,kenduskeag,TRUE,paddler,NA,Mari Fromstein,Fromstein Mari,Orono,ME,USA,NA,NA,NA,NA
479249,2024,KENDUSKEAG,Downriver,Canoe,270,oc2shortbeg,14,TRUE,16436,2786,2497,2011,126,262,14,211,kenduskeag,TRUE,paddler,NA,Gellman Rose,Rose Gellman,Orono,ME,USA,NA,NA,NA,NA
229621,2016,KENDUSKEAG,Downriver,Canoe,308,oc2mediumrec,39,TRUE,16436,2787,2498,2012,166,341,39,284,kenduskeag,TRUE,paddler,NA,Joseph Belanger,Belanger Joseph,Bangor,ME,USA,1,T,16436,NA
229621,2016,KENDUSKEAG,Downriver,Canoe,308,oc2mediumrec,39,TRUE,16436,2787,2498,2012,166,341,39,284,kenduskeag,TRUE,paddler,NA,Brett Caron,Caron Brett,Swansville,ME,USA,1,T,16436,NA
229665,2016,KENDUSKEAG,Downriver,Canoe,357,oc2shortrec,25,TRUE,16443,2789,2500,2014,181,342,25,285,kenduskeag,TRUE,paddler,NA,Anthony Casapao,Casapao Anthony,Glenburn,ME,USA,1,T,16443,NA
229665,2016,KENDUSKEAG,Downriver,Canoe,357,oc2shortrec,25,TRUE,16443,2789,2500,2014,181,342,25,285,kenduskeag,TRUE,paddler,NA,Drew Lambert,Lambert Drew,Glenburn,ME,USA,1,T,16443,NA
240470,2017,KENDUSKEAG,Downriver,Canoe,417,oc2shortbeg,17,TRUE,16443,2790,2501,2015,127,333,17,274,kenduskeag,TRUE,paddler,lynchjo01,Joe Lynch,Lynch Joe,Saco,ME,USA,1,T,16443,NA
240470,2017,KENDUSKEAG,Downriver,Canoe,417,oc2shortbeg,17,TRUE,16443,2790,2501,2015,127,333,17,274,kenduskeag,TRUE,paddler,NA,Raymond Paquette,Paquette Raymond,Bangor,ME,USA,1,T,16443,NA
358569,2022,KENDUSKEAG,Downriver,Kayak,118,k1rec,14,TRUE,16458,2792,2503,409,107,285,14,45,kenduskeag,TRUE,paddler,whitejo01,Jonathan White,White Jonathan,Orono,ME,USA,NA,NA,NA,NA
358570,2022,KENDUSKEAG,Downriver,Kayak,119,k1rec,15,TRUE,16458,2793,2504,410,108,286,15,46,kenduskeag,TRUE,paddler,NA,Josh Ivey,Ivey Josh,Corinith,ME,USA,NA,NA,NA,NA
229374,2016,KENDUSKEAG,Downriver,Canoe,34,open,29,TRUE,16467,2796,2507,2019,190,344,29,287,kenduskeag,TRUE,paddler,NA,Allie Hafford,Hafford Allie,Newport,ME,USA,1,T,16467,NA
229374,2016,KENDUSKEAG,Downriver,Canoe,34,open,29,TRUE,16467,2796,2507,2019,190,344,29,287,kenduskeag,TRUE,paddler,NA,Sarah Taylor,Taylor Sarah,Eddington,ME,USA,1,T,16467,NA
229374,2016,KENDUSKEAG,Downriver,Canoe,34,open,29,TRUE,16467,2796,2507,2019,190,344,29,287,kenduskeag,TRUE,paddler,NA,Lowell Wheaton,Wheaton Lowell,Old Town,ME,USA,1,T,16467,NA
479250,2024,KENDUSKEAG,Downriver,Canoe,269,oc2shortbeg,15,TRUE,16485,2798,2509,2021,128,263,15,212,kenduskeag,TRUE,paddler,NA,Bryce Carlson,Carlson Bryce,Orono,ME,USA,NA,NA,NA,NA
479250,2024,KENDUSKEAG,Downriver,Canoe,269,oc2shortbeg,15,TRUE,16485,2798,2509,2021,128,263,15,212,kenduskeag,TRUE,paddler,NA,Bennett Geis,Geis Bennett,Camden,ME,USA,NA,NA,NA,NA
358675,2022,KENDUSKEAG,Downriver,Canoe,37,oc2rec,39,TRUE,16501,2799,2510,2022,121,287,39,224,kenduskeag,TRUE,paddler,NA,Daniel McGuire,McGuire Daniel,Bangor,ME,USA,NA,NA,NA,NA
358675,2022,KENDUSKEAG,Downriver,Canoe,37,oc2rec,39,TRUE,16501,2799,2510,2022,121,287,39,224,kenduskeag,TRUE,paddler,NA,Sean McGuire,McGuire Sean,Bangor,ME,USA,NA,NA,NA,NA
478962,2024,KENDUSKEAG,Downriver,Unknown,337,open,18,TRUE,16503,2801,2512,78,191,264,18,18,kenduskeag,TRUE,paddler,jordanju01,Justin Jordan,Jordan Justin,Orrington,ME,USA,NA,NA,NA,NA
478962,2024,KENDUSKEAG,Downriver,Unknown,337,open,18,TRUE,16503,2801,2512,78,191,264,18,18,kenduskeag,TRUE,paddler,NA,Nikolas Long,Long Nikolas,Brewer,ME,USA,NA,NA,NA,NA
478962,2024,KENDUSKEAG,Downriver,Unknown,337,open,18,TRUE,16503,2801,2512,78,191,264,18,18,kenduskeag,TRUE,paddler,NA,Thomas McCann,McCann Thomas,Winterport,ME,USA,NA,NA,NA,NA
345954,2021,KENDUSKEAG,Downriver,Kayak,337,k1short,8,TRUE,16512,2803,2514,411,133,95,8,19,kenduskeag,TRUE,paddler,NA,Alex Marsh,Marsh Alex,Hermon,ME,USA,NA,NA,NA,NA
249286,2018,KENDUSKEAG,Downriver,Canoe,37,open,29,TRUE,16528,2806,2516,2026,192,334,29,274,kenduskeag,TRUE,paddler,NA,Allie Batter,Batter Allie,Old Town,ME,USA,1,T,16528,NA
249286,2018,KENDUSKEAG,Downriver,Canoe,37,open,29,TRUE,16528,2806,2516,2026,192,334,29,274,kenduskeag,TRUE,paddler,NA,Erin Fein,Fein Erin,Old Town,ME,USA,1,T,16528,NA
249286,2018,KENDUSKEAG,Downriver,Canoe,37,open,29,TRUE,16528,2806,2516,2026,192,334,29,274,kenduskeag,TRUE,paddler,NA,Jill Pelto,Pelto Jill,Old Town,ME,USA,1,T,16528,NA
345970,2021,KENDUSKEAG,Downriver,Canoe,4,open,11,TRUE,16547,2807,2517,2027,193,96,11,76,kenduskeag,TRUE,paddler,NA,Matthew Fecteau,Fecteau Matthew,Gray,ME,USA,NA,NA,NA,NA
345970,2021,KENDUSKEAG,Downriver,Canoe,4,open,11,TRUE,16547,2807,2517,2027,193,96,11,76,kenduskeag,TRUE,paddler,NA,Paul Fecteau,Fecteau Paul,Gray,ME,USA,NA,NA,NA,NA
345970,2021,KENDUSKEAG,Downriver,Canoe,4,open,11,TRUE,16547,2807,2517,2027,193,96,11,76,kenduskeag,TRUE,paddler,NA,Aiden Ouellette,Ouellette Aiden,Glenburn,ME,USA,NA,NA,NA,NA
345955,2021,KENDUSKEAG,Downriver,Kayak,328,k1short,9,TRUE,16556,2808,2518,412,134,97,9,20,kenduskeag,TRUE,paddler,NA,Jonathan Metilly,Metilly Jonathan,Bangor,ME,USA,NA,NA,NA,NA
345924,2021,KENDUSKEAG,Downriver,Canoe,341,oc2short,20,TRUE,16578,2810,2520,2029,115,98,20,77,kenduskeag,TRUE,paddler,speedbe01,Benjamin Speed,Speed Benjamin,Bangor,ME,USA,NA,NA,NA,NA
345924,2021,KENDUSKEAG,Downriver,Canoe,341,oc2short,20,TRUE,16578,2810,2520,2029,115,98,20,77,kenduskeag,TRUE,paddler,NA,Noah Speed,Speed Noah,Bangor,ME,USA,NA,NA,NA,NA
258264,2019,KENDUSKEAG,Downriver,Kayak,176,k1rec,17,TRUE,16580,2811,291,48,17,291,17,48,kenduskeag2019,TRUE,paddler,NA,Tim Gallon,Gallon Tim,Orono,ME,USA,1,T,16580,NA
423928,2023,KENDUSKEAG,Downriver,Unknown,287,open,27,TRUE,16584,2812,2521,79,194,288,27,27,kenduskeag,TRUE,paddler,NA,Matt Farragher,Farragher Matt,West Gardiner,ME,USA,NA,NA,NA,NA
423928,2023,KENDUSKEAG,Downriver,Unknown,287,open,27,TRUE,16584,2812,2521,79,194,288,27,27,kenduskeag,TRUE,paddler,NA,Katie Paul,Paul Katie,West Gardiner,ME,USA,NA,NA,NA,NA
423928,2023,KENDUSKEAG,Downriver,Unknown,287,open,27,TRUE,16584,2812,2521,79,194,288,27,27,kenduskeag,TRUE,paddler,NA,Mara Scallon,Scallon Mara,Orono,ME,USA,NA,NA,NA,NA
240343,2017,KENDUSKEAG,Downriver,Canoe,270,oc2mixrec,27,TRUE,16595,2814,2523,2031,205,335,27,276,kenduskeag,TRUE,paddler,NA,Hannah Chavis,Chavis Hannah,Fairfield,ME,USA,1,T,16595,NA
240343,2017,KENDUSKEAG,Downriver,Canoe,270,oc2mixrec,27,TRUE,16595,2814,2523,2031,205,335,27,276,kenduskeag,TRUE,paddler,NA,Justin Libby,Libby Justin,Milford,ME,USA,1,T,16595,NA
258356,2019,KENDUSKEAG,Downriver,Canoe,294,oc2mediumrec,38,TRUE,16600,2816,292,222,38,292,38,222,kenduskeag2019,TRUE,paddler,NA,Leah Beck,Beck Leah,Little Rock,AK,USA,1,T,16600,NA
258356,2019,KENDUSKEAG,Downriver,Canoe,294,oc2mediumrec,38,TRUE,16600,2816,292,222,38,292,38,222,kenduskeag2019,TRUE,paddler,NA,Amanda Gavin,Gavin Amanda,South Portland,ME,USA,1,T,16600,NA
424114,2023,KENDUSKEAG,Downriver,Canoe,164,oc2rec,28,TRUE,16601,2817,2525,2032,122,289,28,220,kenduskeag,TRUE,paddler,NA,John Bentley,Bentley John,Levant,ME,USA,NA,NA,NA,NA
424114,2023,KENDUSKEAG,Downriver,Canoe,164,oc2rec,28,TRUE,16601,2817,2525,2032,122,289,28,220,kenduskeag,TRUE,paddler,NA,Bryan Poland,Poland Bryan,Levant,ME,USA,NA,NA,NA,NA
479036,2024,KENDUSKEAG,Downriver,Kayak,375,k1short,8,TRUE,16605,2819,2527,414,135,265,8,35,kenduskeag,TRUE,paddler,NA,David Olmstead,Olmstead David,Bangor,ME,USA,NA,NA,NA,NA
479291,2024,KENDUSKEAG,Downriver,Canoe,293,oc2hs,21,TRUE,16610,2820,2528,2034,107,266,21,213,kenduskeag,TRUE,paddler,NA,Megan Keast,Keast Megan,Orono,ME,USA,NA,NA,NA,NA
479291,2024,KENDUSKEAG,Downriver,Canoe,293,oc2hs,21,TRUE,16610,2820,2528,2034,107,266,21,213,kenduskeag,TRUE,paddler,NA,Morgan Poppenberger,Poppenberger Morgan,Orono,ME,USA,NA,NA,NA,NA
479162,2024,KENDUSKEAG,Downriver,Canoe,211,oc2rec,28,TRUE,16611,2821,2529,2035,123,267,28,214,kenduskeag,TRUE,paddler,NA,Bob Haberlein,Haberlein Bob,Bangor,ME,USA,NA,NA,NA,NA
479162,2024,KENDUSKEAG,Downriver,Canoe,211,oc2rec,28,TRUE,16611,2821,2529,2035,123,267,28,214,kenduskeag,TRUE,paddler,halebe01,Benjamin Hale,Hale Benjamin,Orono,ME,USA,NA,NA,NA,NA
249548,2018,KENDUSKEAG,Downriver,Canoe,354,oc2shortrec,28,TRUE,16630,2823,2531,2037,182,335,28,275,kenduskeag,TRUE,paddler,NA,Levi Herron,Herron Levi,Portland,ME,USA,1,T,16630,NA
249548,2018,KENDUSKEAG,Downriver,Canoe,354,oc2shortrec,28,TRUE,16630,2823,2531,2037,182,335,28,275,kenduskeag,TRUE,paddler,NA,Sam Truesdell,Truesdell Sam,Portland,ME,USA,1,T,16630,NA
345883,2021,KENDUSKEAG,Downriver,Canoe,483,oc2mediumrec,19,TRUE,16634,2824,2532,2038,167,99,19,78,kenduskeag,TRUE,paddler,NA,Craig Laplante,Laplante Craig,Bangor,ME,USA,NA,NA,NA,NA
345883,2021,KENDUSKEAG,Downriver,Canoe,483,oc2mediumrec,19,TRUE,16634,2824,2532,2038,167,99,19,78,kenduskeag,TRUE,paddler,NA,Adam Ouellette,Ouellette Adam,Buxton,ME,USA,NA,NA,NA,NA
527917,2025,KENDUSKEAG,Downriver,Canoe,313,oc2shortbeg,14,TRUE,16634,2825,2533,2039,129,289,14,228,kenduskeag,TRUE,paddler,NA,Tahi Wiggins,Wiggins Tahi,Orono,ME,USA,NA,NA,NA,NA
527917,2025,KENDUSKEAG,Downriver,Canoe,313,oc2shortbeg,14,TRUE,16634,2825,2533,2039,129,289,14,228,kenduskeag,TRUE,paddler,NA,Aaron Wilson-McFarlane,Wilson-McFarlane Aaron,Orono,ME,USA,NA,NA,NA,NA
240159,2017,KENDUSKEAG,Downriver,Canoe,28,open,24,TRUE,16645,2826,2534,2040,195,336,24,277,kenduskeag,TRUE,paddler,NA,Alexandra Baltar,Baltar Alexandra,Old Town,ME,USA,1,T,16645,NA
240159,2017,KENDUSKEAG,Downriver,Canoe,28,open,24,TRUE,16645,2826,2534,2040,195,336,24,277,kenduskeag,TRUE,paddler,NA,Erin Fien,Fien Erin,Old Town,ME,USA,1,T,16645,NA
240159,2017,KENDUSKEAG,Downriver,Canoe,28,open,24,TRUE,16645,2826,2534,2040,195,336,24,277,kenduskeag,TRUE,paddler,NA,Jill Pelto,Pelto Jill,Old Town,ME,USA,1,T,16645,NA
479063,2024,KENDUSKEAG,Downriver,Kayak,376,k1rec,11,TRUE,16659,2828,2536,415,109,268,11,36,kenduskeag,TRUE,paddler,NA,Kari Kurth,Kurth Kari,Lincoln,ME,USA,NA,NA,NA,NA
527918,2025,KENDUSKEAG,Downriver,Canoe,382,oc2shortbeg,15,TRUE,16664,2829,2537,2042,130,290,15,229,kenduskeag,TRUE,paddler,NA,Zachary Leet,Leet Zachary,Brewer,ME,USA,NA,NA,NA,NA
527918,2025,KENDUSKEAG,Downriver,Canoe,382,oc2shortbeg,15,TRUE,16664,2829,2537,2042,130,290,15,229,kenduskeag,TRUE,paddler,NA,Shane Tracy,Tracy Shane,Brewer,ME,USA,NA,NA,NA,NA
358676,2022,KENDUSKEAG,Downriver,Canoe,219,oc2rec,40,TRUE,16679,2833,2541,2046,124,289,40,226,kenduskeag,TRUE,paddler,NA,Mike Bickford,Bickford Mike,Bangor,ME,USA,NA,NA,NA,NA
358676,2022,KENDUSKEAG,Downriver,Canoe,219,oc2rec,40,TRUE,16679,2833,2541,2046,124,289,40,226,kenduskeag,TRUE,paddler,NA,Jacob Chapman,Chapman Jacob,Eddington,ME,USA,NA,NA,NA,NA
229349,2016,KENDUSKEAG,Downriver,Canoe,5,open,30,TRUE,16679,2834,2542,2047,196,346,30,289,kenduskeag,TRUE,paddler,davisan01,Andrew Davis,Davis Andrew,Bar Harbor,ME,USA,1,T,16679,NA
229349,2016,KENDUSKEAG,Downriver,Canoe,5,open,30,TRUE,16679,2834,2542,2047,196,346,30,289,kenduskeag,TRUE,paddler,NA,Andrew Davis II,Davis II Andrew,Bar Harbor,ME,USA,1,T,16679,NA
229349,2016,KENDUSKEAG,Downriver,Canoe,5,open,30,TRUE,16679,2834,2542,2047,196,346,30,289,kenduskeag,TRUE,paddler,NA,Jeremiah Minctons,Minctons Jeremiah,Bar Harbor,ME,USA,1,T,16679,NA
527919,2025,KENDUSKEAG,Downriver,Canoe,296,oc2shortbeg,16,TRUE,16688,2837,2545,2050,131,291,16,230,kenduskeag,TRUE,paddler,NA,Max Bush,Bush Max,Brunswick,ME,USA,NA,NA,NA,NA
527919,2025,KENDUSKEAG,Downriver,Canoe,296,oc2shortbeg,16,TRUE,16688,2837,2545,2050,131,291,16,230,kenduskeag,TRUE,paddler,NA,Ben Ludwig,Ludwig Ben,Veazie,ME,USA,NA,NA,NA,NA
240161,2017,KENDUSKEAG,Downriver,Canoe,31,open,25,TRUE,16695,2838,2546,2051,197,337,25,278,kenduskeag,TRUE,paddler,NA,Steve Goulet,Goulet Steve,Orono,ME,USA,1,T,16695,NA
240161,2017,KENDUSKEAG,Downriver,Canoe,31,open,25,TRUE,16695,2838,2546,2051,197,337,25,278,kenduskeag,TRUE,paddler,scofieco01,Connor Scofield,Scofield Connor,Orono,ME,USA,1,T,16695,NA
240161,2017,KENDUSKEAG,Downriver,Canoe,31,open,25,TRUE,16695,2838,2546,2051,197,337,25,278,kenduskeag,TRUE,paddler,NA,Holly Thomas,Thomas Holly,Orono,ME,USA,1,T,16695,NA
229774,2016,KENDUSKEAG,Downriver,Canoe,475,oc2shortrec,26,TRUE,16708,2840,2548,2052,183,348,26,291,kenduskeag,TRUE,paddler,NA,Coplin Fickett,Fickett Coplin,Hampden,ME,USA,1,T,16708,NA
229774,2016,KENDUSKEAG,Downriver,Canoe,475,oc2shortrec,26,TRUE,16708,2840,2548,2052,183,348,26,291,kenduskeag,TRUE,paddler,NA,Turner Nolan,Nolan Turner,Portland,ME,USA,1,T,16708,NA
358748,2022,KENDUSKEAG,Downriver,Canoe,295,oc2shortbeg,15,TRUE,16716,2841,2549,2053,132,290,15,227,kenduskeag,TRUE,paddler,NA,Jamie Behan,Behan Jamie,Portland,ME,USA,NA,NA,NA,NA
358748,2022,KENDUSKEAG,Downriver,Canoe,295,oc2shortbeg,15,TRUE,16716,2841,2549,2053,132,290,15,227,kenduskeag,TRUE,paddler,NA,Emily Durgin,Durgin Emily,Portland,ME,USA,NA,NA,NA,NA
249279,2018,KENDUSKEAG,Downriver,Canoe,26,oc2shortbeg,12,TRUE,16720,2842,2550,2054,133,336,12,276,kenduskeag,TRUE,paddler,NA,Donald Perry,Perry Donald,Skowhegan,ME,USA,1,T,16720,NA
249279,2018,KENDUSKEAG,Downriver,Canoe,26,oc2shortbeg,12,TRUE,16720,2842,2550,2054,133,336,12,276,kenduskeag,TRUE,paddler,NA,Jesika Lucarelli,Lucarelli Jesika,Millinocket,ME,USA,1,T,16720,NA
249279,2018,KENDUSKEAG,Downriver,Canoe,26,oc2shortbeg,12,TRUE,16720,2842,2550,2054,133,336,12,276,kenduskeag,TRUE,paddler,NA,Kristi Poland,Poland Kristi,Stratton,ME,USA,1,T,16720,NA
249579,2018,KENDUSKEAG,Downriver,Canoe,394,oc2shortbeg,13,TRUE,16720,2843,2551,2055,134,337,13,277,kenduskeag,TRUE,paddler,NA,Paul Gordon,Gordon Paul,Skowhegan,ME,USA,1,T,16720,NA
358550,2022,KENDUSKEAG,Downriver,Kayak,93,k1short,16,TRUE,16723,2844,2552,417,136,291,16,47,kenduskeag,TRUE,paddler,NA,Nicholas Oettinger,Oettinger Nicholas,Winterport,ME,USA,NA,NA,NA,NA
229655,2016,KENDUSKEAG,Downriver,Canoe,345,oc2shortrec,27,TRUE,16727,2845,2553,2056,184,349,27,292,kenduskeag,TRUE,paddler,NA,William Gilbert,Gilbert William,Stonington,ME,USA,1,T,16727,NA
229655,2016,KENDUSKEAG,Downriver,Canoe,345,oc2shortrec,27,TRUE,16727,2845,2553,2056,184,349,27,292,kenduskeag,TRUE,paddler,NA,Dale Haley Jr.,Haley Jr. Dale,Stonington,ME,USA,1,T,16727,NA
219841,2015,KENDUSKEAG,Downriver,Canoe,315,oc2shortbeg,21,TRUE,16730,2847,2555,2058,135,288,21,237,kenduskeag,TRUE,paddler,NA,Luke Patry,Patry Luke,Portand,ME,USA,1,T,16730,NA
219841,2015,KENDUSKEAG,Downriver,Canoe,315,oc2shortbeg,21,TRUE,16730,2847,2555,2058,135,288,21,237,kenduskeag,TRUE,paddler,NA,Jon Stevens,Stevens Jon,Hallowell,ME,USA,1,T,16730,NA
358677,2022,KENDUSKEAG,Downriver,Canoe,211,oc2rec,41,TRUE,16741,2849,2557,2060,125,293,41,229,kenduskeag,TRUE,paddler,NA,Ryan Boothbay,Boothbay Ryan,Dixmont,ME,USA,NA,NA,NA,NA
358677,2022,KENDUSKEAG,Downriver,Canoe,211,oc2rec,41,TRUE,16741,2849,2557,2060,125,293,41,229,kenduskeag,TRUE,paddler,NA,Matt Huskins,Huskins Matt,Hampden,ME,USA,NA,NA,NA,NA
229604,2016,KENDUSKEAG,Downriver,Canoe,291,oc2mediumrec,40,TRUE,16775,2852,2560,2063,168,350,40,293,kenduskeag,TRUE,paddler,NA,John Bradstreet,Bradstreet John,Bangor,ME,USA,1,T,16775,NA
229604,2016,KENDUSKEAG,Downriver,Canoe,291,oc2mediumrec,40,TRUE,16775,2852,2560,2063,168,350,40,293,kenduskeag,TRUE,paddler,NA,Darren Gould,Gould Darren,Bangor,ME,USA,1,T,16775,NA
358678,2022,KENDUSKEAG,Downriver,Canoe,218,oc2rec,42,TRUE,16776,2853,2561,2064,126,294,42,230,kenduskeag,TRUE,paddler,NA,Maddie Eberly,Eberly Maddie,Orono,ME,USA,NA,NA,NA,NA
358678,2022,KENDUSKEAG,Downriver,Canoe,218,oc2rec,42,TRUE,16776,2853,2561,2064,126,294,42,230,kenduskeag,TRUE,paddler,NA,Camille Kavanah,Kavanah Camille,Old Town,ME,USA,NA,NA,NA,NA
479292,2024,KENDUSKEAG,Downriver,Canoe,291,oc2hs,22,TRUE,16776,2854,2562,2065,108,273,22,218,kenduskeag,TRUE,paddler,NA,Haley Cherry,Cherry Haley,Whiting,ME,USA,NA,NA,NA,NA
479292,2024,KENDUSKEAG,Downriver,Canoe,291,oc2hs,22,TRUE,16776,2854,2562,2065,108,273,22,218,kenduskeag,TRUE,paddler,NA,Christopher Horton,Horton Christopher,Bar Harbor,ME,USA,NA,NA,NA,NA
240166,2017,KENDUSKEAG,Downriver,Canoe,37,open,26,TRUE,16783,2855,2563,2066,198,338,26,279,kenduskeag,TRUE,paddler,NA,Caleb Laberge,Laberge Caleb,Orono,ME,USA,1,T,16783,NA
240166,2017,KENDUSKEAG,Downriver,Canoe,37,open,26,TRUE,16783,2855,2563,2066,198,338,26,279,kenduskeag,TRUE,paddler,NA,Christian Stock,Stock Christian,Orono,ME,USA,1,T,16783,NA
240166,2017,KENDUSKEAG,Downriver,Canoe,37,open,26,TRUE,16783,2855,2563,2066,198,338,26,279,kenduskeag,TRUE,paddler,NA,Nathan Tracy,Tracy Nathan,Skowhegan,ME,USA,1,T,16783,NA
219770,2015,KENDUSKEAG,Downriver,Canoe,232,oc2mediumrec,33,TRUE,16790,2856,2564,2067,169,290,33,239,kenduskeag,TRUE,paddler,NA,Jory Tracy,Tracy Jory,Bangor,ME,USA,1,T,16790,NA
219770,2015,KENDUSKEAG,Downriver,Canoe,232,oc2mediumrec,33,TRUE,16790,2856,2564,2067,169,290,33,239,kenduskeag,TRUE,paddler,tracyti01,Timothy Tracy,Tracy Timothy,Bangor,ME,USA,1,T,16790,NA
240475,2017,KENDUSKEAG,Downriver,Canoe,423,oc2shortbeg,18,TRUE,16800,2859,2567,2070,136,340,18,281,kenduskeag,TRUE,paddler,NA,Jeff Hargenrader,Hargenrader Jeff,Portland,ME,USA,1,T,16800,NA
240475,2017,KENDUSKEAG,Downriver,Canoe,423,oc2shortbeg,18,TRUE,16800,2859,2567,2070,136,340,18,281,kenduskeag,TRUE,paddler,NA,Colby Pearson,Pearson Colby,Cape Elizabeth,ME,USA,1,T,16800,NA
527710,2025,KENDUSKEAG,Downriver,Kayak,95,k1short,14,TRUE,16801,2861,2569,418,137,293,14,45,kenduskeag,TRUE,paddler,NA,Ian Staples,Staples Ian,Chester,VT,USA,NA,NA,NA,NA
479130,2024,KENDUSKEAG,Downriver,Canoe,176,oc2mixrec,22,TRUE,16819,2863,2570,2072,206,274,22,219,kenduskeag,TRUE,paddler,NA,Kait Moriarty,Moriarty Kait,Bangor,ME,USA,NA,NA,NA,NA
479130,2024,KENDUSKEAG,Downriver,Canoe,176,oc2mixrec,22,TRUE,16819,2863,2570,2072,206,274,22,219,kenduskeag,TRUE,paddler,NA,Samuel Sheppard,Sheppard Samuel,Scarborough,ME,USA,NA,NA,NA,NA
527636,2025,KENDUSKEAG,Downriver,Unknown,14,open,18,TRUE,16826,2864,2571,80,199,294,18,18,kenduskeag,TRUE,paddler,NA,Taylor Boucher,Boucher Taylor,South Portland,ME,USA,NA,NA,NA,NA
527636,2025,KENDUSKEAG,Downriver,Unknown,14,open,18,TRUE,16826,2864,2571,80,199,294,18,18,kenduskeag,TRUE,paddler,NA,Emily Kelsey,Kelsey Emily,Portland,ME,USA,NA,NA,NA,NA
527636,2025,KENDUSKEAG,Downriver,Unknown,14,open,18,TRUE,16826,2864,2571,80,199,294,18,18,kenduskeag,TRUE,paddler,NA,Linnea Larson,Larson Linnea,Portland,ME,USA,NA,NA,NA,NA
345956,2021,KENDUSKEAG,Downriver,Kayak,304,k1short,10,TRUE,16837,2865,2572,419,138,101,10,21,kenduskeag,TRUE,paddler,NA,Cassandra McDonald,McDonald Cassandra,Clinton,ME,USA,NA,NA,NA,NA
345971,2021,KENDUSKEAG,Downriver,Canoe,13,open,12,TRUE,16845,2866,2573,2073,200,102,12,80,kenduskeag,TRUE,paddler,NA,Mathias Demming,Demming Mathias,Hallowell,ME,USA,NA,NA,NA,NA
345971,2021,KENDUSKEAG,Downriver,Canoe,13,open,12,TRUE,16845,2866,2573,2073,200,102,12,80,kenduskeag,TRUE,paddler,NA,Eli Nixon,Nixon Eli,Veazie,ME,USA,NA,NA,NA,NA
345971,2021,KENDUSKEAG,Downriver,Canoe,13,open,12,TRUE,16845,2866,2573,2073,200,102,12,80,kenduskeag,TRUE,paddler,NA,Peter Obrien,Obrien Peter,Orono,ME,USA,NA,NA,NA,NA
249467,2018,KENDUSKEAG,Downriver,Canoe,261,oc2mixrec,25,TRUE,16851,2867,2574,2074,207,339,25,279,kenduskeag,TRUE,paddler,NA,Mattea Hamel,Hamel Mattea,Bangor,ME,USA,1,T,16851,NA
249467,2018,KENDUSKEAG,Downriver,Canoe,261,oc2mixrec,25,TRUE,16851,2867,2574,2074,207,339,25,279,kenduskeag,TRUE,paddler,NA,Scott Hamel,Hamel Scott,Bangor,ME,USA,1,T,16851,NA
240355,2017,KENDUSKEAG,Downriver,Canoe,284,oc2mixrec,28,TRUE,16856,2868,2575,2075,208,341,28,282,kenduskeag,TRUE,paddler,NA,Victoria Gram,Gram Victoria,Orono,ME,USA,1,T,16856,NA
240355,2017,KENDUSKEAG,Downriver,Canoe,284,oc2mixrec,28,TRUE,16856,2868,2575,2075,208,341,28,282,kenduskeag,TRUE,paddler,NA,Joshua Hunnewell,Hunnewell Joshua,Old Town,ME,USA,1,T,16856,NA
424015,2023,KENDUSKEAG,Downriver,Kayak,91,k1rec,14,TRUE,16862,2869,2576,420,110,290,14,43,kenduskeag,TRUE,paddler,NA,Scott Mannke,Mannke Scott,Bangor,ME,USA,NA,NA,NA,NA
345884,2021,KENDUSKEAG,Downriver,Canoe,487,oc2mediumrec,20,TRUE,16868,2870,2577,2076,170,103,20,81,kenduskeag,TRUE,paddler,NA,Andy Peake,Peake Andy,Penobscot,ME,USA,NA,NA,NA,NA
345884,2021,KENDUSKEAG,Downriver,Canoe,487,oc2mediumrec,20,TRUE,16868,2870,2577,2076,170,103,20,81,kenduskeag,TRUE,paddler,NA,Paul Schultz,Schultz Paul,Penobscot,ME,USA,NA,NA,NA,NA
424142,2023,KENDUSKEAG,Downriver,Canoe,203,oc2shortrec,22,TRUE,16873,2871,2578,2077,185,291,22,221,kenduskeag,TRUE,paddler,speedbe01,Benjamin Speed,Speed Benjamin,Bangor,ME,USA,NA,NA,NA,NA
424142,2023,KENDUSKEAG,Downriver,Canoe,203,oc2shortrec,22,TRUE,16873,2871,2578,2077,185,291,22,221,kenduskeag,TRUE,paddler,NA,Sarina Speed,Speed Sarina,Bangor,ME,USA,NA,NA,NA,NA
423929,2023,KENDUSKEAG,Downriver,Unknown,334,open,28,TRUE,16876,2872,2579,81,201,292,28,28,kenduskeag,TRUE,paddler,NA,Garrett Newey,Newey Garrett,Winterport,ME,USA,NA,NA,NA,NA
423929,2023,KENDUSKEAG,Downriver,Unknown,334,open,28,TRUE,16876,2872,2579,81,201,292,28,28,kenduskeag,TRUE,paddler,NA,Gunnar Newey,Newey Gunnar,Winterport,ME,USA,NA,NA,NA,NA
423929,2023,KENDUSKEAG,Downriver,Unknown,334,open,28,TRUE,16876,2872,2579,81,201,292,28,28,kenduskeag,TRUE,paddler,NA,Michael Newey,Newey Michael,Winterport,ME,USA,NA,NA,NA,NA
345885,2021,KENDUSKEAG,Downriver,Canoe,609,oc2mediumrec,21,TRUE,16878,2873,2580,2078,171,104,21,82,kenduskeag,TRUE,paddler,NA,Sam Brown,Brown Sam,Scarborough,ME,USA,NA,NA,NA,NA
345885,2021,KENDUSKEAG,Downriver,Canoe,609,oc2mediumrec,21,TRUE,16878,2873,2580,2078,171,104,21,82,kenduskeag,TRUE,paddler,NA,Brendan Corey,Corey Brendan,Milford,MA,USA,NA,NA,NA,NA
229660,2016,KENDUSKEAG,Downriver,Canoe,350,oc2shortrec,28,TRUE,16879,2874,2581,2079,186,353,28,296,kenduskeag,TRUE,paddler,NA,Jory Tracy,Tracy Jory,Bangor,ME,USA,1,T,16879,NA
229660,2016,KENDUSKEAG,Downriver,Canoe,350,oc2shortrec,28,TRUE,16879,2874,2581,2079,186,353,28,296,kenduskeag,TRUE,paddler,NA,TJ Tracy,Tracy TJ,Glenburn,ME,USA,1,T,16879,NA
358772,2022,KENDUSKEAG,Downriver,Canoe,326,oc2hs,18,TRUE,16882,2875,2582,2080,109,295,18,231,kenduskeag,TRUE,paddler,tyneel01,Eleanor Tyne,Tyne Eleanor,Orono,ME,USA,NA,NA,NA,NA
358772,2022,KENDUSKEAG,Downriver,Canoe,326,oc2hs,18,TRUE,16882,2875,2582,2080,109,295,18,231,kenduskeag,TRUE,paddler,NA,Patrick Tyne,Tyne Patrick,Orono,ME,USA,NA,NA,NA,NA
479131,2024,KENDUSKEAG,Downriver,Canoe,166,oc2mixrec,23,TRUE,16887,2877,2584,2081,209,275,23,220,kenduskeag,TRUE,paddler,NA,David Saucier,Saucier David,Greenbush,ME,USA,NA,NA,NA,NA
479131,2024,KENDUSKEAG,Downriver,Canoe,166,oc2mixrec,23,TRUE,16887,2877,2584,2081,209,275,23,220,kenduskeag,TRUE,paddler,NA,Shaunessy Saucier,Saucier Shaunessy,Greenbush,ME,USA,NA,NA,NA,NA
479201,2024,KENDUSKEAG,Downriver,Canoe,237,oc2shortrec,33,TRUE,16892,2878,2585,2082,187,276,33,221,kenduskeag,TRUE,paddler,NA,Cody Chute,Chute Cody,Bridgton,ME,USA,NA,NA,NA,NA
479201,2024,KENDUSKEAG,Downriver,Canoe,237,oc2shortrec,33,TRUE,16892,2878,2585,2082,187,276,33,221,kenduskeag,TRUE,paddler,NA,Roger Lowell,Lowell Roger,Kents Hill,ME,USA,NA,NA,NA,NA
527731,2025,KENDUSKEAG,Downriver,Kayak,117,k1rec,10,TRUE,16896,2879,2586,422,111,295,10,46,kenduskeag,TRUE,paddler,NA,Dana Francey,Francey Dana,Glenburn,ME,USA,NA,NA,NA,NA
240382,2017,KENDUSKEAG,Downriver,Canoe,314,oc2mediumrec,47,TRUE,16897,2880,2587,2083,172,342,47,283,kenduskeag,TRUE,paddler,hardyet01,Ethan Hardy,Hardy Ethan,North Berwick,ME,USA,1,T,16897,NA
240382,2017,KENDUSKEAG,Downriver,Canoe,314,oc2mediumrec,47,TRUE,16897,2880,2587,2083,172,342,47,283,kenduskeag,TRUE,paddler,NA,Jesse Swett,Swett Jesse,Wells,ME,USA,1,T,16897,NA
479293,2024,KENDUSKEAG,Downriver,Canoe,312,oc2hs,23,TRUE,16903,2881,2588,2084,110,277,23,222,kenduskeag,TRUE,paddler,NA,Tyler Herbert,Herbert Tyler,Bar Harbor,ME,USA,NA,NA,NA,NA
479293,2024,KENDUSKEAG,Downriver,Canoe,312,oc2hs,23,TRUE,16903,2881,2588,2084,110,277,23,222,kenduskeag,TRUE,paddler,NA,Shea Turner-Matthews,Turner-Matthews Shea,Bar Harbor,ME,USA,NA,NA,NA,NA
479163,2024,KENDUSKEAG,Downriver,Canoe,208,oc2rec,29,TRUE,16907,2882,2589,2085,127,278,29,223,kenduskeag,TRUE,paddler,NA,Theo Holm,Holm Theo,Lubec,ME,USA,NA,NA,NA,NA
479163,2024,KENDUSKEAG,Downriver,Canoe,208,oc2rec,29,TRUE,16907,2882,2589,2085,127,278,29,223,kenduskeag,TRUE,paddler,NA,Alan Lund,Lund Alan,Machias,ME,USA,NA,NA,NA,NA
479294,2024,KENDUSKEAG,Downriver,Canoe,370,oc2hs,24,TRUE,16938,2887,2594,2089,111,280,24,225,kenduskeag,TRUE,paddler,NA,Blue Howard,Howard Blue,Gouldsboro,ME,USA,NA,NA,NA,NA
479294,2024,KENDUSKEAG,Downriver,Canoe,370,oc2hs,24,TRUE,16938,2887,2594,2089,111,280,24,225,kenduskeag,TRUE,paddler,NA,Skye Howard,Howard Skye,Gouldsboro,ME,USA,NA,NA,NA,NA
479295,2024,KENDUSKEAG,Downriver,Canoe,278,oc2hs,25,TRUE,16939,2889,2596,2090,112,281,25,226,kenduskeag,TRUE,paddler,NA,Nathaniel Swanson,Swanson Nathaniel,Orono,ME,USA,NA,NA,NA,NA
479295,2024,KENDUSKEAG,Downriver,Canoe,278,oc2hs,25,TRUE,16939,2889,2596,2090,112,281,25,226,kenduskeag,TRUE,paddler,NA,Hayden Willis,Willis Hayden,Orono,ME,USA,NA,NA,NA,NA
249599,2018,KENDUSKEAG,Downriver,Canoe,418,oc2hs,19,TRUE,16948,2891,2598,2091,113,340,19,280,kenduskeag,TRUE,paddler,NA,Jacquie Awalt,Awalt Jacquie,Belfast,ME,USA,1,T,16948,NA
249599,2018,KENDUSKEAG,Downriver,Canoe,418,oc2hs,19,TRUE,16948,2891,2598,2091,113,340,19,280,kenduskeag,TRUE,paddler,NA,Cole Hanson,Hanson Cole,Bucksport,ME,USA,1,T,16948,NA
358706,2022,KENDUSKEAG,Downriver,Canoe,12,oc2shortrec,26,TRUE,16951,2892,2599,2092,188,296,26,232,kenduskeag,TRUE,paddler,NA,Aaron Brunelle,Brunelle Aaron,Winslow,ME,USA,NA,NA,NA,NA
358706,2022,KENDUSKEAG,Downriver,Canoe,12,oc2shortrec,26,TRUE,16951,2892,2599,2092,188,296,26,232,kenduskeag,TRUE,paddler,NA,Nick Irving,Irving Nick,Waterville,ME,USA,NA,NA,NA,NA
424115,2023,KENDUSKEAG,Downriver,Canoe,179,oc2rec,29,TRUE,16954,2893,2600,2093,128,294,29,222,kenduskeag,TRUE,paddler,evanssh01,Shawn Evans,Evans Shawn,Newburgh,ME,USA,NA,NA,NA,NA
424115,2023,KENDUSKEAG,Downriver,Canoe,179,oc2rec,29,TRUE,16954,2893,2600,2093,128,294,29,222,kenduskeag,TRUE,paddler,smithsa01,Sam Smith,Smith Sam,Bangor,ME,USA,NA,NA,NA,NA
527957,2025,KENDUSKEAG,Downriver,Canoe,332,oc2hs,18,TRUE,16959,2894,2601,2094,114,296,18,232,kenduskeag,TRUE,paddler,NA,Joseph Jenson,Jenson Joseph,Naples,ME,USA,NA,NA,NA,NA
527957,2025,KENDUSKEAG,Downriver,Canoe,332,oc2hs,18,TRUE,16959,2894,2601,2094,114,296,18,232,kenduskeag,TRUE,paddler,NA,Madison Veilleux,Veilleux Madison,Orono,ME,USA,NA,NA,NA,NA
527958,2025,KENDUSKEAG,Downriver,Canoe,335,oc2hs,19,TRUE,16975,2897,2604,2097,115,297,19,233,kenduskeag,TRUE,paddler,NA,Everett Winslow,Winslow Everett,White River Junction,VT,USA,NA,NA,NA,NA
527958,2025,KENDUSKEAG,Downriver,Canoe,335,oc2hs,19,TRUE,16975,2897,2604,2097,115,297,19,233,kenduskeag,TRUE,paddler,NA,Carson Zundel,Zundel Carson,Farmington,ME,USA,NA,NA,NA,NA
358679,2022,KENDUSKEAG,Downriver,Canoe,214,oc2rec,43,TRUE,16983,2898,2605,2098,129,297,43,233,kenduskeag,TRUE,paddler,NA,David Saucier,Saucier David,Greenbush,ME,USA,NA,NA,NA,NA
358679,2022,KENDUSKEAG,Downriver,Canoe,214,oc2rec,43,TRUE,16983,2898,2605,2098,129,297,43,233,kenduskeag,TRUE,paddler,NA,Shaunessy Saucier,Saucier Shaunessy,Orono,ME,USA,NA,NA,NA,NA
424081,2023,KENDUSKEAG,Downriver,Canoe,347,oc2mixrec,32,TRUE,16994,2901,2608,2100,210,295,32,223,kenduskeag,TRUE,paddler,NA,John McElrath,McElrath John,West Poland,ME,USA,NA,NA,NA,NA
424081,2023,KENDUSKEAG,Downriver,Canoe,347,oc2mixrec,32,TRUE,16994,2901,2608,2100,210,295,32,223,kenduskeag,TRUE,paddler,NA,Shauna McElrath,McElrath Shauna,West Poland,ME,USA,NA,NA,NA,NA
249501,2018,KENDUSKEAG,Downriver,Canoe,302,oc2mediumrec,32,TRUE,17004,2903,2610,2102,173,341,32,281,kenduskeag,TRUE,paddler,hacketwi01,Will Hackett,Hackett Will,Nobleboro,ME,USA,1,T,17004,NA
249501,2018,KENDUSKEAG,Downriver,Canoe,302,oc2mediumrec,32,TRUE,17004,2903,2610,2102,173,341,32,281,kenduskeag,TRUE,paddler,NA,Matt Markot,Markot Matt,Nobleboro,ME,USA,1,T,17004,NA
249488,2018,KENDUSKEAG,Downriver,Canoe,285,oc2mixrec,26,TRUE,17015,2905,2612,2104,211,342,26,282,kenduskeag,TRUE,paddler,NA,Paige Lord,Lord Paige,Pittsfield,ME,USA,1,T,17015,NA
249488,2018,KENDUSKEAG,Downriver,Canoe,285,oc2mixrec,26,TRUE,17015,2905,2612,2104,211,342,26,282,kenduskeag,TRUE,paddler,NA,Troy Lord,Lord Troy,Pittsfield,ME,USA,1,T,17015,NA
424222,2023,KENDUSKEAG,Downriver,Canoe,346,oc2hs,24,TRUE,17028,2906,2613,2105,116,296,24,224,kenduskeag,TRUE,paddler,NA,Andrew Crews,Crews Andrew,Rumford,ME,USA,NA,NA,NA,NA
424222,2023,KENDUSKEAG,Downriver,Canoe,346,oc2hs,24,TRUE,17028,2906,2613,2105,116,296,24,224,kenduskeag,TRUE,paddler,NA,Lance Dorval,Dorval Lance,Oxford,ME,USA,NA,NA,NA,NA
479037,2024,KENDUSKEAG,Downriver,Kayak,83,k1short,9,TRUE,17043,2907,2614,427,139,282,9,38,kenduskeag,TRUE,paddler,NA,Jonathan Martin,Martin Jonathan,Manchester,NH,USA,NA,NA,NA,NA
249378,2018,KENDUSKEAG,Downriver,Kayak,149,k1short,24,TRUE,17046,2908,2615,428,140,343,24,61,kenduskeag,TRUE,paddler,bondpa01,Pat Bond,Bond Pat,W Newfield,ME,USA,1,T,17046,NA
345972,2021,KENDUSKEAG,Downriver,Canoe,17,open,13,TRUE,17046,2909,2616,2106,202,108,13,84,kenduskeag,TRUE,paddler,NA,John Bryant,Bryant John,Holden,ME,USA,NA,NA,NA,NA
345972,2021,KENDUSKEAG,Downriver,Canoe,17,open,13,TRUE,17046,2909,2616,2106,202,108,13,84,kenduskeag,TRUE,paddler,NA,Betty Jamison,Jamison Betty,Holden,ME,USA,NA,NA,NA,NA
345972,2021,KENDUSKEAG,Downriver,Canoe,17,open,13,TRUE,17046,2909,2616,2106,202,108,13,84,kenduskeag,TRUE,paddler,NA,Kristine Reid,Reid Kristine,Holden,ME,USA,NA,NA,NA,NA
478963,2024,KENDUSKEAG,Downriver,Unknown,14,open,19,TRUE,17048,2911,2618,82,203,283,19,19,kenduskeag,TRUE,paddler,NA,Hannah Day,Day Hannah,Bangor,ME,USA,NA,NA,NA,NA
478963,2024,KENDUSKEAG,Downriver,Unknown,14,open,19,TRUE,17048,2911,2618,82,203,283,19,19,kenduskeag,TRUE,paddler,NA,Keegan Day,Day Keegan,Milford,ME,USA,NA,NA,NA,NA
478963,2024,KENDUSKEAG,Downriver,Unknown,14,open,19,TRUE,17048,2911,2618,82,203,283,19,19,kenduskeag,TRUE,paddler,NA,Madison Ducette,Ducette Madison,Wiscassett,ME,USA,NA,NA,NA,NA
478963,2024,KENDUSKEAG,Downriver,Unknown,14,open,19,TRUE,17048,2911,2618,82,203,283,19,19,kenduskeag,TRUE,paddler,pelletda01,Dan Pelletier,Pelletier Dan,Alton,ME,USA,NA,NA,NA,NA
258242,2019,KENDUSKEAG,Downriver,Kayak,135,k1short,19,TRUE,17051,2912,294,50,19,294,19,50,kenduskeag2019,TRUE,paddler,NA,Keith Manaker,Manaker Keith,Orono,ME,USA,1,T,17051,NA
229626,2016,KENDUSKEAG,Downriver,Canoe,313,oc2mediumrec,41,TRUE,17061,2913,2619,2108,174,358,41,300,kenduskeag,TRUE,paddler,NA,Pete Gerard,Gerard Pete,Gorham,ME,USA,1,T,17061,NA
229626,2016,KENDUSKEAG,Downriver,Canoe,313,oc2mediumrec,41,TRUE,17061,2913,2619,2108,174,358,41,300,kenduskeag,TRUE,paddler,NA,Luke Merrifield,Merrifield Luke,Gorham,ME,USA,1,T,17061,NA
229355,2016,KENDUSKEAG,Downriver,Canoe,13,open,31,TRUE,17095,2916,2622,2110,204,360,31,301,kenduskeag,TRUE,paddler,NA,Dana Leland,Leland Dana,Milford,ME,USA,1,T,17095,NA
229355,2016,KENDUSKEAG,Downriver,Canoe,13,open,31,TRUE,17095,2916,2622,2110,204,360,31,301,kenduskeag,TRUE,paddler,NA,Adam Malenfant,Malenfant Adam,Milford,ME,USA,1,T,17095,NA
229355,2016,KENDUSKEAG,Downriver,Canoe,13,open,31,TRUE,17095,2916,2622,2110,204,360,31,301,kenduskeag,TRUE,paddler,NA,Brian Willey,Willey Brian,Milford,ME,USA,1,T,17095,NA
527920,2025,KENDUSKEAG,Downriver,Canoe,385,oc2shortbeg,17,TRUE,17100,2917,2623,2111,137,298,17,234,kenduskeag,TRUE,paddler,NA,Jared Botting,Botting Jared,Brewer,ME,USA,NA,NA,NA,NA
527920,2025,KENDUSKEAG,Downriver,Canoe,385,oc2shortbeg,17,TRUE,17100,2917,2623,2111,137,298,17,234,kenduskeag,TRUE,paddler,NA,Ben Holt,Holt Ben,Milford,ME,USA,NA,NA,NA,NA
358481,2022,KENDUSKEAG,Downriver,Unknown,18,open,18,TRUE,17104,2918,2624,83,205,298,18,18,kenduskeag,TRUE,paddler,NA,Cody Dillingham,Dillingham Cody,Old Town,ME,USA,NA,NA,NA,NA
358481,2022,KENDUSKEAG,Downriver,Unknown,18,open,18,TRUE,17104,2918,2624,83,205,298,18,18,kenduskeag,TRUE,paddler,NA,Lara Katz,Katz Lara,Old Town,ME,USA,NA,NA,NA,NA
358481,2022,KENDUSKEAG,Downriver,Unknown,18,open,18,TRUE,17104,2918,2624,83,205,298,18,18,kenduskeag,TRUE,paddler,NA,Rylee Smith,Smith Rylee,Brewer,ME,USA,NA,NA,NA,NA
249276,2018,KENDUSKEAG,Downriver,Canoe,22,open,30,TRUE,17107,2920,2626,2113,206,344,30,283,kenduskeag,TRUE,paddler,NA,Elias Ayrey,Ayrey Elias,Orono,ME,USA,1,T,17107,NA
249276,2018,KENDUSKEAG,Downriver,Canoe,22,open,30,TRUE,17107,2920,2626,2113,206,344,30,283,kenduskeag,TRUE,paddler,NA,Jennifer Fortier,Fortier Jennifer,Ellsworth,ME,USA,1,T,17107,NA
249276,2018,KENDUSKEAG,Downriver,Canoe,22,open,30,TRUE,17107,2920,2626,2113,206,344,30,283,kenduskeag,TRUE,paddler,NA,Jack Kilbride,Kilbride Jack,Old Town,ME,USA,1,T,17107,NA
219752,2015,KENDUSKEAG,Downriver,Canoe,211,oc2mixrec,20,TRUE,17113,2922,2628,2115,212,294,20,242,kenduskeag,TRUE,paddler,NA,Bethany Rochester,Rochester Bethany,Kittery,ME,USA,1,T,17113,NA
219752,2015,KENDUSKEAG,Downriver,Canoe,211,oc2mixrec,20,TRUE,17113,2922,2628,2115,212,294,20,242,kenduskeag,TRUE,paddler,NA,Jesse Rochester,Rochester Jesse,Presque Isle,ME,USA,1,T,17113,NA
229492,2016,KENDUSKEAG,Downriver,Kayak,171,k1rec,19,TRUE,17117,2924,2630,430,112,362,19,60,kenduskeag,TRUE,paddler,NA,Tim Ball,Ball Tim,Salt Lake City,UT,USA,1,T,17117,NA
229378,2016,KENDUSKEAG,Downriver,Canoe,39,open,32,TRUE,17119,2925,2631,2117,207,363,32,303,kenduskeag,TRUE,paddler,NA,Taylor Boucher,Boucher Taylor,Porland,ME,USA,1,T,17119,NA
229378,2016,KENDUSKEAG,Downriver,Canoe,39,open,32,TRUE,17119,2925,2631,2117,207,363,32,303,kenduskeag,TRUE,paddler,NA,Skyler Dunfey,Dunfey Skyler,Cape Elizabeth,ME,USA,1,T,17119,NA
229378,2016,KENDUSKEAG,Downriver,Canoe,39,open,32,TRUE,17119,2925,2631,2117,207,363,32,303,kenduskeag,TRUE,paddler,NA,Carly Petroski,Petroski Carly,Nobleboro,ME,USA,1,T,17119,NA
479296,2024,KENDUSKEAG,Downriver,Canoe,294,oc2hs,26,TRUE,17122,2927,2633,2119,117,284,26,227,kenduskeag,TRUE,paddler,NA,Elizabeth Brennan,Brennan Elizabeth,Orono,ME,USA,NA,NA,NA,NA
479296,2024,KENDUSKEAG,Downriver,Canoe,294,oc2hs,26,TRUE,17122,2927,2633,2119,117,284,26,227,kenduskeag,TRUE,paddler,NA,Georgia Doore,Doore Georgia,Orono,ME,USA,NA,NA,NA,NA
479251,2024,KENDUSKEAG,Downriver,Canoe,343,oc2shortbeg,16,TRUE,17132,2931,2637,2121,138,285,16,228,kenduskeag,TRUE,paddler,NA,Jared Botting,Botting Jared,Brewer,ME,USA,NA,NA,NA,NA
479251,2024,KENDUSKEAG,Downriver,Canoe,343,oc2shortbeg,16,TRUE,17132,2931,2637,2121,138,285,16,228,kenduskeag,TRUE,paddler,NA,Benjamin Holt,Holt Benjamin,Milford,ME,USA,NA,NA,NA,NA
527732,2025,KENDUSKEAG,Downriver,Kayak,110,k1rec,11,TRUE,17139,2934,2640,433,113,299,11,47,kenduskeag,TRUE,paddler,NA,Matthew Shaw,Shaw Matthew,Glenburn,ME,USA,NA,NA,NA,NA
358482,2022,KENDUSKEAG,Downriver,Unknown,13,open,19,TRUE,17143,2935,2641,84,208,299,19,19,kenduskeag,TRUE,paddler,NA,Daniel Larsen,Larsen Daniel,Plainfield,NH,USA,NA,NA,NA,NA
358482,2022,KENDUSKEAG,Downriver,Unknown,13,open,19,TRUE,17143,2935,2641,84,208,299,19,19,kenduskeag,TRUE,paddler,NA,Tj Marsh,Marsh Tj,Enfield,NH,USA,NA,NA,NA,NA
358482,2022,KENDUSKEAG,Downriver,Unknown,13,open,19,TRUE,17143,2935,2641,84,208,299,19,19,kenduskeag,TRUE,paddler,NA,Trevor McGraw,McGraw Trevor,Meriden,NH,USA,NA,NA,NA,NA
240385,2017,KENDUSKEAG,Downriver,Canoe,317,oc2mediumrec,48,TRUE,17151,2936,2642,2124,175,346,48,287,kenduskeag,TRUE,paddler,NA,Brandon Moortri,Moortri Brandon,Bangor,ME,USA,1,T,17151,NA
240385,2017,KENDUSKEAG,Downriver,Canoe,317,oc2mediumrec,48,TRUE,17151,2936,2642,2124,175,346,48,287,kenduskeag,TRUE,paddler,tatarcry01,Ryan Tatarcyk,Tatarcyk Ryan,Bangor,ME,USA,1,T,17151,NA
479297,2024,KENDUSKEAG,Downriver,Canoe,296,oc2hs,27,TRUE,17152,2937,2643,2125,118,286,27,229,kenduskeag,TRUE,paddler,NA,Conor Melanson,Melanson Conor,Orono,ME,USA,NA,NA,NA,NA
479297,2024,KENDUSKEAG,Downriver,Canoe,296,oc2hs,27,TRUE,17152,2937,2643,2125,118,286,27,229,kenduskeag,TRUE,paddler,NA,Andrew Van Dyke,Van Dyke Andrew,Orono,ME,USA,NA,NA,NA,NA
345925,2021,KENDUSKEAG,Downriver,Canoe,466,oc2short,21,TRUE,17157,2938,2644,2126,116,110,21,86,kenduskeag,TRUE,paddler,NA,Abi Martin,Martin Abi,Veazie,ME,USA,NA,NA,NA,NA
345925,2021,KENDUSKEAG,Downriver,Canoe,466,oc2short,21,TRUE,17157,2938,2644,2126,116,110,21,86,kenduskeag,TRUE,paddler,NA,Joe McCloskey,McCloskey Joe,Veazie,ME,USA,NA,NA,NA,NA
424082,2023,KENDUSKEAG,Downriver,Canoe,339,oc2mixrec,33,TRUE,17164,2940,2646,2128,213,299,33,227,kenduskeag,TRUE,paddler,NA,Justin Dandurand,Dandurand Justin,Orono,ME,USA,NA,NA,NA,NA
424082,2023,KENDUSKEAG,Downriver,Canoe,339,oc2mixrec,33,TRUE,17164,2940,2646,2128,213,299,33,227,kenduskeag,TRUE,paddler,NA,Julia Hiltonsmith,Hiltonsmith Julia,Orono,ME,USA,NA,NA,NA,NA
424223,2023,KENDUSKEAG,Downriver,Canoe,345,oc2hs,25,TRUE,17170,2942,2648,2130,119,300,25,228,kenduskeag,TRUE,paddler,NA,Jackson Bisson,Bisson Jackson,Rumford,ME,USA,NA,NA,NA,NA
424223,2023,KENDUSKEAG,Downriver,Canoe,345,oc2hs,25,TRUE,17170,2942,2648,2130,119,300,25,228,kenduskeag,TRUE,paddler,NA,River Durant,Durant River,Rumford,ME,USA,NA,NA,NA,NA
424116,2023,KENDUSKEAG,Downriver,Canoe,191,oc2rec,30,TRUE,17171,2943,2649,2131,130,301,30,229,kenduskeag,TRUE,paddler,NA,Jacob Ward,Ward Jacob,Glenburn,ME,USA,NA,NA,NA,NA
424116,2023,KENDUSKEAG,Downriver,Canoe,191,oc2rec,30,TRUE,17171,2943,2649,2131,130,301,30,229,kenduskeag,TRUE,paddler,NA,Michael Ward,Ward Michael,Hampden,ME,USA,NA,NA,NA,NA
479298,2024,KENDUSKEAG,Downriver,Canoe,300,oc2hs,28,TRUE,17172,2944,2650,2132,120,287,28,230,kenduskeag,TRUE,paddler,NA,Mayla Madison,Madison Mayla,Minden,NV,USA,NA,NA,NA,NA
479298,2024,KENDUSKEAG,Downriver,Canoe,300,oc2hs,28,TRUE,17172,2944,2650,2132,120,287,28,230,kenduskeag,TRUE,paddler,NA,Victoria Stepeck,Stepeck Victoria,Oxford,CT,USA,NA,NA,NA,NA
229491,2016,KENDUSKEAG,Downriver,Kayak,170,k1rec,20,TRUE,17179,2945,2651,434,114,368,20,63,kenduskeag,TRUE,paddler,NA,Billy Ball,Ball Billy,Veazie,ME,USA,1,T,17179,NA
479132,2024,KENDUSKEAG,Downriver,Canoe,156,oc2mixrec,24,TRUE,17187,2946,2652,2133,214,288,24,231,kenduskeag,TRUE,paddler,NA,Henry Moniz,Moniz Henry,Poland,ME,USA,NA,NA,NA,NA
479132,2024,KENDUSKEAG,Downriver,Canoe,156,oc2mixrec,24,TRUE,17187,2946,2652,2133,214,288,24,231,kenduskeag,TRUE,paddler,NA,Amber Saucier,Saucier Amber,Poland,ME,USA,NA,NA,NA,NA
240395,2017,KENDUSKEAG,Downriver,Canoe,327,oc2mediumrec,49,TRUE,17197,2947,2653,2134,176,348,49,289,kenduskeag,TRUE,paddler,NA,Jarid Leonard,Leonard Jarid,Hampden,ME,USA,1,T,17197,NA
240395,2017,KENDUSKEAG,Downriver,Canoe,327,oc2mediumrec,49,TRUE,17197,2947,2653,2134,176,348,49,289,kenduskeag,TRUE,paddler,NA,Aaron Pinkham,Pinkham Aaron,Old Town,ME,USA,1,T,17197,NA
345973,2021,KENDUSKEAG,Downriver,Canoe,5,open,14,TRUE,17203,2949,2655,2136,209,111,14,87,kenduskeag,TRUE,paddler,NA,Philip Drew,Drew Philip,Glenburn,ME,USA,NA,NA,NA,NA
345973,2021,KENDUSKEAG,Downriver,Canoe,5,open,14,TRUE,17203,2949,2655,2136,209,111,14,87,kenduskeag,TRUE,paddler,NA,David Naughton,Naughton David,Amherst,MA,USA,NA,NA,NA,NA
345973,2021,KENDUSKEAG,Downriver,Canoe,5,open,14,TRUE,17203,2949,2655,2136,209,111,14,87,kenduskeag,TRUE,paddler,NA,Patrick Skall,Skall Patrick,Gorham,ME,USA,NA,NA,NA,NA
345974,2021,KENDUSKEAG,Downriver,Canoe,9,open,15,TRUE,17231,2953,2659,2140,210,113,15,89,kenduskeag,TRUE,paddler,NA,Brandon Drinkwater,Drinkwater Brandon,Belfast,ME,USA,NA,NA,NA,NA
345974,2021,KENDUSKEAG,Downriver,Canoe,9,open,15,TRUE,17231,2953,2659,2140,210,113,15,89,kenduskeag,TRUE,paddler,NA,Zak Hollingshead,Hollingshead Zak,Warren,ME,USA,NA,NA,NA,NA
345974,2021,KENDUSKEAG,Downriver,Canoe,9,open,15,TRUE,17231,2953,2659,2140,210,113,15,89,kenduskeag,TRUE,paddler,NA,Evan Vincent,Vincent Evan,Saugus,MA,USA,NA,NA,NA,NA
478964,2024,KENDUSKEAG,Downriver,Unknown,18,open,20,TRUE,17233,2954,2660,85,211,290,20,20,kenduskeag,TRUE,paddler,NA,Eliza Broughton,Broughton Eliza,Bangor,ME,USA,NA,NA,NA,NA
478964,2024,KENDUSKEAG,Downriver,Unknown,18,open,20,TRUE,17233,2954,2660,85,211,290,20,20,kenduskeag,TRUE,paddler,NA,Grace Broughton,Broughton Grace,Ellsworth,ME,USA,NA,NA,NA,NA
478964,2024,KENDUSKEAG,Downriver,Unknown,18,open,20,TRUE,17233,2954,2660,85,211,290,20,20,kenduskeag,TRUE,paddler,NA,Jen Winter,Winter Jen,Ellsworth,ME,USA,NA,NA,NA,NA
229379,2016,KENDUSKEAG,Downriver,Canoe,40,open,33,TRUE,17237,2956,2662,2142,212,371,33,308,kenduskeag,TRUE,paddler,NA,Bret Butler,Butler Bret,Limestone,ME,USA,1,T,17237,NA
229379,2016,KENDUSKEAG,Downriver,Canoe,40,open,33,TRUE,17237,2956,2662,2142,212,371,33,308,kenduskeag,TRUE,paddler,NA,James Fitzpatrick,Fitzpatrick James,Houlton,ME,USA,1,T,17237,NA
229379,2016,KENDUSKEAG,Downriver,Canoe,40,open,33,TRUE,17237,2956,2662,2142,212,371,33,308,kenduskeag,TRUE,paddler,NA,Josh Puckett,Puckett Josh,Brewer,ME,USA,1,T,17237,NA
229667,2016,KENDUSKEAG,Downriver,Canoe,359,oc2shortrec,29,TRUE,17244,2957,2663,2143,189,372,29,309,kenduskeag,TRUE,paddler,NA,Ben Ameral,Ameral Ben,Holden,ME,USA,1,T,17244,NA
229667,2016,KENDUSKEAG,Downriver,Canoe,359,oc2shortrec,29,TRUE,17244,2957,2663,2143,189,372,29,309,kenduskeag,TRUE,paddler,jordanju01,Justin Jordan,Jordan Justin,Holden,ME,USA,1,T,17244,NA
479252,2024,KENDUSKEAG,Downriver,Canoe,260,oc2shortbeg,17,TRUE,17252,2958,2664,2144,139,291,17,233,kenduskeag,TRUE,paddler,NA,Nathan Casey,Casey Nathan,Bangor,ME,USA,NA,NA,NA,NA
479252,2024,KENDUSKEAG,Downriver,Canoe,260,oc2shortbeg,17,TRUE,17252,2958,2664,2144,139,291,17,233,kenduskeag,TRUE,paddler,NA,Colby McGary,McGary Colby,Dixmont,ME,USA,NA,NA,NA,NA
345886,2021,KENDUSKEAG,Downriver,Canoe,637,oc2mediumrec,22,TRUE,17258,2959,2665,2145,177,114,22,90,kenduskeag,TRUE,paddler,bennetbo01,Bob Bennett,Bennett Bob,Wiscasset,ME,USA,NA,NA,NA,NA
345886,2021,KENDUSKEAG,Downriver,Canoe,637,oc2mediumrec,22,TRUE,17258,2959,2665,2145,177,114,22,90,kenduskeag,TRUE,paddler,NA,Maggie Johnson,Johnson Maggie,Wiscasset,ME,USA,NA,NA,NA,NA
423998,2023,KENDUSKEAG,Downriver,Kayak,84,k1short,20,TRUE,17259,2960,2666,435,141,303,20,45,kenduskeag,TRUE,paddler,NA,Ian Staples,Staples Ian,Chester,VT,USA,NA,NA,NA,NA
479202,2024,KENDUSKEAG,Downriver,Canoe,383,oc2shortrec,34,TRUE,17265,2961,2667,2146,190,292,34,234,kenduskeag,TRUE,paddler,NA,Winston Simmons,Simmons Winston,Corinth,ME,USA,NA,NA,NA,NA
479202,2024,KENDUSKEAG,Downriver,Canoe,383,oc2shortrec,34,TRUE,17265,2961,2667,2146,190,292,34,234,kenduskeag,TRUE,paddler,NA,Ben Underhill,Underhill Ben,Corinth,ME,USA,NA,NA,NA,NA
249515,2018,KENDUSKEAG,Downriver,Canoe,319,oc2mediumrec,33,TRUE,17301,2962,2668,2147,178,346,33,285,kenduskeag,TRUE,paddler,NA,Alex Acquisto,Acquisto Alex,Bangor,ME,USA,1,T,17301,NA
249515,2018,KENDUSKEAG,Downriver,Canoe,319,oc2mediumrec,33,TRUE,17301,2962,2668,2147,178,346,33,285,kenduskeag,TRUE,paddler,NA,Callie Ferguson,Ferguson Callie,Bangor,ME,USA,1,T,17301,NA
345975,2021,KENDUSKEAG,Downriver,SUP,473,open,16,TRUE,17308,2963,2669,2,213,115,16,2,kenduskeag,TRUE,paddler,NA,Sean Kluttz,Kluttz Sean,Kennebunkport,ME,USA,NA,NA,NA,NA
479164,2024,KENDUSKEAG,Downriver,Canoe,180,oc2rec,30,TRUE,17315,2964,2670,2148,131,293,30,235,kenduskeag,TRUE,paddler,NA,Brandon Moontri,Moontri Brandon,Brewer,ME,USA,NA,NA,NA,NA
479164,2024,KENDUSKEAG,Downriver,Canoe,180,oc2rec,30,TRUE,17315,2964,2670,2148,131,293,30,235,kenduskeag,TRUE,paddler,tatarcry01,Ryan Tatarcyk,Tatarcyk Ryan,Bangor,ME,USA,NA,NA,NA,NA
240441,2017,KENDUSKEAG,Downriver,Canoe,379,oc2shortrec,18,TRUE,17335,2966,2672,2150,191,349,18,290,kenduskeag,TRUE,paddler,NA,Ben Lydon,Lydon Ben,Cape Elizabeth,ME,USA,1,T,17335,NA
240441,2017,KENDUSKEAG,Downriver,Canoe,379,oc2shortrec,18,TRUE,17335,2966,2672,2150,191,349,18,290,kenduskeag,TRUE,paddler,NA,Daniel Matusko,Matusko Daniel,Cape Elizabeth,ME,USA,1,T,17335,NA
249277,2018,KENDUSKEAG,Downriver,Canoe,23,open,31,TRUE,17344,2967,2673,2151,214,347,31,286,kenduskeag,TRUE,paddler,NA,Logan Chadbourne,Chadbourne Logan,Palmyra,ME,USA,1,T,17344,NA
249277,2018,KENDUSKEAG,Downriver,Canoe,23,open,31,TRUE,17344,2967,2673,2151,214,347,31,286,kenduskeag,TRUE,paddler,NA,Scott Loureiro,Loureiro Scott,Palmyra,ME,USA,1,T,17344,NA
249277,2018,KENDUSKEAG,Downriver,Canoe,23,open,31,TRUE,17344,2967,2673,2151,214,347,31,286,kenduskeag,TRUE,paddler,NA,Josh Savageau,Savageau Josh,Burnham,ME,USA,1,T,17344,NA
229451,2016,KENDUSKEAG,Downriver,Kayak,118,k1short,14,TRUE,17351,2968,2674,436,142,373,14,64,kenduskeag,TRUE,paddler,NA,Joshua Pomerleau,Pomerleau Joshua,Raymond,ME,USA,1,T,17351,NA
424083,2023,KENDUSKEAG,Downriver,Canoe,151,oc2mixrec,34,TRUE,17355,2969,2675,2152,215,304,34,231,kenduskeag,TRUE,paddler,NA,Matthew Lasher,Lasher Matthew,Wells,ME,USA,NA,NA,NA,NA
424083,2023,KENDUSKEAG,Downriver,Canoe,151,oc2mixrec,34,TRUE,17355,2969,2675,2152,215,304,34,231,kenduskeag,TRUE,paddler,NA,Mary Allison Navia,Navia Mary Allison,Wells,ME,USA,NA,NA,NA,NA
424224,2023,KENDUSKEAG,Downriver,Canoe,316,oc2hs,26,TRUE,17382,2972,2678,2155,121,305,26,232,kenduskeag,TRUE,paddler,NA,Bridget Dempsey,Dempsey Bridget,Bar Harbor,ME,USA,NA,NA,NA,NA
424224,2023,KENDUSKEAG,Downriver,Canoe,316,oc2hs,26,TRUE,17382,2972,2678,2155,121,305,26,232,kenduskeag,TRUE,paddler,NA,Jeremy Powers,Powers Jeremy,Ipswich,MA,USA,NA,NA,NA,NA
424225,2023,KENDUSKEAG,Downriver,Canoe,317,oc2hs,27,TRUE,17382,2973,2679,2156,122,306,27,233,kenduskeag,TRUE,paddler,NA,Melanie Powers,Powers Melanie,Bar Harbor,ME,USA,NA,NA,NA,NA
424225,2023,KENDUSKEAG,Downriver,Canoe,317,oc2hs,27,TRUE,17382,2973,2679,2156,122,306,27,233,kenduskeag,TRUE,paddler,NA,Sarah Taylor,Taylor Sarah,Bar Harbor,ME,USA,NA,NA,NA,NA
358551,2022,KENDUSKEAG,Downriver,Kayak,82,k1short,17,TRUE,17406,2977,2683,437,143,300,17,48,kenduskeag,TRUE,paddler,NA,Allen Batchelder,Batchelder Allen,Etna,ME,USA,NA,NA,NA,NA
345957,2021,KENDUSKEAG,Downriver,Kayak,325,k1short,11,TRUE,17411,2979,2685,438,144,119,11,24,kenduskeag,TRUE,paddler,NA,Nicholas Oettinger,Oettinger Nicholas,Winterport,ME,USA,NA,NA,NA,NA
527733,2025,KENDUSKEAG,Downriver,Kayak,134,k1rec,12,TRUE,17434,2981,2687,439,115,300,12,48,kenduskeag,TRUE,paddler,NA,Justin Belanger,Belanger Justin,Bangor,ME,USA,NA,NA,NA,NA
240439,2017,KENDUSKEAG,Downriver,Canoe,377,oc2shortrec,19,TRUE,17445,2983,2689,2163,192,350,19,291,kenduskeag,TRUE,paddler,NA,Michael Emery,Emery Michael,Benton,ME,USA,1,T,17445,NA
240439,2017,KENDUSKEAG,Downriver,Canoe,377,oc2shortrec,19,TRUE,17445,2983,2689,2163,192,350,19,291,kenduskeag,TRUE,paddler,NA,Paul Gordon,Gordon Paul,Waterville,ME,USA,1,T,17445,NA
527675,2025,KENDUSKEAG,Downriver,Canoe,379,oc2short,10,TRUE,17469,2984,2690,2164,117,301,10,235,kenduskeag,TRUE,paddler,NA,Henri McCourt,McCourt Henri,Farmington,ME,USA,NA,NA,NA,NA
527675,2025,KENDUSKEAG,Downriver,Canoe,379,oc2short,10,TRUE,17469,2984,2690,2164,117,301,10,235,kenduskeag,TRUE,paddler,NA,Matthew McCourt,McCourt Matthew,Farmington,ME,USA,NA,NA,NA,NA
345926,2021,KENDUSKEAG,Downriver,Canoe,348,oc2short,22,TRUE,17471,2985,2691,2165,118,120,22,94,kenduskeag,TRUE,paddler,NA,Joseph Kerr,Kerr Joseph,Orono,ME,USA,NA,NA,NA,NA
345926,2021,KENDUSKEAG,Downriver,Canoe,348,oc2short,22,TRUE,17471,2985,2691,2165,118,120,22,94,kenduskeag,TRUE,paddler,NA,Alessio Mortelliti,Mortelliti Alessio,Orono,ME,USA,NA,NA,NA,NA
527711,2025,KENDUSKEAG,Downriver,Kayak,90,k1short,15,TRUE,17476,2987,2693,440,145,302,15,49,kenduskeag,TRUE,paddler,NA,Scott Mannke,Mannke Scott,Levant,ME,USA,NA,NA,NA,NA
479133,2024,KENDUSKEAG,Downriver,Canoe,159,oc2mixrec,25,TRUE,17499,2990,2696,2169,216,298,25,240,kenduskeag,TRUE,paddler,NA,Jamie Behan,Behan Jamie,Portland,ME,USA,NA,NA,NA,NA
479133,2024,KENDUSKEAG,Downriver,Canoe,159,oc2mixrec,25,TRUE,17499,2990,2696,2169,216,298,25,240,kenduskeag,TRUE,paddler,NA,Nicholas Steenberg,Steenberg Nicholas,Portland,ME,USA,NA,NA,NA,NA
479165,2024,KENDUSKEAG,Downriver,Canoe,187,oc2rec,31,TRUE,17505,2991,2697,2170,132,299,31,241,kenduskeag,TRUE,paddler,NA,Wyatt Pyzynski,Pyzynski Wyatt,Bangor,ME,USA,NA,NA,NA,NA
479165,2024,KENDUSKEAG,Downriver,Canoe,187,oc2rec,31,TRUE,17505,2991,2697,2170,132,299,31,241,kenduskeag,TRUE,paddler,NA,Ben Rote,Rote Ben,Brunswick,ME,USA,NA,NA,NA,NA
527734,2025,KENDUSKEAG,Downriver,Kayak,122,k1rec,13,TRUE,17521,2993,2699,441,116,304,13,50,kenduskeag,TRUE,paddler,NA,Jeanne Moore,Moore Jeanne,Dover Foxcroft,ME,USA,NA,NA,NA,NA
424117,2023,KENDUSKEAG,Downriver,Canoe,302,oc2rec,31,TRUE,17562,2997,2703,2174,133,307,31,234,kenduskeag,TRUE,paddler,NA,Cavan Dudley,Dudley Cavan,Orono,ME,USA,NA,NA,NA,NA
424117,2023,KENDUSKEAG,Downriver,Canoe,302,oc2rec,31,TRUE,17562,2997,2703,2174,133,307,31,234,kenduskeag,TRUE,paddler,NA,Joe Seefried,Seefried Joe,Howland,ME,USA,NA,NA,NA,NA
258207,2019,KENDUSKEAG,Downriver,Canoe,84,oc2short,13,TRUE,17575,2999,295,223,13,295,13,223,kenduskeag2019,TRUE,paddler,NA,Nathan Hale,Hale Nathan,Medway,ME,USA,1,T,17575,NA
258207,2019,KENDUSKEAG,Downriver,Canoe,84,oc2short,13,TRUE,17575,2999,295,223,13,295,13,223,kenduskeag2019,TRUE,paddler,NA,Paul Michaud,Michaud Paul,Waterville,ME,USA,1,T,17575,NA
527735,2025,KENDUSKEAG,Downriver,Kayak,112,k1rec,14,TRUE,17598,3000,2705,443,117,305,14,51,kenduskeag,TRUE,paddler,NA,Bill Beyenberg,Beyenberg Bill,Corinth,ME,USA,NA,NA,NA,NA
527736,2025,KENDUSKEAG,Downriver,Kayak,127,k1rec,15,TRUE,17598,3001,2706,444,118,306,15,52,kenduskeag,TRUE,paddler,whitejo01,Jonathan White,White Jonathan,Orono,ME,USA,NA,NA,NA,NA
527737,2025,KENDUSKEAG,Downriver,Kayak,118,k1rec,16,TRUE,17610,3002,2707,445,119,307,16,53,kenduskeag,TRUE,paddler,NA,Ben Frenette,Frenette Ben,Bangor,ME,USA,NA,NA,NA,NA
527738,2025,KENDUSKEAG,Downriver,Kayak,111,k1rec,17,TRUE,17618,3005,2710,446,120,308,17,54,kenduskeag,TRUE,paddler,NA,Amanda Beyenberg,Beyenberg Amanda,Corinth,ME,USA,NA,NA,NA,NA
345958,2021,KENDUSKEAG,Downriver,Kayak,323,k1short,12,TRUE,17692,3012,2717,447,146,122,12,25,kenduskeag,TRUE,paddler,NA,Keith Manaker,Manaker Keith,Orono,ME,USA,NA,NA,NA,NA
219671,2015,KENDUSKEAG,Downriver,Kayak,101,k1short,14,TRUE,17693,3013,2718,448,147,297,14,54,kenduskeag,TRUE,paddler,NA,Jesse Sidoti,Sidoti Jesse,Newport,ME,USA,1,T,17693,NA
249470,2018,KENDUSKEAG,Downriver,Canoe,264,oc2mixrec,27,TRUE,17694,3014,2719,2184,217,348,27,287,kenduskeag,TRUE,paddler,NA,Sam Martinelli,Martinelli Sam,Orono,ME,USA,1,T,17694,NA
249470,2018,KENDUSKEAG,Downriver,Canoe,264,oc2mixrec,27,TRUE,17694,3014,2719,2184,217,348,27,287,kenduskeag,TRUE,paddler,NA,Sarah Martinelli,Martinelli Sarah,Orono,ME,USA,1,T,17694,NA
479038,2024,KENDUSKEAG,Downriver,Kayak,81,k1short,10,TRUE,17698,3015,2720,449,148,303,10,39,kenduskeag,TRUE,paddler,NA,Ann King,King Ann,Eddington,ME,USA,NA,NA,NA,NA
229571,2016,KENDUSKEAG,Downriver,Canoe,256,oc2mixrec,20,TRUE,17702,3017,2722,2186,218,382,20,318,kenduskeag,TRUE,paddler,NA,Hannah Chavis,Chavis Hannah,Fairfield,ME,USA,1,T,17702,NA
229571,2016,KENDUSKEAG,Downriver,Canoe,256,oc2mixrec,20,TRUE,17702,3017,2722,2186,218,382,20,318,kenduskeag,TRUE,paddler,NA,Justin Libby,Libby Justin,Milford,ME,USA,1,T,17702,NA
249469,2018,KENDUSKEAG,Downriver,Canoe,263,oc2mixrec,28,TRUE,17727,3019,2724,2188,219,349,28,288,kenduskeag,TRUE,paddler,NA,Heather Furth,Furth Heather,Orono,ME,USA,1,T,17727,NA
249469,2018,KENDUSKEAG,Downriver,Canoe,263,oc2mixrec,28,TRUE,17727,3019,2724,2188,219,349,28,288,kenduskeag,TRUE,paddler,NA,Sean Smith,Smith Sean,Orono,ME,USA,1,T,17727,NA
240362,2017,KENDUSKEAG,Downriver,Canoe,292,oc2mixrec,29,TRUE,17733,3020,2725,2189,220,353,29,294,kenduskeag,TRUE,paddler,NA,Catherine Boysen,Boysen Catherine,West Lebanon,NH,USA,1,T,17733,NA
240362,2017,KENDUSKEAG,Downriver,Canoe,292,oc2mixrec,29,TRUE,17733,3020,2725,2189,220,353,29,294,kenduskeag,TRUE,paddler,NA,Jonathan Steitzer,Steitzer Jonathan,West Lebanon,NH,USA,1,T,17733,NA
527874,2025,KENDUSKEAG,Downriver,Canoe,262,oc2shortrec,19,TRUE,17735,3021,2726,2190,193,313,19,241,kenduskeag,TRUE,paddler,speedbe01,Benjamin Speed,Speed Benjamin,Bangor,ME,USA,NA,NA,NA,NA
527874,2025,KENDUSKEAG,Downriver,Canoe,262,oc2shortrec,19,TRUE,17735,3021,2726,2190,193,313,19,241,kenduskeag,TRUE,paddler,NA,Sarina Speed,Speed Sarina,Bangor,ME,USA,NA,NA,NA,NA
345959,2021,KENDUSKEAG,Downriver,Kayak,324,k1short,13,TRUE,17737,3022,2727,450,149,123,13,26,kenduskeag,TRUE,paddler,NA,Joseph Lezotte,Lezotte Joseph,Bangor,ME,USA,NA,NA,NA,NA
229482,2016,KENDUSKEAG,Downriver,Kayak,158,k1rec,21,TRUE,17754,3025,2730,452,121,384,21,65,kenduskeag,TRUE,paddler,NA,Benjamin Fowler,Fowler Benjamin,Bangor,ME,USA,1,T,17754,NA
229627,2016,KENDUSKEAG,Downriver,Canoe,314,oc2mediumrec,42,TRUE,17760,3026,2731,2192,179,385,42,320,kenduskeag,TRUE,paddler,NA,Jim Tibbits,Tibbits Jim,Old Town,ME,USA,1,T,17760,NA
229627,2016,KENDUSKEAG,Downriver,Canoe,314,oc2mediumrec,42,TRUE,17760,3026,2731,2192,179,385,42,320,kenduskeag,TRUE,paddler,NA,Riley Tibbits,Tibbits Riley,Old Town,ME,USA,1,T,17760,NA
229663,2016,KENDUSKEAG,Downriver,Canoe,353,oc2shortrec,30,TRUE,17808,3029,2734,2195,194,386,30,321,kenduskeag,TRUE,paddler,NA,Ian Lamberton,Lamberton Ian,Hampden,ME,USA,1,T,17808,NA
229663,2016,KENDUSKEAG,Downriver,Canoe,353,oc2shortrec,30,TRUE,17808,3029,2734,2195,194,386,30,321,kenduskeag,TRUE,paddler,NA,Gregory Milan,Milan Gregory,Hampden,ME,USA,1,T,17808,NA
240492,2017,KENDUSKEAG,Downriver,Canoe,447,oc2hs,4,TRUE,17812,3031,2736,2197,123,354,4,295,kenduskeag,TRUE,paddler,NA,Nathaniel Erskine,Erskine Nathaniel,Dixmont,ME,USA,1,T,17812,NA
240492,2017,KENDUSKEAG,Downriver,Canoe,447,oc2hs,4,TRUE,17812,3031,2736,2197,123,354,4,295,kenduskeag,TRUE,paddler,NA,Michael LaChance,LaChance Michael,St Albans,ME,USA,1,T,17812,NA
229639,2016,KENDUSKEAG,Downriver,Canoe,329,oc2shortrec,31,TRUE,17819,3032,2737,2198,195,388,31,323,kenduskeag,TRUE,paddler,NA,David Blood,Blood David,North Berwick,ME,USA,1,T,17819,NA
229639,2016,KENDUSKEAG,Downriver,Canoe,329,oc2shortrec,31,TRUE,17819,3032,2737,2198,195,388,31,323,kenduskeag,TRUE,paddler,bondpa01,Pat Bond,Bond Pat,West Newfield,ME,USA,1,T,17819,NA
345976,2021,KENDUSKEAG,Downriver,SUP,19,open,17,TRUE,17877,3036,2741,3,215,124,17,3,kenduskeag,TRUE,paddler,NA,Anthony Viselli,Viselli Anthony,Bangor,ME,USA,NA,NA,NA,NA
345927,2021,KENDUSKEAG,Downriver,Canoe,342,oc2short,23,TRUE,17880,3037,2742,2202,119,125,23,96,kenduskeag,TRUE,paddler,NA,Nick Dieffeneacher,Dieffeneacher Nick,York,ME,USA,NA,NA,NA,NA
345927,2021,KENDUSKEAG,Downriver,Canoe,342,oc2short,23,TRUE,17880,3037,2742,2202,119,125,23,96,kenduskeag,TRUE,paddler,NA,Krall,Krall,York,ME,USA,NA,NA,NA,NA
345927,2021,KENDUSKEAG,Downriver,Canoe,342,oc2short,23,TRUE,17880,3037,2742,2202,119,125,23,96,kenduskeag,TRUE,paddler,NA,Jason Millette,Millette Jason,NA,NA,NA,NA,NA,NA,NA
345887,2021,KENDUSKEAG,Downriver,Canoe,471,oc2mediumrec,23,TRUE,17893,3039,2744,2204,180,126,23,97,kenduskeag,TRUE,paddler,NA,Brandon Moontri,Moontri Brandon,Bangor,ME,USA,NA,NA,NA,NA
345887,2021,KENDUSKEAG,Downriver,Canoe,471,oc2mediumrec,23,TRUE,17893,3039,2744,2204,180,126,23,97,kenduskeag,TRUE,paddler,tatarcry01,Ryan Tatarcyk,Tatarcyk Ryan,Bangor,ME,USA,NA,NA,NA,NA
229495,2016,KENDUSKEAG,Downriver,Kayak,174,k1rec,22,TRUE,17908,3043,2748,453,122,391,22,66,kenduskeag,TRUE,paddler,NA,Earl Gary,Gary Earl,Corinth,ME,USA,1,T,17908,NA
358515,2022,KENDUSKEAG,Downriver,Canoe,46,oc2short,15,TRUE,17916,3046,2751,2210,120,301,15,234,kenduskeag,TRUE,paddler,NA,Mathew Cavanaugh,Cavanaugh Mathew,Milford,ME,USA,NA,NA,NA,NA
358515,2022,KENDUSKEAG,Downriver,Canoe,46,oc2short,15,TRUE,17916,3046,2751,2210,120,301,15,234,kenduskeag,TRUE,paddler,NA,Thomas Moriarity,Moriarity Thomas,Old town,ME,USA,NA,NA,NA,NA
229494,2016,KENDUSKEAG,Downriver,Kayak,173,k1rec,23,TRUE,17920,3048,2753,454,123,392,23,67,kenduskeag,TRUE,paddler,NA,Coleman Gary,Gary Coleman,Brewer,ME,USA,1,T,17920,NA
527855,2025,KENDUSKEAG,Downriver,Canoe,366,oc2rec,29,TRUE,17936,3053,2758,2216,134,315,29,243,kenduskeag,TRUE,paddler,NA,Griffin Rockwell,Rockwell Griffin,Boulder,CO,USA,NA,NA,NA,NA
527855,2025,KENDUSKEAG,Downriver,Canoe,366,oc2rec,29,TRUE,17936,3053,2758,2216,134,315,29,243,kenduskeag,TRUE,paddler,NA,Jeffrey Shimer,Shimer Jeffrey,Boulder,CO,USA,NA,NA,NA,NA
345888,2021,KENDUSKEAG,Downriver,Canoe,638,oc2mediumrec,24,TRUE,17951,3055,2760,2218,181,128,24,99,kenduskeag,TRUE,paddler,NA,Conor Egbert,Egbert Conor,Framingham,MA,USA,NA,NA,NA,NA
345888,2021,KENDUSKEAG,Downriver,Canoe,638,oc2mediumrec,24,TRUE,17951,3055,2760,2218,181,128,24,99,kenduskeag,TRUE,paddler,NA,Kyle Looby,Looby Kyle,Framingham,MA,USA,NA,NA,NA,NA
345889,2021,KENDUSKEAG,Downriver,Canoe,629,oc2mediumrec,25,TRUE,17967,3056,2761,2219,182,129,25,100,kenduskeag,TRUE,paddler,NA,Collin Byrne,Byrne Collin,Portland,ME,USA,NA,NA,NA,NA
345889,2021,KENDUSKEAG,Downriver,Canoe,629,oc2mediumrec,25,TRUE,17967,3056,2761,2219,182,129,25,100,kenduskeag,TRUE,paddler,NA,Devin Guimont,Guimont Devin,Boston,MA,USA,NA,NA,NA,NA
423930,2023,KENDUSKEAG,Downriver,Unknown,114,open,29,TRUE,17989,3058,2763,86,216,308,29,29,kenduskeag,TRUE,paddler,NA,Jared McJouldrick,McJouldrick Jared,Belgrade,ME,USA,NA,NA,NA,NA
258243,2019,KENDUSKEAG,Downriver,Kayak,136,k1short,20,TRUE,17990,3059,296,51,20,296,20,51,kenduskeag2019,TRUE,paddler,NA,Joseph Lezotte,Lezotte Joseph,Bangor,ME,USA,1,T,17990,NA
358571,2022,KENDUSKEAG,Downriver,Kayak,130,k1rec,16,TRUE,18015,3060,2764,455,124,302,16,49,kenduskeag,TRUE,paddler,NA,Matthew Shaw,Shaw Matthew,Glenburn,ME,USA,NA,NA,NA,NA
478965,2024,KENDUSKEAG,Downriver,Unknown,319,open,21,TRUE,18017,3061,2765,87,217,314,21,21,kenduskeag,TRUE,paddler,NA,Reid Quirk,Quirk Reid,Orono,ME,USA,NA,NA,NA,NA
478965,2024,KENDUSKEAG,Downriver,Unknown,319,open,21,TRUE,18017,3061,2765,87,217,314,21,21,kenduskeag,TRUE,paddler,NA,Liam Waring,Waring Liam,Orono,ME,USA,NA,NA,NA,NA
478965,2024,KENDUSKEAG,Downriver,Unknown,319,open,21,TRUE,18017,3061,2765,87,217,314,21,21,kenduskeag,TRUE,paddler,NA,Tim Waring,Waring Tim,Orono,ME,USA,NA,NA,NA,NA
229481,2016,KENDUSKEAG,Downriver,Kayak,156,k1rec,24,TRUE,18033,3064,2768,457,125,394,24,68,kenduskeag,TRUE,paddler,NA,Teddy Kajkowski,Kajkowski Teddy,Hermon,ME,USA,1,T,18033,NA
219880,2015,KENDUSKEAG,Downriver,Canoe,368,open,24,TRUE,18041,3065,2769,2222,218,299,24,245,kenduskeag,TRUE,paddler,NA,Craig Roebuck,Roebuck Craig,Otter Creek,ME,USA,1,T,18041,NA
249387,2018,KENDUSKEAG,Downriver,Kayak,160,k1short,25,TRUE,18055,3066,2770,458,150,350,25,62,kenduskeag,TRUE,paddler,NA,Tyson O'Keefe,O'Keefe Tyson,South Portland,ME,USA,1,T,18055,NA
358572,2022,KENDUSKEAG,Downriver,Kayak,107,k1rec,17,TRUE,18058,3067,2771,459,126,303,17,50,kenduskeag,TRUE,paddler,NA,Daniel Jacques,Jacques Daniel,Bangor,ME,USA,NA,NA,NA,NA
479299,2024,KENDUSKEAG,Downriver,Canoe,305,oc2hs,29,TRUE,18062,3068,2772,2223,124,315,29,254,kenduskeag,TRUE,paddler,NA,Lilia Machado,Machado Lilia,Bar Harbor,ME,USA,NA,NA,NA,NA
479299,2024,KENDUSKEAG,Downriver,Canoe,305,oc2hs,29,TRUE,18062,3068,2772,2223,124,315,29,254,kenduskeag,TRUE,paddler,NA,Melanie Powers,Powers Melanie,Bar Harbor,ME,USA,NA,NA,NA,NA
345890,2021,KENDUSKEAG,Downriver,Canoe,631,oc2mediumrec,26,TRUE,18079,3072,2775,2226,183,131,26,102,kenduskeag,TRUE,paddler,NA,Dennis Forest,Forest Dennis,Framingham,MA,USA,NA,NA,NA,NA
345890,2021,KENDUSKEAG,Downriver,Canoe,631,oc2mediumrec,26,TRUE,18079,3072,2775,2226,183,131,26,102,kenduskeag,TRUE,paddler,NA,Kyle Moran,Moran Kyle,Framingham,MA,USA,NA,NA,NA,NA
345891,2021,KENDUSKEAG,Downriver,Canoe,477,oc2mediumrec,27,TRUE,18097,3074,2777,2227,184,132,27,103,kenduskeag,TRUE,paddler,NA,Joseph Ripley,Ripley Joseph,South Portland,ME,USA,NA,NA,NA,NA
345891,2021,KENDUSKEAG,Downriver,Canoe,477,oc2mediumrec,27,TRUE,18097,3074,2777,2227,184,132,27,103,kenduskeag,TRUE,paddler,NA,Marshall Ripley,Ripley Marshall,South Portland,ME,USA,NA,NA,NA,NA
240429,2017,KENDUSKEAG,Downriver,Canoe,364,oc2shortrec,20,TRUE,18110,3075,2778,2228,196,359,20,300,kenduskeag,TRUE,paddler,NA,Jon Fairfield,Fairfield Jon,GLENBURN,ME,USA,1,T,18110,NA
240429,2017,KENDUSKEAG,Downriver,Canoe,364,oc2shortrec,20,TRUE,18110,3075,2778,2228,196,359,20,300,kenduskeag,TRUE,paddler,NA,Douglas Ouellette,Ouellette Douglas,GLENBURN,ME,USA,1,T,18110,NA
358573,2022,KENDUSKEAG,Downriver,Kayak,105,k1rec,18,TRUE,18129,3076,2779,461,127,304,18,51,kenduskeag,TRUE,paddler,NA,Alexander Cole,Cole Alexander,Bangor,ME,USA,NA,NA,NA,NA
345892,2021,KENDUSKEAG,Downriver,Canoe,636,oc2mediumrec,28,TRUE,18148,3077,2780,2229,185,133,28,104,kenduskeag,TRUE,paddler,NA,Tim Waring,Waring Tim,Bangor,ME,USA,NA,NA,NA,NA
345892,2021,KENDUSKEAG,Downriver,Canoe,636,oc2mediumrec,28,TRUE,18148,3077,2780,2229,185,133,28,104,kenduskeag,TRUE,paddler,NA,Zac Wood,Wood Zac,Bangor,ME,USA,NA,NA,NA,NA
479300,2024,KENDUSKEAG,Downriver,Canoe,304,oc2hs,30,TRUE,18148,3078,2781,2230,125,317,30,256,kenduskeag,TRUE,paddler,NA,Addie Festel,Festel Addie,Bar Harbor,ME,USA,NA,NA,NA,NA
479300,2024,KENDUSKEAG,Downriver,Canoe,304,oc2hs,30,TRUE,18148,3078,2781,2230,125,317,30,256,kenduskeag,TRUE,paddler,NA,Minu Toos,Toos Minu,Bar Harbor,ME,USA,NA,NA,NA,NA
240377,2017,KENDUSKEAG,Downriver,Canoe,309,oc2mediumrec,50,TRUE,18173,3084,2787,2234,186,360,50,301,kenduskeag,TRUE,paddler,NA,Sean Meagher,Meagher Sean,Winoski,VT,USA,1,T,18173,NA
240377,2017,KENDUSKEAG,Downriver,Canoe,309,oc2mediumrec,50,TRUE,18173,3084,2787,2234,186,360,50,301,kenduskeag,TRUE,paddler,NA,Thomas Ray,Ray Thomas,Boston,MA,USA,1,T,18173,NA
229405,2016,KENDUSKEAG,Downriver,Canoe,69,oc2short,16,TRUE,18306,3091,2794,2241,121,398,16,328,kenduskeag,TRUE,paddler,deshanhe01,Henry Deshane,Deshane Henry,Glenburn,ME,USA,1,T,18306,NA
229405,2016,KENDUSKEAG,Downriver,Canoe,69,oc2short,16,TRUE,18306,3091,2794,2241,121,398,16,328,kenduskeag,TRUE,paddler,welchca01,Carolyn Welch,Welch Carolyn,Brunswick,ME,USA,1,T,18306,NA
345893,2021,KENDUSKEAG,Downriver,Canoe,481,oc2mediumrec,29,TRUE,18323,3092,2795,2242,187,134,29,105,kenduskeag,TRUE,paddler,NA,Robbie Bickford,Bickford Robbie,Norridgewock,ME,USA,NA,NA,NA,NA
345893,2021,KENDUSKEAG,Downriver,Canoe,481,oc2mediumrec,29,TRUE,18323,3092,2795,2242,187,134,29,105,kenduskeag,TRUE,paddler,NA,Travis Wibby,Wibby Travis,Old Town,ME,USA,NA,NA,NA,NA
479008,2024,KENDUSKEAG,Downriver,Canoe,54,oc2short,7,TRUE,18352,3093,2796,2243,122,322,7,260,kenduskeag,TRUE,paddler,NA,Mathew Cavanaugh,Cavanaugh Mathew,Milford,ME,USA,NA,NA,NA,NA
479008,2024,KENDUSKEAG,Downriver,Canoe,54,oc2short,7,TRUE,18352,3093,2796,2243,122,322,7,260,kenduskeag,TRUE,paddler,moriarto01,Tom Moriarty,Moriarty Tom,Palm Coast,FL,USA,NA,NA,NA,NA
424118,2023,KENDUSKEAG,Downriver,Canoe,181,oc2rec,32,TRUE,18354,3094,2797,2244,135,310,32,235,kenduskeag,TRUE,paddler,NA,Matthew Cavanaugh,Cavanaugh Matthew,Milford,ME,USA,NA,NA,NA,NA
424118,2023,KENDUSKEAG,Downriver,Canoe,181,oc2rec,32,TRUE,18354,3094,2797,2244,135,310,32,235,kenduskeag,TRUE,paddler,moriarto01,Tom Moriarty,Moriarty Tom,Portland,ME,USA,NA,NA,NA,NA
479253,2024,KENDUSKEAG,Downriver,Canoe,315,oc2shortbeg,18,TRUE,18361,3095,2798,2245,140,323,18,261,kenduskeag,TRUE,paddler,NA,Tyler Bourgoin,Bourgoin Tyler,Charleston,ME,USA,NA,NA,NA,NA
479253,2024,KENDUSKEAG,Downriver,Canoe,315,oc2shortbeg,18,TRUE,18361,3095,2798,2245,140,323,18,261,kenduskeag,TRUE,paddler,NA,Jordan Clement,Clement Jordan,Bradford,ME,USA,NA,NA,NA,NA
479039,2024,KENDUSKEAG,Downriver,Kayak,318,k1short,11,TRUE,18369,3096,2799,464,151,324,11,42,kenduskeag,TRUE,paddler,NA,Jim Nicholas,Nicholas Jim,Gloucester,MA,USA,NA,NA,NA,NA
345894,2021,KENDUSKEAG,Downriver,Canoe,603,oc2mediumrec,30,TRUE,18393,3098,2801,2247,188,135,30,106,kenduskeag,TRUE,paddler,NA,Julia Muth,Muth Julia,Sparta,NJ,USA,NA,NA,NA,NA
345894,2021,KENDUSKEAG,Downriver,Canoe,603,oc2mediumrec,30,TRUE,18393,3098,2801,2247,188,135,30,106,kenduskeag,TRUE,paddler,NA,Ryan Pescatore,Pescatore Ryan,Wakefield,MA,USA,NA,NA,NA,NA
249475,2018,KENDUSKEAG,Downriver,Canoe,269,oc2mixrec,29,TRUE,18411,3100,2803,2249,221,353,29,291,kenduskeag,TRUE,paddler,NA,Coplin Fickett,Fickett Coplin,Hampden,ME,USA,1,T,18411,NA
249475,2018,KENDUSKEAG,Downriver,Canoe,269,oc2mixrec,29,TRUE,18411,3100,2803,2249,221,353,29,291,kenduskeag,TRUE,paddler,NA,Catie Luedee,Luedee Catie,Hampden,ME,USA,1,T,18411,NA
345895,2021,KENDUSKEAG,Downriver,Canoe,485,oc2mediumrec,31,TRUE,18415,3101,2804,2250,189,136,31,107,kenduskeag,TRUE,paddler,NA,Andrew Trueworthy,Trueworthy Andrew,Lisbon Falls,ME,USA,NA,NA,NA,NA
345895,2021,KENDUSKEAG,Downriver,Canoe,485,oc2mediumrec,31,TRUE,18415,3101,2804,2250,189,136,31,107,kenduskeag,TRUE,paddler,NA,Matt White,White Matt,Holden,ME,USA,NA,NA,NA,NA
345896,2021,KENDUSKEAG,Downriver,Canoe,605,oc2mediumrec,32,TRUE,18434,3102,2805,2251,190,137,32,108,kenduskeag,TRUE,paddler,NA,Carl Pohllman,Pohllman Carl,Orono,ME,USA,NA,NA,NA,NA
345896,2021,KENDUSKEAG,Downriver,Canoe,605,oc2mediumrec,32,TRUE,18434,3102,2805,2251,190,137,32,108,kenduskeag,TRUE,paddler,NA,Kory Whittum,Whittum Kory,Orono,ME,USA,NA,NA,NA,NA
229589,2016,KENDUSKEAG,Downriver,Canoe,275,oc2mediumrec,43,TRUE,18438,3103,2806,2252,191,400,43,330,kenduskeag,TRUE,paddler,hardyet01,Ethan Hardy,Hardy Ethan,North Berwick,ME,USA,1,T,18438,NA
229589,2016,KENDUSKEAG,Downriver,Canoe,275,oc2mediumrec,43,TRUE,18438,3103,2806,2252,191,400,43,330,kenduskeag,TRUE,paddler,NA,Jesse Swett,Swett Jesse,Sanford,ME,USA,1,T,18438,NA
479064,2024,KENDUSKEAG,Downriver,Kayak,105,k1rec,12,TRUE,18454,3104,2807,465,128,325,12,43,kenduskeag,TRUE,paddler,clarkmi01,Michael Clark,Clark Michael,Skowhegan,ME,USA,NA,NA,NA,NA
479065,2024,KENDUSKEAG,Downriver,Kayak,103,k1rec,13,TRUE,18468,3106,2809,466,129,326,13,44,kenduskeag,TRUE,paddler,NA,Dennis Lisherness,Lisherness Dennis,Madison,ME,USA,NA,NA,NA,NA
424084,2023,KENDUSKEAG,Downriver,Canoe,159,oc2mixrec,35,TRUE,18507,3108,2811,2255,222,312,35,237,kenduskeag,TRUE,paddler,NA,Coplin Fickett,Fickett Coplin,Durham,ME,USA,NA,NA,NA,NA
424084,2023,KENDUSKEAG,Downriver,Canoe,159,oc2mixrec,35,TRUE,18507,3108,2811,2255,222,312,35,237,kenduskeag,TRUE,paddler,NA,Catie Luedee,Luedee Catie,Durham,ME,USA,NA,NA,NA,NA
345897,2021,KENDUSKEAG,Downriver,Canoe,626,oc2mediumrec,33,TRUE,18524,3110,2813,2256,192,138,33,109,kenduskeag,TRUE,paddler,NA,Christina Pickering,Pickering Christina,Bangor,ME,USA,NA,NA,NA,NA
345897,2021,KENDUSKEAG,Downriver,Canoe,626,oc2mediumrec,33,TRUE,18524,3110,2813,2256,192,138,33,109,kenduskeag,TRUE,paddler,pickerdr01,Drew Pickering,Pickering Drew,Bangor,ME,USA,NA,NA,NA,NA
479066,2024,KENDUSKEAG,Downriver,Kayak,102,k1rec,14,TRUE,18570,3112,2815,468,130,328,14,46,kenduskeag,TRUE,paddler,NA,Jarred Lisherness,Lisherness Jarred,Madison,ME,USA,NA,NA,NA,NA
229569,2016,KENDUSKEAG,Downriver,Canoe,254,oc2mixrec,21,TRUE,18577,3113,2816,2258,223,401,21,331,kenduskeag,TRUE,paddler,NA,Sam Martinelli,Martinelli Sam,Hampden,ME,USA,1,T,18577,NA
229569,2016,KENDUSKEAG,Downriver,Canoe,254,oc2mixrec,21,TRUE,18577,3113,2816,2258,223,401,21,331,kenduskeag,TRUE,paddler,NA,Sarah McDonald,McDonald Sarah,Hampden,ME,USA,1,T,18577,NA
479166,2024,KENDUSKEAG,Downriver,Canoe,205,oc2rec,32,TRUE,18604,3114,2817,2259,136,329,32,262,kenduskeag,TRUE,paddler,NA,Trevor Engling,Engling Trevor,Windham,ME,USA,NA,NA,NA,NA
479166,2024,KENDUSKEAG,Downriver,Canoe,205,oc2rec,32,TRUE,18604,3114,2817,2259,136,329,32,262,kenduskeag,TRUE,paddler,NA,Olson Miller,Miller Olson,Windham,ME,USA,NA,NA,NA,NA
345898,2021,KENDUSKEAG,Downriver,Canoe,632,oc2mediumrec,34,TRUE,18653,3116,2819,2261,193,139,34,110,kenduskeag,TRUE,paddler,NA,Paul Koroski,Koroski Paul,Westbrook,ME,USA,NA,NA,NA,NA
345898,2021,KENDUSKEAG,Downriver,Canoe,632,oc2mediumrec,34,TRUE,18653,3116,2819,2261,193,139,34,110,kenduskeag,TRUE,paddler,NA,Joshua Locke,Locke Joshua,Portland,ME,USA,NA,NA,NA,NA
479301,2024,KENDUSKEAG,Downriver,Canoe,309,oc2hs,31,TRUE,18653,3117,2820,2262,126,330,31,263,kenduskeag,TRUE,paddler,NA,Lila Foster,Foster Lila,Bar Harbor,ME,USA,NA,NA,NA,NA
479301,2024,KENDUSKEAG,Downriver,Canoe,309,oc2hs,31,TRUE,18653,3117,2820,2262,126,330,31,263,kenduskeag,TRUE,paddler,NA,Emmy Wahlstroem,Wahlstroem Emmy,Bar Harbor,ME,USA,NA,NA,NA,NA
219636,2015,KENDUSKEAG,Downriver,Canoe,56,oc2short,14,TRUE,18661,3118,2821,2263,123,301,14,247,kenduskeag,TRUE,paddler,NA,Lauren Desjardins,Desjardins Lauren,Gilmanton,NH,USA,1,T,18661,NA
219636,2015,KENDUSKEAG,Downriver,Canoe,56,oc2short,14,TRUE,18661,3118,2821,2263,123,301,14,247,kenduskeag,TRUE,paddler,NA,Paul Newell,Newell Paul,Gilmanton,NH,USA,1,T,18661,NA
229591,2016,KENDUSKEAG,Downriver,Canoe,277,oc2mediumrec,44,TRUE,18705,3121,2824,2266,194,404,44,334,kenduskeag,TRUE,paddler,NA,Dana Albert,Albert Dana,Holden,ME,USA,1,T,18705,NA
229591,2016,KENDUSKEAG,Downriver,Canoe,277,oc2mediumrec,44,TRUE,18705,3121,2824,2266,194,404,44,334,kenduskeag,TRUE,paddler,NA,Nate Baker,Baker Nate,Hampden,ME,USA,1,T,18705,NA
240169,2017,KENDUSKEAG,Downriver,Canoe,45,open,27,TRUE,18712,3122,2825,2267,219,361,27,302,kenduskeag,TRUE,paddler,NA,Katrina Daigle,Daigle Katrina,Glenburn,ME,USA,1,T,18712,NA
240169,2017,KENDUSKEAG,Downriver,Canoe,45,open,27,TRUE,18712,3122,2825,2267,219,361,27,302,kenduskeag,TRUE,paddler,NA,Quin Ramini,Ramini Quin,Gloucester,ME,USA,1,T,18712,NA
240169,2017,KENDUSKEAG,Downriver,Canoe,45,open,27,TRUE,18712,3122,2825,2267,219,361,27,302,kenduskeag,TRUE,paddler,NA,Taylor Wicks,Wicks Taylor,Gloucester,ME,USA,1,T,18712,NA
219637,2015,KENDUSKEAG,Downriver,Canoe,57,oc2short,15,TRUE,18715,3123,2826,2268,124,302,15,248,kenduskeag,TRUE,paddler,NA,Phil Boisvert,Boisvert Phil,Gilmanton,NH,USA,1,T,18715,NA
219637,2015,KENDUSKEAG,Downriver,Canoe,57,oc2short,15,TRUE,18715,3123,2826,2268,124,302,15,248,kenduskeag,TRUE,paddler,NA,Thomas Rubino,Rubino Thomas,Gilmanton,NH,USA,1,T,18715,NA
424085,2023,KENDUSKEAG,Downriver,Canoe,152,oc2mixrec,36,TRUE,18716,3124,2827,2269,224,313,36,238,kenduskeag,TRUE,paddler,NA,Kathy Moriarty,Moriarty Kathy,Old Town,ME,USA,NA,NA,NA,NA
424085,2023,KENDUSKEAG,Downriver,Canoe,152,oc2mixrec,36,TRUE,18716,3124,2827,2269,224,313,36,238,kenduskeag,TRUE,paddler,NA,Shep Sheppard,Sheppard Shep,Old Town,ME,USA,NA,NA,NA,NA
249511,2018,KENDUSKEAG,Downriver,Canoe,315,oc2mediumrec,34,TRUE,18732,3126,2829,2271,195,354,34,292,kenduskeag,TRUE,paddler,NA,Jimmy Haller,Haller Jimmy,Old Town,ME,USA,1,T,18732,NA
249511,2018,KENDUSKEAG,Downriver,Canoe,315,oc2mediumrec,34,TRUE,18732,3126,2829,2271,195,354,34,292,kenduskeag,TRUE,paddler,NA,Joshua Hunnewell,Hunnewell Joshua,Old Town,ME,USA,1,T,18732,NA
424086,2023,KENDUSKEAG,Downriver,Canoe,150,oc2mixrec,37,TRUE,18750,3128,2831,2273,225,314,37,239,kenduskeag,TRUE,paddler,NA,Samuel Sheppard,Sheppard Samuel,Orono,ME,USA,NA,NA,NA,NA
424086,2023,KENDUSKEAG,Downriver,Canoe,150,oc2mixrec,37,TRUE,18750,3128,2831,2273,225,314,37,239,kenduskeag,TRUE,paddler,NA,Danyelle Shufelt,Shufelt Danyelle,South Portland,ME,USA,NA,NA,NA,NA
249288,2018,KENDUSKEAG,Downriver,Canoe,39,open,32,TRUE,18775,3129,2832,2274,220,355,32,293,kenduskeag,TRUE,paddler,NA,Caleb Laberge,Laberge Caleb,Orono,ME,USA,1,T,18775,NA
249288,2018,KENDUSKEAG,Downriver,Canoe,39,open,32,TRUE,18775,3129,2832,2274,220,355,32,293,kenduskeag,TRUE,paddler,NA,Christian Stock,Stock Christian,Orono,ME,USA,1,T,18775,NA
249288,2018,KENDUSKEAG,Downriver,Canoe,39,open,32,TRUE,18775,3129,2832,2274,220,355,32,293,kenduskeag,TRUE,paddler,NA,Nathan Tracy,Tracy Nathan,Skowhegan,ME,USA,1,T,18775,NA
478966,2024,KENDUSKEAG,Downriver,Unknown,16,open,22,TRUE,18789,3130,2833,88,221,331,22,22,kenduskeag,TRUE,paddler,NA,Jared McGouldrick,McGouldrick Jared,Belgrade,ME,USA,NA,NA,NA,NA
424183,2023,KENDUSKEAG,Downriver,Canoe,246,oc2shortbeg,20,TRUE,18794,3131,2834,2275,141,315,20,240,kenduskeag,TRUE,paddler,NA,Tyler Chamberlain,Chamberlain Tyler,Levant,ME,USA,NA,NA,NA,NA
424183,2023,KENDUSKEAG,Downriver,Canoe,246,oc2shortbeg,20,TRUE,18794,3131,2834,2275,141,315,20,240,kenduskeag,TRUE,paddler,NA,Anthony Perkins,Perkins Anthony,Orrington,ME,USA,NA,NA,NA,NA
240426,2017,KENDUSKEAG,Downriver,Canoe,361,oc2shortrec,21,TRUE,18877,3139,2842,2283,197,364,21,305,kenduskeag,TRUE,paddler,NA,John Sanborn,Sanborn John,Benton,ME,USA,1,T,18877,NA
240426,2017,KENDUSKEAG,Downriver,Canoe,361,oc2shortrec,21,TRUE,18877,3139,2842,2283,197,364,21,305,kenduskeag,TRUE,paddler,NA,Ryan Sanborn,Sanborn Ryan,Benton,ME,USA,1,T,18877,NA
527921,2025,KENDUSKEAG,Downriver,Canoe,310,oc2shortbeg,18,TRUE,18948,3140,2843,2284,142,323,18,251,kenduskeag,TRUE,paddler,NA,Dan Masselli,Masselli Dan,New Gloucester,ME,USA,NA,NA,NA,NA
527921,2025,KENDUSKEAG,Downriver,Canoe,310,oc2shortbeg,18,TRUE,18948,3140,2843,2284,142,323,18,251,kenduskeag,TRUE,paddler,NA,Connor McElrath,McElrath Connor,Westpoland,ME,USA,NA,NA,NA,NA
345899,2021,KENDUSKEAG,Downriver,Canoe,608,oc2mediumrec,35,TRUE,18954,3142,2845,2286,196,140,35,111,kenduskeag,TRUE,paddler,NA,Ryan O'Leary,O'Leary Ryan,Scarborough,ME,USA,NA,NA,NA,NA
345899,2021,KENDUSKEAG,Downriver,Canoe,608,oc2mediumrec,35,TRUE,18954,3142,2845,2286,196,140,35,111,kenduskeag,TRUE,paddler,NA,Amy Topchick,Topchick Amy,Scarborough,ME,USA,NA,NA,NA,NA
345900,2021,KENDUSKEAG,Downriver,Canoe,616,oc2mediumrec,36,TRUE,18957,3144,2847,2288,197,141,36,112,kenduskeag,TRUE,paddler,NA,Brad Bell,Bell Brad,Clifton,ME,USA,NA,NA,NA,NA
345900,2021,KENDUSKEAG,Downriver,Canoe,616,oc2mediumrec,36,TRUE,18957,3144,2847,2288,197,141,36,112,kenduskeag,TRUE,paddler,NA,Max Prybylo,Prybylo Max,Bangor,ME,USA,NA,NA,NA,NA
424184,2023,KENDUSKEAG,Downriver,Canoe,232,oc2shortbeg,21,TRUE,18963,3145,2848,2289,143,316,21,241,kenduskeag,TRUE,paddler,NA,Ben Pooler,Pooler Ben,Portland,ME,USA,NA,NA,NA,NA
424184,2023,KENDUSKEAG,Downriver,Canoe,232,oc2shortbeg,21,TRUE,18963,3145,2848,2289,143,316,21,241,kenduskeag,TRUE,paddler,NA,Nicholas Pooler,Pooler Nicholas,Standish,ME,USA,NA,NA,NA,NA
229635,2016,KENDUSKEAG,Downriver,Canoe,324,oc2mediumrec,45,TRUE,18965,3146,2849,2290,198,407,45,337,kenduskeag,TRUE,paddler,NA,John Kirkpatrick,Kirkpatrick John,Otis,ME,USA,1,T,18965,NA
229635,2016,KENDUSKEAG,Downriver,Canoe,324,oc2mediumrec,45,TRUE,18965,3146,2849,2290,198,407,45,337,kenduskeag,TRUE,paddler,NA,Roland Therriault,Therriault Roland,Otis,ME,USA,1,T,18965,NA
240288,2017,KENDUSKEAG,Downriver,Kayak,206,k1rec,17,TRUE,18967,3148,2851,469,131,365,17,60,kenduskeag,TRUE,paddler,NA,Josh King,King Josh,Carmel,ME,USA,1,T,18967,NA
345977,2021,KENDUSKEAG,Downriver,Canoe,18,open,18,TRUE,18968,3149,2852,2292,222,142,18,113,kenduskeag,TRUE,paddler,NA,Cory Barnett,Barnett Cory,Fairfield,ME,USA,NA,NA,NA,NA
345977,2021,KENDUSKEAG,Downriver,Canoe,18,open,18,TRUE,18968,3149,2852,2292,222,142,18,113,kenduskeag,TRUE,paddler,NA,Benjamin Howard,Howard Benjamin,Princeton,ME,USA,NA,NA,NA,NA
345977,2021,KENDUSKEAG,Downriver,Canoe,18,open,18,TRUE,18968,3149,2852,2292,222,142,18,113,kenduskeag,TRUE,paddler,NA,Samuel Howard,Howard Samuel,New gloucester,ME,USA,NA,NA,NA,NA
240289,2017,KENDUSKEAG,Downriver,Kayak,207,k1rec,18,TRUE,18972,3151,2854,470,132,366,18,61,kenduskeag,TRUE,paddler,NA,Jake Worcester,Worcester Jake,Carmel,ME,USA,1,T,18972,NA
424185,2023,KENDUSKEAG,Downriver,Canoe,235,oc2shortbeg,22,TRUE,19029,3157,2860,2299,144,318,22,243,kenduskeag,TRUE,paddler,NA,Mason Robertson,Robertson Mason,Worchester,MA,USA,NA,NA,NA,NA
424185,2023,KENDUSKEAG,Downriver,Canoe,235,oc2shortbeg,22,TRUE,19029,3157,2860,2299,144,318,22,243,kenduskeag,TRUE,paddler,NA,Lucas Wallace,Wallace Lucas,Skowhegan,ME,USA,NA,NA,NA,NA
424186,2023,KENDUSKEAG,Downriver,Canoe,234,oc2shortbeg,23,TRUE,19036,3158,2861,2300,145,319,23,244,kenduskeag,TRUE,paddler,NA,Olivia Boudreau,Boudreau Olivia,Oakland,ME,USA,NA,NA,NA,NA
424186,2023,KENDUSKEAG,Downriver,Canoe,234,oc2shortbeg,23,TRUE,19036,3158,2861,2300,145,319,23,244,kenduskeag,TRUE,paddler,NA,Ethan Wallace,Wallace Ethan,Saco,ME,USA,NA,NA,NA,NA
229368,2016,KENDUSKEAG,Downriver,Canoe,28,open,34,TRUE,19040,3159,2862,2301,223,408,34,338,kenduskeag,TRUE,paddler,NA,Emily Andrews,Andrews Emily,Holden,ME,USA,1,T,19040,NA
229368,2016,KENDUSKEAG,Downriver,Canoe,28,open,34,TRUE,19040,3159,2862,2301,223,408,34,338,kenduskeag,TRUE,paddler,NA,Erica Masters,Masters Erica,Bangor,ME,USA,1,T,19040,NA
229368,2016,KENDUSKEAG,Downriver,Canoe,28,open,34,TRUE,19040,3159,2862,2301,223,408,34,338,kenduskeag,TRUE,paddler,NA,Kristen VanMeter,VanMeter Kristen,Bangor,ME,USA,1,T,19040,NA
479167,2024,KENDUSKEAG,Downriver,Canoe,323,oc2rec,33,TRUE,19049,3160,2863,2302,137,338,33,270,kenduskeag,TRUE,paddler,NA,Tom Guzman,Guzman Tom,Cape Elizabeth,ME,USA,NA,NA,NA,NA
479167,2024,KENDUSKEAG,Downriver,Canoe,323,oc2rec,33,TRUE,19049,3160,2863,2302,137,338,33,270,kenduskeag,TRUE,paddler,NA,William Slack,Slack William,Cape Elizabeth,ME,USA,NA,NA,NA,NA
527739,2025,KENDUSKEAG,Downriver,Kayak,116,k1rec,18,TRUE,19145,3164,2867,471,133,326,18,55,kenduskeag,TRUE,paddler,NA,Terra Dunham,Dunham Terra,Falmouth,ME,USA,NA,NA,NA,NA
358707,2022,KENDUSKEAG,Downriver,Canoe,244,oc2shortrec,27,TRUE,19195,3167,2870,2307,198,308,27,238,kenduskeag,TRUE,paddler,NA,Peter Obrien,Obrien Peter,Orono,ME,USA,NA,NA,NA,NA
358707,2022,KENDUSKEAG,Downriver,Canoe,244,oc2shortrec,27,TRUE,19195,3167,2870,2307,198,308,27,238,kenduskeag,TRUE,paddler,NA,Ethan Wallace,Wallace Ethan,Orono,ME,USA,NA,NA,NA,NA
229352,2016,KENDUSKEAG,Downriver,Canoe,10,open,35,TRUE,19237,3171,2874,2311,224,410,35,340,kenduskeag,TRUE,paddler,NA,Caleb Curtis,Curtis Caleb,Swanton,MA,USA,1,T,19237,NA
229352,2016,KENDUSKEAG,Downriver,Canoe,10,open,35,TRUE,19237,3171,2874,2311,224,410,35,340,kenduskeag,TRUE,paddler,NA,Michael Rubino,Rubino Michael,Wakefield,MA,USA,1,T,19237,NA
229352,2016,KENDUSKEAG,Downriver,Canoe,10,open,35,TRUE,19237,3171,2874,2311,224,410,35,340,kenduskeag,TRUE,paddler,NA,Michael Stewart,Stewart Michael,Wakefield,MA,USA,1,T,19237,NA
345978,2021,KENDUSKEAG,Downriver,Canoe,21,open,19,TRUE,19264,3172,2875,2312,225,144,19,115,kenduskeag,TRUE,paddler,NA,Andrew Bond,Bond Andrew,Greenbush,ME,USA,NA,NA,NA,NA
345978,2021,KENDUSKEAG,Downriver,Canoe,21,open,19,TRUE,19264,3172,2875,2312,225,144,19,115,kenduskeag,TRUE,paddler,NA,Jason Bond,Bond Jason,Greenbush,ME,USA,NA,NA,NA,NA
345978,2021,KENDUSKEAG,Downriver,Canoe,21,open,19,TRUE,19264,3172,2875,2312,225,144,19,115,kenduskeag,TRUE,paddler,NA,Brandon Carroll,Carroll Brandon,Greenfield,ME,USA,NA,NA,NA,NA
479040,2024,KENDUSKEAG,Downriver,Kayak,87,k1short,12,TRUE,19277,3173,2876,473,152,343,12,48,kenduskeag,TRUE,paddler,NA,Justin Belanger,Belanger Justin,Bangor,ME,USA,NA,NA,NA,NA
229657,2016,KENDUSKEAG,Downriver,Canoe,347,oc2shortrec,32,TRUE,19280,3174,2877,2313,199,411,32,341,kenduskeag,TRUE,paddler,NA,Mathew Cavanaugh,Cavanaugh Mathew,Alton,ME,USA,1,T,19280,NA
229657,2016,KENDUSKEAG,Downriver,Canoe,347,oc2shortrec,32,TRUE,19280,3174,2877,2313,199,411,32,341,kenduskeag,TRUE,paddler,moriarto01,Thomas Moriarty,Moriarty Thomas,Old Town,ME,USA,1,T,19280,NA
229656,2016,KENDUSKEAG,Downriver,Canoe,346,oc2shortrec,33,TRUE,19287,3175,2878,2314,200,412,33,342,kenduskeag,TRUE,paddler,NA,Darryl Powell,Powell Darryl,Dover,NH,USA,1,T,19287,NA
229656,2016,KENDUSKEAG,Downriver,Canoe,346,oc2shortrec,33,TRUE,19287,3175,2878,2314,200,412,33,342,kenduskeag,TRUE,paddler,NA,George Powell,Powell George,Stonington,ME,USA,1,T,19287,NA
479168,2024,KENDUSKEAG,Downriver,Canoe,204,oc2rec,34,TRUE,19289,3176,2879,2315,138,344,34,274,kenduskeag,TRUE,paddler,NA,Sean McGuire,McGuire Sean,Bangor,ME,USA,NA,NA,NA,NA
479168,2024,KENDUSKEAG,Downriver,Canoe,204,oc2rec,34,TRUE,19289,3176,2879,2315,138,344,34,274,kenduskeag,TRUE,paddler,NA,Thompson McGuire,McGuire Thompson,Bangor,ME,USA,NA,NA,NA,NA
249384,2018,KENDUSKEAG,Downriver,Kayak,157,k1short,26,TRUE,19290,3177,2880,474,153,357,26,63,kenduskeag,TRUE,paddler,NA,Devyn Robinson,Robinson Devyn,Dexter,ME,USA,1,T,19290,NA
479041,2024,KENDUSKEAG,Downriver,Kayak,85,k1short,13,TRUE,19347,3180,2883,475,154,345,13,49,kenduskeag,TRUE,paddler,NA,Adam Nadeau,Nadeau Adam,Bangor,ME,USA,NA,NA,NA,NA
345901,2021,KENDUSKEAG,Downriver,Canoe,489,oc2mediumrec,37,TRUE,19356,3181,2884,2318,199,145,37,116,kenduskeag,TRUE,paddler,hallerja01,James Haller,Haller James,Orono,ME,USA,NA,NA,NA,NA
345901,2021,KENDUSKEAG,Downriver,Canoe,489,oc2mediumrec,37,TRUE,19356,3181,2884,2318,199,145,37,116,kenduskeag,TRUE,paddler,NA,Margaret Hoare,Hoare Margaret,Old Town,ME,USA,NA,NA,NA,NA
424119,2023,KENDUSKEAG,Downriver,Canoe,169,oc2rec,33,TRUE,19385,3184,2887,2319,139,320,33,245,kenduskeag,TRUE,paddler,NA,Clay Gregg,Gregg Clay,Presque Isle,ME,USA,NA,NA,NA,NA
424119,2023,KENDUSKEAG,Downriver,Canoe,169,oc2rec,33,TRUE,19385,3184,2887,2319,139,320,33,245,kenduskeag,TRUE,paddler,NA,Joeseph Patenaude,Patenaude Joeseph,Orono,ME,USA,NA,NA,NA,NA
229480,2016,KENDUSKEAG,Downriver,Kayak,155,k1rec,25,TRUE,19418,3185,2888,478,134,414,25,71,kenduskeag,TRUE,paddler,NA,James Edgerly,Edgerly James,Madison,ME,USA,1,T,19418,NA
345902,2021,KENDUSKEAG,Downriver,Canoe,490,oc2mediumrec,38,TRUE,19427,3186,2889,2320,200,146,38,117,kenduskeag,TRUE,paddler,NA,Sean McGuire,McGuire Sean,Bangor,ME,USA,NA,NA,NA,NA
345902,2021,KENDUSKEAG,Downriver,Canoe,490,oc2mediumrec,38,TRUE,19427,3186,2889,2320,200,146,38,117,kenduskeag,TRUE,paddler,NA,Gabriel Scarlett,Scarlett Gabriel,Bangor,ME,USA,NA,NA,NA,NA
424120,2023,KENDUSKEAG,Downriver,Canoe,165,oc2rec,34,TRUE,19450,3187,2890,2321,140,321,34,246,kenduskeag,TRUE,paddler,NA,Andrew Trueworthy,Trueworthy Andrew,Lisbon Falls,ME,USA,NA,NA,NA,NA
424120,2023,KENDUSKEAG,Downriver,Canoe,165,oc2rec,34,TRUE,19450,3187,2890,2321,140,321,34,246,kenduskeag,TRUE,paddler,NA,Matthew White,White Matthew,Holden,ME,USA,NA,NA,NA,NA
479203,2024,KENDUSKEAG,Downriver,Canoe,234,oc2shortrec,35,TRUE,19472,3190,2893,2324,201,346,35,275,kenduskeag,TRUE,paddler,NA,Olivia Boudreau,Boudreau Olivia,Oakland,ME,USA,NA,NA,NA,NA
479203,2024,KENDUSKEAG,Downriver,Canoe,234,oc2shortrec,35,TRUE,19472,3190,2893,2324,201,346,35,275,kenduskeag,TRUE,paddler,NA,Lucas Wallace,Wallace Lucas,Skowhegan,ME,USA,NA,NA,NA,NA
527740,2025,KENDUSKEAG,Downriver,Kayak,129,k1rec,19,TRUE,19474,3191,2894,479,135,329,19,58,kenduskeag,TRUE,paddler,NA,Ethan Witham,Witham Ethan,Oakland,ME,USA,NA,NA,NA,NA
527741,2025,KENDUSKEAG,Downriver,Kayak,130,k1rec,20,TRUE,19474,3192,2895,480,136,330,20,59,kenduskeag,TRUE,paddler,NA,Marc Witham,Witham Marc,Oakland,ME,USA,NA,NA,NA,NA
229779,2016,KENDUSKEAG,Downriver,Kayak,483,k1short,15,TRUE,19475,3193,2896,481,155,415,15,72,kenduskeag,TRUE,paddler,NA,Christopher Northwoods RR,Northwoods RR Christopher,Newport,ME,USA,1,T,19475,NA
527922,2025,KENDUSKEAG,Downriver,Canoe,307,oc2shortbeg,19,TRUE,19482,3194,2897,2325,146,331,19,254,kenduskeag,TRUE,paddler,NA,Brent Maatta,Maatta Brent,Westbrook,ME,USA,NA,NA,NA,NA
527922,2025,KENDUSKEAG,Downriver,Canoe,307,oc2shortbeg,19,TRUE,19482,3194,2897,2325,146,331,19,254,kenduskeag,TRUE,paddler,NA,David Sleight,Sleight David,Auburn,ME,USA,NA,NA,NA,NA
358680,2022,KENDUSKEAG,Downriver,Canoe,225,oc2rec,44,TRUE,19486,3195,2898,2326,141,309,44,239,kenduskeag,TRUE,paddler,NA,Cavan Dudley,Dudley Cavan,Orono,ME,USA,NA,NA,NA,NA
358680,2022,KENDUSKEAG,Downriver,Canoe,225,oc2rec,44,TRUE,19486,3195,2898,2326,141,309,44,239,kenduskeag,TRUE,paddler,hallerja01,James Haller,Haller James,Orono,ME,USA,NA,NA,NA,NA
345928,2021,KENDUSKEAG,Downriver,Canoe,318,oc2short,24,TRUE,19494,3196,2899,2327,125,147,24,118,kenduskeag,TRUE,paddler,NA,Zack Leet,Leet Zack,Bangor,ME,USA,NA,NA,NA,NA
345928,2021,KENDUSKEAG,Downriver,Canoe,318,oc2short,24,TRUE,19494,3196,2899,2327,125,147,24,118,kenduskeag,TRUE,paddler,NA,Shaine Tracy,Tracy Shaine,Oakland,ME,USA,NA,NA,NA,NA
479134,2024,KENDUSKEAG,Downriver,Canoe,165,oc2mixrec,26,TRUE,19512,3197,2900,2328,226,347,26,276,kenduskeag,TRUE,paddler,NA,Christian Potts,Potts Christian,Freeport,ME,USA,NA,NA,NA,NA
479134,2024,KENDUSKEAG,Downriver,Canoe,165,oc2mixrec,26,TRUE,19512,3197,2900,2328,226,347,26,276,kenduskeag,TRUE,paddler,NA,Claire Schaffer,Schaffer Claire,Portland,ME,USA,NA,NA,NA,NA
527875,2025,KENDUSKEAG,Downriver,Canoe,248,oc2shortrec,20,TRUE,19584,3199,2902,2330,202,332,20,255,kenduskeag,TRUE,paddler,NA,Mathew Cavanaugh,Cavanaugh Mathew,Milford,ME,USA,NA,NA,NA,NA
527875,2025,KENDUSKEAG,Downriver,Canoe,248,oc2shortrec,20,TRUE,19584,3199,2902,2330,202,332,20,255,kenduskeag,TRUE,paddler,moriarto01,Tom Moriarty,Moriarty Tom,Sunnyvale,NB,CAN,NA,NA,NA,NA
240263,2017,KENDUSKEAG,Downriver,Kayak,164,k1short,23,TRUE,19590,3201,2904,482,156,370,23,62,kenduskeag,TRUE,paddler,NA,Winslow Harriman,Harriman Winslow,Damariscotta,ME,USA,1,T,19590,NA
229584,2016,KENDUSKEAG,Downriver,Canoe,270,oc2mixrec,22,TRUE,19650,3202,2905,2332,227,418,22,346,kenduskeag,TRUE,paddler,NA,Kate Dawson,Dawson Kate,Orono,ME,USA,1,T,19650,NA
229584,2016,KENDUSKEAG,Downriver,Canoe,270,oc2mixrec,22,TRUE,19650,3202,2905,2332,227,418,22,346,kenduskeag,TRUE,paddler,NA,Robert Michaud,Michaud Robert,Old Town,ME,USA,1,T,19650,NA
527742,2025,KENDUSKEAG,Downriver,Kayak,115,k1rec,21,TRUE,19721,3203,2906,483,137,333,21,60,kenduskeag,TRUE,paddler,NA,Shawn Bouchard,Bouchard Shawn,Clinton,ME,USA,NA,NA,NA,NA
345929,2021,KENDUSKEAG,Downriver,Canoe,462,oc2short,25,TRUE,19799,3207,2910,2335,126,149,25,120,kenduskeag,TRUE,paddler,campbero01,Bob Campbell,Campbell Bob,BANGOR,ME,USA,NA,NA,NA,NA
345929,2021,KENDUSKEAG,Downriver,Canoe,462,oc2short,25,TRUE,19799,3207,2910,2335,126,149,25,120,kenduskeag,TRUE,paddler,NA,Ryan Wilson,Wilson Ryan,BANGOR,ME,USA,NA,NA,NA,NA
527743,2025,KENDUSKEAG,Downriver,Kayak,114,k1rec,22,TRUE,19825,3208,2911,485,138,334,22,61,kenduskeag,TRUE,paddler,NA,Andrew Trombley,Trombley Andrew,Clinton,ME,USA,NA,NA,NA,NA
240360,2017,KENDUSKEAG,Downriver,Canoe,290,oc2mixrec,30,TRUE,19920,3214,2917,2338,228,374,30,311,kenduskeag,TRUE,paddler,NA,Peter Gerard,Gerard Peter,Windham,ME,USA,1,T,19920,NA
240360,2017,KENDUSKEAG,Downriver,Canoe,290,oc2mixrec,30,TRUE,19920,3214,2917,2338,228,374,30,311,kenduskeag,TRUE,paddler,NA,Abby Neill,Neill Abby,Windham,ME,USA,1,T,19920,NA
240357,2017,KENDUSKEAG,Downriver,Canoe,286,oc2mixrec,31,TRUE,19921,3215,2918,2339,229,375,31,312,kenduskeag,TRUE,paddler,NA,Lindsey Kandiko,Kandiko Lindsey,Gorham,ME,USA,1,T,19921,NA
240357,2017,KENDUSKEAG,Downriver,Canoe,286,oc2mixrec,31,TRUE,19921,3215,2918,2339,229,375,31,312,kenduskeag,TRUE,paddler,NA,Luke Merrifield,Merrifield Luke,Gorham,ME,USA,1,T,19921,NA
229570,2016,KENDUSKEAG,Downriver,Canoe,255,oc2mixrec,23,TRUE,19930,3216,2919,2340,230,419,23,347,kenduskeag,TRUE,paddler,NA,Jaclyn Burskey,Burskey Jaclyn,Portland,ME,USA,1,T,19930,NA
229570,2016,KENDUSKEAG,Downriver,Canoe,255,oc2mixrec,23,TRUE,19930,3216,2919,2340,230,419,23,347,kenduskeag,TRUE,paddler,NA,Joshua Clark,Clark Joshua,Portland,ME,USA,1,T,19930,NA
249388,2018,KENDUSKEAG,Downriver,Kayak,162,k1short,27,TRUE,19945,3217,2920,489,157,362,27,67,kenduskeag,TRUE,paddler,NA,Todd Hanson,Hanson Todd,Bucksport,ME,USA,1,T,19945,NA
345903,2021,KENDUSKEAG,Downriver,Canoe,614,oc2mediumrec,39,TRUE,19959,3218,2921,2341,201,150,39,121,kenduskeag,TRUE,paddler,NA,Ethan Wallace,Wallace Ethan,Orono,ME,USA,NA,NA,NA,NA
345903,2021,KENDUSKEAG,Downriver,Canoe,614,oc2mediumrec,39,TRUE,19959,3218,2921,2341,201,150,39,121,kenduskeag,TRUE,paddler,NA,Lucas Wallace,Wallace Lucas,Orono,ME,USA,NA,NA,NA,NA
240158,2017,KENDUSKEAG,Downriver,Canoe,27,open,28,TRUE,20023,3221,2924,2344,226,377,28,314,kenduskeag,TRUE,paddler,NA,Ryan Boothby,Boothby Ryan,Bangor,ME,USA,1,T,20023,NA
240158,2017,KENDUSKEAG,Downriver,Canoe,27,open,28,TRUE,20023,3221,2924,2344,226,377,28,314,kenduskeag,TRUE,paddler,NA,Jacob Chapman,Chapman Jacob,Brewer,ME,USA,1,T,20023,NA
240158,2017,KENDUSKEAG,Downriver,Canoe,27,open,28,TRUE,20023,3221,2924,2344,226,377,28,314,kenduskeag,TRUE,paddler,NA,Matt Huskins,Huskins Matt,Eddington,ME,USA,1,T,20023,NA
229705,2016,KENDUSKEAG,Downriver,Canoe,403,oc2shortbeg,20,TRUE,20054,3223,2926,2346,147,421,20,349,kenduskeag,TRUE,paddler,NA,George Maynard,Maynard George,Old Town,ME,USA,1,T,20054,NA
229705,2016,KENDUSKEAG,Downriver,Canoe,403,oc2shortbeg,20,TRUE,20054,3223,2926,2346,147,421,20,349,kenduskeag,TRUE,paddler,NA,Alejandro Moctezuma,Moctezuma Alejandro,Milford,ME,USA,1,T,20054,NA
219599,2015,KENDUSKEAG,Downriver,Canoe,19,open,25,TRUE,20100,3225,2928,2348,227,304,25,250,kenduskeag,TRUE,paddler,NA,Tyler Chamberlain,Chamberlain Tyler,Orrington,ME,USA,1,T,20100,NA
219599,2015,KENDUSKEAG,Downriver,Canoe,19,open,25,TRUE,20100,3225,2928,2348,227,304,25,250,kenduskeag,TRUE,paddler,NA,Tyler Pembroke,Pembroke Tyler,Orrington,ME,USA,1,T,20100,NA
219599,2015,KENDUSKEAG,Downriver,Canoe,19,open,25,TRUE,20100,3225,2928,2348,227,304,25,250,kenduskeag,TRUE,paddler,NA,Nick Pooler,Pooler Nick,Orrington,ME,USA,1,T,20100,NA
240203,2017,KENDUSKEAG,Downriver,Canoe,86,oc2short,12,TRUE,20143,3227,2930,2350,127,378,12,315,kenduskeag,TRUE,paddler,NA,Daniel Goddard,Goddard Daniel,Hermon,ME,USA,1,T,20143,NA
240203,2017,KENDUSKEAG,Downriver,Canoe,86,oc2short,12,TRUE,20143,3227,2930,2350,127,378,12,315,kenduskeag,TRUE,paddler,NA,Anthony Melanson,Melanson Anthony,Brewer,ME,USA,1,T,20143,NA
240204,2017,KENDUSKEAG,Downriver,Canoe,87,oc2short,13,TRUE,20153,3228,2931,2351,128,379,13,316,kenduskeag,TRUE,paddler,NA,Joseph Daugherty,Daugherty Joseph,Orono,ME,USA,1,T,20153,NA
240204,2017,KENDUSKEAG,Downriver,Canoe,87,oc2short,13,TRUE,20153,3228,2931,2351,128,379,13,316,kenduskeag,TRUE,paddler,NA,James Melanson,Melanson James,Levant,ME,USA,1,T,20153,NA
229596,2016,KENDUSKEAG,Downriver,Canoe,283,oc2mediumrec,46,TRUE,20172,3230,2933,2352,202,423,46,351,kenduskeag,TRUE,paddler,NA,Ryan Boothby,Boothby Ryan,Brewer,ME,USA,1,T,20172,NA
229596,2016,KENDUSKEAG,Downriver,Canoe,283,oc2mediumrec,46,TRUE,20172,3230,2933,2352,202,423,46,351,kenduskeag,TRUE,paddler,NA,Dylan Cyr,Cyr Dylan,Holden,ME,USA,1,T,20172,NA
240146,2017,KENDUSKEAG,Downriver,Canoe,11,open,29,TRUE,20285,3233,2936,2355,228,380,29,317,kenduskeag,TRUE,paddler,NA,Lydia Kifner,Kifner Lydia,Orono,ME,USA,1,T,20285,NA
240146,2017,KENDUSKEAG,Downriver,Canoe,11,open,29,TRUE,20285,3233,2936,2355,228,380,29,317,kenduskeag,TRUE,paddler,NA,Jacque Miller,Miller Jacque,Orono,ME,USA,1,T,20285,NA
240146,2017,KENDUSKEAG,Downriver,Canoe,11,open,29,TRUE,20285,3233,2936,2355,228,380,29,317,kenduskeag,TRUE,paddler,NA,Kelli Straka,Straka Kelli,Orono,ME,USA,1,T,20285,NA
345904,2021,KENDUSKEAG,Downriver,Canoe,474,oc2mediumrec,40,TRUE,20833,3243,2946,2364,203,154,40,125,kenduskeag,TRUE,paddler,NA,Evan Livonius,Livonius Evan,Etna,ME,USA,NA,NA,NA,NA
345904,2021,KENDUSKEAG,Downriver,Canoe,474,oc2mediumrec,40,TRUE,20833,3243,2946,2364,203,154,40,125,kenduskeag,TRUE,paddler,NA,Matthew Thibodeau,Thibodeau Matthew,Exeter,ME,USA,NA,NA,NA,NA
229592,2016,KENDUSKEAG,Downriver,Canoe,278,oc2mediumrec,47,TRUE,20866,3244,2947,2365,204,429,47,357,kenduskeag,TRUE,paddler,NA,Joshua Conway,Conway Joshua,Camden,ME,USA,1,T,20866,NA
229592,2016,KENDUSKEAG,Downriver,Canoe,278,oc2mediumrec,47,TRUE,20866,3244,2947,2365,204,429,47,357,kenduskeag,TRUE,paddler,NA,Fritz Maddrell,Maddrell Fritz,Cape Elizabeth,ME,USA,1,T,20866,NA
249369,2018,KENDUSKEAG,Downriver,Kayak,138,k1short,28,TRUE,20947,3248,2951,492,158,365,28,68,kenduskeag,TRUE,paddler,NA,Sean Donovan,Donovan Sean,Presque Isle,ME,USA,1,T,20947,NA
423962,2023,KENDUSKEAG,Downriver,Canoe,47,oc2short,14,TRUE,21009,3250,2953,2370,129,322,14,247,kenduskeag,TRUE,paddler,NA,Danika Darragh,Darragh Danika,Eddington,ME,USA,NA,NA,NA,NA
423962,2023,KENDUSKEAG,Downriver,Canoe,47,oc2short,14,TRUE,21009,3250,2953,2370,129,322,14,247,kenduskeag,TRUE,paddler,NA,Tamera King,King Tamera,Hampden,ME,USA,NA,NA,NA,NA
423963,2023,KENDUSKEAG,Downriver,Canoe,45,oc2short,15,TRUE,21069,3255,2958,2372,130,323,15,248,kenduskeag,TRUE,paddler,kingda01,David King,King David,Portsmouth,NH,USA,NA,NA,NA,NA
423963,2023,KENDUSKEAG,Downriver,Canoe,45,oc2short,15,TRUE,21069,3255,2958,2372,130,323,15,248,kenduskeag,TRUE,paddler,NA,Rebecca Pelletier,Pelletier Rebecca,Bangor,ME,USA,NA,NA,NA,NA
229490,2016,KENDUSKEAG,Downriver,Kayak,169,k1rec,26,TRUE,21175,3260,2963,499,139,431,26,73,kenduskeag,TRUE,paddler,NA,Paul Swearinger,Swearinger Paul,Auburn,ME,USA,1,T,21175,NA
478967,2024,KENDUSKEAG,Downriver,Unknown,15,open,23,TRUE,21192,3261,2964,89,229,354,23,23,kenduskeag,TRUE,paddler,NA,Brendan Carson,Carson Brendan,Orono,ME,USA,NA,NA,NA,NA
478967,2024,KENDUSKEAG,Downriver,Unknown,15,open,23,TRUE,21192,3261,2964,89,229,354,23,23,kenduskeag,TRUE,paddler,NA,Jimmy Haller,Haller Jimmy,Orono,ME,USA,NA,NA,NA,NA
478967,2024,KENDUSKEAG,Downriver,Unknown,15,open,23,TRUE,21192,3261,2964,89,229,354,23,23,kenduskeag,TRUE,paddler,NA,Matthew Lohr,Lohr Matthew,Bucksport,ME,USA,NA,NA,NA,NA
478968,2024,KENDUSKEAG,Downriver,Unknown,13,open,24,TRUE,21412,3263,2966,90,230,355,24,24,kenduskeag,TRUE,paddler,NA,Aaron Tissue,Tissue Aaron,Hudson,ME,USA,NA,NA,NA,NA
478968,2024,KENDUSKEAG,Downriver,Unknown,13,open,24,TRUE,21412,3263,2966,90,230,355,24,24,kenduskeag,TRUE,paddler,NA,Addison Tissue,Tissue Addison,Hudson,ME,USA,NA,NA,NA,NA
478968,2024,KENDUSKEAG,Downriver,Unknown,13,open,24,TRUE,21412,3263,2966,90,230,355,24,24,kenduskeag,TRUE,paddler,NA,Steven Young,Young Steven,Bangor,ME,USA,NA,NA,NA,NA
229449,2016,KENDUSKEAG,Downriver,Kayak,116,k1short,16,TRUE,21421,3264,2967,500,159,433,16,74,kenduskeag,TRUE,paddler,NA,Dennis Lisherness,Lisherness Dennis,Madison,ME,USA,1,T,21421,NA
229448,2016,KENDUSKEAG,Downriver,Kayak,115,k1short,17,TRUE,21450,3265,2968,501,160,434,17,75,kenduskeag,TRUE,paddler,NA,Jarred Lisherness,Lisherness Jarred,Bangor,ME,USA,1,T,21450,NA
478969,2024,KENDUSKEAG,Downriver,Unknown,12,open,25,TRUE,21508,3266,2969,91,231,356,25,25,kenduskeag,TRUE,paddler,NA,Evie Clement,Clement Evie,Portland,ME,USA,NA,NA,NA,NA
478969,2024,KENDUSKEAG,Downriver,Unknown,12,open,25,TRUE,21508,3266,2969,91,231,356,25,25,kenduskeag,TRUE,paddler,NA,Taylor Davis,Davis Taylor,Portsmouth,NH,USA,NA,NA,NA,NA
478969,2024,KENDUSKEAG,Downriver,Unknown,12,open,25,TRUE,21508,3266,2969,91,231,356,25,25,kenduskeag,TRUE,paddler,NA,Samantha Munson,Munson Samantha,Portland,ME,USA,NA,NA,NA,NA
240291,2017,KENDUSKEAG,Downriver,Kayak,210,k1rec,19,TRUE,21541,3267,2970,502,140,382,19,64,kenduskeag,TRUE,paddler,NA,Joshua Mead,Mead Joshua,Lincoln,ME,USA,1,T,21541,NA
229457,2016,KENDUSKEAG,Downriver,Kayak,126,k1short,18,TRUE,21607,3268,2971,503,161,435,18,76,kenduskeag,TRUE,paddler,jordanju01,Justin Jordan,Jordan Justin,Orrington,ME,USA,1,T,21607,NA
229458,2016,KENDUSKEAG,Downriver,Kayak,127,k1short,19,TRUE,21608,3269,2972,504,162,436,19,77,kenduskeag,TRUE,paddler,NA,Thomas McCann,McCann Thomas,Winterport,ME,USA,1,T,21608,NA
229459,2016,KENDUSKEAG,Downriver,Kayak,128,k1short,20,TRUE,21610,3270,2973,505,163,437,20,78,kenduskeag,TRUE,paddler,NA,Anthony Cote,Cote Anthony,Bangor,ME,USA,1,T,21610,NA
423931,2023,KENDUSKEAG,Downriver,Unknown,20,open,30,TRUE,21620,3271,2974,92,232,324,30,30,kenduskeag,TRUE,paddler,NA,Ellen Brown,Brown Ellen,Portland,ME,USA,NA,NA,NA,NA
423931,2023,KENDUSKEAG,Downriver,Unknown,20,open,30,TRUE,21620,3271,2974,92,232,324,30,30,kenduskeag,TRUE,paddler,NA,Jan Meierer,Meierer Jan,Portland,ME,USA,NA,NA,NA,NA
423931,2023,KENDUSKEAG,Downriver,Unknown,20,open,30,TRUE,21620,3271,2974,92,232,324,30,30,kenduskeag,TRUE,paddler,NA,Cassiah Sahl,Sahl Cassiah,Saco,ME,USA,NA,NA,NA,NA
358483,2022,KENDUSKEAG,Downriver,Unknown,9,open,20,TRUE,22007,3275,2978,93,233,310,20,20,kenduskeag,TRUE,paddler,NA,Jen Boudreau,Boudreau Jen,Oakland,ME,USA,NA,NA,NA,NA
358483,2022,KENDUSKEAG,Downriver,Unknown,9,open,20,TRUE,22007,3275,2978,93,233,310,20,20,kenduskeag,TRUE,paddler,NA,Olivia Boudreau,Boudreau Olivia,Oakland,ME,USA,NA,NA,NA,NA
358483,2022,KENDUSKEAG,Downriver,Unknown,9,open,20,TRUE,22007,3275,2978,93,233,310,20,20,kenduskeag,TRUE,paddler,NA,Pete Boudreau,Boudreau Pete,Oakland,ME,USA,NA,NA,NA,NA
240266,2017,KENDUSKEAG,Downriver,Kayak,168,k1short,24,TRUE,22018,3276,2979,509,164,383,24,65,kenduskeag,TRUE,paddler,NA,Brian Vincent,Vincent Brian,Lincoln,ME,USA,1,T,22018,NA
478970,2024,KENDUSKEAG,Downriver,Unknown,17,open,26,TRUE,22019,3277,2980,94,234,357,26,26,kenduskeag,TRUE,paddler,NA,Chris Burgess,Burgess Chris,Westbrook,ME,USA,NA,NA,NA,NA
478970,2024,KENDUSKEAG,Downriver,Unknown,17,open,26,TRUE,22019,3277,2980,94,234,357,26,26,kenduskeag,TRUE,paddler,NA,Timothy Morrell,Morrell Timothy,Westbrook,ME,USA,NA,NA,NA,NA
249290,2018,KENDUSKEAG,Downriver,Canoe,41,open,33,TRUE,22480,3280,2983,2376,235,367,33,299,kenduskeag,TRUE,paddler,NA,Denis Gusty,Gusty Denis,Bangor,ME,USA,1,T,22480,NA
249290,2018,KENDUSKEAG,Downriver,Canoe,41,open,33,TRUE,22480,3280,2983,2376,235,367,33,299,kenduskeag,TRUE,paddler,NA,Abby Leblanc,Leblanc Abby,Bangor,ME,USA,1,T,22480,NA
249290,2018,KENDUSKEAG,Downriver,Canoe,41,open,33,TRUE,22480,3280,2983,2376,235,367,33,299,kenduskeag,TRUE,paddler,NA,Levente Vizi,Vizi Levente,Bangor,ME,USA,1,T,22480,NA
229361,2016,KENDUSKEAG,Downriver,Canoe,21,open,36,TRUE,22646,3282,2985,2378,236,440,36,361,kenduskeag,TRUE,paddler,NA,Brad Hasse,Hasse Brad,Hampden,ME,USA,1,T,22646,NA
229361,2016,KENDUSKEAG,Downriver,Canoe,21,open,36,TRUE,22646,3282,2985,2378,236,440,36,361,kenduskeag,TRUE,paddler,NA,Joshua McNutt,McNutt Joshua,Hampden,ME,USA,1,T,22646,NA
229361,2016,KENDUSKEAG,Downriver,Canoe,21,open,36,TRUE,22646,3282,2985,2378,236,440,36,361,kenduskeag,TRUE,paddler,NA,Josh Whinery,Whinery Josh,Hampden,ME,USA,1,T,22646,NA
229493,2016,KENDUSKEAG,Downriver,Kayak,172,k1rec,27,TRUE,22775,3283,2986,511,141,441,27,80,kenduskeag,TRUE,paddler,NA,Cole Hanson,Hanson Cole,Bucksport,ME,USA,1,T,22775,NA
249287,2018,KENDUSKEAG,Downriver,Canoe,38,open,34,TRUE,22786,3284,2987,2379,237,368,34,300,kenduskeag,TRUE,paddler,NA,JoJo Picone,Picone JoJo,Bangor,ME,USA,1,T,22786,NA
229372,2016,KENDUSKEAG,Downriver,Canoe,32,open,37,TRUE,25149,3287,2990,2382,238,443,37,363,kenduskeag,TRUE,paddler,NA,Charlie Bellafiore,Bellafiore Charlie,Portland,ME,USA,1,T,25149,NA
229372,2016,KENDUSKEAG,Downriver,Canoe,32,open,37,TRUE,25149,3287,2990,2382,238,443,37,363,kenduskeag,TRUE,paddler,NA,Nick Bellafiore,Bellafiore Nick,Portland,ME,USA,1,T,25149,NA
229372,2016,KENDUSKEAG,Downriver,Canoe,32,open,37,TRUE,25149,3287,2990,2382,238,443,37,363,kenduskeag,TRUE,paddler,NA,Abigail Willwerth,Willwerth Abigail,Portland,ME,USA,1,T,25149,NA
