resultId,year,raceId,eventId,boatType,bib,classID,place,primaryClass,time,allCourses,overall,byBoat,byClass,byYrOver,byYrClass,byYrBoat,courseID,notes,isRacePaddler,raceRoleId,personId,displayName,sortName,city,state,country,1_id,1_dType,1_value,teamName,status
208227,2014,CLINTON70,Downriver,Canoe,P21,oc2pro,1,TRUE,25899,1,1,1,1,1,1,1,susquehanna70,Mens Under 50,TRUE,paddler,blaisgu01,Guillame Blais,Blais Guillame,St Boniface,QC,CAN,1,T,25899,NA,NA
208227,2014,CLINTON70,Downriver,Canoe,P21,oc2pro,1,TRUE,25899,1,1,1,1,1,1,1,susquehanna70,Mens Under 50,TRUE,paddler,pellerma01,Mathieu Pellerin,Pellerin Mathieu,Shawinigan,QC,CAN,1,T,25899,NA,NA
208228,2014,CLINTON70,Downriver,Canoe,P14,oc2pro,2,TRUE,25900,2,2,2,2,2,2,2,susquehanna70,Mens Under 50,TRUE,paddler,stpiema01,Mathieu St-Pierre,St-Pierre Mathieu,Shawinigam,QC,CAN,1,T,25900,NA,NA
208228,2014,CLINTON70,Downriver,Canoe,P14,oc2pro,2,TRUE,25900,2,2,2,2,2,2,2,susquehanna70,Mens Under 50,TRUE,paddler,halstery01,Ryan Halstead,Halstead Ryan,Grayling,MI,USA,1,T,25900,NA,NA
208229,2014,CLINTON70,Downriver,Canoe,P27,oc2pro,3,TRUE,26052,3,3,3,3,3,3,3,susquehanna70,Mens Under 50,TRUE,paddler,trieboan01,Andy Triebold,Triebold Andy,Grayling,MI,USA,1,T,26052,NA,NA
208229,2014,CLINTON70,Downriver,Canoe,P27,oc2pro,3,TRUE,26052,3,3,3,3,3,3,3,susquehanna70,Mens Under 50,TRUE,paddler,frigonsa01,Samuel Frigon,Frigon Samuel,St-Bonifance De Shawinigan,QC,CAN,1,T,26052,NA,NA
256391,2019,CLINTON70,Downriver,Canoe,P32,oc2pro,1,TRUE,26123,4,4,4,4,1,1,1,susquehanna70,NA,TRUE,paddler,lajoiest01,Steve Lajoie,Lajoie Steve,Mirabel,QC,CAN,1,T,26123,NA,NA
256391,2019,CLINTON70,Downriver,Canoe,P32,oc2pro,1,TRUE,26123,4,4,4,4,1,1,1,susquehanna70,NA,TRUE,paddler,pellerja01,Jimmy Pellerin,Pellerin Jimmy,Saint-étienne-des-grès,QC,CAN,1,T,26123,NA,NA
532401,2025,CLINTON70,Downriver,Canoe,P39,oc2pro,1,TRUE,26166,5,5,5,5,1,1,1,susquehanna70,NA,TRUE,paddler,davismi01,Michael Davis,Davis Michael,Homer,MI,USA,NA,NA,NA,NA,NA
532401,2025,CLINTON70,Downriver,Canoe,P39,oc2pro,1,TRUE,26166,5,5,5,5,1,1,1,susquehanna70,NA,TRUE,paddler,blaisgu01,Guillaume Blais,Blais Guillaume,St Boniface,QC,CAN,NA,NA,NA,NA,NA
532402,2025,CLINTON70,Downriver,Canoe,P8,oc2pro,2,TRUE,26237,6,6,6,6,2,2,2,susquehanna70,NA,TRUE,paddler,deanwe01,Wesley Dean,Dean Wesley,Traverse City,MI,USA,NA,NA,NA,NA,NA
532402,2025,CLINTON70,Downriver,Canoe,P8,oc2pro,2,TRUE,26237,6,6,6,6,2,2,2,susquehanna70,NA,TRUE,paddler,mynarlo01,Logan Mynar,Mynar Logan,New Braunfels,TX,USA,NA,NA,NA,NA,NA
256392,2019,CLINTON70,Downriver,Canoe,P5,oc2pro,2,TRUE,26246,7,7,7,7,2,2,2,susquehanna70,NA,TRUE,paddler,schlimbe01,Benedict Schlimmer,Schlimmer Benedict,Camillus,NY,USA,1,T,26246,NA,NA
256392,2019,CLINTON70,Downriver,Canoe,P5,oc2pro,2,TRUE,26246,7,7,7,7,2,2,2,susquehanna70,NA,TRUE,paddler,lefevetr01,Trevor LeFever,LeFever Trevor,Oneonta,NY,USA,1,T,26246,NA,NA
256393,2019,CLINTON70,Downriver,Canoe,P13,oc2pro,3,TRUE,26247,8,8,8,8,3,3,3,susquehanna70,NA,TRUE,paddler,frigonsa01,Samuel Frigon,Frigon Samuel,St-Étienne Des Grès,QC,CAN,1,T,26247,NA,NA
256393,2019,CLINTON70,Downriver,Canoe,P13,oc2pro,3,TRUE,26247,8,8,8,8,3,3,3,susquehanna70,NA,TRUE,paddler,blaisgu01,Guillaume Blais,Blais Guillaume,St Boniface,QC,CAN,1,T,26247,NA,NA
532403,2025,CLINTON70,Downriver,Canoe,P26,oc2pro,3,TRUE,26262,9,9,9,9,3,3,3,susquehanna70,NA,TRUE,paddler,meckletr01,Travis Mecklenburg,Mecklenburg Travis,Grayling,MI,USA,NA,NA,NA,NA,NA
532403,2025,CLINTON70,Downriver,Canoe,P26,oc2pro,3,TRUE,26262,9,9,9,9,3,3,3,susquehanna70,NA,TRUE,paddler,willouwe01,Weston Willoughby,Willoughby Weston,Traverse City,MI,USA,NA,NA,NA,NA,NA
208230,2014,CLINTON70,Downriver,Canoe,P25,oc2pro,4,TRUE,26337,10,10,10,10,4,4,4,susquehanna70,Mens Under 50,TRUE,paddler,NA,Christopher Proulx,Proulx Christopher,Shawinigan,QC,CAN,1,T,26337,NA,NA
208230,2014,CLINTON70,Downriver,Canoe,P25,oc2pro,4,TRUE,26337,10,10,10,10,4,4,4,susquehanna70,Mens Under 50,TRUE,paddler,waltonni01,Nick Walton,Walton Nick,Grayling,MI,USA,1,T,26337,NA,NA
256394,2019,CLINTON70,Downriver,Canoe,P42,oc2pro,4,TRUE,26372,11,11,11,11,4,4,4,susquehanna70,NA,TRUE,paddler,mainguno01,normand Mainguy,Mainguy normand,Notre Dame de Pontmain,QC,CAN,1,T,26372,NA,NA
256394,2019,CLINTON70,Downriver,Canoe,P42,oc2pro,4,TRUE,26372,11,11,11,11,4,4,4,susquehanna70,NA,TRUE,paddler,corbinse01,Serge Corbin,Corbin Serge,St-Boniface,QC,CAN,1,T,26372,NA,NA
208231,2014,CLINTON70,Downriver,Canoe,P7,oc2pro,5,TRUE,26404,12,12,12,12,5,5,5,susquehanna70,Mens Under 50,TRUE,paddler,davismi01,Michael Davis,Davis Michael,Homer,MI,USA,1,T,26404,NA,NA
208231,2014,CLINTON70,Downriver,Canoe,P7,oc2pro,5,TRUE,26404,12,12,12,12,5,5,5,susquehanna70,Mens Under 50,TRUE,paddler,meadpe01,Pete Mead,Mead Pete,Traverse City,MI,USA,1,T,26404,NA,NA
532404,2025,CLINTON70,Downriver,Canoe,P44,oc2pro,4,TRUE,26407,13,13,13,13,4,4,4,susquehanna70,NA,TRUE,paddler,issendch01,Chris Issendorf,Issendorf Chris,New Braunfels ,TX,USA,NA,NA,NA,NA,NA
532404,2025,CLINTON70,Downriver,Canoe,P44,oc2pro,4,TRUE,26407,13,13,13,13,4,4,4,susquehanna70,NA,TRUE,paddler,proulxch01,Christophe Proulx,Proulx Christophe,Shawinigan,QC,CAN,NA,NA,NA,NA,NA
208232,2014,CLINTON70,Downriver,Canoe,P22,oc2pro,6,TRUE,26426,14,14,14,14,6,6,6,susquehanna70,Mens Under 50,TRUE,paddler,pellerja01,Jim Pellerin,Pellerin Jim,Shawinigan-Sud,QC,CAN,1,T,26426,NA,NA
208232,2014,CLINTON70,Downriver,Canoe,P22,oc2pro,6,TRUE,26426,14,14,14,14,6,6,6,susquehanna70,Mens Under 50,TRUE,paddler,pellerto01,Tom Pellerin,Pellerin Tom,Shawinigan-Sud,QC,CAN,1,T,26426,NA,NA
256395,2019,CLINTON70,Downriver,Canoe,P24,oc2pro,5,TRUE,26435,15,15,15,15,5,5,5,susquehanna70,NA,TRUE,paddler,NA,Graham Smith,Smith Graham,Saskatoon,SK,CAN,1,T,26435,NA,NA
256395,2019,CLINTON70,Downriver,Canoe,P24,oc2pro,5,TRUE,26435,15,15,15,15,5,5,5,susquehanna70,NA,TRUE,paddler,macdowsh01,Shane MacDowell,MacDowell Shane,Lake Placid,NY,USA,1,T,26435,NA,NA
532405,2025,CLINTON70,Downriver,Canoe,P28,oc2pro,5,TRUE,26451,16,16,16,16,5,5,5,susquehanna70,NA,TRUE,paddler,zaverary01,Ryan Zaveral,Zaveral Ryan,Grayling ,MI,USA,NA,NA,NA,ZRE,NA
532405,2025,CLINTON70,Downriver,Canoe,P28,oc2pro,5,TRUE,26451,16,16,16,16,5,5,5,susquehanna70,NA,TRUE,paddler,trudgeda01,Dane Trudgeon,Trudgeon Dane,East Lansing,MI,USA,NA,NA,NA,ZRE,NA
208233,2014,CLINTON70,Downriver,Canoe,P15,oc2pro,7,TRUE,26480,17,17,17,17,7,7,7,susquehanna70,Mens Under 50,TRUE,paddler,roussegu01,Guy Rousseau,Rousseau Guy,Trois-Rivieres,QC,CAN,1,T,26480,NA,NA
208233,2014,CLINTON70,Downriver,Canoe,P15,oc2pro,7,TRUE,26480,17,17,17,17,7,7,7,susquehanna70,Mens Under 50,TRUE,paddler,armstrpa01,Patrick Armstrong,Armstrong Patrick,Lac-A-La-Tortue,QC,CAN,1,T,26480,NA,NA
532312,2025,CLINTON70,Downriver,Canoe,O4,oc4unlimited,1,TRUE,26501,18,18,18,1,6,1,6,susquehanna70,NA,TRUE,paddler,friesmi01,Mike Fries,Fries Mike,Canandaigua,NY,USA,NA,NA,NA,Delta Forge,NA
532312,2025,CLINTON70,Downriver,Canoe,O4,oc4unlimited,1,TRUE,26501,18,18,18,1,6,1,6,susquehanna70,NA,TRUE,paddler,NA,Jim Terrell,Terrell Jim,Costa Mesa,CA,USA,NA,NA,NA,Delta Forge,NA
532312,2025,CLINTON70,Downriver,Canoe,O4,oc4unlimited,1,TRUE,26501,18,18,18,1,6,1,6,susquehanna70,NA,TRUE,paddler,schlimma01,Mary Schlimmer-Willoughby,Schlimmer-Willoughby Mary,Traverse City,MI,USA,NA,NA,NA,Delta Forge,NA
532312,2025,CLINTON70,Downriver,Canoe,O4,oc4unlimited,1,TRUE,26501,18,18,18,1,6,1,6,susquehanna70,NA,TRUE,paddler,olneypa01,Paul Olney,Olney Paul,Westernville,NY,USA,NA,NA,NA,Delta Forge,NA
208234,2014,CLINTON70,Downriver,Canoe,P35,oc2pro,8,TRUE,26536,19,19,19,18,8,8,8,susquehanna70,Mens Under 50,TRUE,paddler,schlimbe01,Benedict Schlimmer,Schlimmer Benedict,Cortland,NY,USA,1,T,26536,NA,NA
208234,2014,CLINTON70,Downriver,Canoe,P35,oc2pro,8,TRUE,26536,19,19,19,18,8,8,8,susquehanna70,Mens Under 50,TRUE,paddler,schlimmi01,Michael Schlimmer,Schlimmer Michael,Cortland,NY,USA,1,T,26536,NA,NA
208130,2014,CLINTON70,Downriver,Canoe,B1,oc4stock,1,TRUE,26543,20,20,20,1,9,1,9,susquehanna70,NA,TRUE,paddler,bartonbr01,Bruce Barton,Barton Bruce,Homer,MI,USA,1,T,26543,NA,NA
208130,2014,CLINTON70,Downriver,Canoe,B1,oc4stock,1,TRUE,26543,20,20,20,1,9,1,9,susquehanna70,NA,TRUE,paddler,meersmma01,Matt Meersman,Meersman Matt,South Bend,IN,USA,1,T,26543,NA,NA
208130,2014,CLINTON70,Downriver,Canoe,B1,oc4stock,1,TRUE,26543,20,20,20,1,9,1,9,susquehanna70,NA,TRUE,paddler,bartonro01,Roxanne Barton,Barton Roxanne,Homer,MI,USA,1,T,26543,NA,NA
208130,2014,CLINTON70,Downriver,Canoe,B1,oc4stock,1,TRUE,26543,20,20,20,1,9,1,9,susquehanna70,NA,TRUE,paddler,trieboti01,Tim Triebold,Triebold Tim,Spring Arbor,MI,USA,1,T,26543,NA,NA
532313,2025,CLINTON70,Downriver,Canoe,O2,oc4unlimited,2,TRUE,26560,21,21,21,2,7,2,7,susquehanna70,NA,TRUE,paddler,lyesiubr01,Brent Lyesiuk,Lyesiuk Brent,Orange,MA,USA,NA,NA,NA,ZRE,NA
532313,2025,CLINTON70,Downriver,Canoe,O2,oc4unlimited,2,TRUE,26560,21,21,21,2,7,2,7,susquehanna70,NA,TRUE,paddler,wernerer01,Erik Werner,Werner Erik,Philadelphia,PA,USA,NA,NA,NA,ZRE,NA
532313,2025,CLINTON70,Downriver,Canoe,O2,oc4unlimited,2,TRUE,26560,21,21,21,2,7,2,7,susquehanna70,NA,TRUE,paddler,youngjo01,John Young,Young John,Richmondville ,NY,USA,NA,NA,NA,ZRE,NA
532313,2025,CLINTON70,Downriver,Canoe,O2,oc4unlimited,2,TRUE,26560,21,21,21,2,7,2,7,susquehanna70,NA,TRUE,paddler,zaverabo01,Bob Zaveral,Zaveral Bob,Mount Upton,NY,USA,NA,NA,NA,ZRE,NA
208235,2014,CLINTON70,Downriver,Canoe,P29,oc2pro,9,TRUE,26589,22,22,22,19,10,9,10,susquehanna70,Mens Under 50,TRUE,paddler,shaveral01,Al Shaver Jr.,Shaver Jr. Al,Meridale,NY,USA,1,T,26589,NA,NA
208235,2014,CLINTON70,Downriver,Canoe,P29,oc2pro,9,TRUE,26589,22,22,22,19,10,9,10,susquehanna70,Mens Under 50,TRUE,paddler,lefevetr01,Trevor Lefever,Lefever Trevor,Unadilla,NY,USA,1,T,26589,NA,NA
532406,2025,CLINTON70,Downriver,Canoe,P33,oc2pro,6,TRUE,26603,23,23,23,20,8,6,8,susquehanna70,NA,TRUE,paddler,charetch01,Christian Charette,Charette Christian,St-Boniface,QC,CAN,NA,NA,NA,NA,NA
532406,2025,CLINTON70,Downriver,Canoe,P33,oc2pro,6,TRUE,26603,23,23,23,20,8,6,8,susquehanna70,NA,TRUE,paddler,prunealo01,Louis-Simon Pruneau,Pruneau Louis-Simon,Shawinigan ,QC,CAN,NA,NA,NA,NA,NA
256396,2019,CLINTON70,Downriver,Canoe,P1,oc2pro,6,TRUE,26664,24,24,24,21,6,6,6,susquehanna70,NA,TRUE,paddler,stonehky01,Kyle Stonehouse,Stonehouse Kyle,Grayling,MI,USA,1,T,26664,NA,NA
256396,2019,CLINTON70,Downriver,Canoe,P1,oc2pro,6,TRUE,26664,24,24,24,21,6,6,6,susquehanna70,NA,TRUE,paddler,davismi01,Michael Davis,Davis Michael,Homer,MI,USA,1,T,26664,NA,NA
256397,2019,CLINTON70,Downriver,Canoe,P7,oc2pro,7,TRUE,26742,25,25,25,22,7,7,7,susquehanna70,NA,TRUE,paddler,deanwe01,Wes Dean,Dean Wes,Grayling,MI,USA,1,T,26742,NA,NA
256397,2019,CLINTON70,Downriver,Canoe,P7,oc2pro,7,TRUE,26742,25,25,25,22,7,7,7,susquehanna70,NA,TRUE,paddler,mynarlo01,Logan Mynar,Mynar Logan,San Antonio,TX,USA,1,T,26742,NA,NA
208236,2014,CLINTON70,Downriver,Canoe,P5,oc2pro,10,TRUE,26785,26,26,26,23,11,10,11,susquehanna70,Mens Under 50,TRUE,paddler,lauthri01,Rich Lauth,Lauth Rich,Grosse Ile,MI,USA,1,T,26785,NA,NA
208236,2014,CLINTON70,Downriver,Canoe,P5,oc2pro,10,TRUE,26785,26,26,26,23,11,10,11,susquehanna70,Mens Under 50,TRUE,paddler,hillta01,Tad Hill,Hill Tad,Livonia,MI,USA,1,T,26785,NA,NA
208237,2014,CLINTON70,Downriver,Canoe,P10,oc2pro,11,TRUE,26825,27,27,27,24,12,11,12,susquehanna70,Mens Under 50,TRUE,paddler,personda01,Dale Persons,Persons Dale,Unadilla,NY,USA,1,T,26825,NA,NA
208237,2014,CLINTON70,Downriver,Canoe,P10,oc2pro,11,TRUE,26825,27,27,27,24,12,11,12,susquehanna70,Mens Under 50,TRUE,paddler,gillesma01,Marc Gillespie,Gillespie Marc,Rochester,NY,USA,1,T,26825,NA,NA
208238,2014,CLINTON70,Downriver,Canoe,P23,oc2pro,12,TRUE,26842,28,28,28,25,13,12,13,susquehanna70,Mens Under 50,TRUE,paddler,gelinaad01,Adam Gelinas,Gelinas Adam,Leominster,MA,USA,1,T,26842,NA,NA
208238,2014,CLINTON70,Downriver,Canoe,P23,oc2pro,12,TRUE,26842,28,28,28,25,13,12,13,susquehanna70,Mens Under 50,TRUE,paddler,lyesiubr01,Brent Lyesiuk,Lyesiuk Brent,Orange,MA,USA,1,T,26842,NA,NA
532407,2025,CLINTON70,Downriver,Canoe,P56,oc2pro,7,TRUE,26842,29,29,29,26,9,7,9,susquehanna70,NA,TRUE,paddler,mynarky01,Kyle Mynar,Mynar Kyle,San Marcos,TX,USA,NA,NA,NA,NA,NA
256398,2019,CLINTON70,Downriver,Canoe,P21,oc2pro,8,TRUE,26893,30,30,30,27,8,8,8,susquehanna70,NA,TRUE,paddler,quesnepi01,Pierre-Olivier Quesnel,Quesnel Pierre-Olivier,Laval,QC,CAN,1,T,26893,NA,NA
256398,2019,CLINTON70,Downriver,Canoe,P21,oc2pro,8,TRUE,26893,30,30,30,27,8,8,8,susquehanna70,NA,TRUE,paddler,zaverary01,Ryan Zaveral,Zaveral Ryan,Oneonta,NY,USA,1,T,26893,NA,NA
208239,2014,CLINTON70,Downriver,Canoe,P28,oc2pro,13,TRUE,26937,31,31,31,28,14,13,14,susquehanna70,Mens 50 & Over,TRUE,paddler,leebr01,Bruce Lee,Lee Bruce,Port Crane,NY,USA,1,T,26937,NA,NA
208239,2014,CLINTON70,Downriver,Canoe,P28,oc2pro,13,TRUE,26937,31,31,31,28,14,13,14,susquehanna70,Mens 50 & Over,TRUE,paddler,partrijo01,John Partridge,Partridge John,Unadilla,NY,USA,1,T,26937,NA,NA
237849,2017,CLINTON70,Downriver,Canoe,P25,oc2pro,1,TRUE,26970,32,32,32,29,1,1,1,susquehanna70,NA,TRUE,paddler,lajoiest01,Steve Lajoie,Lajoie Steve,Mirabel,QC,CAN,1,T,26970,NA,NA
237849,2017,CLINTON70,Downriver,Canoe,P25,oc2pro,1,TRUE,26970,32,32,32,29,1,1,1,susquehanna70,NA,TRUE,paddler,blaisgu01,Guillaume Blais,Blais Guillaume,St Boniface,QC,CAN,1,T,26970,NA,NA
247636,2018,CLINTON70,Downriver,Canoe,P25,oc2pro,1,TRUE,27011,33,33,33,30,1,1,1,susquehanna70,NA,TRUE,paddler,lajoiest01,Steve Lajoie,Lajoie Steve,Mirabel,QC,CAN,1,T,27011,NA,NA
247636,2018,CLINTON70,Downriver,Canoe,P25,oc2pro,1,TRUE,27011,33,33,33,30,1,1,1,susquehanna70,NA,TRUE,paddler,trieboan01,Andy Triebold,Triebold Andy,Grayling,MI,USA,1,T,27011,NA,NA
532408,2025,CLINTON70,Downriver,Canoe,P46,oc2pro,8,TRUE,27019,34,34,34,31,10,8,10,susquehanna70,NA,TRUE,paddler,stepkary01,Ryan Stepka,Stepka Ryan,Cantley,QC,CAN,NA,NA,NA,Fog Wild,NA
532408,2025,CLINTON70,Downriver,Canoe,P46,oc2pro,8,TRUE,27019,34,34,34,31,10,8,10,susquehanna70,NA,TRUE,paddler,bartonre01,Rebecca Davis,Davis Rebecca,Homer,MI,USA,NA,NA,NA,Fog Wild,NA
532409,2025,CLINTON70,Downriver,Canoe,P22,oc2pro,9,TRUE,27127,35,35,35,32,11,9,11,susquehanna70,NA,TRUE,paddler,meadpe01,Peter Mead,Mead Peter,Traverse City ,MI,USA,NA,NA,NA,NA,NA
532409,2025,CLINTON70,Downriver,Canoe,P22,oc2pro,9,TRUE,27127,35,35,35,32,11,9,11,susquehanna70,NA,TRUE,paddler,issendky01,Kyle Issendorf,Issendorf Kyle,New Braunfels,TX,USA,NA,NA,NA,NA,NA
532410,2025,CLINTON70,Downriver,Canoe,P2,oc2pro,10,TRUE,27151,36,36,36,33,12,10,12,susquehanna70,NA,TRUE,paddler,medinato01,Danny Medina,Medina Danny,Roscommon,MI,USA,NA,NA,NA,All grit,NA
532410,2025,CLINTON70,Downriver,Canoe,P2,oc2pro,10,TRUE,27151,36,36,36,33,12,10,12,susquehanna70,NA,TRUE,paddler,buggece01,Cecili Bugge,Bugge Cecili,Roscommon,MI,USA,NA,NA,NA,All grit,NA
256346,2019,CLINTON70,Downriver,Kayak,KL10,k1unlimited,1,TRUE,27183,37,37,1,1,9,1,1,susquehanna70,NA,TRUE,paddler,skeelsma01,Matt Skeels,Skeels Matt,Canton,NY,USA,1,T,27183,NA,NA
256399,2019,CLINTON70,Downriver,Canoe,P18,oc2pro,9,TRUE,27204,38,38,37,34,10,9,9,susquehanna70,NA,TRUE,paddler,gelinaad01,Adam Gelinas,Gelinas Adam,Leominster,MA,USA,1,T,27204,NA,NA
256399,2019,CLINTON70,Downriver,Canoe,P18,oc2pro,9,TRUE,27204,38,38,37,34,10,9,9,susquehanna70,NA,TRUE,paddler,maddenpa01,Patrick Madden,Madden Patrick,Scotia,NY,USA,1,T,27204,NA,NA
208240,2014,CLINTON70,Downriver,Canoe,P17,oc2pro,14,TRUE,27235,39,39,38,35,15,14,15,susquehanna70,Mens Under 50,TRUE,paddler,henryda01,Dana Henry,Henry Dana,Plymouth,MN,USA,1,T,27235,NA,NA
208240,2014,CLINTON70,Downriver,Canoe,P17,oc2pro,14,TRUE,27235,39,39,38,35,15,14,15,susquehanna70,Mens Under 50,TRUE,paddler,macdowsh01,Shane Macdowell,Macdowell Shane,South Portland,ME,USA,1,T,27235,NA,NA
256400,2019,CLINTON70,Downriver,Canoe,P38,oc2pro,10,TRUE,27248,40,40,39,36,11,10,10,susquehanna70,NA,TRUE,paddler,carriere01,Real Carriere,Carriere Real,Winnipeg,MB,CAN,1,T,27248,NA,NA
256400,2019,CLINTON70,Downriver,Canoe,P38,oc2pro,10,TRUE,27248,40,40,39,36,11,10,10,susquehanna70,NA,TRUE,paddler,mynarky01,Kyle Mynar,Mynar Kyle,Spring Branch,TX,USA,1,T,27248,NA,NA
532411,2025,CLINTON70,Downriver,Canoe,P43,oc2pro,11,TRUE,27293,41,41,40,37,13,11,13,susquehanna70,NA,TRUE,paddler,chambeev01,Eve Chamberland,Chamberland Eve,Shawinigan,QC,CAN,NA,NA,NA,Rubber duckies ????,NA
532411,2025,CLINTON70,Downriver,Canoe,P43,oc2pro,11,TRUE,27293,41,41,40,37,13,11,13,susquehanna70,NA,TRUE,paddler,schlimmi01,Michael Schlimmer,Schlimmer Michael,Cortland,NY,USA,NA,NA,NA,Rubber duckies ????,NA
532412,2025,CLINTON70,Downriver,Canoe,P35,oc2pro,12,TRUE,27313,42,42,41,38,14,12,14,susquehanna70,NA,TRUE,paddler,NA,Richard Lauth,Lauth Richard,Grosse Ile ,MI,USA,NA,NA,NA,Team Sasquatch,NA
532412,2025,CLINTON70,Downriver,Canoe,P35,oc2pro,12,TRUE,27313,42,42,41,38,14,12,14,susquehanna70,NA,TRUE,paddler,vanderno01,Noah Vanderveen,Vanderveen Noah,Tawas,MI,USA,NA,NA,NA,Team Sasquatch,NA
247637,2018,CLINTON70,Downriver,Canoe,P52,oc2pro,2,TRUE,27327,43,43,42,39,2,2,2,susquehanna70,NA,TRUE,paddler,corbinse01,Serge Corbin,Corbin Serge,Lac A La Tortue,QC,CAN,1,T,27327,NA,NA
247637,2018,CLINTON70,Downriver,Canoe,P52,oc2pro,2,TRUE,27327,43,43,42,39,2,2,2,susquehanna70,NA,TRUE,paddler,blaisgu01,Guillaume Blais,Blais Guillaume,St Boniface,QC,CAN,1,T,27327,NA,NA
247638,2018,CLINTON70,Downriver,Canoe,P50,oc2pro,3,TRUE,27330,44,44,43,40,3,3,3,susquehanna70,NA,TRUE,paddler,lefevetr01,Trevor LeFever,LeFever Trevor,Oneonta,NY,USA,1,T,27330,NA,NA
247638,2018,CLINTON70,Downriver,Canoe,P50,oc2pro,3,TRUE,27330,44,44,43,40,3,3,3,susquehanna70,NA,TRUE,paddler,schlimbe01,Benedict Schlimmer,Schlimmer Benedict,Oneonta,NY,USA,1,T,27330,NA,NA
208241,2014,CLINTON70,Downriver,Canoe,P26,oc2pro,15,TRUE,27336,45,45,44,41,16,15,16,susquehanna70,Mens 50 & Over,TRUE,paddler,shultije01,Jeff Shultis,Shultis Jeff,Otego,NY,USA,1,T,27336,NA,NA
208241,2014,CLINTON70,Downriver,Canoe,P26,oc2pro,15,TRUE,27336,45,45,44,41,16,15,16,susquehanna70,Mens 50 & Over,TRUE,paddler,harrisla01,Larry Harrison,Harrison Larry,West Oneonta,NY,USA,1,T,27336,NA,NA
532413,2025,CLINTON70,Downriver,Canoe,P7,oc2pro,13,TRUE,27352,46,46,45,42,15,13,15,susquehanna70,NA,TRUE,paddler,gelinaad01,Adam Gelinas,Gelinas Adam,Leominster,MA,USA,NA,NA,NA,NA,NA
532413,2025,CLINTON70,Downriver,Canoe,P7,oc2pro,13,TRUE,27352,46,46,45,42,15,13,15,susquehanna70,NA,TRUE,paddler,lessarsa01,Sarah Lessard,Lessard Sarah,Les Cedres,QC,CAN,NA,NA,NA,NA,NA
237850,2017,CLINTON70,Downriver,Canoe,P30,oc2pro,2,TRUE,27384,47,47,46,43,2,2,2,susquehanna70,NA,TRUE,paddler,schlimbe01,Benedict Schlimmer,Schlimmer Benedict,Oneonta,NY,USA,1,T,27384,NA,NA
237850,2017,CLINTON70,Downriver,Canoe,P30,oc2pro,2,TRUE,27384,47,47,46,43,2,2,2,susquehanna70,NA,TRUE,paddler,lefevetr01,Trevor LeFever,LeFever Trevor,Oneonta,NY,USA,1,T,27384,NA,NA
208242,2014,CLINTON70,Downriver,Canoe,P20,oc2pro,16,TRUE,27385,48,48,47,44,17,16,17,susquehanna70,Mens Under 50,TRUE,paddler,marshas01,Ashley Marsh,Marsh Ashley,Mio,MI,USA,1,T,27385,NA,NA
208242,2014,CLINTON70,Downriver,Canoe,P20,oc2pro,16,TRUE,27385,48,48,47,44,17,16,17,susquehanna70,Mens Under 50,TRUE,paddler,wilsonbr01,Brad Wilson,Wilson Brad,Rockford,MI,USA,1,T,27385,NA,NA
208243,2014,CLINTON70,Downriver,Canoe,P32,oc2pro,17,TRUE,27387,49,49,48,45,18,17,18,susquehanna70,Mixed,TRUE,paddler,casabomi01,Michel Casabon,Casabon Michel,Grand-Mere,QC,CAN,1,T,27387,NA,NA
208243,2014,CLINTON70,Downriver,Canoe,P32,oc2pro,17,TRUE,27387,49,49,48,45,18,17,18,susquehanna70,Mixed,TRUE,paddler,lessarsa01,Sarah Lessard,Lessard Sarah,Les Cedres,QC,CAN,1,T,27387,NA,NA
532414,2025,CLINTON70,Downriver,Canoe,P16,oc2pro,14,TRUE,27387,50,50,49,46,16,14,16,susquehanna70,NA,TRUE,paddler,bellemvi01,Vincent Bellemare,Bellemare Vincent,Shawinigan,QC,CAN,NA,NA,NA,Bellemare/Flageole,NA
532414,2025,CLINTON70,Downriver,Canoe,P16,oc2pro,14,TRUE,27387,50,50,49,46,16,14,16,susquehanna70,NA,TRUE,paddler,flageore01,Renaud Flageole,Flageole Renaud,Shawinigan,QC,CAN,NA,NA,NA,Bellemare/Flageole,NA
208131,2014,CLINTON70,Downriver,Canoe,B6,oc4stock,2,TRUE,27409,51,51,50,2,19,2,19,susquehanna70,NA,TRUE,paddler,peritoca01,Carina Peritore,Peritore Carina,Centerbrook,CT,USA,1,T,27409,NA,NA
208131,2014,CLINTON70,Downriver,Canoe,B6,oc4stock,2,TRUE,27409,51,51,50,2,19,2,19,susquehanna70,NA,TRUE,paddler,apreaga01,Gary Aprea,Aprea Gary,Austerlitz,NY,USA,1,T,27409,NA,NA
208131,2014,CLINTON70,Downriver,Canoe,B6,oc4stock,2,TRUE,27409,51,51,50,2,19,2,19,susquehanna70,NA,TRUE,paddler,wesleygl01,Gloria Wesley,Wesley Gloria,Pittsfield,MA,USA,1,T,27409,NA,NA
208131,2014,CLINTON70,Downriver,Canoe,B6,oc4stock,2,TRUE,27409,51,51,50,2,19,2,19,susquehanna70,NA,TRUE,paddler,mildreke01,Keith Mildren,Mildren Keith,Turner Falls,MA,USA,1,T,27409,NA,NA
256401,2019,CLINTON70,Downriver,Canoe,P12,oc2pro,11,TRUE,27446,52,52,51,47,12,11,11,susquehanna70,NA,TRUE,paddler,schlimma01,Mary Schlimmer,Schlimmer Mary,Cortland,NY,USA,1,T,27446,NA,NA
256401,2019,CLINTON70,Downriver,Canoe,P12,oc2pro,11,TRUE,27446,52,52,51,47,12,11,11,susquehanna70,NA,TRUE,paddler,schlimmi01,Michael Schlimmer,Schlimmer Michael,Cortland,NY,USA,1,T,27446,NA,NA
532415,2025,CLINTON70,Downriver,Canoe,P57,oc2pro,15,TRUE,27462,53,53,52,48,17,15,17,susquehanna70,NA,TRUE,paddler,NA,Dave Smith,Smith Dave,Gaylord,MI,USA,NA,NA,NA,NA,NA
532415,2025,CLINTON70,Downriver,Canoe,P57,oc2pro,15,TRUE,27462,53,53,52,48,17,15,17,susquehanna70,NA,TRUE,paddler,quesnepi01,Pierre-Olivier Quesnel,Quesnel Pierre-Olivier,Piedmont,QC,CAN,NA,NA,NA,NA,NA
256433,2019,CLINTON70,Downriver,Canoe,B3,oc4stock,1,TRUE,27465,54,54,53,3,13,1,12,susquehanna70,NA,TRUE,paddler,bartonbr01,Bruce Barton,Barton Bruce,Homer,MI,USA,1,T,27465,NA,NA
256433,2019,CLINTON70,Downriver,Canoe,B3,oc4stock,1,TRUE,27465,54,54,53,3,13,1,12,susquehanna70,NA,TRUE,paddler,bartonro01,Roxanne Barton,Barton Roxanne,Homer,MI,USA,1,T,27465,NA,NA
256433,2019,CLINTON70,Downriver,Canoe,B3,oc4stock,1,TRUE,27465,54,54,53,3,13,1,12,susquehanna70,NA,TRUE,paddler,willouwe01,Weston Willoughby,Willoughby Weston,Homer,MI,USA,1,T,27465,NA,NA
256433,2019,CLINTON70,Downriver,Canoe,B3,oc4stock,1,TRUE,27465,54,54,53,3,13,1,12,susquehanna70,NA,TRUE,paddler,trieboti01,Tim Triebold,Triebold Tim,Grayling,MI,USA,1,T,27465,NA,NA
208244,2014,CLINTON70,Downriver,Canoe,P13,oc2pro,18,TRUE,27473,55,55,54,49,20,18,20,susquehanna70,Mens Under 50,TRUE,paddler,mynarky01,Kyle Mynar,Mynar Kyle,San Marcos,TX,USA,1,T,27473,NA,NA
208244,2014,CLINTON70,Downriver,Canoe,P13,oc2pro,18,TRUE,27473,55,55,54,49,20,18,20,susquehanna70,Mens Under 50,TRUE,paddler,mynarlo01,Logan Mynar,Mynar Logan,San Marcos,TX,USA,1,T,27473,NA,NA
208245,2014,CLINTON70,Downriver,Canoe,P16,oc2pro,19,TRUE,27502,56,56,55,50,21,19,21,susquehanna70,Mens Under 50,TRUE,paddler,landicco01,Connor Landick,Landick Connor,Marquette,MI,USA,1,T,27502,NA,NA
208245,2014,CLINTON70,Downriver,Canoe,P16,oc2pro,19,TRUE,27502,56,56,55,50,21,19,21,susquehanna70,Mens Under 50,TRUE,paddler,landicst01,Steve Landick,Landick Steve,Marquette,MI,USA,1,T,27502,NA,NA
208246,2014,CLINTON70,Downriver,Canoe,P9,oc2pro,20,TRUE,27512,57,57,56,51,22,20,22,susquehanna70,Mixed,TRUE,paddler,NA,Sylvie Naeveau,Naeveau Sylvie,St Jerome,QC,CAN,1,T,27512,NA,NA
208246,2014,CLINTON70,Downriver,Canoe,P9,oc2pro,20,TRUE,27512,57,57,56,51,22,20,22,susquehanna70,Mixed,TRUE,paddler,sheldoti01,Tim Sheldon,Sheldon Tim,Grayling,MI,USA,1,T,27512,NA,NA
208270,2014,CLINTON70,Downriver,Canoe,S8,oc1pro,1,TRUE,27533,58,58,57,1,23,1,23,susquehanna70,NA,TRUE,paddler,lajoiest01,Steve Lajoie,Lajoie Steve,Mirabel,QC,CAN,1,T,27533,NA,NA
237851,2017,CLINTON70,Downriver,Canoe,P11,oc2pro,3,TRUE,27554,59,59,58,52,3,3,3,susquehanna70,NA,TRUE,paddler,frigonsa01,Samuel Frigon,Frigon Samuel,St-Étienne Des Grès,QC,CAN,1,T,27554,NA,NA
237851,2017,CLINTON70,Downriver,Canoe,P11,oc2pro,3,TRUE,27554,59,59,58,52,3,3,3,susquehanna70,NA,TRUE,paddler,pellerja01,Jim Pellerin,Pellerin Jim,Shawinigan-Sud,QC,CAN,1,T,27554,NA,NA
208247,2014,CLINTON70,Downriver,Canoe,P19,oc2pro,21,TRUE,27577,60,60,59,53,24,21,24,susquehanna70,Mens Under 50,TRUE,paddler,schlimjo01,Joseph Schlimmer,Schlimmer Joseph,Cortland,NY,USA,1,T,27577,NA,NA
208247,2014,CLINTON70,Downriver,Canoe,P19,oc2pro,21,TRUE,27577,60,60,59,53,24,21,24,susquehanna70,Mens Under 50,TRUE,paddler,yaroshto01,Tom Yarosh,Yarosh Tom,Windsor,NY,USA,1,T,27577,NA,NA
247639,2018,CLINTON70,Downriver,Canoe,P28,oc2pro,4,TRUE,27588,61,61,60,54,4,4,4,susquehanna70,NA,TRUE,paddler,NA,Christopher Proulx,Proulx Christopher,Shawinigan,QC,CAN,1,T,27588,NA,NA
247639,2018,CLINTON70,Downriver,Canoe,P28,oc2pro,4,TRUE,27588,61,61,60,54,4,4,4,susquehanna70,NA,TRUE,paddler,frigonsa01,Samuel Frigon,Frigon Samuel,St-Étienne Des Grès,QC,CAN,1,T,27588,NA,NA
256402,2019,CLINTON70,Downriver,Canoe,P2,oc2pro,12,TRUE,27600,62,62,61,55,14,12,13,susquehanna70,NA,TRUE,paddler,weilerau01,Austin Weiler,Weiler Austin,Roscommon,MI,USA,1,T,27600,NA,NA
256402,2019,CLINTON70,Downriver,Canoe,P2,oc2pro,12,TRUE,27600,62,62,61,55,14,12,13,susquehanna70,NA,TRUE,paddler,medinato01,Danny Medina,Medina Danny,Homer,MI,USA,1,T,27600,NA,NA
227295,2016,CLINTON70,Downriver,Canoe,P20,oc2pro,1,TRUE,27618,63,63,62,56,1,1,1,susquehanna70,Mens Under 50,TRUE,paddler,blaisgu01,Guillame Blais,Blais Guillame,St Boniface,QC,CAN,1,T,27618,NA,NA
227295,2016,CLINTON70,Downriver,Canoe,P20,oc2pro,1,TRUE,27618,63,63,62,56,1,1,1,susquehanna70,Mens Under 50,TRUE,paddler,pellerma01,Mathieu Pellerin,Pellerin Mathieu,Shawinigan,QC,CAN,1,T,27618,NA,NA
256434,2019,CLINTON70,Downriver,Canoe,B6,oc4stock,2,TRUE,27667,64,64,63,4,15,2,14,susquehanna70,NA,TRUE,paddler,shultije01,Jeff Shultis,Shultis Jeff,Otego,NY,USA,1,T,27667,NA,NA
256434,2019,CLINTON70,Downriver,Canoe,B6,oc4stock,2,TRUE,27667,64,64,63,4,15,2,14,susquehanna70,NA,TRUE,paddler,harrisla01,Larry Harrison,Harrison Larry,Oneonta,NY,USA,1,T,27667,NA,NA
256434,2019,CLINTON70,Downriver,Canoe,B6,oc4stock,2,TRUE,27667,64,64,63,4,15,2,14,susquehanna70,NA,TRUE,paddler,wissebo01,Bob Wisse,Wisse Bob,Oneonta,NY,USA,1,T,27667,NA,NA
256434,2019,CLINTON70,Downriver,Canoe,B6,oc4stock,2,TRUE,27667,64,64,63,4,15,2,14,susquehanna70,NA,TRUE,paddler,zaverabo01,Bob Zaveral,Zaveral Bob,Mt. Upton,NY,USA,1,T,27667,NA,NA
256403,2019,CLINTON70,Downriver,Canoe,P16,oc2pro,13,TRUE,27678,65,65,64,57,16,13,15,susquehanna70,NA,TRUE,paddler,shaveral01,Al Shaver,Shaver Al,Meridale,NY,USA,1,T,27678,NA,NA
256403,2019,CLINTON70,Downriver,Canoe,P16,oc2pro,13,TRUE,27678,65,65,64,57,16,13,15,susquehanna70,NA,TRUE,paddler,personda01,Dale Persons,Persons Dale,Bainbridge,NY,USA,1,T,27678,NA,NA
227296,2016,CLINTON70,Downriver,Canoe,P29,oc2pro,2,TRUE,27686,66,66,65,58,2,2,2,susquehanna70,Mens Under 50,TRUE,paddler,rudnitma01,Matt Rudnitsky,Rudnitsky Matt,Gilbertsville,NY,USA,1,T,27686,NA,NA
227296,2016,CLINTON70,Downriver,Canoe,P29,oc2pro,2,TRUE,27686,66,66,65,58,2,2,2,susquehanna70,Mens Under 50,TRUE,paddler,lajoiest01,Steve Lajoie,Lajoie Steve,Mirabel,QC,CAN,1,T,27686,NA,NA
532416,2025,CLINTON70,Downriver,Canoe,P36,oc2pro,16,TRUE,27688,67,67,66,59,18,16,18,susquehanna70,NA,TRUE,paddler,maddenpa01,Patrick Madden,Madden Patrick,Scotia,NY,USA,NA,NA,NA,NA,NA
532416,2025,CLINTON70,Downriver,Canoe,P36,oc2pro,16,TRUE,27688,67,67,66,59,18,16,18,susquehanna70,NA,TRUE,paddler,watsonst01,Steve Watson,Watson Steve,Onaway,MI,USA,NA,NA,NA,NA,NA
532417,2025,CLINTON70,Downriver,Canoe,P53,oc2pro,17,TRUE,27690,68,68,67,60,19,17,19,susquehanna70,NA,TRUE,paddler,burmeica01,Carson Burmeister,Burmeister Carson,Marquette,MI,USA,NA,NA,NA,Crotser/Burmeister,NA
532417,2025,CLINTON70,Downriver,Canoe,P53,oc2pro,17,TRUE,27690,68,68,67,60,19,17,19,susquehanna70,NA,TRUE,paddler,crotseja01,Jake Crotser,Crotser Jake,Summerville,SC,USA,NA,NA,NA,Crotser/Burmeister,NA
532418,2025,CLINTON70,Downriver,Canoe,P23,oc2pro,18,TRUE,27759,69,69,68,61,20,18,20,susquehanna70,NA,TRUE,paddler,lowrygr01,Greg Lowry,Lowry Greg,Denville,NJ,USA,NA,NA,NA,Lumber Jacked,NA
532418,2025,CLINTON70,Downriver,Canoe,P23,oc2pro,18,TRUE,27759,69,69,68,61,20,18,20,susquehanna70,NA,TRUE,paddler,kirkdy01,Dylan Kirk,Kirk Dylan,Jacks Reef,NY,USA,NA,NA,NA,Lumber Jacked,NA
217350,2015,CLINTON70,Downriver,Canoe,P27,oc2pro,1,TRUE,27773,70,70,69,62,1,1,1,susquehanna70,Mens Under 50,TRUE,paddler,trieboan01,Andy Triebold,Triebold Andy,Grayling,MI,USA,1,T,27773,NA,NA
217350,2015,CLINTON70,Downriver,Canoe,P27,oc2pro,1,TRUE,27773,70,70,69,62,1,1,1,susquehanna70,Mens Under 50,TRUE,paddler,lajoiest01,Steve Lajoie,Lajoie Steve,Mirabel,QC,CAN,1,T,27773,NA,NA
208248,2014,CLINTON70,Downriver,Canoe,P11,oc2pro,22,TRUE,27787,71,71,70,63,25,22,25,susquehanna70,Mens 50 & Over,TRUE,paddler,fairchmi01,Michael Fairchild,Fairchild Michael,Battleboro,VT,USA,1,T,27787,NA,NA
208248,2014,CLINTON70,Downriver,Canoe,P11,oc2pro,22,TRUE,27787,71,71,70,63,25,22,25,susquehanna70,Mens 50 & Over,TRUE,paddler,heedpe01,Peter Heed,Heed Peter,Keene,NH,USA,1,T,27787,NA,NA
256404,2019,CLINTON70,Downriver,Canoe,P8,oc2pro,14,TRUE,27787,72,72,71,64,17,14,16,susquehanna70,NA,TRUE,paddler,leebr01,Bruce Lee,Lee Bruce,Port Crane,NY,USA,1,T,27787,NA,NA
256404,2019,CLINTON70,Downriver,Canoe,P8,oc2pro,14,TRUE,27787,72,72,71,64,17,14,16,susquehanna70,NA,TRUE,paddler,yaroshto01,Tom Yarosh,Yarosh Tom,Windsor,NY,USA,1,T,27787,NA,NA
208249,2014,CLINTON70,Downriver,Canoe,P33,oc2pro,23,TRUE,27799,73,73,72,65,26,23,26,susquehanna70,Mens Under 50,TRUE,paddler,wernerer01,Erik Werner,Werner Erik,Philadelphia,PA,USA,1,T,27799,NA,NA
208249,2014,CLINTON70,Downriver,Canoe,P33,oc2pro,23,TRUE,27799,73,73,72,65,26,23,26,susquehanna70,Mens Under 50,TRUE,paddler,lowrygr01,Greg Lowry,Lowry Greg,Denville,NJ,USA,1,T,27799,NA,NA
208250,2014,CLINTON70,Downriver,Canoe,P4,oc2pro,24,TRUE,27803,74,74,73,66,27,24,27,susquehanna70,Women,TRUE,paddler,mcmahoha01,Hailey McMahon,McMahon Hailey,Grayling,MI,USA,1,T,27803,NA,NA
208250,2014,CLINTON70,Downriver,Canoe,P4,oc2pro,24,TRUE,27803,74,74,73,66,27,24,27,susquehanna70,Women,TRUE,paddler,bartonre01,Rebecca Davis,Davis Rebecca,Homer,MI,USA,1,T,27803,NA,NA
208271,2014,CLINTON70,Downriver,Canoe,S3,oc1pro,2,TRUE,27806,75,75,74,2,28,2,28,susquehanna70,NA,TRUE,paddler,streibma01,Matt Streib,Streib Matt,Grayling,MI,USA,1,T,27806,NA,NA
256405,2019,CLINTON70,Downriver,Canoe,P14,oc2pro,15,TRUE,27808,76,76,75,67,18,15,17,susquehanna70,NA,TRUE,paddler,greffasy01,Sylvain Greffard,Greffard Sylvain,La Tuque,QC,CAN,1,T,27808,NA,NA
256405,2019,CLINTON70,Downriver,Canoe,P14,oc2pro,15,TRUE,27808,76,76,75,67,18,15,17,susquehanna70,NA,TRUE,paddler,roussegu01,Guy Rousseau,Rousseau Guy,Trois-Rivieres,QC,CAN,1,T,27808,NA,NA
256406,2019,CLINTON70,Downriver,Canoe,P19,oc2pro,16,TRUE,27813,77,77,76,68,19,16,18,susquehanna70,NA,TRUE,paddler,lessarsa01,Sarah Lessard,Lessard Sarah,Les Cèdres,QC,CAN,1,T,27813,NA,NA
256406,2019,CLINTON70,Downriver,Canoe,P19,oc2pro,16,TRUE,27813,77,77,76,68,19,16,18,susquehanna70,NA,TRUE,paddler,meersmma01,Matt Meersman,Meersman Matt,South Bend,IN,USA,1,T,27813,NA,NA
532419,2025,CLINTON70,Downriver,Canoe,P12,oc2pro,19,TRUE,27819,78,78,77,69,21,19,21,susquehanna70,NA,TRUE,paddler,allisojo01,Joseph Allison,Allison Joseph,Morris,NY,USA,NA,NA,NA,Two Ducks,NA
532419,2025,CLINTON70,Downriver,Canoe,P12,oc2pro,19,TRUE,27819,78,78,77,69,21,19,21,susquehanna70,NA,TRUE,paddler,NA,Austin Henchey,Henchey Austin,Otego,NY,USA,NA,NA,NA,Two Ducks,NA
532420,2025,CLINTON70,Downriver,Canoe,P49,oc2pro,20,TRUE,27821,79,79,78,70,22,20,22,susquehanna70,NA,TRUE,paddler,trieboan01,Andy Triebold,Triebold Andy,Grayling,MI,USA,NA,NA,NA,NA,NA
532420,2025,CLINTON70,Downriver,Canoe,P49,oc2pro,20,TRUE,27821,79,79,78,70,22,20,22,susquehanna70,NA,TRUE,paddler,NA,Owen Triebold,Triebold Owen,Grayling,MI,USA,NA,NA,NA,NA,NA
532421,2025,CLINTON70,Downriver,Canoe,P47,oc2pro,21,TRUE,27854,80,80,79,71,23,21,23,susquehanna70,NA,TRUE,paddler,meckleda01,Dan Mecklenburg,Mecklenburg Dan,Columbus,OH,USA,NA,NA,NA,Timeless Aquaholics,NA
532421,2025,CLINTON70,Downriver,Canoe,P47,oc2pro,21,TRUE,27854,80,80,79,71,23,21,23,susquehanna70,NA,TRUE,paddler,roussegu01,Guy Rousseau,Rousseau Guy,Trois-Rivières,QC,CAN,NA,NA,NA,Timeless Aquaholics,NA
247640,2018,CLINTON70,Downriver,Canoe,P1,oc2pro,5,TRUE,27883,81,81,80,72,5,5,5,susquehanna70,NA,TRUE,paddler,pellerja01,Jim Pellerin,Pellerin Jim,Shawinigan-Sud,QC,CAN,1,T,27883,NA,NA
247640,2018,CLINTON70,Downriver,Canoe,P1,oc2pro,5,TRUE,27883,81,81,80,72,5,5,5,susquehanna70,NA,TRUE,paddler,lacroijo01,Joel Lacroix,Lacroix Joel,Shawinigan,QC,CAN,1,T,27883,NA,NA
208251,2014,CLINTON70,Downriver,Canoe,P18,oc2pro,25,TRUE,27887,82,82,81,73,29,25,29,susquehanna70,Mens Under 50,TRUE,paddler,millerse01,Seth Miller,Miller Seth,Norwood,MA,USA,1,T,27887,NA,NA
208251,2014,CLINTON70,Downriver,Canoe,P18,oc2pro,25,TRUE,27887,82,82,81,73,29,25,29,susquehanna70,Mens Under 50,TRUE,paddler,millerst01,Stephen Miller,Miller Stephen,Groton,MA,USA,1,T,27887,NA,NA
256407,2019,CLINTON70,Downriver,Canoe,P17,oc2pro,17,TRUE,27890,83,83,82,74,20,17,19,susquehanna70,NA,TRUE,paddler,machated01,Edith MacHattie,MacHattie Edith,Saskatoon,SK,CAN,1,T,27890,NA,NA
256407,2019,CLINTON70,Downriver,Canoe,P17,oc2pro,17,TRUE,27890,83,83,82,74,20,17,19,susquehanna70,NA,TRUE,paddler,bartonre01,Rebecca Davis,Davis Rebecca,Homer,MI,USA,1,T,27890,NA,NA
532422,2025,CLINTON70,Downriver,Canoe,P30,oc2pro,22,TRUE,27893,84,84,83,75,24,22,24,susquehanna70,NA,TRUE,paddler,machated01,Edith Machattie,Machattie Edith,Saskatoon,SK,CAN,NA,NA,NA,NA,NA
532422,2025,CLINTON70,Downriver,Canoe,P30,oc2pro,22,TRUE,27893,84,84,83,75,24,22,24,susquehanna70,NA,TRUE,paddler,carriere01,Real Carriere,Carriere Real,Winnipeg,MB,CAN,NA,NA,NA,NA,NA
208277,2014,CLINTON70,Downriver,Canoe,T7,oc2cruiser,1,TRUE,27899,85,85,84,1,30,1,30,susquehanna70,NA,TRUE,paddler,lefevesh01,Shawn Lefever,Lefever Shawn,Unadilla,NY,USA,1,T,27899,NA,NA
208277,2014,CLINTON70,Downriver,Canoe,T7,oc2cruiser,1,TRUE,27899,85,85,84,1,30,1,30,susquehanna70,NA,TRUE,paddler,lefeveto01,Todd Lefever,Lefever Todd,Unadilla,NY,USA,1,T,27899,NA,NA
532423,2025,CLINTON70,Downriver,Canoe,P38,oc2pro,23,TRUE,27919,86,86,85,76,25,23,25,susquehanna70,NA,TRUE,paddler,wilsonbr01,Brad Wilson,Wilson Brad,Rockford,MI,USA,NA,NA,NA,West Michigan Paddle Club,NA
532423,2025,CLINTON70,Downriver,Canoe,P38,oc2pro,23,TRUE,27919,86,86,85,76,25,23,25,susquehanna70,NA,TRUE,paddler,NA,Jackson Tucker,Tucker Jackson,Grand Rapids ,MI,USA,NA,NA,NA,West Michigan Paddle Club,NA
208132,2014,CLINTON70,Downriver,Canoe,B8,oc4stock,3,TRUE,27957,87,87,86,5,31,3,31,susquehanna70,NA,TRUE,paddler,codingbr01,Bruce Codington,Codington Bruce,Sidney,NY,USA,1,T,27957,NA,NA
208132,2014,CLINTON70,Downriver,Canoe,B8,oc4stock,3,TRUE,27957,87,87,86,5,31,3,31,susquehanna70,NA,TRUE,paddler,berlke01,Kevin Berl,Berl Kevin,Macedon,NY,USA,1,T,27957,NA,NA
208132,2014,CLINTON70,Downriver,Canoe,B8,oc4stock,3,TRUE,27957,87,87,86,5,31,3,31,susquehanna70,NA,TRUE,paddler,maddenpa01,Pat Madden,Madden Pat,Scotia,NY,USA,1,T,27957,NA,NA
208132,2014,CLINTON70,Downriver,Canoe,B8,oc4stock,3,TRUE,27957,87,87,86,5,31,3,31,susquehanna70,NA,TRUE,paddler,buttsri01,Richard Butts,Butts Richard,Rochester,NY,USA,1,T,27957,NA,NA
247641,2018,CLINTON70,Downriver,Canoe,P9,oc2pro,6,TRUE,27974,88,88,87,77,6,6,6,susquehanna70,NA,TRUE,paddler,willouwe01,Weston Willoughby,Willoughby Weston,Homer,MI,USA,1,T,27974,NA,NA
247641,2018,CLINTON70,Downriver,Canoe,P9,oc2pro,6,TRUE,27974,88,88,87,77,6,6,6,susquehanna70,NA,TRUE,paddler,davismi01,Michael Davis,Davis Michael,Homer,MI,USA,1,T,27974,NA,NA
256408,2019,CLINTON70,Downriver,Canoe,P3,oc2pro,18,TRUE,28001,89,89,88,78,21,18,20,susquehanna70,NA,TRUE,paddler,gabriema01,Matt Gabriel,Gabriel Matt,Grayling,MI,USA,1,T,28001,NA,NA
256408,2019,CLINTON70,Downriver,Canoe,P3,oc2pro,18,TRUE,28001,89,89,88,78,21,18,20,susquehanna70,NA,TRUE,paddler,brabanse01,Sean Brabant,Brabant Sean,Roscommon,MI,USA,1,T,28001,NA,NA
208133,2014,CLINTON70,Downriver,Canoe,B4,oc4stock,4,TRUE,28013,90,90,89,6,32,4,32,susquehanna70,NA,TRUE,paddler,gruberpa01,Paul Gruber,Gruber Paul,Irvine,PA,USA,1,T,28013,NA,NA
208133,2014,CLINTON70,Downriver,Canoe,B4,oc4stock,4,TRUE,28013,90,90,89,6,32,4,32,susquehanna70,NA,TRUE,paddler,martinst01,Steve Martin,Martin Steve,Ridgway,PA,USA,1,T,28013,NA,NA
208133,2014,CLINTON70,Downriver,Canoe,B4,oc4stock,4,TRUE,28013,90,90,89,6,32,4,32,susquehanna70,NA,TRUE,paddler,stoutte01,Teresa Stout,Stout Teresa,Corsica,PA,USA,1,T,28013,NA,NA
208133,2014,CLINTON70,Downriver,Canoe,B4,oc4stock,4,TRUE,28013,90,90,89,6,32,4,32,susquehanna70,NA,TRUE,paddler,flamento01,Toni Flament,Flament Toni,Emporium,PA,USA,1,T,28013,NA,NA
256409,2019,CLINTON70,Downriver,Canoe,P34,oc2pro,19,TRUE,28019,91,91,90,79,22,19,21,susquehanna70,NA,TRUE,paddler,ellswoth01,Tom Ellsworth,Ellsworth Tom,Orange,MA,USA,1,T,28019,NA,NA
256409,2019,CLINTON70,Downriver,Canoe,P34,oc2pro,19,TRUE,28019,91,91,90,79,22,19,21,susquehanna70,NA,TRUE,paddler,garlanti01,Tim Garland,Garland Tim,Surry,NH,USA,1,T,28019,NA,NA
256410,2019,CLINTON70,Downriver,Canoe,P15,oc2pro,20,TRUE,28024,92,92,91,80,23,20,22,susquehanna70,NA,TRUE,paddler,nadeausy01,Sylvie Nadeau,Nadeau Sylvie,St Jerome,QC,CAN,1,T,28024,NA,NA
256410,2019,CLINTON70,Downriver,Canoe,P15,oc2pro,20,TRUE,28024,92,92,91,80,23,20,22,susquehanna70,NA,TRUE,paddler,schlimjo01,Joe Schlimmer,Schlimmer Joe,Ithaca,NY,USA,1,T,28024,NA,NA
237852,2017,CLINTON70,Downriver,Canoe,P21,oc2pro,4,TRUE,28029,93,93,92,81,4,4,4,susquehanna70,NA,TRUE,paddler,lacroijo01,Joel Lacroix,Lacroix Joel,Shawinigan,QC,CAN,1,T,28029,NA,NA
237852,2017,CLINTON70,Downriver,Canoe,P21,oc2pro,4,TRUE,28029,93,93,92,81,4,4,4,susquehanna70,NA,TRUE,paddler,NA,Anthony Dubord,Dubord Anthony,Nicolet,QC,CAN,1,T,28029,NA,NA
256435,2019,CLINTON70,Downriver,Canoe,B2,oc4stock,3,TRUE,28040,94,94,93,7,24,3,23,susquehanna70,NA,TRUE,paddler,wesleygl01,Gloria Wesley,Wesley Gloria,Pittsfield,MA,USA,1,T,28040,NA,NA
256435,2019,CLINTON70,Downriver,Canoe,B2,oc4stock,3,TRUE,28040,94,94,93,7,24,3,23,susquehanna70,NA,TRUE,paddler,apreaga01,Gary Aprea,Aprea Gary,Austerlitz,NY,USA,1,T,28040,NA,NA
256435,2019,CLINTON70,Downriver,Canoe,B2,oc4stock,3,TRUE,28040,94,94,93,7,24,3,23,susquehanna70,NA,TRUE,paddler,reynolho01,Holly Reynolds,Reynolds Holly,Rochester,NY,USA,1,T,28040,NA,NA
256435,2019,CLINTON70,Downriver,Canoe,B2,oc4stock,3,TRUE,28040,94,94,93,7,24,3,23,susquehanna70,NA,TRUE,paddler,trudgera01,Ray Trudgeon,Trudgeon Ray,Frederick,MI,USA,1,T,28040,NA,NA
247642,2018,CLINTON70,Downriver,Canoe,P29,oc2pro,7,TRUE,28070,95,95,94,82,7,7,7,susquehanna70,NA,TRUE,paddler,macdowsh01,Shane MacDowell,MacDowell Shane,Lake Placid,NY,USA,1,T,28070,NA,NA
247642,2018,CLINTON70,Downriver,Canoe,P29,oc2pro,7,TRUE,28070,95,95,94,82,7,7,7,susquehanna70,NA,TRUE,paddler,NA,Graham Smith,Smith Graham,Saskatoon,SK,CAN,1,T,28070,NA,NA
247643,2018,CLINTON70,Downriver,Canoe,P13,oc2pro,8,TRUE,28082,96,96,95,83,8,8,8,susquehanna70,NA,TRUE,paddler,issendch01,Chris Issendorf,Issendorf Chris,Dripping Springs,TX,USA,1,T,28082,NA,NA
247643,2018,CLINTON70,Downriver,Canoe,P13,oc2pro,8,TRUE,28082,96,96,95,83,8,8,8,susquehanna70,NA,TRUE,paddler,rollsia01,Ian Rolls,Rolls Ian,Dripping Springs,TX,USA,1,T,28082,NA,NA
227297,2016,CLINTON70,Downriver,Canoe,P5,oc2pro,3,TRUE,28092,97,97,96,84,3,3,3,susquehanna70,Mens Under 50,TRUE,paddler,schlimbe01,Benedict Schlimmer,Schlimmer Benedict,Oneonta,NY,USA,1,T,28092,NA,NA
227297,2016,CLINTON70,Downriver,Canoe,P5,oc2pro,3,TRUE,28092,97,97,96,84,3,3,3,susquehanna70,Mens Under 50,TRUE,paddler,lefevetr01,Trevor Lefever,Lefever Trevor,Oneonta,NY,USA,1,T,28092,NA,NA
208278,2014,CLINTON70,Downriver,Canoe,T9,oc2cruiser,2,TRUE,28156,98,98,97,2,33,2,33,susquehanna70,NA,TRUE,paddler,mclainga01,Gary McLain,McLain Gary,Ballston Spa,NY,USA,1,T,28156,NA,NA
208278,2014,CLINTON70,Downriver,Canoe,T9,oc2cruiser,2,TRUE,28156,98,98,97,2,33,2,33,susquehanna70,NA,TRUE,paddler,millspph01,Philip Millspaugh,Millspaugh Philip,Rochester,NY,USA,1,T,28156,NA,NA
532314,2025,CLINTON70,Downriver,Canoe,O1,oc4unlimited,3,TRUE,28161,99,99,98,3,26,3,26,susquehanna70,NA,TRUE,paddler,wesleygl01,Gloria Wesley,Wesley Gloria,Pittsfield,MA,USA,NA,NA,NA,NA,NA
532314,2025,CLINTON70,Downriver,Canoe,O1,oc4unlimited,3,TRUE,28161,99,99,98,3,26,3,26,susquehanna70,NA,TRUE,paddler,apreaga01,Gary Aprea,Aprea Gary,Pittsfield,MA,USA,NA,NA,NA,NA,NA
532314,2025,CLINTON70,Downriver,Canoe,O1,oc4unlimited,3,TRUE,28161,99,99,98,3,26,3,26,susquehanna70,NA,TRUE,paddler,shultije01,Jeff Shultis,Shultis Jeff,Otego,NY,USA,NA,NA,NA,NA,NA
532314,2025,CLINTON70,Downriver,Canoe,O1,oc4unlimited,3,TRUE,28161,99,99,98,3,26,3,26,susquehanna70,NA,TRUE,paddler,reeseph01,Phoebe Reese,Reese Phoebe,Oneonta,NY,USA,NA,NA,NA,NA,NA
208252,2014,CLINTON70,Downriver,Canoe,P12,oc2pro,26,TRUE,28176,100,100,99,85,34,26,34,susquehanna70,Mens Under 50,TRUE,paddler,NA,Austin Short,Short Austin,Traverse City,MI,USA,1,T,28176,NA,NA
208252,2014,CLINTON70,Downriver,Canoe,P12,oc2pro,26,TRUE,28176,100,100,99,85,34,26,34,susquehanna70,Mens Under 50,TRUE,paddler,shortto01,Tony Short,Short Tony,Traverse City,MI,USA,1,T,28176,NA,NA
208288,2014,CLINTON70,Downriver,Canoe,V3,oc2cruisermaster,1,TRUE,28190,101,101,100,1,35,1,35,susquehanna70,NA,TRUE,paddler,vincenbo01,Bob Vincent,Vincent Bob,Dorchester,ON,CAN,1,T,28190,NA,NA
208288,2014,CLINTON70,Downriver,Canoe,V3,oc2cruisermaster,1,TRUE,28190,101,101,100,1,35,1,35,susquehanna70,NA,TRUE,paddler,brownde01,Dean Brown,Brown Dean,Hamilton,ON,CAN,1,T,28190,NA,NA
208253,2014,CLINTON70,Downriver,Canoe,P8,oc2pro,27,TRUE,28202,102,102,101,86,36,27,36,susquehanna70,Mens Under 50,TRUE,paddler,medinada01,Daniel Medina,Medina Daniel,Roscommon,MI,USA,1,T,28202,NA,NA
208253,2014,CLINTON70,Downriver,Canoe,P8,oc2pro,27,TRUE,28202,102,102,101,86,36,27,36,susquehanna70,Mens Under 50,TRUE,paddler,shawjo01,Joe Shaw,Shaw Joe,Essex,NY,USA,1,T,28202,NA,NA
532424,2025,CLINTON70,Downriver,Canoe,P27,oc2pro,24,TRUE,28202,103,103,102,87,27,24,27,susquehanna70,NA,TRUE,paddler,NA,Vincent Desilets,Desilets Vincent,Becancour,QC,CAN,NA,NA,NA,The Flying Churros,NA
532424,2025,CLINTON70,Downriver,Canoe,P27,oc2pro,24,TRUE,28202,103,103,102,87,27,24,27,susquehanna70,NA,TRUE,paddler,NA,Carlos Antonio Martinez,Martinez Carlos Antonio,Montreal,QC,CAN,NA,NA,NA,The Flying Churros,NA
208254,2014,CLINTON70,Downriver,Canoe,P30,oc2pro,28,TRUE,28210,104,104,103,88,37,28,37,susquehanna70,Mens Under 50,TRUE,paddler,dittener01,Eric Dittenber,Dittenber Eric,Grayling,MI,USA,1,T,28210,NA,NA
208254,2014,CLINTON70,Downriver,Canoe,P30,oc2pro,28,TRUE,28210,104,104,103,88,37,28,37,susquehanna70,Mens Under 50,TRUE,paddler,garonmi01,Michael Garon,Garon Michael,Washington,MI,USA,1,T,28210,NA,NA
237853,2017,CLINTON70,Downriver,Canoe,P5,oc2pro,5,TRUE,28219,105,105,104,89,5,5,5,susquehanna70,NA,TRUE,paddler,meadpe01,Pete Mead,Mead Pete,Traverse City,MI,USA,1,T,28219,NA,NA
237853,2017,CLINTON70,Downriver,Canoe,P5,oc2pro,5,TRUE,28219,105,105,104,89,5,5,5,susquehanna70,NA,TRUE,paddler,macdowsh01,Shane MacDowell,MacDowell Shane,Lake Placid,NY,USA,1,T,28219,NA,NA
208289,2014,CLINTON70,Downriver,Canoe,V2,oc2cruisermaster,2,TRUE,28241,106,106,105,2,38,2,38,susquehanna70,NA,TRUE,paddler,NA,David Johnston,Johnston David,Sarnia,ON,CAN,1,T,28241,NA,NA
208289,2014,CLINTON70,Downriver,Canoe,V2,oc2cruisermaster,2,TRUE,28241,106,106,105,2,38,2,38,susquehanna70,NA,TRUE,paddler,anusiest01,Stan Anusiewicz,Anusiewicz Stan,Brights Grove,ON,CAN,1,T,28241,NA,NA
532425,2025,CLINTON70,Downriver,Canoe,P40,oc2pro,25,TRUE,28254,107,107,106,90,28,25,28,susquehanna70,NA,TRUE,paddler,dessursi01,Simon Dessureault,Dessureault Simon,Coteau-Du-Lac,QC,CAN,NA,NA,NA,Comme Dessenfant,NA
532425,2025,CLINTON70,Downriver,Canoe,P40,oc2pro,25,TRUE,28254,107,107,106,90,28,25,28,susquehanna70,NA,TRUE,paddler,malenfjo01,Joel Malenfant,Malenfant Joel,Shawinigan,QC,CAN,NA,NA,NA,Comme Dessenfant,NA
237854,2017,CLINTON70,Downriver,Canoe,P12,oc2pro,6,TRUE,28257,108,108,107,91,6,6,6,susquehanna70,NA,TRUE,paddler,bartonre01,Rebecca Davis,Davis Rebecca,Homer,MI,USA,1,T,28257,NA,NA
237854,2017,CLINTON70,Downriver,Canoe,P12,oc2pro,6,TRUE,28257,108,108,107,91,6,6,6,susquehanna70,NA,TRUE,paddler,davismi01,Michael Davis,Davis Michael,Homer,MI,USA,1,T,28257,NA,NA
237706,2017,CLINTON70,Downriver,Canoe,B4,oc4stock,1,TRUE,28287,109,109,108,8,7,1,7,susquehanna70,NA,TRUE,paddler,bartonro01,Roxanne Barton,Barton Roxanne,Homer,MI,USA,1,T,28287,NA,NA
237706,2017,CLINTON70,Downriver,Canoe,B4,oc4stock,1,TRUE,28287,109,109,108,8,7,1,7,susquehanna70,NA,TRUE,paddler,bartonbr01,Bruce Barton,Barton Bruce,Homer,MI,USA,1,T,28287,NA,NA
237706,2017,CLINTON70,Downriver,Canoe,B4,oc4stock,1,TRUE,28287,109,109,108,8,7,1,7,susquehanna70,NA,TRUE,paddler,trieboti01,Tim Triebold,Triebold Tim,Grayling,MI,USA,1,T,28287,NA,NA
237706,2017,CLINTON70,Downriver,Canoe,B4,oc4stock,1,TRUE,28287,109,109,108,8,7,1,7,susquehanna70,NA,TRUE,paddler,willouwe01,Weston Willoughby,Willoughby Weston,Homer,MI,USA,1,T,28287,NA,NA
237855,2017,CLINTON70,Downriver,Canoe,P19,oc2pro,7,TRUE,28293,110,110,109,92,8,7,8,susquehanna70,NA,TRUE,paddler,schlimmi01,Michael Schlimmer,Schlimmer Michael,Rochester,NY,USA,1,T,28293,NA,NA
237855,2017,CLINTON70,Downriver,Canoe,P19,oc2pro,7,TRUE,28293,110,110,109,92,8,7,8,susquehanna70,NA,TRUE,paddler,quesnepi01,Pierre-Olivier Quesnel,Quesnel Pierre-Olivier,Laval,QC,CAN,1,T,28293,NA,NA
532426,2025,CLINTON70,Downriver,Canoe,P54,oc2pro,26,TRUE,28293,111,111,110,93,29,26,29,susquehanna70,NA,TRUE,paddler,hatfieja01,Jason Hatfield,Hatfield Jason,Grayling,MI,USA,NA,NA,NA,NA,NA
532426,2025,CLINTON70,Downriver,Canoe,P54,oc2pro,26,TRUE,28293,111,111,110,93,29,26,29,susquehanna70,NA,TRUE,paddler,halemi01,Mike Hale,Hale Mike,Grayling,MI,USA,NA,NA,NA,NA,NA
237707,2017,CLINTON70,Downriver,Canoe,B6,oc4stock,2,TRUE,28311,112,112,111,9,9,2,9,susquehanna70,NA,TRUE,paddler,shultije01,Jeff Shultis,Shultis Jeff,Otego,NY,USA,1,T,28311,NA,NA
237707,2017,CLINTON70,Downriver,Canoe,B6,oc4stock,2,TRUE,28311,112,112,111,9,9,2,9,susquehanna70,NA,TRUE,paddler,wissebo01,Bob Wisse,Wisse Bob,Oneonta,NY,USA,1,T,28311,NA,NA
237707,2017,CLINTON70,Downriver,Canoe,B6,oc4stock,2,TRUE,28311,112,112,111,9,9,2,9,susquehanna70,NA,TRUE,paddler,nicholal01,Allen Nichols,Nichols Allen,Laurens,NY,USA,1,T,28311,NA,NA
237707,2017,CLINTON70,Downriver,Canoe,B6,oc4stock,2,TRUE,28311,112,112,111,9,9,2,9,susquehanna70,NA,TRUE,paddler,harrisla01,Larry Harrison,Harrison Larry,Oneonta,NY,USA,1,T,28311,NA,NA
532427,2025,CLINTON70,Downriver,Canoe,P34,oc2pro,27,TRUE,28337,113,113,112,94,30,27,30,susquehanna70,NA,TRUE,paddler,trudelfr01,Francis Trudel,Trudel Francis,Shawinigan,QC,CAN,NA,NA,NA,Trudel-Lacombe,NA
532427,2025,CLINTON70,Downriver,Canoe,P34,oc2pro,27,TRUE,28337,113,113,112,94,30,27,30,susquehanna70,NA,TRUE,paddler,lacombsi01,Simon Lacombe,Lacombe Simon,Trois-Rivières,QC,CAN,NA,NA,NA,Trudel-Lacombe,NA
247644,2018,CLINTON70,Downriver,Canoe,P24,oc2pro,9,TRUE,28361,114,114,113,95,9,9,9,susquehanna70,NA,TRUE,paddler,gelinaad01,Adam Gelinas,Gelinas Adam,Leominster,MA,USA,1,T,28361,NA,NA
247644,2018,CLINTON70,Downriver,Canoe,P24,oc2pro,9,TRUE,28361,114,114,113,95,9,9,9,susquehanna70,NA,TRUE,paddler,zaverary01,Ryan Zaveral,Zaveral Ryan,Mt Upton,NY,USA,1,T,28361,NA,NA
237856,2017,CLINTON70,Downriver,Canoe,P15,oc2pro,8,TRUE,28367,115,115,114,96,10,8,10,susquehanna70,NA,TRUE,paddler,machated01,Edith MacHattie,MacHattie Edith,Saskatoon,SK,CAN,1,T,28367,NA,NA
237856,2017,CLINTON70,Downriver,Canoe,P15,oc2pro,8,TRUE,28367,115,115,114,96,10,8,10,susquehanna70,NA,TRUE,paddler,NA,Graham Smith,Smith Graham,Saskatoon,SK,CAN,1,T,28367,NA,NA
217351,2015,CLINTON70,Downriver,Canoe,P26,oc2pro,2,TRUE,28396,116,116,115,97,2,2,2,susquehanna70,Mens Under 50,TRUE,paddler,halstery01,Ryan Halstead,Halstead Ryan,Grayling,MI,USA,1,T,28396,NA,NA
217351,2015,CLINTON70,Downriver,Canoe,P26,oc2pro,2,TRUE,28396,116,116,115,97,2,2,2,susquehanna70,Mens Under 50,TRUE,paddler,corlewst01,Steve Corlew,Corlew Steve,Grayling,MI,USA,1,T,28396,NA,NA
247645,2018,CLINTON70,Downriver,Canoe,P33,oc2pro,10,TRUE,28398,117,117,116,98,10,10,10,susquehanna70,NA,TRUE,paddler,mynarlo01,Logan Mynar,Mynar Logan,San Antonio,TX,USA,1,T,28398,NA,NA
247645,2018,CLINTON70,Downriver,Canoe,P33,oc2pro,10,TRUE,28398,117,117,116,98,10,10,10,susquehanna70,NA,TRUE,paddler,schlimmi01,Michael Schlimmer,Schlimmer Michael,Rochester,NY,USA,1,T,28398,NA,NA
208134,2014,CLINTON70,Downriver,Canoe,B3,oc4stock,5,TRUE,28401,118,118,117,10,39,5,39,susquehanna70,NA,TRUE,paddler,billinch01,Chas Billingsley,Billingsley Chas,Lake Clear,NY,USA,1,T,28401,NA,NA
208134,2014,CLINTON70,Downriver,Canoe,B3,oc4stock,5,TRUE,28401,118,118,117,10,39,5,39,susquehanna70,NA,TRUE,paddler,hindleni01,Nick Hindley,Hindley Nick,Honesdale,PA,USA,1,T,28401,NA,NA
208134,2014,CLINTON70,Downriver,Canoe,B3,oc4stock,5,TRUE,28401,118,118,117,10,39,5,39,susquehanna70,NA,TRUE,paddler,NA,Peter McConville,McConville Peter,Paul Smiths,NY,USA,1,T,28401,NA,NA
208134,2014,CLINTON70,Downriver,Canoe,B3,oc4stock,5,TRUE,28401,118,118,117,10,39,5,39,susquehanna70,NA,TRUE,paddler,dempstro01,Rodger Dempster,Dempster Rodger,Saranac Lake,NY,USA,1,T,28401,NA,NA
370183,2022,CLINTON70,Downriver,Canoe,P27,oc2pro,1,TRUE,28403,119,119,118,99,1,1,1,susquehanna70,NA,TRUE,paddler,lajoiest01,Steve Lajoie,Lajoie Steve,Mirabel,QC,CAN,NA,NA,NA,Hog Wild Racing,NA
370183,2022,CLINTON70,Downriver,Canoe,P27,oc2pro,1,TRUE,28403,119,119,118,99,1,1,1,susquehanna70,NA,TRUE,paddler,davismi01,Michael Davis,Davis Michael,Homer,MI,USA,NA,NA,NA,Hog Wild Racing,NA
237857,2017,CLINTON70,Downriver,Canoe,P31,oc2pro,9,TRUE,28433,120,120,119,100,11,9,11,susquehanna70,NA,TRUE,paddler,roussegu01,Guy Rousseau,Rousseau Guy,Trois-Rivieres,QC,CAN,1,T,28433,NA,NA
237857,2017,CLINTON70,Downriver,Canoe,P31,oc2pro,9,TRUE,28433,120,120,119,100,11,9,11,susquehanna70,NA,TRUE,paddler,zaverary01,Ryan Zaveral,Zaveral Ryan,Mt Upton,NY,USA,1,T,28433,NA,NA
532428,2025,CLINTON70,Downriver,Canoe,P3,oc2pro,28,TRUE,28444,121,121,120,101,31,28,31,susquehanna70,NA,TRUE,paddler,putnamal01,Alan Putnam,Putnam Alan,Linden,MI,USA,NA,NA,NA,NA,NA
532428,2025,CLINTON70,Downriver,Canoe,P3,oc2pro,28,TRUE,28444,121,121,120,101,31,28,31,susquehanna70,NA,TRUE,paddler,shadlero01,Robert Shadley,Shadley Robert,Cass City ,MI,USA,NA,NA,NA,NA,NA
227298,2016,CLINTON70,Downriver,Canoe,P32,oc2pro,4,TRUE,28466,122,122,121,102,4,4,4,susquehanna70,Mens Under 50,TRUE,paddler,schlimmi01,Michael Schlimmer,Schlimmer Michael,Rochester,NY,USA,1,T,28466,NA,NA
227298,2016,CLINTON70,Downriver,Canoe,P32,oc2pro,4,TRUE,28466,122,122,121,102,4,4,4,susquehanna70,Mens Under 50,TRUE,paddler,willouwe01,Weston Willoughby,Willoughby Weston,Homer,MI,USA,1,T,28466,NA,NA
208255,2014,CLINTON70,Downriver,Canoe,P2,oc2pro,29,TRUE,28481,123,123,122,103,40,29,40,susquehanna70,Mens Under 50,TRUE,paddler,lacombsi01,Simon-Pier Lacombe,Lacombe Simon-Pier,Shawinigan,QC,CAN,1,T,28481,NA,NA
208255,2014,CLINTON70,Downriver,Canoe,P2,oc2pro,29,TRUE,28481,123,123,122,103,40,29,40,susquehanna70,Mens Under 50,TRUE,paddler,mackza01,Zackary Mack,Mack Zackary,Grayling,MI,USA,1,T,28481,NA,NA
208290,2014,CLINTON70,Downriver,Canoe,V5,oc2cruisermaster,3,TRUE,28522,124,124,123,3,41,3,41,susquehanna70,NA,TRUE,paddler,goodwike01,Ken Goodwin,Goodwin Ken,Barre,MA,USA,1,T,28522,NA,NA
208290,2014,CLINTON70,Downriver,Canoe,V5,oc2cruisermaster,3,TRUE,28522,124,124,123,3,41,3,41,susquehanna70,NA,TRUE,paddler,stevenph01,Phillip Stevens,Stevens Phillip,Barre,MA,USA,1,T,28522,NA,NA
532429,2025,CLINTON70,Downriver,Canoe,P55,oc2pro,29,TRUE,28523,125,125,124,104,32,29,32,susquehanna70,NA,TRUE,paddler,stonehky01,Kyle Stonehouse,Stonehouse Kyle,Grayling,MI,USA,NA,NA,NA,NA,NA
532429,2025,CLINTON70,Downriver,Canoe,P55,oc2pro,29,TRUE,28523,125,125,124,104,32,29,32,susquehanna70,NA,TRUE,paddler,dalmando01,Doug Dalman,Dalman Doug,Coopersville,MI,USA,NA,NA,NA,NA,NA
532430,2025,CLINTON70,Downriver,Canoe,P11,oc2pro,30,TRUE,28530,126,126,125,105,33,30,33,susquehanna70,NA,TRUE,paddler,bartonbr01,Bruce Barton,Barton Bruce,Homer,MI,USA,NA,NA,NA,Hog Wild,NA
532430,2025,CLINTON70,Downriver,Canoe,P11,oc2pro,30,TRUE,28530,126,126,125,105,33,30,33,susquehanna70,NA,TRUE,paddler,henryda01,Dana Henry,Henry Dana,Plymouth,MN,USA,NA,NA,NA,Hog Wild,NA
208272,2014,CLINTON70,Downriver,Canoe,S7,oc1pro,3,TRUE,28532,127,127,126,3,42,3,42,susquehanna70,NA,TRUE,paddler,torongbi01,Bill Torongo,Torongo Bill,Roscommon,MI,USA,1,T,28532,NA,NA
256373,2019,CLINTON70,Downriver,Canoe,X3,oc2cruisermix,1,TRUE,28552,128,128,127,1,25,1,24,susquehanna70,NA,TRUE,paddler,fitzgebr01,Briana Fitzgerald,Fitzgerald Briana,Scotia,NY,USA,1,T,28552,NA,NA
256373,2019,CLINTON70,Downriver,Canoe,X3,oc2cruisermix,1,TRUE,28552,128,128,127,1,25,1,24,susquehanna70,NA,TRUE,paddler,thiemza01,Zachary Thiem,Thiem Zachary,Eureka,WI,USA,1,T,28552,NA,NA
247646,2018,CLINTON70,Downriver,Canoe,P34,oc2pro,11,TRUE,28574,129,129,128,106,11,11,11,susquehanna70,NA,TRUE,paddler,meadpe01,Pete Mead,Mead Pete,Traverse City,MI,USA,1,T,28574,NA,NA
247646,2018,CLINTON70,Downriver,Canoe,P34,oc2pro,11,TRUE,28574,129,129,128,106,11,11,11,susquehanna70,NA,TRUE,paddler,NA,Richard Lauth,Lauth Richard,Grosse Ile,MI,USA,1,T,28574,NA,NA
208279,2014,CLINTON70,Downriver,Canoe,T2,oc2cruiser,3,TRUE,28576,130,130,129,3,43,3,43,susquehanna70,NA,TRUE,paddler,palmerbr01,Brayton Palmer,Palmer Brayton,Media,PA,USA,1,T,28576,NA,NA
208279,2014,CLINTON70,Downriver,Canoe,T2,oc2cruiser,3,TRUE,28576,130,130,129,3,43,3,43,susquehanna70,NA,TRUE,paddler,palmerma01,Matthew Palmer,Palmer Matthew,Morris,NY,USA,1,T,28576,NA,NA
227299,2016,CLINTON70,Downriver,Canoe,P17,oc2pro,5,TRUE,28583,131,131,130,107,5,5,5,susquehanna70,Mens Under 50,TRUE,paddler,davismi01,Michael Davis,Davis Michael,Homer,MI,USA,1,T,28583,NA,NA
227299,2016,CLINTON70,Downriver,Canoe,P17,oc2pro,5,TRUE,28583,131,131,130,107,5,5,5,susquehanna70,Mens Under 50,TRUE,paddler,frigonsa01,Samuel Frigon,Frigon Samuel,St-Bonifance De Shawinigan,QC,CAN,1,T,28583,NA,NA
532431,2025,CLINTON70,Downriver,Canoe,P4,oc2pro,31,TRUE,28591,132,132,131,108,34,31,34,susquehanna70,NA,TRUE,paddler,bosske01,Kevin Boss,Boss Kevin,Swansea,MA,USA,NA,NA,NA,Brouillette HVAC,NA
532431,2025,CLINTON70,Downriver,Canoe,P4,oc2pro,31,TRUE,28591,132,132,131,108,34,31,34,susquehanna70,NA,TRUE,paddler,millerst01,Steve Miller,Miller Steve,Groton,MA,USA,NA,NA,NA,Brouillette HVAC,NA
227300,2016,CLINTON70,Downriver,Canoe,P24,oc2pro,6,TRUE,28615,133,133,132,109,6,6,6,susquehanna70,Mens Under 50,TRUE,paddler,pellerja01,Jim Pellerin,Pellerin Jim,Shawinigan-Sud,QC,CAN,1,T,28615,NA,NA
227300,2016,CLINTON70,Downriver,Canoe,P24,oc2pro,6,TRUE,28615,133,133,132,109,6,6,6,susquehanna70,Mens Under 50,TRUE,paddler,pellerto01,Tom Pellerin,Pellerin Tom,Shawinigan-Sud,QC,CAN,1,T,28615,NA,NA
532432,2025,CLINTON70,Downriver,Canoe,P17,oc2pro,32,TRUE,28623,134,134,133,110,35,32,35,susquehanna70,NA,TRUE,paddler,huelskly01,Lydia Huelskamp,Huelskamp Lydia,Williamsport,PA,USA,NA,NA,NA,Do it for the Dr Pepper,NA
532432,2025,CLINTON70,Downriver,Canoe,P17,oc2pro,32,TRUE,28623,134,134,133,110,35,32,35,susquehanna70,NA,TRUE,paddler,schlimjo01,Joe Schlimmer,Schlimmer Joe,Ithaca,NY,USA,NA,NA,NA,Do it for the Dr Pepper,NA
532433,2025,CLINTON70,Downriver,Canoe,P58,oc2pro,33,TRUE,28626,135,135,134,111,36,33,36,susquehanna70,NA,TRUE,paddler,NA,Jacob Hartman,Hartman Jacob,Grayling,MI,USA,NA,NA,NA,NA,NA
532433,2025,CLINTON70,Downriver,Canoe,P58,oc2pro,33,TRUE,28626,135,135,134,111,36,33,36,susquehanna70,NA,TRUE,paddler,fisheran01,Anthony Fisher,Fisher Anthony,Grayling ,MI,USA,NA,NA,NA,NA,NA
256411,2019,CLINTON70,Downriver,Canoe,P25,oc2pro,21,TRUE,28637,136,136,135,112,26,21,25,susquehanna70,NA,TRUE,paddler,richerlo01,Louis Richer,Richer Louis,Mont-Laurier,QC,CAN,1,T,28637,NA,NA
256411,2019,CLINTON70,Downriver,Canoe,P25,oc2pro,21,TRUE,28637,136,136,135,112,26,21,25,susquehanna70,NA,TRUE,paddler,NA,Simon Pagé,Pagé Simon,Mont-Laurier,QC,CAN,1,T,28637,NA,NA
227301,2016,CLINTON70,Downriver,Canoe,P9,oc2pro,7,TRUE,28663,137,137,136,113,7,7,7,susquehanna70,Mixed,TRUE,paddler,trieboan01,Andy Triebold,Triebold Andy,Grayling,MI,USA,1,T,28663,NA,NA
227301,2016,CLINTON70,Downriver,Canoe,P9,oc2pro,7,TRUE,28663,137,137,136,113,7,7,7,susquehanna70,Mixed,TRUE,paddler,bartonre01,Rebecca Davis,Davis Rebecca,Homer,MI,USA,1,T,28663,NA,NA
532434,2025,CLINTON70,Downriver,Canoe,P10,oc2pro,34,TRUE,28673,138,138,137,114,37,34,37,susquehanna70,NA,TRUE,paddler,hiscoxfr01,Frances Hiscox,Hiscox Frances,Newton Highlands,MA,USA,NA,NA,NA,NA,NA
532434,2025,CLINTON70,Downriver,Canoe,P10,oc2pro,34,TRUE,28673,138,138,137,114,37,34,37,susquehanna70,NA,TRUE,paddler,hallan01,Andy Hall,Hall Andy,Arlington,MA,USA,NA,NA,NA,NA,NA
256360,2019,CLINTON70,Downriver,Canoe,T13,oc2cruiser,1,TRUE,28680,139,139,138,4,27,1,26,susquehanna70,NA,TRUE,paddler,bosske01,Kevin Boss,Boss Kevin,Swansea,MA,USA,1,T,28680,NA,NA
256360,2019,CLINTON70,Downriver,Canoe,T13,oc2cruiser,1,TRUE,28680,139,139,138,4,27,1,26,susquehanna70,NA,TRUE,paddler,hallan01,Andy Hall,Hall Andy,Arlington,MA,USA,1,T,28680,NA,NA
256412,2019,CLINTON70,Downriver,Canoe,P33,oc2pro,22,TRUE,28706,140,140,139,115,28,22,27,susquehanna70,NA,TRUE,paddler,rossem01,Emma Ellsworth,Ellsworth Emma,Orange,MA,USA,1,T,28706,NA,NA
256412,2019,CLINTON70,Downriver,Canoe,P33,oc2pro,22,TRUE,28706,140,140,139,115,28,22,27,susquehanna70,NA,TRUE,paddler,lyesiubr01,Brent Lyesiuk,Lyesiuk Brent,Orange,MA,USA,1,T,28706,NA,NA
256413,2019,CLINTON70,Downriver,Canoe,P6,oc2pro,23,TRUE,28707,141,141,140,116,29,23,28,susquehanna70,NA,TRUE,paddler,bradleba01,Barb Bradley,Bradley Barb,Wausau,WI,USA,1,T,28707,NA,NA
256413,2019,CLINTON70,Downriver,Canoe,P6,oc2pro,23,TRUE,28707,141,141,140,116,29,23,28,susquehanna70,NA,TRUE,paddler,limberal01,Allen Limberg,Limberg Allen,Wausau,WI,USA,1,T,28707,NA,NA
217352,2015,CLINTON70,Downriver,Canoe,P28,oc2pro,3,TRUE,28713,142,142,141,117,3,3,3,susquehanna70,Mens Under 50,TRUE,paddler,blaisgu01,Guillame Blais,Blais Guillame,St Boniface,QC,CAN,1,T,28713,NA,NA
217352,2015,CLINTON70,Downriver,Canoe,P28,oc2pro,3,TRUE,28713,142,142,141,117,3,3,3,susquehanna70,Mens Under 50,TRUE,paddler,pellerma01,Mathieu Pellerin,Pellerin Mathieu,Shawinigan,QC,CAN,1,T,28713,NA,NA
532435,2025,CLINTON70,Downriver,Canoe,P25,oc2pro,35,TRUE,28716,143,143,142,118,38,35,38,susquehanna70,NA,TRUE,paddler,lamontjo01,Joel Lamontagne,Lamontagne Joel,Trois Rivieres,QC,CAN,NA,NA,NA,Lamontagne Bro's,NA
532435,2025,CLINTON70,Downriver,Canoe,P25,oc2pro,35,TRUE,28716,143,143,142,118,38,35,38,susquehanna70,NA,TRUE,paddler,lamontgu01,Guillaume Lamontagne,Lamontagne Guillaume,St-Etienne-Des-Gres,QC,CAN,NA,NA,NA,Lamontagne Bro's,NA
256361,2019,CLINTON70,Downriver,Canoe,T17,oc2cruiser,2,TRUE,28719,144,144,143,5,30,2,29,susquehanna70,NA,TRUE,paddler,goodwike01,Ken Goodwin,Goodwin Ken,Barre,MA,USA,1,T,28719,NA,NA
256361,2019,CLINTON70,Downriver,Canoe,T17,oc2cruiser,2,TRUE,28719,144,144,143,5,30,2,29,susquehanna70,NA,TRUE,paddler,kingma01,Matt King,King Matt,Athol,MA,USA,1,T,28719,NA,NA
532436,2025,CLINTON70,Downriver,Canoe,P14,oc2pro,36,TRUE,28750,145,145,144,119,39,36,39,susquehanna70,NA,TRUE,paddler,kingma01,Matt King,King Matt,Athol,MA,USA,NA,NA,NA,Ziegler King,NA
532436,2025,CLINTON70,Downriver,Canoe,P14,oc2pro,36,TRUE,28750,145,145,144,119,39,36,39,susquehanna70,NA,TRUE,paddler,zieglega01,Garrett Ziegler,Ziegler Garrett,Grand Rapids,MI,USA,NA,NA,NA,Ziegler King,NA
370184,2022,CLINTON70,Downriver,Canoe,P12,oc2pro,2,TRUE,28756,146,146,145,120,2,2,2,susquehanna70,NA,TRUE,paddler,NA,Jim Pellerin,Pellerin Jim,Saint-Etienne-Des-Grã¨S,NA,CAN,NA,NA,NA,Pellerin-Blais,NA
370184,2022,CLINTON70,Downriver,Canoe,P12,oc2pro,2,TRUE,28756,146,146,145,120,2,2,2,susquehanna70,NA,TRUE,paddler,blaisgu01,Guillaume Blais,Blais Guillaume,St Boniface,NA,CAN,NA,NA,NA,Pellerin-Blais,NA
532437,2025,CLINTON70,Downriver,Canoe,P20,oc2pro,37,TRUE,28757,147,147,146,121,40,37,40,susquehanna70,NA,TRUE,paddler,robertme01,Megan Roberts,Roberts Megan,Glenside,PA,USA,NA,NA,NA,NA,NA
532437,2025,CLINTON70,Downriver,Canoe,P20,oc2pro,37,TRUE,28757,147,147,146,121,40,37,40,susquehanna70,NA,TRUE,paddler,curleyed01,Ed Curley,Curley Ed,Sidney,NY,USA,NA,NA,NA,NA,NA
237858,2017,CLINTON70,Downriver,Canoe,P35,oc2pro,10,TRUE,28760,148,148,147,122,12,10,12,susquehanna70,NA,TRUE,paddler,chapplti01,Tim Chapple,Chapple Tim,Interlochen,MI,USA,1,T,28760,NA,NA
237858,2017,CLINTON70,Downriver,Canoe,P35,oc2pro,10,TRUE,28760,148,148,147,122,12,10,12,susquehanna70,NA,TRUE,paddler,gelinaad01,Adam Gelinas,Gelinas Adam,Leominster,MA,USA,1,T,28760,NA,NA
532438,2025,CLINTON70,Downriver,Canoe,P6,oc2pro,38,TRUE,28770,149,149,148,123,41,38,41,susquehanna70,NA,TRUE,paddler,lefebvlo01,Louis Lefebvre,Lefebvre Louis,Shawinigan,QC,CAN,NA,NA,NA,Peco,NA
532438,2025,CLINTON70,Downriver,Canoe,P6,oc2pro,38,TRUE,28770,149,149,148,123,41,38,41,susquehanna70,NA,TRUE,paddler,trudelsh01,Shirley Trudel,Trudel Shirley,Shawinigan,QC,CAN,NA,NA,NA,Peco,NA
256414,2019,CLINTON70,Downriver,Canoe,P27,oc2pro,24,TRUE,28773,150,150,149,124,31,24,30,susquehanna70,NA,TRUE,paddler,robilllu01,Luc Robillard,Robillard Luc,Waitsfield,VT,USA,1,T,28773,NA,NA
256414,2019,CLINTON70,Downriver,Canoe,P27,oc2pro,24,TRUE,28773,150,150,149,124,31,24,30,susquehanna70,NA,TRUE,paddler,henryda01,Dana Henry,Henry Dana,Plymouth,MN,USA,1,T,28773,NA,NA
227302,2016,CLINTON70,Downriver,Canoe,P8,oc2pro,8,TRUE,28780,151,151,150,125,8,8,8,susquehanna70,Mens Under 50,TRUE,paddler,NA,Graham Smith,Smith Graham,Vancouver,BC,CAN,1,T,28780,NA,NA
227302,2016,CLINTON70,Downriver,Canoe,P8,oc2pro,8,TRUE,28780,151,151,150,125,8,8,8,susquehanna70,Mens Under 50,TRUE,paddler,mynarlo01,Logan Mynar,Mynar Logan,San Antonio,TX,USA,1,T,28780,NA,NA
247647,2018,CLINTON70,Downriver,Canoe,P23,oc2pro,12,TRUE,28791,152,152,151,126,12,12,12,susquehanna70,NA,TRUE,paddler,pagese01,Serge Page,Page Serge,Shawinigan-Sud,QC,CAN,1,T,28791,NA,NA
247647,2018,CLINTON70,Downriver,Canoe,P23,oc2pro,12,TRUE,28791,152,152,151,126,12,12,12,susquehanna70,NA,TRUE,paddler,bellemvi01,Vincent Bellemare,Bellemare Vincent,Shawinigan,QC,CAN,1,T,28791,NA,NA
237859,2017,CLINTON70,Downriver,Canoe,P16,oc2pro,11,TRUE,28793,153,153,152,127,13,11,13,susquehanna70,NA,TRUE,paddler,mynarky01,Kyle Mynar,Mynar Kyle,New Braunfels,TX,USA,1,T,28793,NA,NA
237859,2017,CLINTON70,Downriver,Canoe,P16,oc2pro,11,TRUE,28793,153,153,152,127,13,11,13,susquehanna70,NA,TRUE,paddler,NA,Henner Cruz,Cruz Henner,"Esparza Village,",NA,NA,1,T,28793,NA,NA
237860,2017,CLINTON70,Downriver,Canoe,P26,oc2pro,12,TRUE,28795,154,154,153,128,14,12,14,susquehanna70,NA,TRUE,paddler,shaveral01,Al Shaver,Shaver Al,Meridale,NY,USA,1,T,28795,NA,NA
237860,2017,CLINTON70,Downriver,Canoe,P26,oc2pro,12,TRUE,28795,154,154,153,128,14,12,14,susquehanna70,NA,TRUE,paddler,leebr01,Bruce Lee,Lee Bruce,Port Crane,NY,USA,1,T,28795,NA,NA
237861,2017,CLINTON70,Downriver,Canoe,P27,oc2pro,13,TRUE,28799,155,155,154,129,15,13,15,susquehanna70,NA,TRUE,paddler,millspph01,Philip Millspaugh,Millspaugh Philip,Farmington,NY,USA,1,T,28799,NA,NA
237861,2017,CLINTON70,Downriver,Canoe,P27,oc2pro,13,TRUE,28799,155,155,154,129,15,13,15,susquehanna70,NA,TRUE,paddler,maddenpa01,Patrick Madden,Madden Patrick,Scotia,NY,USA,1,T,28799,NA,NA
532439,2025,CLINTON70,Downriver,Canoe,P42,oc2pro,39,TRUE,28801,156,156,155,130,42,39,42,susquehanna70,NA,TRUE,paddler,NA,Dave Flageole,Flageole Dave,Shawinigan G0X2V0,QC,CAN,NA,NA,NA,Flag & Gin,NA
532439,2025,CLINTON70,Downriver,Canoe,P42,oc2pro,39,TRUE,28801,156,156,155,130,42,39,42,susquehanna70,NA,TRUE,paddler,NA,Daniel Gélinas,Gélinas Daniel,Trois-Rivières ,QC,CAN,NA,NA,NA,Flag & Gin,NA
247648,2018,CLINTON70,Downriver,Canoe,P20,oc2pro,13,TRUE,28804,157,157,156,131,13,13,13,susquehanna70,NA,TRUE,paddler,roussegu01,Guy Rousseau,Rousseau Guy,Trois-Rivieres,QC,CAN,1,T,28804,NA,NA
247648,2018,CLINTON70,Downriver,Canoe,P20,oc2pro,13,TRUE,28804,157,157,156,131,13,13,13,susquehanna70,NA,TRUE,paddler,quesnepi01,Pierre-Olivier Quesnel,Quesnel Pierre-Olivier,Laval,QC,CAN,1,T,28804,NA,NA
490079,2024,CLINTON70,Downriver,Canoe,P19,oc2pro,1,TRUE,28807,158,158,157,132,1,1,1,susquehanna70,NA,TRUE,paddler,mynarlo01,Logan Mynar,Mynar Logan,New Braunfels,TX,USA,NA,NA,NA,NA,NA
490079,2024,CLINTON70,Downriver,Canoe,P19,oc2pro,1,TRUE,28807,158,158,157,132,1,1,1,susquehanna70,NA,TRUE,paddler,deanwe01,Wes Dean,Dean Wes,Grayling,MI,USA,NA,NA,NA,NA,NA
256415,2019,CLINTON70,Downriver,Canoe,P28,oc2pro,25,TRUE,28846,159,159,158,133,32,25,31,susquehanna70,NA,TRUE,paddler,NA,Joseph Manns,Manns Joseph,Maplewood,MN,USA,1,T,28846,NA,NA
256415,2019,CLINTON70,Downriver,Canoe,P28,oc2pro,25,TRUE,28846,159,159,158,133,32,25,31,susquehanna70,NA,TRUE,paddler,NA,Lilly Brick,Brick Lilly,Plymouth,MN,USA,1,T,28846,NA,NA
256362,2019,CLINTON70,Downriver,Canoe,T7,oc2cruiser,3,TRUE,28854,160,160,159,6,33,3,32,susquehanna70,NA,TRUE,paddler,mcmillol01,Oliver McMillan,McMillan Oliver,London,ON,CAN,1,T,28854,NA,NA
256362,2019,CLINTON70,Downriver,Canoe,T7,oc2cruiser,3,TRUE,28854,160,160,159,6,33,3,32,susquehanna70,NA,TRUE,paddler,coulsode01,Dean Coulson,Coulson Dean,Kearney,ON,CAN,1,T,28854,NA,NA
208298,2014,CLINTON70,Downriver,Canoe,X8,oc2cruisermix,1,TRUE,28873,161,161,160,2,44,1,44,susquehanna70,NA,TRUE,paddler,careyde01,Dennis Carey,Carey Dennis,Orange,MA,USA,1,T,28873,NA,NA
208298,2014,CLINTON70,Downriver,Canoe,X8,oc2cruisermix,1,TRUE,28873,161,161,160,2,44,1,44,susquehanna70,NA,TRUE,paddler,warnerkr01,Kristen Warner,Warner Kristen,Westmoreland,NH,USA,1,T,28873,NA,NA
370185,2022,CLINTON70,Downriver,Canoe,P7,oc2pro,3,TRUE,28891,162,162,161,134,3,3,3,susquehanna70,NA,TRUE,paddler,deanwe01,Wes Dean,Dean Wes,Grayling,MI,USA,NA,NA,NA,Team Wes,NA
370185,2022,CLINTON70,Downriver,Canoe,P7,oc2pro,3,TRUE,28891,162,162,161,134,3,3,3,susquehanna70,NA,TRUE,paddler,willouwe01,Weston Willoughby,Willoughby Weston,Traverse City,MI,USA,NA,NA,NA,Team Wes,NA
247506,2018,CLINTON70,Downriver,Canoe,B8,oc4stock,1,TRUE,28898,163,163,162,11,14,1,14,susquehanna70,NA,TRUE,paddler,bartonbr01,Bruce Barton,Barton Bruce,Homer,MI,USA,1,T,28898,NA,NA
247506,2018,CLINTON70,Downriver,Canoe,B8,oc4stock,1,TRUE,28898,163,163,162,11,14,1,14,susquehanna70,NA,TRUE,paddler,bartonro01,Roxanne Barton,Barton Roxanne,Homer,MI,USA,1,T,28898,NA,NA
247506,2018,CLINTON70,Downriver,Canoe,B8,oc4stock,1,TRUE,28898,163,163,162,11,14,1,14,susquehanna70,NA,TRUE,paddler,kolkaje01,Jeff Kolka,Kolka Jeff,Grayling,MI,USA,1,T,28898,NA,NA
247506,2018,CLINTON70,Downriver,Canoe,B8,oc4stock,1,TRUE,28898,163,163,162,11,14,1,14,susquehanna70,NA,TRUE,paddler,trieboti01,Tim Triebold,Triebold Tim,Grayling,MI,USA,1,T,28898,NA,NA
247507,2018,CLINTON70,Downriver,Canoe,B5,oc4stock,2,TRUE,28913,164,164,163,12,15,2,15,susquehanna70,NA,TRUE,paddler,shultije01,Jeff Shultis,Shultis Jeff,Otego,NY,USA,1,T,28913,NA,NA
247507,2018,CLINTON70,Downriver,Canoe,B5,oc4stock,2,TRUE,28913,164,164,163,12,15,2,15,susquehanna70,NA,TRUE,paddler,harrisla01,Larry Harrison,Harrison Larry,Oneonta,NY,USA,1,T,28913,NA,NA
247507,2018,CLINTON70,Downriver,Canoe,B5,oc4stock,2,TRUE,28913,164,164,163,12,15,2,15,susquehanna70,NA,TRUE,paddler,zaverabo01,Bob Zaveral,Zaveral Bob,Mt. Upton,NY,USA,1,T,28913,NA,NA
247507,2018,CLINTON70,Downriver,Canoe,B5,oc4stock,2,TRUE,28913,164,164,163,12,15,2,15,susquehanna70,NA,TRUE,paddler,wissebo01,Bob Wisse,Wisse Bob,Oneonta,NY,USA,1,T,28913,NA,NA
208273,2014,CLINTON70,Downriver,Canoe,S1,oc1pro,4,TRUE,28919,165,165,164,4,45,4,45,susquehanna70,NA,TRUE,paddler,packarmi01,Mike Packard,Packard Mike,Oneonta,NY,USA,1,T,28919,NA,NA
247649,2018,CLINTON70,Downriver,Canoe,P2,oc2pro,14,TRUE,28922,166,166,165,135,16,14,16,susquehanna70,NA,TRUE,paddler,deanwe01,Wes Dean,Dean Wes,Grayling,MI,USA,1,T,28922,NA,NA
247649,2018,CLINTON70,Downriver,Canoe,P2,oc2pro,14,TRUE,28922,166,166,165,135,16,14,16,susquehanna70,NA,TRUE,paddler,stonehky01,Kyle Stonehouse,Stonehouse Kyle,Tawas City,MI,USA,1,T,28922,NA,NA
256334,2019,CLINTON70,Downriver,Canoe,S11,oc1pro,1,TRUE,28934,167,167,166,5,34,1,33,susquehanna70,NA,TRUE,paddler,mclainro01,Rod Mclain,Mclain Rod,Stockton Springs,ME,USA,1,T,28934,NA,NA
227303,2016,CLINTON70,Downriver,Canoe,P26,oc2pro,9,TRUE,28941,168,168,167,136,9,9,9,susquehanna70,Mens Under 50,TRUE,paddler,meadpe01,Pete Mead,Mead Pete,Traverse City,MI,USA,1,T,28941,NA,NA
227303,2016,CLINTON70,Downriver,Canoe,P26,oc2pro,9,TRUE,28941,168,168,167,136,9,9,9,susquehanna70,Mens Under 50,TRUE,paddler,macdowsh01,Shane MacDowell,MacDowell Shane,Marquette,MI,USA,1,T,28941,NA,NA
532398,2025,CLINTON70,Downriver,Canoe,T4,oc2cruiser,1,TRUE,28962,169,169,168,7,43,1,43,susquehanna70,NA,TRUE,paddler,NA,Ted Kenyon,Kenyon Ted,Montville,CT,USA,NA,NA,NA,NA,NA
532398,2025,CLINTON70,Downriver,Canoe,T4,oc2cruiser,1,TRUE,28962,169,169,168,7,43,1,43,susquehanna70,NA,TRUE,paddler,kenyonth01,Theo Kenyon,Kenyon Theo,Montville,CT,USA,NA,NA,NA,NA,NA
247650,2018,CLINTON70,Downriver,Canoe,P22,oc2pro,15,TRUE,28971,170,170,169,137,17,15,17,susquehanna70,NA,TRUE,paddler,watsonst01,Steve Watson,Watson Steve,Onaway,MI,USA,1,T,28971,NA,NA
247650,2018,CLINTON70,Downriver,Canoe,P22,oc2pro,15,TRUE,28971,170,170,169,137,17,15,17,susquehanna70,NA,TRUE,paddler,maddenpa01,Patrick Madden,Madden Patrick,Scotia,NY,USA,1,T,28971,NA,NA
247651,2018,CLINTON70,Downriver,Canoe,P4,oc2pro,16,TRUE,28991,171,171,170,138,18,16,18,susquehanna70,NA,TRUE,paddler,hunterco01,Colin Hunter,Hunter Colin,Grayling,MI,USA,1,T,28991,NA,NA
247651,2018,CLINTON70,Downriver,Canoe,P4,oc2pro,16,TRUE,28991,171,171,170,138,18,16,18,susquehanna70,NA,TRUE,paddler,medinato01,Danny Medina,Medina Danny,Roscommon,MI,USA,1,T,28991,NA,NA
532440,2025,CLINTON70,Downriver,Canoe,P59,oc2pro,40,TRUE,28991,172,172,171,139,44,40,44,susquehanna70,NA,TRUE,paddler,brownde01,Dean Brown,Brown Dean,Hamilton,ON,CAN,NA,NA,NA,NA,NA
532440,2025,CLINTON70,Downriver,Canoe,P59,oc2pro,40,TRUE,28991,172,172,171,139,44,40,44,susquehanna70,NA,TRUE,paddler,praterch01,Chris Prater,Prater Chris,London,ON,CAN,NA,NA,NA,NA,NA
247652,2018,CLINTON70,Downriver,Canoe,P31,oc2pro,17,TRUE,28994,173,173,172,140,19,17,19,susquehanna70,NA,TRUE,paddler,palmerma01,Matthew Palmer,Palmer Matthew,Morris,NY,USA,1,T,28994,NA,NA
247652,2018,CLINTON70,Downriver,Canoe,P31,oc2pro,17,TRUE,28994,173,173,172,140,19,17,19,susquehanna70,NA,TRUE,paddler,olsonke01,Kevin Olson,Olson Kevin,Clay,NY,USA,1,T,28994,NA,NA
247653,2018,CLINTON70,Downriver,Canoe,P51,oc2pro,18,TRUE,29043,174,174,173,141,20,18,20,susquehanna70,NA,TRUE,paddler,johnstke01,Keir Johnston,Johnston Keir,Strathroy,ON,CAN,1,T,29043,NA,NA
247653,2018,CLINTON70,Downriver,Canoe,P51,oc2pro,18,TRUE,29043,174,174,173,141,20,18,20,susquehanna70,NA,TRUE,paddler,carriere01,Real Carriere,Carriere Real,Saskatoon,SK,CAN,1,T,29043,NA,NA
247654,2018,CLINTON70,Downriver,Canoe,P43,oc2pro,19,TRUE,29059,175,175,174,142,21,19,21,susquehanna70,NA,TRUE,paddler,mynarky01,Kyle Mynar,Mynar Kyle,New Braunfels,TX,USA,1,T,29059,NA,NA
247654,2018,CLINTON70,Downriver,Canoe,P43,oc2pro,19,TRUE,29059,175,175,174,142,21,19,21,susquehanna70,NA,TRUE,paddler,condiean01,Andrew Condie,Condie Andrew,Boulder,CO,USA,1,T,29059,NA,NA
247508,2018,CLINTON70,Downriver,Canoe,B4,oc4stock,3,TRUE,29060,176,176,175,13,22,3,22,susquehanna70,NA,TRUE,paddler,wesleygl01,Gloria Wesley,Wesley Gloria,Pittsfield,MA,USA,1,T,29060,NA,NA
247508,2018,CLINTON70,Downriver,Canoe,B4,oc4stock,3,TRUE,29060,176,176,175,13,22,3,22,susquehanna70,NA,TRUE,paddler,cumminde01,Dell Cummings,Cummings Dell,Meriden,CT,USA,1,T,29060,NA,NA
247508,2018,CLINTON70,Downriver,Canoe,B4,oc4stock,3,TRUE,29060,176,176,175,13,22,3,22,susquehanna70,NA,TRUE,paddler,apreaga01,Gary Aprea,Aprea Gary,Austerlitz,NY,USA,1,T,29060,NA,NA
247508,2018,CLINTON70,Downriver,Canoe,B4,oc4stock,3,TRUE,29060,176,176,175,13,22,3,22,susquehanna70,NA,TRUE,paddler,garlanti01,Tim Garland,Garland Tim,Surry,NH,USA,1,T,29060,NA,NA
532315,2025,CLINTON70,Downriver,Canoe,O3,oc4unlimited,4,TRUE,29072,177,177,176,4,45,4,45,susquehanna70,NA,TRUE,paddler,reedbr01,Brooks Reed,Reed Brooks,Unadilla,NY,USA,NA,NA,NA,The O @ 112,NA
532315,2025,CLINTON70,Downriver,Canoe,O3,oc4unlimited,4,TRUE,29072,177,177,176,4,45,4,45,susquehanna70,NA,TRUE,paddler,robinsro01,Rodney Robinson,Robinson Rodney,Otego,NY,USA,NA,NA,NA,The O @ 112,NA
532315,2025,CLINTON70,Downriver,Canoe,O3,oc4unlimited,4,TRUE,29072,177,177,176,4,45,4,45,susquehanna70,NA,TRUE,paddler,robinsmi02,Miranda Robinson,Robinson Miranda,Camillus,NY,USA,NA,NA,NA,The O @ 112,NA
532315,2025,CLINTON70,Downriver,Canoe,O3,oc4unlimited,4,TRUE,29072,177,177,176,4,45,4,45,susquehanna70,NA,TRUE,paddler,schlimbe01,Benedict Schlimmer,Schlimmer Benedict,Camillus,NY,USA,NA,NA,NA,The O @ 112,NA
208299,2014,CLINTON70,Downriver,Canoe,X12,oc2cruisermix,2,TRUE,29093,178,178,177,3,46,2,46,susquehanna70,NA,TRUE,paddler,levittka01,Karen Pleasant,Pleasant Karen,Greenfield,MA,USA,1,T,29093,NA,NA
208299,2014,CLINTON70,Downriver,Canoe,X12,oc2cruisermix,2,TRUE,29093,178,178,177,3,46,2,46,susquehanna70,NA,TRUE,paddler,kingma01,Matt King,King Matt,Athol,MA,USA,1,T,29093,NA,NA
237862,2017,CLINTON70,Downriver,Canoe,P4,oc2pro,14,TRUE,29094,179,179,178,143,16,14,16,susquehanna70,NA,TRUE,paddler,robinstr01,Trevor Robinson,Robinson Trevor,Saskatoon,SK,CAN,1,T,29094,NA,NA
237862,2017,CLINTON70,Downriver,Canoe,P4,oc2pro,14,TRUE,29094,179,179,178,143,16,14,16,susquehanna70,NA,TRUE,paddler,lessarsa01,Sarah Lessard,Lessard Sarah,Les Cèdres,QC,CAN,1,T,29094,NA,NA
532441,2025,CLINTON70,Downriver,Canoe,P37,oc2pro,41,TRUE,29100,180,180,179,144,46,41,46,susquehanna70,NA,TRUE,paddler,millspph01,Philip Millspaugh,Millspaugh Philip,Farmington,NY,USA,NA,NA,NA,Flaming-O Racing,NA
532441,2025,CLINTON70,Downriver,Canoe,P37,oc2pro,41,TRUE,29100,180,180,179,144,46,41,46,susquehanna70,NA,TRUE,paddler,prestoda01,Dave Preston,Preston Dave,Pennellville,NY,USA,NA,NA,NA,Flaming-O Racing,NA
256374,2019,CLINTON70,Downriver,Canoe,X6,oc2cruisermix,2,TRUE,29114,181,181,180,4,35,2,34,susquehanna70,NA,TRUE,paddler,fitzgepa01,Pam Fitzgerald,Fitzgerald Pam,Scotia,NY,USA,1,T,29114,NA,NA
256374,2019,CLINTON70,Downriver,Canoe,X6,oc2cruisermix,2,TRUE,29114,181,181,180,4,35,2,34,susquehanna70,NA,TRUE,paddler,millerst01,Stephen Miller,Miller Stephen,Groton,MA,USA,1,T,29114,NA,NA
208256,2014,CLINTON70,Downriver,Canoe,P1,oc2pro,30,TRUE,29118,182,182,181,145,47,30,47,susquehanna70,Mens Under 50,TRUE,paddler,ayotteph01,Philippe Ayotte,Ayotte Philippe,Shawinigan,QC,CAN,1,T,29118,NA,NA
208256,2014,CLINTON70,Downriver,Canoe,P1,oc2pro,30,TRUE,29118,182,182,181,145,47,30,47,susquehanna70,Mens Under 50,TRUE,paddler,NA,Samuel Ayotte,Ayotte Samuel,Shawinigan-Sud,QC,CAN,1,T,29118,NA,NA
490080,2024,CLINTON70,Downriver,Canoe,P9,oc2pro,2,TRUE,29124,183,183,182,146,2,2,2,susquehanna70,NA,TRUE,paddler,pellerja01,Jimmy Pellerin,Pellerin Jimmy,Saint-Etienne-Des-Gres,QC,CAN,NA,NA,NA,Fueling on Näak,NA
490080,2024,CLINTON70,Downriver,Canoe,P9,oc2pro,2,TRUE,29124,183,183,182,146,2,2,2,susquehanna70,NA,TRUE,paddler,proulxch01,Christophe Proulx,Proulx Christophe,Shawinigan,QC,CAN,NA,NA,NA,Fueling on Näak,NA
490081,2024,CLINTON70,Downriver,Canoe,P34,oc2pro,3,TRUE,29127,184,184,183,147,3,3,3,susquehanna70,NA,TRUE,paddler,davismi01,Michael Davis,Davis Michael,Homer,MI,USA,NA,NA,NA,NA,NA
490081,2024,CLINTON70,Downriver,Canoe,P34,oc2pro,3,TRUE,29127,184,184,183,147,3,3,3,susquehanna70,NA,TRUE,paddler,blaisgu01,Guillaume Blais,Blais Guillaume,St Boniface,QC,CAN,NA,NA,NA,NA,NA
217353,2015,CLINTON70,Downriver,Canoe,P7,oc2pro,4,TRUE,29130,185,185,184,148,4,4,4,susquehanna70,Mens Under 50,TRUE,paddler,streibma01,Matt Streib,Streib Matt,Grayling,MI,USA,1,T,29130,NA,NA
217353,2015,CLINTON70,Downriver,Canoe,P7,oc2pro,4,TRUE,29130,185,185,184,148,4,4,4,susquehanna70,Mens Under 50,TRUE,paddler,davismi01,Michael Davis,Davis Michael,Homer,MI,USA,1,T,29130,NA,NA
227140,2016,CLINTON70,Downriver,Canoe,B2,oc4stock,1,TRUE,29142,186,186,185,14,10,1,10,susquehanna70,NA,TRUE,paddler,nicholal01,Allen Nichols,Nichols Allen,Laurens,NY,USA,1,T,29142,NA,NA
227140,2016,CLINTON70,Downriver,Canoe,B2,oc4stock,1,TRUE,29142,186,186,185,14,10,1,10,susquehanna70,NA,TRUE,paddler,wissebo01,Bob Wisse,Wisse Bob,Oneonta,NY,USA,1,T,29142,NA,NA
227140,2016,CLINTON70,Downriver,Canoe,B2,oc4stock,1,TRUE,29142,186,186,185,14,10,1,10,susquehanna70,NA,TRUE,paddler,shultije01,Jeff Shultis,Shultis Jeff,Otego,NY,USA,1,T,29142,NA,NA
227140,2016,CLINTON70,Downriver,Canoe,B2,oc4stock,1,TRUE,29142,186,186,185,14,10,1,10,susquehanna70,NA,TRUE,paddler,harrisla01,Larry Harrison,Harrison Larry,Oneonta,NY,USA,1,T,29142,NA,NA
237863,2017,CLINTON70,Downriver,Canoe,P33,oc2pro,15,TRUE,29150,187,187,186,149,17,15,17,susquehanna70,NA,TRUE,paddler,NA,Paul Crochetière,Crochetière Paul,st etienne des gres,QC,CAN,1,T,29150,NA,NA
237863,2017,CLINTON70,Downriver,Canoe,P33,oc2pro,15,TRUE,29150,187,187,186,149,17,15,17,susquehanna70,NA,TRUE,paddler,NA,Francois Villemure,Villemure Francois,orford,QC,CAN,1,T,29150,NA,NA
237826,2017,CLINTON70,Downriver,Canoe,T5,oc2cruiser,1,TRUE,29151,188,188,187,8,18,1,18,susquehanna70,NA,TRUE,paddler,olsonke01,Kevin Olson,Olson Kevin,Clay,NY,USA,1,T,29151,NA,NA
237826,2017,CLINTON70,Downriver,Canoe,T5,oc2cruiser,1,TRUE,29151,188,188,187,8,18,1,18,susquehanna70,NA,TRUE,paddler,olsonri01,Richard Olson,Olson Richard,Mohawk,NY,USA,1,T,29151,NA,NA
237864,2017,CLINTON70,Downriver,Canoe,P14,oc2pro,16,TRUE,29151,189,189,188,150,19,16,19,susquehanna70,NA,TRUE,paddler,schlimma01,Mary Schlimmer,Schlimmer Mary,Homer,MI,USA,1,T,29151,NA,NA
237864,2017,CLINTON70,Downriver,Canoe,P14,oc2pro,16,TRUE,29151,189,189,188,150,19,16,19,susquehanna70,NA,TRUE,paddler,bellemvi01,Vincent Bellemare,Bellemare Vincent,Shawinigan,QC,CAN,1,T,29151,NA,NA
436066,2023,CLINTON70,Downriver,Canoe,P25,oc2pro,1,TRUE,29151,190,190,189,151,1,1,1,susquehanna70,NA,TRUE,paddler,lajoiest01,Steve Lajoie,Lajoie Steve,Mirabel,QC,CAN,NA,NA,NA,NA,NA
436066,2023,CLINTON70,Downriver,Canoe,P25,oc2pro,1,TRUE,29151,190,190,189,151,1,1,1,susquehanna70,NA,TRUE,paddler,deanwe01,Wes Dean,Dean Wes,Grayling,MI,USA,NA,NA,NA,NA,NA
237865,2017,CLINTON70,Downriver,Canoe,P2,oc2pro,17,TRUE,29159,191,191,190,152,20,17,20,susquehanna70,NA,TRUE,paddler,darchech01,Charles Darchen,Darchen Charles,Trois-Rivieres,QC,CAN,1,T,29159,NA,NA
237865,2017,CLINTON70,Downriver,Canoe,P2,oc2pro,17,TRUE,29159,191,191,190,152,20,17,20,susquehanna70,NA,TRUE,paddler,NA,Gabriel La Rose,La Rose Gabriel,Shawinigan,QC,CAN,1,T,29159,NA,NA
532442,2025,CLINTON70,Downriver,Canoe,P41,oc2pro,42,TRUE,29164,192,192,191,153,47,42,47,susquehanna70,NA,TRUE,paddler,rhodeske01,Kelly Rhodes,Rhodes Kelly,Silver Spring,MD,USA,NA,NA,NA,Blazing Owls,NA
532442,2025,CLINTON70,Downriver,Canoe,P41,oc2pro,42,TRUE,29164,192,192,191,153,47,42,47,susquehanna70,NA,TRUE,paddler,lowenfma01,Martin Lowenfish,Lowenfish Martin,Washington,DC,USA,NA,NA,NA,Blazing Owls,NA
256416,2019,CLINTON70,Downriver,Canoe,P10,oc2pro,26,TRUE,29168,193,193,192,154,36,26,35,susquehanna70,NA,TRUE,paddler,lullna01,Nate Lull,Lull Nate,Gilbertsville,NY,USA,1,T,29168,NA,NA
256416,2019,CLINTON70,Downriver,Canoe,P10,oc2pro,26,TRUE,29168,193,193,192,154,36,26,35,susquehanna70,NA,TRUE,paddler,packarmi01,Mike Packard,Packard Mike,Oneonta,NY,USA,1,T,29168,NA,NA
256417,2019,CLINTON70,Downriver,Canoe,P20,oc2pro,27,TRUE,29169,194,194,193,155,37,27,36,susquehanna70,NA,TRUE,paddler,olneyjo01,JoAnn Olney,Olney JoAnn,Westernville,NY,USA,1,T,29169,NA,NA
256417,2019,CLINTON70,Downriver,Canoe,P20,oc2pro,27,TRUE,29169,194,194,193,155,37,27,36,susquehanna70,NA,TRUE,paddler,olneypa01,Paul Olney,Olney Paul,Westernville,NY,USA,1,T,29169,NA,NA
532380,2025,CLINTON70,Downriver,Canoe,U3,oc2cruisersenior,1,TRUE,29170,195,195,194,1,48,1,48,susquehanna70,NA,TRUE,paddler,leebr01,Bruce Lee,Lee Bruce,Port Crane,NY,USA,NA,NA,NA,NA,NA
532380,2025,CLINTON70,Downriver,Canoe,U3,oc2cruisersenior,1,TRUE,29170,195,195,194,1,48,1,48,susquehanna70,NA,TRUE,paddler,harrisla01,Larry Harrison,Harrison Larry,Oneonta,NY,USA,NA,NA,NA,NA,NA
370186,2022,CLINTON70,Downriver,Canoe,P42,oc2pro,4,TRUE,29203,196,196,195,156,4,4,4,susquehanna70,NA,TRUE,paddler,halstery01,Ryan Halstead,Halstead Ryan,Grayling ,MI,USA,NA,NA,NA,NA,NA
370186,2022,CLINTON70,Downriver,Canoe,P42,oc2pro,4,TRUE,29203,196,196,195,156,4,4,4,susquehanna70,NA,TRUE,paddler,issendch01,Chris Issendorf,Issendorf Chris,New Braunfels ,TX,USA,NA,NA,NA,NA,NA
208257,2014,CLINTON70,Downriver,Canoe,P6,oc2pro,31,TRUE,29226,197,197,196,157,48,31,48,susquehanna70,Mixed,TRUE,paddler,perrinja01,Jan Perrin,Perrin Jan,Janesville,WI,USA,1,T,29226,NA,NA
208257,2014,CLINTON70,Downriver,Canoe,P6,oc2pro,31,TRUE,29226,197,197,196,157,48,31,48,susquehanna70,Mixed,TRUE,paddler,cartieyv01,Yves Cartier,Cartier Yves,Palm Beach Gardens,FL,USA,1,T,29226,NA,NA
370187,2022,CLINTON70,Downriver,Canoe,P48,oc2pro,5,TRUE,29236,198,198,197,158,5,5,5,susquehanna70,NA,TRUE,paddler,mynarlo01,Logan Mynar,Mynar Logan,Martindale,TX,USA,NA,NA,NA,NA,NA
370187,2022,CLINTON70,Downriver,Canoe,P48,oc2pro,5,TRUE,29236,198,198,197,158,5,5,5,susquehanna70,NA,TRUE,paddler,stonehky01,Kyle Stonehouse,Stonehouse Kyle,Grayling,MI,USA,NA,NA,NA,NA,NA
208280,2014,CLINTON70,Downriver,Canoe,T10,oc2cruiser,4,TRUE,29256,199,199,198,9,49,4,49,susquehanna70,NA,TRUE,paddler,pedersje01,Jeff Pedersen,Pedersen Jeff,Gilbertsville,NY,USA,1,T,29256,NA,NA
208280,2014,CLINTON70,Downriver,Canoe,T10,oc2cruiser,4,TRUE,29256,199,199,198,9,49,4,49,susquehanna70,NA,TRUE,paddler,sandne01,Neal Sand,Sand Neal,Milton,VT,USA,1,T,29256,NA,NA
247655,2018,CLINTON70,Downriver,Canoe,P44,oc2pro,20,TRUE,29262,200,200,199,159,23,20,23,susquehanna70,NA,TRUE,paddler,yaroshto01,Tom Yarosh,Yarosh Tom,Windsor,NY,USA,1,T,29262,NA,NA
247655,2018,CLINTON70,Downriver,Canoe,P44,oc2pro,20,TRUE,29262,200,200,199,159,23,20,23,susquehanna70,NA,TRUE,paddler,leebr01,Bruce Lee,Lee Bruce,Port Crane,NY,USA,1,T,29262,NA,NA
490082,2024,CLINTON70,Downriver,Canoe,P26,oc2pro,4,TRUE,29271,201,201,200,160,4,4,4,susquehanna70,NA,TRUE,paddler,stepkary01,Ryan Stepka,Stepka Ryan,Cantley,QC,CAN,NA,NA,NA,Too Many Ryans,NA
490082,2024,CLINTON70,Downriver,Canoe,P26,oc2pro,4,TRUE,29271,201,201,200,160,4,4,4,susquehanna70,NA,TRUE,paddler,halstery01,Ryan Halstead,Halstead Ryan,Grayling ,MI,USA,NA,NA,NA,Too Many Ryans,NA
256436,2019,CLINTON70,Downriver,Canoe,B4,oc4stock,4,TRUE,29275,202,202,201,15,38,4,37,susquehanna70,NA,TRUE,paddler,stoutte01,Teresa Stout,Stout Teresa,Corsica,PA,USA,1,T,29275,NA,NA
256436,2019,CLINTON70,Downriver,Canoe,B4,oc4stock,4,TRUE,29275,202,202,201,15,38,4,37,susquehanna70,NA,TRUE,paddler,martinst01,Steve Martin,Martin Steve,Ridgway,PA,USA,1,T,29275,NA,NA
256436,2019,CLINTON70,Downriver,Canoe,B4,oc4stock,4,TRUE,29275,202,202,201,15,38,4,37,susquehanna70,NA,TRUE,paddler,gruberpa01,Paul Gruber,Gruber Paul,Irvine,PA,USA,1,T,29275,NA,NA
256436,2019,CLINTON70,Downriver,Canoe,B4,oc4stock,4,TRUE,29275,202,202,201,15,38,4,37,susquehanna70,NA,TRUE,paddler,flamento01,Toni Flament,Flament Toni,Emporium,PA,USA,1,T,29275,NA,NA
490083,2024,CLINTON70,Downriver,Canoe,P45,oc2pro,5,TRUE,29299,203,203,202,161,5,5,5,susquehanna70,NA,TRUE,paddler,zaverary01,Ryan Zaveral,Zaveral Ryan,Unadilla,NY,USA,NA,NA,NA,ZRE,NA
490083,2024,CLINTON70,Downriver,Canoe,P45,oc2pro,5,TRUE,29299,203,203,202,161,5,5,5,susquehanna70,NA,TRUE,paddler,burmeica01,Carson Burmeister,Burmeister Carson,Grayling,MI,USA,NA,NA,NA,ZRE,NA
227304,2016,CLINTON70,Downriver,Canoe,P45,oc2pro,10,TRUE,29299,204,204,203,162,11,10,11,susquehanna70,Mens Under 50,TRUE,paddler,shaveral01,Al Shaver,Shaver Al,Meridale,NY,USA,1,T,29299,NA,NA
227304,2016,CLINTON70,Downriver,Canoe,P45,oc2pro,10,TRUE,29299,204,204,203,162,11,10,11,susquehanna70,Mens Under 50,TRUE,paddler,leebr01,Bruce Lee,Lee Bruce,Port Crane,NY,USA,1,T,29299,NA,NA
227305,2016,CLINTON70,Downriver,Canoe,P28,oc2pro,11,TRUE,29301,205,205,204,163,12,11,12,susquehanna70,Mens Under 50,TRUE,paddler,dagenafr01,Francois Dagenais,Dagenais Francois,Shawnigan,QC,CAN,1,T,29301,NA,NA
227305,2016,CLINTON70,Downriver,Canoe,P28,oc2pro,11,TRUE,29301,205,205,204,163,12,11,12,susquehanna70,Mens Under 50,TRUE,paddler,roussegu01,Guy Rousseau,Rousseau Guy,Trois-Rivieres,QC,CAN,1,T,29301,NA,NA
247656,2018,CLINTON70,Downriver,Canoe,P18,oc2pro,21,TRUE,29314,206,206,205,164,24,21,24,susquehanna70,NA,TRUE,paddler,shaveral01,Al Shaver,Shaver Al,Meridale,NY,USA,1,T,29314,NA,NA
247656,2018,CLINTON70,Downriver,Canoe,P18,oc2pro,21,TRUE,29314,206,206,205,164,24,21,24,susquehanna70,NA,TRUE,paddler,personda01,Dale Persons,Persons Dale,Bainbridge,NY,USA,1,T,29314,NA,NA
532443,2025,CLINTON70,Downriver,Canoe,P21,oc2pro,43,TRUE,29316,207,207,206,165,49,43,49,susquehanna70,NA,TRUE,paddler,schillma01,Maria Schilling,Schilling Maria,Minneapolis,MN,USA,NA,NA,NA,Olson/Schilling,NA
532443,2025,CLINTON70,Downriver,Canoe,P21,oc2pro,43,TRUE,29316,207,207,206,165,49,43,49,susquehanna70,NA,TRUE,paddler,olsonke01,Kevin Olson,Olson Kevin,Parrish,FL,USA,NA,NA,NA,Olson/Schilling,NA
247657,2018,CLINTON70,Downriver,Canoe,P14,oc2pro,22,TRUE,29319,208,208,207,166,25,22,25,susquehanna70,NA,TRUE,paddler,greffasy01,Sylvain Greffard,Greffard Sylvain,La Tuque,QC,CAN,1,T,29319,NA,NA
247657,2018,CLINTON70,Downriver,Canoe,P14,oc2pro,22,TRUE,29319,208,208,207,166,25,22,25,susquehanna70,NA,TRUE,paddler,darchech01,Charles Darchen,Darchen Charles,Trois-Rivieres,QC,CAN,1,T,29319,NA,NA
370188,2022,CLINTON70,Downriver,Canoe,P23,oc2pro,6,TRUE,29345,209,209,208,167,6,6,6,susquehanna70,NA,TRUE,paddler,meersmma01,Matt Meersman,Meersman Matt,South Bend,IN,USA,NA,NA,NA,Meersman/Crotser,NA
370188,2022,CLINTON70,Downriver,Canoe,P23,oc2pro,6,TRUE,29345,209,209,208,167,6,6,6,susquehanna70,NA,TRUE,paddler,crotseja01,Jake Crotser,Crotser Jake,Oneonta,NY,USA,NA,NA,NA,Meersman/Crotser,NA
208300,2014,CLINTON70,Downriver,Canoe,X16,oc2cruisermix,3,TRUE,29361,210,210,209,5,50,3,50,susquehanna70,NA,TRUE,paddler,colego01,Gord Cole,Cole Gord,Parry Sound,ON,CAN,1,T,29361,NA,NA
208300,2014,CLINTON70,Downriver,Canoe,X16,oc2cruisermix,3,TRUE,29361,210,210,209,5,50,3,50,susquehanna70,NA,TRUE,paddler,simpsoka01,Karen Simpson,Simpson Karen,Mississauga,ON,CAN,1,T,29361,NA,NA
532444,2025,CLINTON70,Downriver,Canoe,P13,oc2pro,44,TRUE,29361,211,211,210,168,50,44,50,susquehanna70,NA,TRUE,paddler,zophygr01,Greg Zophy,Zophy Greg,St. Paul,MN,USA,NA,NA,NA,NA,NA
532444,2025,CLINTON70,Downriver,Canoe,P13,oc2pro,44,TRUE,29361,211,211,210,168,50,44,50,susquehanna70,NA,TRUE,paddler,braxde01,Debbie Brax,Brax Debbie,Deruyter,NY,USA,NA,NA,NA,NA,NA
208274,2014,CLINTON70,Downriver,Canoe,S2,oc1pro,5,TRUE,29370,212,212,211,6,51,5,51,susquehanna70,NA,TRUE,paddler,wiesnene01,Neil Wiesner-Hanks,Wiesner-Hanks Neil,Mequon,WI,USA,1,T,29370,NA,NA
227306,2016,CLINTON70,Downriver,Canoe,P3,oc2pro,12,TRUE,29385,213,213,212,169,13,12,13,susquehanna70,Mixed,TRUE,paddler,machated01,Edith MacHattie,MacHattie Edith,Saskatoon,SK,CAN,1,T,29385,NA,NA
227306,2016,CLINTON70,Downriver,Canoe,P3,oc2pro,12,TRUE,29385,213,213,212,169,13,12,13,susquehanna70,Mixed,TRUE,paddler,robinstr01,Trevor Robinson,Robinson Trevor,Saskatoon,SK,CAN,1,T,29385,NA,NA
237827,2017,CLINTON70,Downriver,Canoe,T7,oc2cruiser,2,TRUE,29400,214,214,213,10,21,2,21,susquehanna70,NA,TRUE,paddler,millerst01,Stephen Miller,Miller Stephen,Groton,MA,USA,1,T,29400,NA,NA
237827,2017,CLINTON70,Downriver,Canoe,T7,oc2cruiser,2,TRUE,29400,214,214,213,10,21,2,21,susquehanna70,NA,TRUE,paddler,hallan01,Andy Hall,Hall Andy,Arlington,MA,USA,1,T,29400,NA,NA
208301,2014,CLINTON70,Downriver,Canoe,X7,oc2cruisermix,4,TRUE,29418,215,215,214,6,52,4,52,susquehanna70,NA,TRUE,paddler,sutterre01,Rebecca Sutter,Sutter Rebecca,Saranac Lake,NY,USA,1,T,29418,NA,NA
208301,2014,CLINTON70,Downriver,Canoe,X7,oc2cruisermix,4,TRUE,29418,215,215,214,6,52,4,52,susquehanna70,NA,TRUE,paddler,henryro01,Roger Henry,Henry Roger,Rexford,NY,USA,1,T,29418,NA,NA
490084,2024,CLINTON70,Downriver,Canoe,P10,oc2pro,6,TRUE,29454,216,216,215,170,6,6,6,susquehanna70,NA,TRUE,paddler,prunealo01,Louis-Simon Pruneau,Pruneau Louis-Simon,Shawinigan ,QC,CAN,NA,NA,NA,Ripple FX Paddles - Le Yéti,NA
490084,2024,CLINTON70,Downriver,Canoe,P10,oc2pro,6,TRUE,29454,216,216,215,170,6,6,6,susquehanna70,NA,TRUE,paddler,NA,Serge Pagé,Pagé Serge,Saint-Boniface ,QC,CAN,NA,NA,NA,Ripple FX Paddles - Le Yéti,NA
532445,2025,CLINTON70,Downriver,Canoe,P24,oc2pro,45,TRUE,29474,217,217,216,171,51,45,51,susquehanna70,NA,TRUE,paddler,NA,Trina Ross,Ross Trina,Winnipeg,MB,CAN,NA,NA,NA,Team Toba,NA
532445,2025,CLINTON70,Downriver,Canoe,P24,oc2pro,45,TRUE,29474,217,217,216,171,51,45,51,susquehanna70,NA,TRUE,paddler,NA,Florian Haskerkehrer,Haskerkehrer Florian,Winnipeg,MB,CAN,NA,NA,NA,Team Toba,NA
247658,2018,CLINTON70,Downriver,Canoe,P10,oc2pro,23,TRUE,29476,218,218,217,172,26,23,26,susquehanna70,NA,TRUE,paddler,kueffefr01,Fred Kueffer,Kueffer Fred,Falcon Heights,MN,USA,1,T,29476,NA,NA
247658,2018,CLINTON70,Downriver,Canoe,P10,oc2pro,23,TRUE,29476,218,218,217,172,26,23,26,susquehanna70,NA,TRUE,paddler,henryda01,Dana Henry,Henry Dana,Plymouth,MN,USA,1,T,29476,NA,NA
370189,2022,CLINTON70,Downriver,Canoe,P16,oc2pro,7,TRUE,29496,219,219,218,173,7,7,7,susquehanna70,NA,TRUE,paddler,NA,Po Quesnel,Quesnel Po,Laval ,QC,CAN,NA,NA,NA,NA,NA
370189,2022,CLINTON70,Downriver,Canoe,P16,oc2pro,7,TRUE,29496,219,219,218,173,7,7,7,susquehanna70,NA,TRUE,paddler,medinato01,Danny Medina,Medina Danny,Homer,MI,USA,NA,NA,NA,NA,NA
532351,2025,CLINTON70,Downriver,Canoe,B4,oc4stock,1,TRUE,29501,220,220,219,16,52,1,52,susquehanna70,NA,TRUE,paddler,NA,Wayne Duncan,Duncan Wayne,Ivor,VA,USA,NA,NA,NA,Have a Mike Day,NA
532351,2025,CLINTON70,Downriver,Canoe,B4,oc4stock,1,TRUE,29501,220,220,219,16,52,1,52,susquehanna70,NA,TRUE,paddler,NA,Matthew Butcher,Butcher Matthew,Arlington,VA,USA,NA,NA,NA,Have a Mike Day,NA
532351,2025,CLINTON70,Downriver,Canoe,B4,oc4stock,1,TRUE,29501,220,220,219,16,52,1,52,susquehanna70,NA,TRUE,paddler,NA,Katherine Urrutia,Urrutia Katherine,Virginia Beach,VA,USA,NA,NA,NA,Have a Mike Day,NA
532351,2025,CLINTON70,Downriver,Canoe,B4,oc4stock,1,TRUE,29501,220,220,219,16,52,1,52,susquehanna70,NA,TRUE,paddler,mclainru01,Rusty McLain,McLain Rusty,Chesapeake,VA,USA,NA,NA,NA,Have a Mike Day,NA
208291,2014,CLINTON70,Downriver,Canoe,V9,oc2cruisermaster,4,TRUE,29508,221,221,220,4,53,4,53,susquehanna70,NA,TRUE,paddler,vandorda01,David Vandorpe,Vandorpe David,Watertown,MA,USA,1,T,29508,NA,NA
208291,2014,CLINTON70,Downriver,Canoe,V9,oc2cruisermaster,4,TRUE,29508,221,221,220,4,53,4,53,susquehanna70,NA,TRUE,paddler,lyesiuni01,Nick Lyesiuk,Lyesiuk Nick,Orange,MA,USA,1,T,29508,NA,NA
256335,2019,CLINTON70,Downriver,Canoe,S3,oc1pro,2,TRUE,29510,222,222,221,7,39,2,38,susquehanna70,NA,TRUE,paddler,trudelfr01,Francis Trudel,Trudel Francis,Shawinigan,QC,CAN,1,T,29510,NA,NA
217354,2015,CLINTON70,Downriver,Canoe,P23,oc2pro,5,TRUE,29512,223,223,222,174,5,5,5,susquehanna70,Mens Under 50,TRUE,paddler,pellerja01,Jim Pellerin,Pellerin Jim,Shawinigan-Sud,QC,CAN,1,T,29512,NA,NA
217354,2015,CLINTON70,Downriver,Canoe,P23,oc2pro,5,TRUE,29512,223,223,222,174,5,5,5,susquehanna70,Mens Under 50,TRUE,paddler,pellerto01,Tom Pellerin,Pellerin Tom,Shawinigan-Sud,QC,CAN,1,T,29512,NA,NA
256336,2019,CLINTON70,Downriver,Canoe,S2,oc1pro,3,TRUE,29516,224,224,223,8,40,3,39,susquehanna70,NA,TRUE,paddler,mercielu01,Luc Mercier,Mercier Luc,Trois-Rivieres,QC,CAN,1,T,29516,NA,NA
370190,2022,CLINTON70,Downriver,Canoe,P5,oc2pro,8,TRUE,29518,225,225,224,175,8,8,8,susquehanna70,NA,TRUE,paddler,pagese01,Serge Page,Page Serge,Saint-Boniface ,QC,CAN,NA,NA,NA,Pruneau-PagÃ©,NA
370190,2022,CLINTON70,Downriver,Canoe,P5,oc2pro,8,TRUE,29518,225,225,224,175,8,8,8,susquehanna70,NA,TRUE,paddler,prunealo01,Louis-Simon Pruneau,Pruneau Louis-Simon,Shawinigan ,QC,CAN,NA,NA,NA,Pruneau-PagÃ©,NA
217355,2015,CLINTON70,Downriver,Canoe,P29,oc2pro,6,TRUE,29526,226,226,225,176,6,6,6,susquehanna70,Mens Under 50,TRUE,paddler,NA,Christopher Proulx,Proulx Christopher,Shawinigan,QC,CAN,1,T,29526,NA,NA
217355,2015,CLINTON70,Downriver,Canoe,P29,oc2pro,6,TRUE,29526,226,226,225,176,6,6,6,susquehanna70,Mens Under 50,TRUE,paddler,gagnoner01,Eric Gagnon,Gagnon Eric,Shawinigan,QC,CAN,1,T,29526,NA,NA
247659,2018,CLINTON70,Downriver,Canoe,P27,oc2pro,24,TRUE,29533,227,227,226,177,27,24,27,susquehanna70,NA,TRUE,paddler,bartonre01,Rebecca Davis,Davis Rebecca,Homer,MI,USA,1,T,29533,NA,NA
247659,2018,CLINTON70,Downriver,Canoe,P27,oc2pro,24,TRUE,29533,227,227,226,177,27,24,27,susquehanna70,NA,TRUE,paddler,machated01,Edith MacHattie,MacHattie Edith,Saskatoon,SK,CAN,1,T,29533,NA,NA
208258,2014,CLINTON70,Downriver,Canoe,P34,oc2pro,32,TRUE,29541,228,228,227,178,54,32,54,susquehanna70,Women,TRUE,paddler,schlimma01,Mary Schlimmer,Schlimmer Mary,Cortland,NY,USA,1,T,29541,NA,NA
208258,2014,CLINTON70,Downriver,Canoe,P34,oc2pro,32,TRUE,29541,228,228,227,178,54,32,54,susquehanna70,Women,TRUE,paddler,schlimth01,Theresa Schlimmer,Schlimmer Theresa,Cortland,NY,USA,1,T,29541,NA,NA
227307,2016,CLINTON70,Downriver,Canoe,P30,oc2pro,13,TRUE,29557,229,229,228,179,14,13,14,susquehanna70,Mens Under 50,TRUE,paddler,quesnepi01,Pierre-Olivier Quesnel,Quesnel Pierre-Olivier,Laval,QC,CAN,1,T,29557,NA,NA
227307,2016,CLINTON70,Downriver,Canoe,P30,oc2pro,13,TRUE,29557,229,229,228,179,14,13,14,susquehanna70,Mens Under 50,TRUE,paddler,greffasy01,Sylvain Greffard,Greffard Sylvain,La Tuque,QC,CAN,1,T,29557,NA,NA
370191,2022,CLINTON70,Downriver,Canoe,P31,oc2pro,9,TRUE,29586,230,230,229,180,9,9,9,susquehanna70,NA,TRUE,paddler,zaverary01,Ryan Zaveral,Zaveral Ryan,Unadilla,NY,USA,NA,NA,NA,ZRE,NA
370191,2022,CLINTON70,Downriver,Canoe,P31,oc2pro,9,TRUE,29586,230,230,229,180,9,9,9,susquehanna70,NA,TRUE,paddler,maddenpa01,Patrick Madden,Madden Patrick,Scotia,NY,USA,NA,NA,NA,ZRE,NA
217356,2015,CLINTON70,Downriver,Canoe,P2,oc2pro,7,TRUE,29587,231,231,230,181,7,7,7,susquehanna70,Mens Under 50,TRUE,paddler,schlimbe01,Benedict Schlimmer,Schlimmer Benedict,Cortland,NY,USA,1,T,29587,NA,NA
217356,2015,CLINTON70,Downriver,Canoe,P2,oc2pro,7,TRUE,29587,231,231,230,181,7,7,7,susquehanna70,Mens Under 50,TRUE,paddler,mcclaica01,Cameron McClain,McClain Cameron,Grayling,MI,USA,1,T,29587,NA,NA
256337,2019,CLINTON70,Downriver,Canoe,S8,oc1pro,4,TRUE,29627,232,232,231,9,41,4,40,susquehanna70,NA,TRUE,paddler,chapplti01,Tim Chapple,Chapple Tim,Interlochen,MI,USA,1,T,29627,NA,NA
217357,2015,CLINTON70,Downriver,Canoe,P15,oc2pro,8,TRUE,29635,233,233,232,182,8,8,8,susquehanna70,Mens Under 50,TRUE,paddler,meadpe01,Pete Mead,Mead Pete,Traverse City,MI,USA,1,T,29635,NA,NA
217357,2015,CLINTON70,Downriver,Canoe,P15,oc2pro,8,TRUE,29635,233,233,232,182,8,8,8,susquehanna70,Mens Under 50,TRUE,paddler,macdowsh01,Shane Macdowell,Macdowell Shane,Waitsfield,VT,USA,1,T,29635,NA,NA
532446,2025,CLINTON70,Downriver,Canoe,P32,oc2pro,46,TRUE,29642,234,234,233,183,53,46,53,susquehanna70,NA,TRUE,paddler,NA,Eric Vaugeois,Vaugeois Eric,Trois-Rivieres,QC,CAN,NA,NA,NA,Vaugeois & Bournival,NA
532446,2025,CLINTON70,Downriver,Canoe,P32,oc2pro,46,TRUE,29642,234,234,233,183,53,46,53,susquehanna70,NA,TRUE,paddler,NA,David Bournival,Bournival David,Shawinigan ,QC,CAN,NA,NA,NA,Vaugeois & Bournival,NA
532381,2025,CLINTON70,Downriver,Canoe,U2,oc2cruisersenior,2,TRUE,29645,235,235,234,2,54,2,54,susquehanna70,NA,TRUE,paddler,cumminde01,Del Cummings,Cummings Del,Meriden,CT,USA,NA,NA,NA,NA,NA
532381,2025,CLINTON70,Downriver,Canoe,U2,oc2cruisersenior,2,TRUE,29645,235,235,234,2,54,2,54,susquehanna70,NA,TRUE,paddler,cumminvi01,Vicki Cummings,Cummings Vicki,Meriden,CT,USA,NA,NA,NA,NA,NA
490085,2024,CLINTON70,Downriver,Canoe,P27,oc2pro,7,TRUE,29647,236,236,235,184,7,7,7,susquehanna70,NA,TRUE,paddler,meckletr01,Travis Mecklenburg,Mecklenburg Travis,Columbus,OH,USA,NA,NA,NA,NA,NA
490085,2024,CLINTON70,Downriver,Canoe,P27,oc2pro,7,TRUE,29647,236,236,235,184,7,7,7,susquehanna70,NA,TRUE,paddler,NA,Matt Gabriel,Gabriel Matt,Grayling,MI,USA,NA,NA,NA,NA,NA
208302,2014,CLINTON70,Downriver,Canoe,X3,oc2cruisermix,5,TRUE,29648,237,237,236,7,55,5,55,susquehanna70,NA,TRUE,paddler,johnsoem01,Emily Johnson,Johnson Emily,St Paul,MN,USA,1,T,29648,NA,NA
208302,2014,CLINTON70,Downriver,Canoe,X3,oc2cruisermix,5,TRUE,29648,237,237,236,7,55,5,55,susquehanna70,NA,TRUE,paddler,defeoje01,Jeff Defeo,Defeo Jeff,Chester,MA,USA,1,T,29648,NA,NA
532447,2025,CLINTON70,Downriver,Canoe,P51,oc2pro,47,TRUE,29655,238,238,237,185,55,47,55,susquehanna70,NA,TRUE,paddler,limberal01,Allen Limberg,Limberg Allen,Wausau,WI,USA,NA,NA,NA,Al and Barb,NA
532447,2025,CLINTON70,Downriver,Canoe,P51,oc2pro,47,TRUE,29655,238,238,237,185,55,47,55,susquehanna70,NA,TRUE,paddler,bradleba01,Barbara Bradley,Bradley Barbara,Wausau,WI,USA,NA,NA,NA,Al and Barb,NA
208316,2014,CLINTON70,Downriver,Canoe,Y1,oc2cruiserwomen,1,TRUE,29658,239,239,238,1,56,1,56,susquehanna70,NA,TRUE,paddler,NA,Carol Hykel Dailey,Dailey Carol Hykel,Wayne,PA,USA,1,T,29658,NA,NA
208316,2014,CLINTON70,Downriver,Canoe,Y1,oc2cruiserwomen,1,TRUE,29658,239,239,238,1,56,1,56,susquehanna70,NA,TRUE,paddler,mattinhy01,Hype Mattingly,Mattingly Hype,Carneys Point,NJ,USA,1,T,29658,NA,NA
237708,2017,CLINTON70,Downriver,Canoe,B7,oc4stock,3,TRUE,29666,240,240,239,17,22,3,22,susquehanna70,NA,TRUE,paddler,apreaga01,Gary Aprea,Aprea Gary,Austerlitz,NY,USA,1,T,29666,NA,NA
237708,2017,CLINTON70,Downriver,Canoe,B7,oc4stock,3,TRUE,29666,240,240,239,17,22,3,22,susquehanna70,NA,TRUE,paddler,millerse01,Seth Miller,Miller Seth,Norwood,MA,USA,1,T,29666,NA,NA
237708,2017,CLINTON70,Downriver,Canoe,B7,oc4stock,3,TRUE,29666,240,240,239,17,22,3,22,susquehanna70,NA,TRUE,paddler,wesleygl01,Gloria Wesley,Wesley Gloria,Pittsfield,MA,USA,1,T,29666,NA,NA
237708,2017,CLINTON70,Downriver,Canoe,B7,oc4stock,3,TRUE,29666,240,240,239,17,22,3,22,susquehanna70,NA,TRUE,paddler,bosske01,Kevin Boss,Boss Kevin,Swansea,MA,USA,1,T,29666,NA,NA
256418,2019,CLINTON70,Downriver,Canoe,P4,oc2pro,28,TRUE,29677,241,241,240,186,42,28,41,susquehanna70,NA,TRUE,paddler,trestoka01,Katie Treston,Treston Katie,traverse city,MI,USA,1,T,29677,NA,NA
256418,2019,CLINTON70,Downriver,Canoe,P4,oc2pro,28,TRUE,29677,241,241,240,186,42,28,41,susquehanna70,NA,TRUE,paddler,trestokr01,Kristi Treston,Treston Kristi,Traverse City,MI,USA,1,T,29677,NA,NA
256419,2019,CLINTON70,Downriver,Canoe,P35,oc2pro,29,TRUE,29680,242,242,241,187,43,29,42,susquehanna70,NA,TRUE,paddler,rhodeske01,Kelly Rhodes,Rhodes Kelly,Silver Spring,MD,USA,1,T,29680,NA,NA
256419,2019,CLINTON70,Downriver,Canoe,P35,oc2pro,29,TRUE,29680,242,242,241,187,43,29,42,susquehanna70,NA,TRUE,paddler,botelepa01,Pam Boteler,Boteler Pam,Alexandria,VA,USA,1,T,29680,NA,NA
436067,2023,CLINTON70,Downriver,Canoe,P13,oc2pro,2,TRUE,29682,243,243,242,188,2,2,2,susquehanna70,NA,TRUE,paddler,halstery01,Ryan Halstead,Halstead Ryan,Grayling ,MI,USA,NA,NA,NA,#1350,NA
436067,2023,CLINTON70,Downriver,Canoe,P13,oc2pro,2,TRUE,29682,243,243,242,188,2,2,2,susquehanna70,NA,TRUE,paddler,proulxch01,Christophe Proulx,Proulx Christophe,Shawinigan,QC,CAN,NA,NA,NA,#1350,NA
436068,2023,CLINTON70,Downriver,Canoe,P27,oc2pro,3,TRUE,29685,244,244,243,189,3,3,3,susquehanna70,NA,TRUE,paddler,blaisgu01,Guillaume Blais,Blais Guillaume,St Boniface,QC,CAN,NA,NA,NA,Davis/Blais,NA
436068,2023,CLINTON70,Downriver,Canoe,P27,oc2pro,3,TRUE,29685,244,244,243,189,3,3,3,susquehanna70,NA,TRUE,paddler,davismi01,Michael Davis,Davis Michael,Homer,MI,USA,NA,NA,NA,Davis/Blais,NA
237866,2017,CLINTON70,Downriver,Canoe,P13,oc2pro,18,TRUE,29690,245,245,244,190,23,18,23,susquehanna70,NA,TRUE,paddler,lyesiubr01,Brent Lyesiuk,Lyesiuk Brent,Orange,MA,USA,1,T,29690,NA,NA
237866,2017,CLINTON70,Downriver,Canoe,P13,oc2pro,18,TRUE,29690,245,245,244,190,23,18,23,susquehanna70,NA,TRUE,paddler,rossem01,Emma Ellsworth,Ellsworth Emma,Orange,MA,USA,1,T,29690,NA,NA
227308,2016,CLINTON70,Downriver,Canoe,P36,oc2pro,14,TRUE,29704,246,246,245,191,15,14,15,susquehanna70,Mens Under 50,TRUE,paddler,condiean01,Andrew Condie,Condie Andrew,Martindale,TX,USA,1,T,29704,NA,NA
227308,2016,CLINTON70,Downriver,Canoe,P36,oc2pro,14,TRUE,29704,246,246,245,191,15,14,15,susquehanna70,Mens Under 50,TRUE,paddler,mynarky01,Kyle Mynar,Mynar Kyle,Martindale,TX,USA,1,T,29704,NA,NA
256338,2019,CLINTON70,Downriver,Canoe,S7,oc1pro,5,TRUE,29710,247,247,246,10,44,5,43,susquehanna70,NA,TRUE,paddler,palmerma01,Matthew Palmer,Palmer Matthew,Morris,NY,USA,1,T,29710,NA,NA
256375,2019,CLINTON70,Downriver,Canoe,X5,oc2cruisermix,3,TRUE,29722,248,248,247,8,45,3,44,susquehanna70,NA,TRUE,paddler,cumminde01,Dell Cummings,Cummings Dell,Meriden,CT,USA,1,T,29722,NA,NA
256375,2019,CLINTON70,Downriver,Canoe,X5,oc2cruisermix,3,TRUE,29722,248,248,247,8,45,3,44,susquehanna70,NA,TRUE,paddler,cumminvi01,Vicki Cummings,Cummings Vicki,Meriden,CT,USA,1,T,29722,NA,NA
256420,2019,CLINTON70,Downriver,Canoe,P37,oc2pro,30,TRUE,29729,249,249,248,192,46,30,45,susquehanna70,NA,TRUE,paddler,faloonjo01,Joanna Faloon,Faloon Joanna,Ottawa,ON,CAN,1,T,29729,NA,NA
256420,2019,CLINTON70,Downriver,Canoe,P37,oc2pro,30,TRUE,29729,249,249,248,192,46,30,45,susquehanna70,NA,TRUE,paddler,heedpe01,Peter Heed,Heed Peter,Keene,NH,USA,1,T,29729,NA,NA
217358,2015,CLINTON70,Downriver,Canoe,P11,oc2pro,9,TRUE,29731,250,250,249,193,9,9,9,susquehanna70,Mens Under 50,TRUE,paddler,shaveral01,Al Shaver Jr.,Shaver Jr. Al,Meridale,NY,USA,1,T,29731,NA,NA
217358,2015,CLINTON70,Downriver,Canoe,P11,oc2pro,9,TRUE,29731,250,250,249,193,9,9,9,susquehanna70,Mens Under 50,TRUE,paddler,lefevetr01,Trevor Lefever,Lefever Trevor,Oneonta,NY,USA,1,T,29731,NA,NA
208303,2014,CLINTON70,Downriver,Canoe,X2,oc2cruisermix,6,TRUE,29739,251,251,250,9,57,6,57,susquehanna70,NA,TRUE,paddler,gillesad01,Adrienne Gillespie,Gillespie Adrienne,Webster,NY,USA,1,T,29739,NA,NA
208303,2014,CLINTON70,Downriver,Canoe,X2,oc2cruisermix,6,TRUE,29739,251,251,250,9,57,6,57,susquehanna70,NA,TRUE,paddler,sennetda01,David Sennett,Sennett David,Auburn,NY,USA,1,T,29739,NA,NA
217359,2015,CLINTON70,Downriver,Canoe,P19,oc2pro,10,TRUE,29772,252,252,251,194,10,10,10,susquehanna70,Mens Under 50,TRUE,paddler,schlimmi01,Michael Schlimmer,Schlimmer Michael,Cortland,NY,USA,1,T,29772,NA,NA
217359,2015,CLINTON70,Downriver,Canoe,P19,oc2pro,10,TRUE,29772,252,252,251,194,10,10,10,susquehanna70,Mens Under 50,TRUE,paddler,frigonsa01,Samuel Frigon,Frigon Samuel,St-Bonifance De Shawinigan,QC,CAN,1,T,29772,NA,NA
436069,2023,CLINTON70,Downriver,Canoe,P11,oc2pro,4,TRUE,29774,253,253,252,195,4,4,4,susquehanna70,NA,TRUE,paddler,meadpe01,Pete Mead,Mead Pete,Traverse City ,MI,USA,NA,NA,NA,#13:49:59,NA
436069,2023,CLINTON70,Downriver,Canoe,P11,oc2pro,4,TRUE,29774,253,253,252,195,4,4,4,susquehanna70,NA,TRUE,paddler,issendch01,Chris Issendorf,Issendorf Chris,New Braunfels ,TX,USA,NA,NA,NA,#13:49:59,NA
532448,2025,CLINTON70,Downriver,Canoe,P15,oc2pro,48,TRUE,29783,254,254,253,196,56,48,56,susquehanna70,NA,TRUE,paddler,dufourth01,Thierry Dufour,Dufour Thierry,Trois Rivieres,QC,CAN,NA,NA,NA,NA,NA
532448,2025,CLINTON70,Downriver,Canoe,P15,oc2pro,48,TRUE,29783,254,254,253,196,56,48,56,susquehanna70,NA,TRUE,paddler,michauge01,Geremy Michaud,Michaud Geremy,Quebec,QC,CAN,NA,NA,NA,NA,NA
227309,2016,CLINTON70,Downriver,Canoe,P27,oc2pro,15,TRUE,29798,255,255,254,197,16,15,16,susquehanna70,Mens Under 50,TRUE,paddler,lacroijo01,Joel Lacroix,Lacroix Joel,Shawinigan-Sud,QC,CAN,1,T,29798,NA,NA
227309,2016,CLINTON70,Downriver,Canoe,P27,oc2pro,15,TRUE,29798,255,255,254,197,16,15,16,susquehanna70,Mens Under 50,TRUE,paddler,NA,Phillipe Quessy,Quessy Phillipe,Drummondville,QC,CAN,1,T,29798,NA,NA
217360,2015,CLINTON70,Downriver,Canoe,P16,oc2pro,11,TRUE,29801,256,256,255,198,11,11,11,susquehanna70,Mixed,TRUE,paddler,machated01,Edith Machattie,Machattie Edith,Saskatoon,SK,CAN,1,T,29801,NA,NA
217360,2015,CLINTON70,Downriver,Canoe,P16,oc2pro,11,TRUE,29801,256,256,255,198,11,11,11,susquehanna70,Mixed,TRUE,paddler,NA,Graham Smith,Smith Graham,Vancouver,BC,CAN,1,T,29801,NA,NA
370192,2022,CLINTON70,Downriver,Canoe,P43,oc2pro,10,TRUE,29808,257,257,256,199,10,10,10,susquehanna70,NA,TRUE,paddler,mainguno01,Normand Mainguy,Mainguy Normand,Notre Dame De Pontmain,QC,CAN,NA,NA,NA,Marchand/Lajoie,NA
370192,2022,CLINTON70,Downriver,Canoe,P43,oc2pro,10,TRUE,29808,257,257,256,199,10,10,10,susquehanna70,NA,TRUE,paddler,bartonre01,Rebecca Davis,Davis Rebecca,Homer,MI,USA,NA,NA,NA,Marchand/Lajoie,NA
256421,2019,CLINTON70,Downriver,Canoe,P23,oc2pro,31,TRUE,29809,258,258,257,200,47,31,46,susquehanna70,NA,TRUE,paddler,meckleda01,Dan Mecklenburg,Mecklenburg Dan,Columbus,OH,USA,1,T,29809,NA,NA
256421,2019,CLINTON70,Downriver,Canoe,P23,oc2pro,31,TRUE,29809,258,258,257,200,47,31,46,susquehanna70,NA,TRUE,paddler,braxde01,Debbie Brax,Brax Debbie,bay village,OH,USA,1,T,29809,NA,NA
208149,2014,CLINTON70,Downriver,Canoe,E14,oc2stock,1,TRUE,29825,259,259,258,1,58,1,58,susquehanna70,NA,TRUE,paddler,koptafr01,Fran Kopta,Kopta Fran,Sherman,NY,USA,1,T,29825,NA,NA
208149,2014,CLINTON70,Downriver,Canoe,E14,oc2stock,1,TRUE,29825,259,259,258,1,58,1,58,susquehanna70,NA,TRUE,paddler,koptama01,Mark Kopta,Kopta Mark,Clymer,NY,USA,1,T,29825,NA,NA
208304,2014,CLINTON70,Downriver,Canoe,X15,oc2cruisermix,7,TRUE,29832,260,260,259,10,59,7,59,susquehanna70,NA,TRUE,paddler,santorjo01,Jon Santor,Santor Jon,Rainbow Lake,NY,USA,1,T,29832,NA,NA
208304,2014,CLINTON70,Downriver,Canoe,X15,oc2cruisermix,7,TRUE,29832,260,260,259,10,59,7,59,susquehanna70,NA,TRUE,paddler,domaski01,Kirsten Domas,Domas Kirsten,Rainbow Lake,NY,USA,1,T,29832,NA,NA
370193,2022,CLINTON70,Downriver,Canoe,P29,oc2pro,11,TRUE,29848,261,261,260,201,11,11,11,susquehanna70,NA,TRUE,paddler,mynarky01,Kyle Mynar,Mynar Kyle,Grayling,MI,USA,NA,NA,NA,NA,NA
370193,2022,CLINTON70,Downriver,Canoe,P29,oc2pro,11,TRUE,29848,261,261,260,201,11,11,11,susquehanna70,NA,TRUE,paddler,wyattcl01,Clay Wyatt,Wyatt Clay,Sequin,TX,USA,NA,NA,NA,NA,NA
208281,2014,CLINTON70,Downriver,Canoe,T5,oc2cruiser,5,TRUE,29880,262,262,261,11,60,5,60,susquehanna70,NA,TRUE,paddler,rosspe01,Peter Ross,Ross Peter,Ontario,NY,USA,1,T,29880,NA,NA
208281,2014,CLINTON70,Downriver,Canoe,T5,oc2cruiser,5,TRUE,29880,262,262,261,11,60,5,60,susquehanna70,NA,TRUE,paddler,henninti01,Tim Henning,Henning Tim,Marion,NY,USA,1,T,29880,NA,NA
227141,2016,CLINTON70,Downriver,Canoe,B4,oc4stock,2,TRUE,29885,263,263,262,18,17,2,17,susquehanna70,NA,TRUE,paddler,bartonbr01,Bruce Barton,Barton Bruce,Homer,MI,USA,1,T,29885,NA,NA
227141,2016,CLINTON70,Downriver,Canoe,B4,oc4stock,2,TRUE,29885,263,263,262,18,17,2,17,susquehanna70,NA,TRUE,paddler,meersmma01,Matt Meersman,Meersman Matt,South Bend,IN,USA,1,T,29885,NA,NA
227141,2016,CLINTON70,Downriver,Canoe,B4,oc4stock,2,TRUE,29885,263,263,262,18,17,2,17,susquehanna70,NA,TRUE,paddler,bartonro01,Roxanne Barton,Barton Roxanne,Homer,MI,USA,1,T,29885,NA,NA
227141,2016,CLINTON70,Downriver,Canoe,B4,oc4stock,2,TRUE,29885,263,263,262,18,17,2,17,susquehanna70,NA,TRUE,paddler,trieboti01,Tim Triebold,Triebold Tim,Spring Arbor,MI,USA,1,T,29885,NA,NA
247660,2018,CLINTON70,Downriver,Canoe,P26,oc2pro,25,TRUE,29889,264,264,263,202,28,25,28,susquehanna70,NA,TRUE,paddler,nadeausy01,Sylvie Nadeau,Nadeau Sylvie,St Jerome,QC,CAN,1,T,29889,NA,NA
247660,2018,CLINTON70,Downriver,Canoe,P26,oc2pro,25,TRUE,29889,264,264,263,202,28,25,28,susquehanna70,NA,TRUE,paddler,schlimjo01,Joe Schlimmer,Schlimmer Joe,Ithaca,NY,USA,1,T,29889,NA,NA
370104,2022,CLINTON70,Downriver,Canoe,O3,oc4unlimited,1,TRUE,29889,265,265,264,5,12,1,12,susquehanna70,NA,TRUE,paddler,wesleygl01,Gloria Wesley,Wesley Gloria,Pittsfield,MA,USA,NA,NA,NA,NA,NA
370104,2022,CLINTON70,Downriver,Canoe,O3,oc4unlimited,1,TRUE,29889,265,265,264,5,12,1,12,susquehanna70,NA,TRUE,paddler,apreaga01,Gary Aprea,Aprea Gary,Austerlitz,NY,USA,NA,NA,NA,NA,NA
370104,2022,CLINTON70,Downriver,Canoe,O3,oc4unlimited,1,TRUE,29889,265,265,264,5,12,1,12,susquehanna70,NA,TRUE,paddler,garlanti01,Tim Garland,Garland Tim,Surry,NH,USA,NA,NA,NA,NA,NA
370104,2022,CLINTON70,Downriver,Canoe,O3,oc4unlimited,1,TRUE,29889,265,265,264,5,12,1,12,susquehanna70,NA,TRUE,paddler,olneypa01,Paul Olney,Olney Paul,Westernville,NY,USA,NA,NA,NA,NA,NA
370194,2022,CLINTON70,Downriver,Canoe,P3,oc2pro,12,TRUE,29902,266,266,265,203,13,12,13,susquehanna70,NA,TRUE,paddler,mercielu01,Luc Mercier,Mercier Luc,Trois-Rivieres,QC,CAN,NA,NA,NA,NA,NA
370194,2022,CLINTON70,Downriver,Canoe,P3,oc2pro,12,TRUE,29902,266,266,265,203,13,12,13,susquehanna70,NA,TRUE,paddler,charetch01,Christian Charette,Charette Christian,St-Boniface,QC,CAN,NA,NA,NA,NA,NA
532352,2025,CLINTON70,Downriver,Canoe,B2,oc4stock,2,TRUE,29902,267,267,266,19,57,2,57,susquehanna70,NA,TRUE,paddler,loringch01,Chip Loring,Loring Chip,Old Town,ME,USA,NA,NA,NA,Team Penobscot,NA
532352,2025,CLINTON70,Downriver,Canoe,B2,oc4stock,2,TRUE,29902,267,267,266,19,57,2,57,susquehanna70,NA,TRUE,paddler,rancoma01,Mark Ranco,Ranco Mark,Bangor,ME,USA,NA,NA,NA,Team Penobscot,NA
532352,2025,CLINTON70,Downriver,Canoe,B2,oc4stock,2,TRUE,29902,267,267,266,19,57,2,57,susquehanna70,NA,TRUE,paddler,gauseri01,Rick Gause,Gause Rick,North Yarmouth,ME,USA,NA,NA,NA,Team Penobscot,NA
532352,2025,CLINTON70,Downriver,Canoe,B2,oc4stock,2,TRUE,29902,267,267,266,19,57,2,57,susquehanna70,NA,TRUE,paddler,rubinha01,Hannah Rubin,Rubin Hannah,Montpelier,VT,USA,NA,NA,NA,Team Penobscot,NA
217273,2015,CLINTON70,Downriver,Canoe,B5,oc4stock,1,TRUE,29929,268,268,267,20,12,1,12,susquehanna70,NA,TRUE,paddler,torongbi01,Bill Torongo,Torongo Bill,Roscommon,MI,USA,1,T,29929,NA,NA
217273,2015,CLINTON70,Downriver,Canoe,B5,oc4stock,1,TRUE,29929,268,268,267,20,12,1,12,susquehanna70,NA,TRUE,paddler,kolkaje01,Jeff Kolka,Kolka Jeff,Grayling,MI,USA,1,T,29929,NA,NA
217273,2015,CLINTON70,Downriver,Canoe,B5,oc4stock,1,TRUE,29929,268,268,267,20,12,1,12,susquehanna70,NA,TRUE,paddler,bartonro01,Roxanne Barton,Barton Roxanne,Homer,MI,USA,1,T,29929,NA,NA
217273,2015,CLINTON70,Downriver,Canoe,B5,oc4stock,1,TRUE,29929,268,268,267,20,12,1,12,susquehanna70,NA,TRUE,paddler,trieboti01,Tim Triebold,Triebold Tim,Spring Arbor,MI,USA,1,T,29929,NA,NA
256339,2019,CLINTON70,Downriver,Canoe,S17,oc1pro,6,TRUE,29937,269,269,268,11,48,6,47,susquehanna70,NA,TRUE,paddler,waltonni01,Nick Walton,Walton Nick,Eaton Rapids,MI,USA,1,T,29937,NA,NA
237867,2017,CLINTON70,Downriver,Canoe,P28,oc2pro,19,TRUE,29958,270,270,269,204,24,19,24,susquehanna70,NA,TRUE,paddler,condiean01,Andrew Condie,Condie Andrew,Boulder,CO,USA,1,T,29958,NA,NA
237867,2017,CLINTON70,Downriver,Canoe,P28,oc2pro,19,TRUE,29958,270,270,269,204,24,19,24,susquehanna70,NA,TRUE,paddler,rollsia01,Ian Rolls,Rolls Ian,Dripping Springs,TX,USA,1,T,29958,NA,NA
217361,2015,CLINTON70,Downriver,Canoe,P18,oc2pro,12,TRUE,29961,271,271,270,205,13,12,13,susquehanna70,Mens Under 50,TRUE,paddler,mannsjo01,Joe Manns,Manns Joe,Maplewood,MN,USA,1,T,29961,NA,NA
217361,2015,CLINTON70,Downriver,Canoe,P18,oc2pro,12,TRUE,29961,271,271,270,205,13,12,13,susquehanna70,Mens Under 50,TRUE,paddler,robinstr01,Trevor Robinson,Robinson Trevor,Saskatoon,SK,CAN,1,T,29961,NA,NA
247590,2018,CLINTON70,Downriver,Canoe,S3,oc1pro,1,TRUE,29964,272,272,271,12,29,1,29,susquehanna70,NA,TRUE,paddler,pellerto01,Tom Pellerin,Pellerin Tom,Lavaltrie,QC,CAN,1,T,29964,NA,NA
532449,2025,CLINTON70,Downriver,Canoe,P1,oc2pro,49,TRUE,29965,273,273,272,206,58,49,58,susquehanna70,NA,TRUE,paddler,phamth01,Thina Pham,Pham Thina,Saint Georges,QC,CAN,NA,NA,NA,Cookie Rice and Furry Teriyaki,NA
532449,2025,CLINTON70,Downriver,Canoe,P1,oc2pro,49,TRUE,29965,273,273,272,206,58,49,58,susquehanna70,NA,TRUE,paddler,NA,Augustin Roy,Roy Augustin,Saint Georges,QC,CAN,NA,NA,NA,Cookie Rice and Furry Teriyaki,NA
237868,2017,CLINTON70,Downriver,Canoe,P24,oc2pro,20,TRUE,29970,274,274,273,207,25,20,25,susquehanna70,NA,TRUE,paddler,kingma01,Matt King,King Matt,Athol,MA,USA,1,T,29970,NA,NA
237868,2017,CLINTON70,Downriver,Canoe,P24,oc2pro,20,TRUE,29970,274,274,273,207,25,20,25,susquehanna70,NA,TRUE,paddler,thiemza01,Zach Thiem,Thiem Zach,NA,NA,NA,1,T,29970,NA,NA
256422,2019,CLINTON70,Downriver,Canoe,P26,oc2pro,32,TRUE,29970,275,275,274,208,49,32,48,susquehanna70,NA,TRUE,paddler,greffayv01,Yves Greffard,Greffard Yves,LA TUQUE,QC,CAN,1,T,29970,NA,NA
256422,2019,CLINTON70,Downriver,Canoe,P26,oc2pro,32,TRUE,29970,275,275,274,208,49,32,48,susquehanna70,NA,TRUE,paddler,NA,Carl Béliveau,Béliveau Carl,La Tuque,QC,CAN,1,T,29970,NA,NA
256340,2019,CLINTON70,Downriver,Canoe,S4,oc1pro,7,TRUE,29978,276,276,275,13,50,7,49,susquehanna70,NA,TRUE,paddler,hatfieja01,Jason Hatfield,Hatfield Jason,Grayling,MI,USA,1,T,29978,NA,NA
208305,2014,CLINTON70,Downriver,Canoe,X13,oc2cruisermix,8,TRUE,29979,277,277,276,11,61,8,61,susquehanna70,NA,TRUE,paddler,collieer01,Erica Collier,Collier Erica,Cooperstown,NY,USA,1,T,29979,NA,NA
208305,2014,CLINTON70,Downriver,Canoe,X13,oc2cruisermix,8,TRUE,29979,277,277,276,11,61,8,61,susquehanna70,NA,TRUE,paddler,colliejo01,John Collier,Collier John,Richmondville,NY,USA,1,T,29979,NA,NA
532390,2025,CLINTON70,Downriver,Canoe,X2,oc2cruisermix,1,TRUE,29985,278,278,277,12,59,1,59,susquehanna70,NA,TRUE,paddler,shaverme01,Megan Shaver,Shaver Megan,Williamsport,PA,USA,NA,NA,NA,Paddle Faster Dad,NA
532390,2025,CLINTON70,Downriver,Canoe,X2,oc2cruisermix,1,TRUE,29985,278,278,277,12,59,1,59,susquehanna70,NA,TRUE,paddler,shaveral01,Al Shaver,Shaver Al,Meridale,NY,USA,NA,NA,NA,Paddle Faster Dad,NA
217362,2015,CLINTON70,Downriver,Canoe,P24,oc2pro,13,TRUE,29997,279,279,278,209,14,13,14,susquehanna70,Mens Under 50,TRUE,paddler,lauthri01,Rich Lauth,Lauth Rich,Grosse Ile,MI,USA,1,T,29997,NA,NA
217362,2015,CLINTON70,Downriver,Canoe,P24,oc2pro,13,TRUE,29997,279,279,278,209,14,13,14,susquehanna70,Mens Under 50,TRUE,paddler,hillta01,Tad Hill,Hill Tad,Livonia,MI,USA,1,T,29997,NA,NA
489984,2024,CLINTON70,Downriver,Canoe,O3,oc4unlimited,1,TRUE,30041,280,280,279,6,8,1,8,susquehanna70,NA,TRUE,paddler,olneyjo01,Joann Olney,Olney Joann,Westernville,NY,USA,NA,NA,NA,NA,NA
489984,2024,CLINTON70,Downriver,Canoe,O3,oc4unlimited,1,TRUE,30041,280,280,279,6,8,1,8,susquehanna70,NA,TRUE,paddler,olneypa01,Paul Olney,Olney Paul,Westernville,NY,USA,NA,NA,NA,NA,NA
489984,2024,CLINTON70,Downriver,Canoe,O3,oc4unlimited,1,TRUE,30041,280,280,279,6,8,1,8,susquehanna70,NA,TRUE,paddler,schlimbe01,Ben Schlimmer,Schlimmer Ben,Camillus,NY,USA,NA,NA,NA,NA,NA
489984,2024,CLINTON70,Downriver,Canoe,O3,oc4unlimited,1,TRUE,30041,280,280,279,6,8,1,8,susquehanna70,NA,TRUE,paddler,NA,Jim Terrell,Terrell Jim,Costa Mesa,CA,USA,NA,NA,NA,NA,NA
256363,2019,CLINTON70,Downriver,Canoe,T11,oc2cruiser,4,TRUE,30060,281,281,280,12,51,4,50,susquehanna70,NA,TRUE,paddler,mclainru01,Rusty McLain,McLain Rusty,Chesapeake,VA,USA,1,T,30060,NA,NA
256363,2019,CLINTON70,Downriver,Canoe,T11,oc2cruiser,4,TRUE,30060,281,281,280,12,51,4,50,susquehanna70,NA,TRUE,paddler,mclainky01,Kyle McLain,McLain Kyle,Chesapeake,VA,USA,1,T,30060,NA,NA
436070,2023,CLINTON70,Downriver,Canoe,P30,oc2pro,5,TRUE,30063,282,282,281,210,5,5,5,susquehanna70,NA,TRUE,paddler,meersmma01,Matt Meersman,Meersman Matt,South Bend,IN,USA,NA,NA,NA,Meersman-Willoughby,NA
436070,2023,CLINTON70,Downriver,Canoe,P30,oc2pro,5,TRUE,30063,282,282,281,210,5,5,5,susquehanna70,NA,TRUE,paddler,willouwe01,Weston Willoughby,Willoughby Weston,Traverse City,MI,USA,NA,NA,NA,Meersman-Willoughby,NA
227310,2016,CLINTON70,Downriver,Canoe,P10,oc2pro,16,TRUE,30074,283,283,282,211,18,16,18,susquehanna70,Mens Under 50,TRUE,paddler,henryda01,Dana Henry,Henry Dana,Plymouth,MN,USA,1,T,30074,NA,NA
227310,2016,CLINTON70,Downriver,Canoe,P10,oc2pro,16,TRUE,30074,283,283,282,211,18,16,18,susquehanna70,Mens Under 50,TRUE,paddler,kueffefr01,Fred Kueffer,Kueffer Fred,Falcon Heights,MN,USA,1,T,30074,NA,NA
247661,2018,CLINTON70,Downriver,Canoe,P40,oc2pro,26,TRUE,30085,284,284,283,212,30,26,30,susquehanna70,NA,TRUE,paddler,dessursi01,Simon Dessureault,Dessureault Simon,Saint-Tite,QC,CAN,1,T,30085,NA,NA
247661,2018,CLINTON70,Downriver,Canoe,P40,oc2pro,26,TRUE,30085,284,284,283,212,30,26,30,susquehanna70,NA,TRUE,paddler,chapplti01,Tim Chapple,Chapple Tim,Interlochen,MI,USA,1,T,30085,NA,NA
247662,2018,CLINTON70,Downriver,Canoe,P41,oc2pro,27,TRUE,30087,285,285,284,213,31,27,31,susquehanna70,NA,TRUE,paddler,NA,Allan Rudquist,Rudquist Allan,Grand Rapids,MN,USA,1,T,30087,NA,NA
247662,2018,CLINTON70,Downriver,Canoe,P41,oc2pro,27,TRUE,30087,285,285,284,213,31,27,31,susquehanna70,NA,TRUE,paddler,NA,Michael Fries,Fries Michael,Westernville,NY,USA,1,T,30087,NA,NA
208292,2014,CLINTON70,Downriver,Canoe,V7,oc2cruisermaster,5,TRUE,30093,286,286,285,5,62,5,62,susquehanna70,NA,TRUE,paddler,dugasda01,David Dugas,Dugas David,Athol,MA,USA,1,T,30093,NA,NA
208292,2014,CLINTON70,Downriver,Canoe,V7,oc2cruisermaster,5,TRUE,30093,286,286,285,5,62,5,62,susquehanna70,NA,TRUE,paddler,casalejo01,John Casale,Casale John,Southampton,MA,USA,1,T,30093,NA,NA
370105,2022,CLINTON70,Downriver,Canoe,O2,oc4unlimited,2,TRUE,30102,287,287,286,7,14,2,14,susquehanna70,NA,TRUE,paddler,shultije01,Jeff Shultis,Shultis Jeff,Otego,NY,USA,NA,NA,NA,Wells Bridge Towing,NA
370105,2022,CLINTON70,Downriver,Canoe,O2,oc4unlimited,2,TRUE,30102,287,287,286,7,14,2,14,susquehanna70,NA,TRUE,paddler,harrisla01,Larry Harrison,Harrison Larry,Oneonta,NY,USA,NA,NA,NA,Wells Bridge Towing,NA
370105,2022,CLINTON70,Downriver,Canoe,O2,oc4unlimited,2,TRUE,30102,287,287,286,7,14,2,14,susquehanna70,NA,TRUE,paddler,zaverabo01,Bob Zaveral,Zaveral Bob,Mount Upton,NY,USA,NA,NA,NA,Wells Bridge Towing,NA
370105,2022,CLINTON70,Downriver,Canoe,O2,oc4unlimited,2,TRUE,30102,287,287,286,7,14,2,14,susquehanna70,NA,TRUE,paddler,youngjo01,John Young,Young John,Richmondville Ny,NY,USA,NA,NA,NA,Wells Bridge Towing,NA
227311,2016,CLINTON70,Downriver,Canoe,P44,oc2pro,17,TRUE,30105,288,288,287,214,19,17,19,susquehanna70,Mens Under 50,TRUE,paddler,maddenpa01,Pat Madden,Madden Pat,Scotia,NY,USA,1,T,30105,NA,NA
227311,2016,CLINTON70,Downriver,Canoe,P44,oc2pro,17,TRUE,30105,288,288,287,214,19,17,19,susquehanna70,Mens Under 50,TRUE,paddler,millspph01,Philip Millspaugh,Millspaugh Philip,Farmington,NY,USA,1,T,30105,NA,NA
227312,2016,CLINTON70,Downriver,Canoe,P42,oc2pro,18,TRUE,30113,289,289,288,215,20,18,20,susquehanna70,Mixed,TRUE,paddler,personda01,Dale Persons,Persons Dale,Bainbridge,NY,USA,1,T,30113,NA,NA
227312,2016,CLINTON70,Downriver,Canoe,P42,oc2pro,18,TRUE,30113,289,289,288,215,20,18,20,susquehanna70,Mixed,TRUE,paddler,swislome01,Melissa Swislosky,Swislosky Melissa,Mount Upton,NY,USA,1,T,30113,NA,NA
256423,2019,CLINTON70,Downriver,Canoe,P31,oc2pro,33,TRUE,30125,290,290,289,216,52,33,51,susquehanna70,NA,TRUE,paddler,elliotro01,Rodney Elliott,Elliott Rodney,grayling,MI,USA,1,T,30125,NA,NA
256423,2019,CLINTON70,Downriver,Canoe,P31,oc2pro,33,TRUE,30125,290,290,289,216,52,33,51,susquehanna70,NA,TRUE,paddler,mahaffbi01,Bill Mahaffy,Mahaffy Bill,Grayling,MI,USA,1,T,30125,NA,NA
256354,2019,CLINTON70,Downriver,Canoe,U1,oc2cruisersenior,1,TRUE,30131,291,291,290,3,53,1,52,susquehanna70,NA,TRUE,paddler,nicholal01,Allen Nichols,Nichols Allen,Laurens,NY,USA,1,T,30131,NA,NA
256354,2019,CLINTON70,Downriver,Canoe,U1,oc2cruisersenior,1,TRUE,30131,291,291,290,3,53,1,52,susquehanna70,NA,TRUE,paddler,harrismi01,Mike Harrison,Harrison Mike,Washougal,WA,AUS,1,T,30131,NA,NA
208306,2014,CLINTON70,Downriver,Canoe,X9,oc2cruisermix,9,TRUE,30132,292,292,291,13,63,9,63,susquehanna70,NA,TRUE,paddler,thebauan01,Ander Thebaud,Thebaud Ander,Mount Desert,ME,USA,1,T,30132,NA,NA
208306,2014,CLINTON70,Downriver,Canoe,X9,oc2cruisermix,9,TRUE,30132,292,292,291,13,63,9,63,susquehanna70,NA,TRUE,paddler,hesslebo01,Bob Hessler,Hessler Bob,Ellsworth,ME,USA,1,T,30132,NA,NA
256424,2019,CLINTON70,Downriver,Canoe,P30,oc2pro,34,TRUE,30135,293,293,292,217,54,34,53,susquehanna70,NA,TRUE,paddler,broderem01,Emily Broderson,Broderson Emily,Maple Grove,MN,USA,1,T,30135,NA,NA
256424,2019,CLINTON70,Downriver,Canoe,P30,oc2pro,34,TRUE,30135,293,293,292,217,54,34,53,susquehanna70,NA,TRUE,paddler,broderch01,Chris Broderson,Broderson Chris,Maple Grove,MN,USA,1,T,30135,NA,NA
436071,2023,CLINTON70,Downriver,Canoe,P6,oc2pro,6,TRUE,30140,294,294,293,218,6,6,6,susquehanna70,NA,TRUE,paddler,mynarlo01,Logan Mynar,Mynar Logan,Martindale,TX,USA,NA,NA,NA,Mynar/Burmeister,NA
436071,2023,CLINTON70,Downriver,Canoe,P6,oc2pro,6,TRUE,30140,294,294,293,218,6,6,6,susquehanna70,NA,TRUE,paddler,burmeica01,Carson Burmeister,Burmeister Carson,Grayling,MI,USA,NA,NA,NA,Mynar/Burmeister,NA
227313,2016,CLINTON70,Downriver,Canoe,P11,oc2pro,19,TRUE,30140,295,295,294,219,21,19,21,susquehanna70,Mixed,TRUE,paddler,halsteha01,Hailey Halstead,Halstead Hailey,Grayling,MI,USA,1,T,30140,NA,NA
227313,2016,CLINTON70,Downriver,Canoe,P11,oc2pro,19,TRUE,30140,295,295,294,219,21,19,21,susquehanna70,Mixed,TRUE,paddler,lauthri01,Rich Lauth,Lauth Rich,Grosse Ile,MI,USA,1,T,30140,NA,NA
256286,2019,CLINTON70,Downriver,Canoe,E1,oc2stock,1,TRUE,30163,296,296,295,2,55,1,54,susquehanna70,NA,TRUE,paddler,NA,Michael Himes,Himes Michael,Otego,NY,USA,1,T,30163,NA,NA
256286,2019,CLINTON70,Downriver,Canoe,E1,oc2stock,1,TRUE,30163,296,296,295,2,55,1,54,susquehanna70,NA,TRUE,paddler,NA,Wayne Himes,Himes Wayne,Delanson,NY,USA,1,T,30163,NA,NA
217274,2015,CLINTON70,Downriver,Canoe,B7,oc4stock,2,TRUE,30163,297,297,296,21,15,2,15,susquehanna70,NA,TRUE,paddler,apreaga01,Gary Aprea,Aprea Gary,Austerlitz,NY,USA,1,T,30163,NA,NA
217274,2015,CLINTON70,Downriver,Canoe,B7,oc4stock,2,TRUE,30163,297,297,296,21,15,2,15,susquehanna70,NA,TRUE,paddler,wesleygl01,Gloria Wesley,Wesley Gloria,Pittsfield,MA,USA,1,T,30163,NA,NA
217274,2015,CLINTON70,Downriver,Canoe,B7,oc4stock,2,TRUE,30163,297,297,296,21,15,2,15,susquehanna70,NA,TRUE,paddler,millerse01,Seth Miller,Miller Seth,Norwood,MA,USA,1,T,30163,NA,NA
217274,2015,CLINTON70,Downriver,Canoe,B7,oc4stock,2,TRUE,30163,297,297,296,21,15,2,15,susquehanna70,NA,TRUE,paddler,millerst01,Stephen Miller,Miller Stephen,Groton,MA,USA,1,T,30163,NA,NA
208282,2014,CLINTON70,Downriver,Canoe,T3,oc2cruiser,6,TRUE,30176,298,298,297,13,64,6,64,susquehanna70,NA,TRUE,paddler,olsonke01,Kevin Olson,Olson Kevin,Lafayette,NY,USA,1,T,30176,NA,NA
208282,2014,CLINTON70,Downriver,Canoe,T3,oc2cruiser,6,TRUE,30176,298,298,297,13,64,6,64,susquehanna70,NA,TRUE,paddler,olsonri01,Richard Olson,Olson Richard,Mohawk,NY,USA,1,T,30176,NA,NA
490086,2024,CLINTON70,Downriver,Canoe,P4,oc2pro,8,TRUE,30177,299,299,298,220,9,8,9,susquehanna70,NA,TRUE,paddler,willouwe01,Weston Willoughby,Willoughby Weston,Traverse City,MI,USA,NA,NA,NA,Schlimby,NA
490086,2024,CLINTON70,Downriver,Canoe,P4,oc2pro,8,TRUE,30177,299,299,298,220,9,8,9,susquehanna70,NA,TRUE,paddler,schlimma01,Mary Schlimmer-Willoughby,Schlimmer-Willoughby Mary,Traverse City,MI,USA,NA,NA,NA,Schlimby,NA
532450,2025,CLINTON70,Downriver,Canoe,P50,oc2pro,50,TRUE,30191,300,300,299,221,60,50,60,susquehanna70,NA,TRUE,paddler,garlanti01,Tim Garland,Garland Tim,Surry,NH,USA,NA,NA,NA,Team Hamland,NA
532450,2025,CLINTON70,Downriver,Canoe,P50,oc2pro,50,TRUE,30191,300,300,299,221,60,50,60,susquehanna70,NA,TRUE,paddler,hamiltma02,Mary Hamilton,Hamilton Mary,Keene ,NH,USA,NA,NA,NA,Team Hamland,NA
532356,2025,CLINTON70,Downriver,Canoe,S5,oc1pro,1,TRUE,30195,301,301,300,14,61,1,61,susquehanna70,NA,TRUE,paddler,NA,Rodney McLain,McLain Rodney,Stockton Springs,ME,USA,NA,NA,NA,The Geek,NA
227314,2016,CLINTON70,Downriver,Canoe,P12,oc2pro,20,TRUE,30204,302,302,301,222,22,20,22,susquehanna70,Mens 50 & Over,TRUE,paddler,drewst01,Steve Drew,Drew Steve,Orange,MA,USA,1,T,30204,NA,NA
227314,2016,CLINTON70,Downriver,Canoe,P12,oc2pro,20,TRUE,30204,302,302,301,222,22,20,22,susquehanna70,Mens 50 & Over,TRUE,paddler,ellswoth01,Thomas Ellsworth,Ellsworth Thomas,Orange,MA,USA,1,T,30204,NA,NA
208283,2014,CLINTON70,Downriver,Canoe,T4,oc2cruiser,7,TRUE,30206,303,303,302,14,65,7,65,susquehanna70,NA,TRUE,paddler,thielra01,Raymond Thiel Jr.,Thiel Jr. Raymond,Voluntown,CT,USA,1,T,30206,NA,NA
208283,2014,CLINTON70,Downriver,Canoe,T4,oc2cruiser,7,TRUE,30206,303,303,302,14,65,7,65,susquehanna70,NA,TRUE,paddler,kenyonte03,Ted Kenyon III,Kenyon III Ted,Waterford,CT,USA,1,T,30206,NA,NA
237869,2017,CLINTON70,Downriver,Canoe,P7,oc2pro,21,TRUE,30213,304,304,303,223,26,21,26,susquehanna70,NA,TRUE,paddler,stonehky01,Kyle Stonehouse,Stonehouse Kyle,Tawas City,MI,USA,1,T,30213,NA,NA
237869,2017,CLINTON70,Downriver,Canoe,P7,oc2pro,21,TRUE,30213,304,304,303,223,26,21,26,susquehanna70,NA,TRUE,paddler,brabanse01,Sean Brabant,Brabant Sean,Roscommon,MI,USA,1,T,30213,NA,NA
237870,2017,CLINTON70,Downriver,Canoe,P29,oc2pro,22,TRUE,30218,305,305,304,224,27,22,27,susquehanna70,NA,TRUE,paddler,NA,Richard Lauth,Lauth Richard,Grosse Ile,MI,USA,1,T,30218,NA,NA
237870,2017,CLINTON70,Downriver,Canoe,P29,oc2pro,22,TRUE,30218,305,305,304,224,27,22,27,susquehanna70,NA,TRUE,paddler,torongbi01,Bill Torongo,Torongo Bill,Roscommon,MI,USA,1,T,30218,NA,NA
208307,2014,CLINTON70,Downriver,Canoe,X18,oc2cruisermix,10,TRUE,30219,306,306,305,14,66,10,66,susquehanna70,NA,TRUE,paddler,NA,Ginette Tourangeau,Tourangeau Ginette,Mont-Laurier,QC,CAN,1,T,30219,NA,NA
208307,2014,CLINTON70,Downriver,Canoe,X18,oc2cruisermix,10,TRUE,30219,306,306,305,14,66,10,66,susquehanna70,NA,TRUE,paddler,pagero01,Rock Page,Page Rock,Mont-Laurier,QC,CAN,1,T,30219,NA,NA
532451,2025,CLINTON70,Downriver,Canoe,P19,oc2pro,51,TRUE,30220,307,307,306,225,62,51,62,susquehanna70,NA,TRUE,paddler,NA,Ethan Kucharek,Kucharek Ethan,Grayling,MI,USA,NA,NA,NA,Ethan/Peter,NA
532451,2025,CLINTON70,Downriver,Canoe,P19,oc2pro,51,TRUE,30220,307,307,306,225,62,51,62,susquehanna70,NA,TRUE,paddler,heedpe01,Peter Heed,Heed Peter,Keene,NH,USA,NA,NA,NA,Ethan/Peter,NA
436072,2023,CLINTON70,Downriver,Canoe,P8,oc2pro,7,TRUE,30222,308,308,307,226,7,7,7,susquehanna70,NA,TRUE,paddler,zaverary01,Ryan Zaveral,Zaveral Ryan,Unadilla,NY,USA,NA,NA,NA,ZRE,NA
436072,2023,CLINTON70,Downriver,Canoe,P8,oc2pro,7,TRUE,30222,308,308,307,226,7,7,7,susquehanna70,NA,TRUE,paddler,pellerja01,Jimmy Pellerin,Pellerin Jimmy,Saint-Etienne-Des-Gres,QC,CAN,NA,NA,NA,ZRE,NA
208275,2014,CLINTON70,Downriver,Canoe,S6,oc1pro,6,TRUE,30223,309,309,308,15,67,6,67,susquehanna70,NA,TRUE,paddler,willouwe01,Weston Willoughby,Willoughby Weston,Grayling,MI,USA,1,T,30223,NA,NA
247604,2018,CLINTON70,Downriver,Canoe,T11,oc2cruiser,1,TRUE,30228,310,310,309,15,32,1,32,susquehanna70,NA,TRUE,paddler,wernerer01,Erik Werner,Werner Erik,Philadelphia,PA,USA,1,T,30228,NA,NA
247604,2018,CLINTON70,Downriver,Canoe,T11,oc2cruiser,1,TRUE,30228,310,310,309,15,32,1,32,susquehanna70,NA,TRUE,paddler,lamasa01,Sajan Lama,Lama Sajan,Philadelphia,PA,USA,1,T,30228,NA,NA
532357,2025,CLINTON70,Downriver,Canoe,S3,oc1pro,2,TRUE,30228,311,311,310,16,63,2,63,susquehanna70,NA,TRUE,paddler,torongbi01,Bill Torongo,Torongo Bill,Grayling,MI,USA,NA,NA,NA,NA,NA
247626,2018,CLINTON70,Downriver,Canoe,V1,oc2cruisermaster,1,TRUE,30229,312,312,311,6,33,1,33,susquehanna70,NA,TRUE,paddler,vincenbo01,Bob Vincent,Vincent Bob,Dorchester,ON,CAN,1,T,30229,NA,NA
247626,2018,CLINTON70,Downriver,Canoe,V1,oc2cruisermaster,1,TRUE,30229,312,312,311,6,33,1,33,susquehanna70,NA,TRUE,paddler,vincenmi01,Mike Vincent,Vincent Mike,Regina,SK,CAN,1,T,30229,NA,NA
247591,2018,CLINTON70,Downriver,Canoe,S9,oc1pro,2,TRUE,30234,313,313,312,17,34,2,34,susquehanna70,NA,TRUE,paddler,waltonni01,Nick Walton,Walton Nick,Eaton Rapids,MI,USA,1,T,30234,NA,NA
217363,2015,CLINTON70,Downriver,Canoe,P13,oc2pro,14,TRUE,30235,314,314,313,227,16,14,16,susquehanna70,Mens Under 50,TRUE,paddler,quesnepi01,Pierre-Olivier Quesnel,Quesnel Pierre-Olivier,Laval,QC,CAN,1,T,30235,NA,NA
217363,2015,CLINTON70,Downriver,Canoe,P13,oc2pro,14,TRUE,30235,314,314,313,227,16,14,16,susquehanna70,Mens Under 50,TRUE,paddler,chapplti01,Tim Chapple,Chapple Tim,Interlochen,MI,USA,1,T,30235,NA,NA
247663,2018,CLINTON70,Downriver,Canoe,P12,oc2pro,28,TRUE,30235,315,315,314,228,35,28,35,susquehanna70,NA,TRUE,paddler,halemi01,Mike Hale,Hale Mike,Grayling,MI,USA,1,T,30235,NA,NA
247663,2018,CLINTON70,Downriver,Canoe,P12,oc2pro,28,TRUE,30235,315,315,314,228,35,28,35,susquehanna70,NA,TRUE,paddler,marshfl01,Flash Marsh,Marsh Flash,Mio,MI,USA,1,T,30235,NA,NA
532384,2025,CLINTON70,Downriver,Canoe,V3,oc2cruisermaster,1,TRUE,30237,316,316,315,7,64,1,64,susquehanna70,NA,TRUE,paddler,allenti01,Timothy Allen,Allen Timothy,Westfield,MA,USA,NA,NA,NA,NA,NA
532384,2025,CLINTON70,Downriver,Canoe,V3,oc2cruisermaster,1,TRUE,30237,316,316,315,7,64,1,64,susquehanna70,NA,TRUE,paddler,NA,Gen Matsui,Matsui Gen,Bethany,CT,USA,NA,NA,NA,NA,NA
247664,2018,CLINTON70,Downriver,Canoe,P35,oc2pro,29,TRUE,30243,317,317,316,229,36,29,36,susquehanna70,NA,TRUE,paddler,rossem01,Emma Ellsworth,Ellsworth Emma,Orange,MA,USA,1,T,30243,NA,NA
247664,2018,CLINTON70,Downriver,Canoe,P35,oc2pro,29,TRUE,30243,317,317,316,229,36,29,36,susquehanna70,NA,TRUE,paddler,lyesiubr01,Brent Lyesiuk,Lyesiuk Brent,Orange,MA,USA,1,T,30243,NA,NA
247665,2018,CLINTON70,Downriver,Canoe,P45,oc2pro,30,TRUE,30246,318,318,317,230,37,30,37,susquehanna70,NA,TRUE,paddler,NA,Alain Paquette,Paquette Alain,St Jerome,QC,CAN,1,T,30246,NA,NA
247665,2018,CLINTON70,Downriver,Canoe,P45,oc2pro,30,TRUE,30246,318,318,317,230,37,30,37,susquehanna70,NA,TRUE,paddler,tinklela01,Larry Tinkler,Tinkler Larry,Mt Tremblant,QC,CAN,1,T,30246,NA,NA
217364,2015,CLINTON70,Downriver,Canoe,P1,oc2pro,15,TRUE,30266,319,319,318,231,17,15,17,susquehanna70,Mixed,TRUE,paddler,schlimma01,Mary Schlimmer,Schlimmer Mary,Cortland,NY,USA,1,T,30266,NA,NA
217364,2015,CLINTON70,Downriver,Canoe,P1,oc2pro,15,TRUE,30266,319,319,318,231,17,15,17,susquehanna70,Mixed,TRUE,paddler,sheldoti01,Tim Sheldon,Sheldon Tim,Grayling,MI,USA,1,T,30266,NA,NA
247605,2018,CLINTON70,Downriver,Canoe,T9,oc2cruiser,2,TRUE,30277,320,320,319,16,38,2,38,susquehanna70,NA,TRUE,paddler,koptafr01,Fran Kopta,Kopta Fran,Sherman,NY,USA,1,T,30277,NA,NA
247605,2018,CLINTON70,Downriver,Canoe,T9,oc2cruiser,2,TRUE,30277,320,320,319,16,38,2,38,susquehanna70,NA,TRUE,paddler,millerse01,Seth Miller,Miller Seth,Norwood,MA,USA,1,T,30277,NA,NA
237828,2017,CLINTON70,Downriver,Canoe,T13,oc2cruiser,3,TRUE,30279,321,321,320,17,28,3,28,susquehanna70,NA,TRUE,paddler,schlimjo01,Joe Schlimmer,Schlimmer Joe,Ithaca,NY,USA,1,T,30279,NA,NA
237828,2017,CLINTON70,Downriver,Canoe,T13,oc2cruiser,3,TRUE,30279,321,321,320,17,28,3,28,susquehanna70,NA,TRUE,paddler,mclainga01,Gary Mclain,Mclain Gary,Ballston spa,NY,USA,1,T,30279,NA,NA
237805,2017,CLINTON70,Downriver,Canoe,X16,oc2cruisermix,1,TRUE,30280,322,322,321,15,29,1,29,susquehanna70,NA,TRUE,paddler,howarddo01,Doug Howard,Howard Doug,Townshend,VT,USA,1,T,30280,NA,NA
237805,2017,CLINTON70,Downriver,Canoe,X16,oc2cruisermix,1,TRUE,30280,322,322,321,15,29,1,29,susquehanna70,NA,TRUE,paddler,warnerkr01,Kristen Warner,Warner Kristen,Westmoreland,NH,USA,1,T,30280,NA,NA
490087,2024,CLINTON70,Downriver,Canoe,P32,oc2pro,9,TRUE,30283,323,323,322,232,10,9,10,susquehanna70,NA,TRUE,paddler,meadpe01,Peter Mead,Mead Peter,Traverse City ,MI,USA,NA,NA,NA,M&M's,NA
490087,2024,CLINTON70,Downriver,Canoe,P32,oc2pro,9,TRUE,30283,323,323,322,232,10,9,10,susquehanna70,NA,TRUE,paddler,macdowsh01,Shane Macdowell,Macdowell Shane,Somersworth ,NH,USA,NA,NA,NA,M&M's,NA
435958,2023,CLINTON70,Downriver,Canoe,O4,oc4unlimited,1,TRUE,30288,324,324,323,8,8,1,8,susquehanna70,NA,TRUE,paddler,maddenpa01,Patrick Madden,Madden Patrick,Scotia,NY,USA,NA,NA,NA,NA,NA
435958,2023,CLINTON70,Downriver,Canoe,O4,oc4unlimited,1,TRUE,30288,324,324,323,8,8,1,8,susquehanna70,NA,TRUE,paddler,curleyed01,Ed Curley,Curley Ed,Sidney,NY,USA,NA,NA,NA,NA,NA
435958,2023,CLINTON70,Downriver,Canoe,O4,oc4unlimited,1,TRUE,30288,324,324,323,8,8,1,8,susquehanna70,NA,TRUE,paddler,schlimbe01,Ben Schlimmer,Schlimmer Ben,Camillus,NY,USA,NA,NA,NA,NA,NA
435958,2023,CLINTON70,Downriver,Canoe,O4,oc4unlimited,1,TRUE,30288,324,324,323,8,8,1,8,susquehanna70,NA,TRUE,paddler,crotseja01,Jake Crotser,Crotser Jake,Oneonta,NY,USA,NA,NA,NA,NA,NA
237762,2017,CLINTON70,Downriver,Canoe,S14,oc1pro,1,TRUE,30306,325,325,324,18,30,1,30,susquehanna70,NA,TRUE,paddler,pellerto01,Tom Pellerin,Pellerin Tom,Lavaltrie,QC,CAN,1,T,30306,NA,NA
227315,2016,CLINTON70,Downriver,Canoe,P38,oc2pro,21,TRUE,30315,326,326,325,233,23,21,23,susquehanna70,Mens Under 50,TRUE,paddler,lyesiubr01,Brent Lyesiuk,Lyesiuk Brent,Orange,MA,USA,1,T,30315,NA,NA
227315,2016,CLINTON70,Downriver,Canoe,P38,oc2pro,21,TRUE,30315,326,326,325,233,23,21,23,susquehanna70,Mens Under 50,TRUE,paddler,howarddo01,Doug Howard,Howard Doug,Townshend,VT,USA,1,T,30315,NA,NA
208150,2014,CLINTON70,Downriver,Canoe,E11,oc2stock,2,TRUE,30322,327,327,326,3,68,2,68,susquehanna70,NA,TRUE,paddler,knappda01,Dave Knapp,Knapp Dave,Oneonta,NY,USA,1,T,30322,NA,NA
208150,2014,CLINTON70,Downriver,Canoe,E11,oc2stock,2,TRUE,30322,327,327,326,3,68,2,68,susquehanna70,NA,TRUE,paddler,harrisjo01,John Harrison,Harrison John,Oneonta,NY,USA,1,T,30322,NA,NA
227316,2016,CLINTON70,Downriver,Canoe,P1,oc2pro,22,TRUE,30327,328,328,327,234,24,22,24,susquehanna70,Mens Under 50,TRUE,paddler,darchech01,Charles Darchen,Darchen Charles,Trois-Rivieres,QC,CAN,1,T,30327,NA,NA
227316,2016,CLINTON70,Downriver,Canoe,P1,oc2pro,22,TRUE,30327,328,328,327,234,24,22,24,susquehanna70,Mens Under 50,TRUE,paddler,starnada01,Daniel St-Arnaud,St-Arnaud Daniel,Trois-Rivieres,QC,CAN,1,T,30327,NA,NA
247592,2018,CLINTON70,Downriver,Canoe,S8,oc1pro,3,TRUE,30330,329,329,328,19,39,3,39,susquehanna70,NA,TRUE,paddler,mainguno01,normand Mainguy,Mainguy normand,Notre Dame de Pontmain,QC,CAN,1,T,30330,NA,NA
247666,2018,CLINTON70,Downriver,Canoe,P30,oc2pro,31,TRUE,30341,330,330,329,235,40,31,40,susquehanna70,NA,TRUE,paddler,drewst01,Steve Drew,Drew Steve,Orange,MA,USA,1,T,30341,NA,NA
247666,2018,CLINTON70,Downriver,Canoe,P30,oc2pro,31,TRUE,30341,330,330,329,235,40,31,40,susquehanna70,NA,TRUE,paddler,careyde01,Dennis Carey,Carey Dennis,Orange,MA,USA,1,T,30341,NA,NA
217365,2015,CLINTON70,Downriver,Canoe,P25,oc2pro,16,TRUE,30344,331,331,330,236,18,16,18,susquehanna70,Mens Under 50,TRUE,paddler,roussegu01,Guy Rousseau,Rousseau Guy,Trois-Rivieres,QC,CAN,1,T,30344,NA,NA
217365,2015,CLINTON70,Downriver,Canoe,P25,oc2pro,16,TRUE,30344,331,331,330,236,18,16,18,susquehanna70,Mens Under 50,TRUE,paddler,armstrpa01,Patrick Armstrong,Armstrong Patrick,Lac-A-La-Tortue,QC,CAN,1,T,30344,NA,NA
217275,2015,CLINTON70,Downriver,Canoe,B3,oc4stock,3,TRUE,30353,332,332,331,22,19,3,19,susquehanna70,NA,TRUE,paddler,wissebo01,Bob Wisse,Wisse Bob,Oneonta,NY,USA,1,T,30353,NA,NA
217275,2015,CLINTON70,Downriver,Canoe,B3,oc4stock,3,TRUE,30353,332,332,331,22,19,3,19,susquehanna70,NA,TRUE,paddler,grimesca01,Cathy Grimes,Grimes Cathy,Otego,NY,USA,1,T,30353,NA,NA
217275,2015,CLINTON70,Downriver,Canoe,B3,oc4stock,3,TRUE,30353,332,332,331,22,19,3,19,susquehanna70,NA,TRUE,paddler,shultije01,Jeff Shultis,Shultis Jeff,Otego,NY,USA,1,T,30353,NA,NA
217275,2015,CLINTON70,Downriver,Canoe,B3,oc4stock,3,TRUE,30353,332,332,331,22,19,3,19,susquehanna70,NA,TRUE,paddler,harrisla01,Larry Harrison,Harrison Larry,Oneonta,NY,USA,1,T,30353,NA,NA
490088,2024,CLINTON70,Downriver,Canoe,P18,oc2pro,10,TRUE,30355,333,333,332,237,11,10,11,susquehanna70,NA,TRUE,paddler,bellemvi01,Vincent Bellemare,Bellemare Vincent,Shawinigan,QC,CAN,NA,NA,NA,Lagabière,NA
490088,2024,CLINTON70,Downriver,Canoe,P18,oc2pro,10,TRUE,30355,333,333,332,237,11,10,11,susquehanna70,NA,TRUE,paddler,charetch01,Christian Charette,Charette Christian,St-Boniface,QC,CAN,NA,NA,NA,Lagabière,NA
227317,2016,CLINTON70,Downriver,Canoe,P22,oc2pro,23,TRUE,30360,334,334,333,238,25,23,25,susquehanna70,Mens Under 50,TRUE,paddler,schlimjo01,Joseph Schlimmer,Schlimmer Joseph,Ithaca,NY,USA,1,T,30360,NA,NA
227317,2016,CLINTON70,Downriver,Canoe,P22,oc2pro,23,TRUE,30360,334,334,333,238,25,23,25,susquehanna70,Mens Under 50,TRUE,paddler,olsonke01,Kevin Olson,Olson Kevin,Clay,NY,USA,1,T,30360,NA,NA
208202,2014,CLINTON70,Downriver,Kayak,KL7,k1unlimited,1,TRUE,30363,335,335,2,2,69,1,1,susquehanna70,NA,TRUE,paddler,wilteyda01,David Wiltey,Wiltey David,Johnstown,NY,USA,1,T,30363,NA,NA
208193,2014,CLINTON70,Downriver,Canoe,J2,oc1,1,TRUE,30366,336,336,334,1,70,1,69,susquehanna70,NA,TRUE,paddler,owenje01,Jeff Owen,Owen Jeff,Orono,ME,USA,1,T,30366,NA,NA
436073,2023,CLINTON70,Downriver,Canoe,P9,oc2pro,8,TRUE,30368,337,337,335,239,9,8,9,susquehanna70,NA,TRUE,paddler,macdowsh01,Shane Macdowell,Macdowell Shane,Somersworth ,NH,USA,NA,NA,NA,NA,NA
436073,2023,CLINTON70,Downriver,Canoe,P9,oc2pro,8,TRUE,30368,337,337,335,239,9,8,9,susquehanna70,NA,TRUE,paddler,medinato01,Danny Medina,Medina Danny,Homer,MI,USA,NA,NA,NA,NA,NA
256425,2019,CLINTON70,Downriver,Canoe,P40,oc2pro,35,TRUE,30378,338,338,336,240,56,35,55,susquehanna70,NA,TRUE,paddler,millspem01,Emma Millspaugh,Millspaugh Emma,Niskayuna,NY,USA,1,T,30378,NA,NA
256425,2019,CLINTON70,Downriver,Canoe,P40,oc2pro,35,TRUE,30378,338,338,336,240,56,35,55,susquehanna70,NA,TRUE,paddler,millspph01,Philip Millspaugh,Millspaugh Philip,Farmington,NY,USA,1,T,30378,NA,NA
256364,2019,CLINTON70,Downriver,Canoe,T5,oc2cruiser,5,TRUE,30381,339,339,337,18,57,5,56,susquehanna70,NA,TRUE,paddler,careyde01,Dennis Carey,Carey Dennis,Orange,MA,USA,1,T,30381,NA,NA
256364,2019,CLINTON70,Downriver,Canoe,T5,oc2cruiser,5,TRUE,30381,339,339,337,18,57,5,56,susquehanna70,NA,TRUE,paddler,fishza01,Zachary Fish,Fish Zachary,Athol,MA,USA,1,T,30381,NA,NA
237763,2017,CLINTON70,Downriver,Canoe,S12,oc1pro,2,TRUE,30382,340,340,338,20,31,2,31,susquehanna70,NA,TRUE,paddler,waltonni01,Nick Walton,Walton Nick,Eaton Rapids,MI,USA,1,T,30382,NA,NA
217366,2015,CLINTON70,Downriver,Canoe,P9,oc2pro,17,TRUE,30385,341,341,339,241,20,17,20,susquehanna70,Mens Under 50,TRUE,paddler,NA,James Prowse,Prowse James,"Hemel Hempstesd, Hertfordshire",ENG,GBR,1,T,30385,NA,NA
217366,2015,CLINTON70,Downriver,Canoe,P9,oc2pro,17,TRUE,30385,341,341,339,241,20,17,20,susquehanna70,Mens Under 50,TRUE,paddler,willouwe01,Weston Willoughby,Willoughby Weston,Grayling,MI,USA,1,T,30385,NA,NA
256341,2019,CLINTON70,Downriver,Canoe,S13,oc1pro,8,TRUE,30385,342,342,340,21,58,8,57,susquehanna70,NA,TRUE,paddler,condiean01,Andrew Condie,Condie Andrew,Martindale,TX,USA,1,T,30385,NA,NA
208317,2014,CLINTON70,Downriver,Canoe,Y3,oc2cruiserwomen,2,TRUE,30388,343,343,341,2,71,2,70,susquehanna70,NA,TRUE,paddler,brosiuca01,Caroline Brosius,Brosius Caroline,Washington,DC,USA,1,T,30388,NA,NA
208317,2014,CLINTON70,Downriver,Canoe,Y3,oc2cruiserwomen,2,TRUE,30388,343,343,341,2,71,2,70,susquehanna70,NA,TRUE,paddler,rhodeske01,Kelly Rhodes,Rhodes Kelly,Silver Spring,MD,USA,1,T,30388,NA,NA
247509,2018,CLINTON70,Downriver,Canoe,B6,oc4stock,4,TRUE,30392,344,344,342,23,41,4,41,susquehanna70,NA,TRUE,paddler,meckleda01,Dan Mecklenburg,Mecklenburg Dan,Columbus,OH,USA,1,T,30392,NA,NA
247509,2018,CLINTON70,Downriver,Canoe,B6,oc4stock,4,TRUE,30392,344,344,342,23,41,4,41,susquehanna70,NA,TRUE,paddler,strebke01,Ken Streb,Streb Ken,Rochester,NY,USA,1,T,30392,NA,NA
247509,2018,CLINTON70,Downriver,Canoe,B6,oc4stock,4,TRUE,30392,344,344,342,23,41,4,41,susquehanna70,NA,TRUE,paddler,broderch01,Chris Broderson,Broderson Chris,Maple Grove,MN,USA,1,T,30392,NA,NA
247509,2018,CLINTON70,Downriver,Canoe,B6,oc4stock,4,TRUE,30392,344,344,342,23,41,4,41,susquehanna70,NA,TRUE,paddler,broderem01,Emily Broderson,Broderson Emily,Maple Grove,MN,USA,1,T,30392,NA,NA
237806,2017,CLINTON70,Downriver,Canoe,X13,oc2cruisermix,2,TRUE,30393,345,345,343,16,32,2,32,susquehanna70,NA,TRUE,paddler,ellswoth01,Thomas Ellsworth,Ellsworth Thomas,Orange,MA,USA,1,T,30393,NA,NA
237806,2017,CLINTON70,Downriver,Canoe,X13,oc2cruisermix,2,TRUE,30393,345,345,343,16,32,2,32,susquehanna70,NA,TRUE,paddler,hamiltma02,Mary Hamilton,Hamilton Mary,Keene,NH,USA,1,T,30393,NA,NA
237807,2017,CLINTON70,Downriver,Canoe,X2,oc2cruisermix,3,TRUE,30394,346,346,344,17,33,3,33,susquehanna70,NA,TRUE,paddler,cumminde01,Dell Cummings,Cummings Dell,Meriden,CT,USA,1,T,30394,NA,NA
237807,2017,CLINTON70,Downriver,Canoe,X2,oc2cruisermix,3,TRUE,30394,346,346,344,17,33,3,33,susquehanna70,NA,TRUE,paddler,cumminvi01,Vicki Cummings,Cummings Vicki,Meriden,CT,USA,1,T,30394,NA,NA
532391,2025,CLINTON70,Downriver,Canoe,X3,oc2cruisermix,2,TRUE,30395,347,347,345,18,65,2,65,susquehanna70,NA,TRUE,paddler,coulsode01,Dean Coulson,Coulson Dean,Kearney,ON,CAN,NA,NA,NA,Jen and Dean,NA
532391,2025,CLINTON70,Downriver,Canoe,X3,oc2cruisermix,2,TRUE,30395,347,347,345,18,65,2,65,susquehanna70,NA,TRUE,paddler,nicholje01,Jen Nicholson,Nicholson Jen,Huntsville ,ON,CAN,NA,NA,NA,Jen and Dean,NA
370195,2022,CLINTON70,Downriver,Canoe,P35,oc2pro,13,TRUE,30397,348,348,346,242,15,13,15,susquehanna70,NA,TRUE,paddler,burmeica01,Carson Burmeister,Burmeister Carson,Grayling,MI,USA,NA,NA,NA,NA,NA
370195,2022,CLINTON70,Downriver,Canoe,P35,oc2pro,13,TRUE,30397,348,348,346,242,15,13,15,susquehanna70,NA,TRUE,paddler,meadpe01,Peter Mead,Mead Peter,Traverse City ,MI,USA,NA,NA,NA,NA,NA
237841,2017,CLINTON70,Downriver,Canoe,U6,oc2cruisersenior,1,TRUE,30399,349,349,347,4,34,1,34,susquehanna70,NA,TRUE,paddler,heedpe01,Peter Heed,Heed Peter,Keene,NH,USA,1,T,30399,NA,NA
237841,2017,CLINTON70,Downriver,Canoe,U6,oc2cruisersenior,1,TRUE,30399,349,349,347,4,34,1,34,susquehanna70,NA,TRUE,paddler,fairchmi01,Michael Fairchild,Fairchild Michael,Battleboro,VT,USA,1,T,30399,NA,NA
227318,2016,CLINTON70,Downriver,Canoe,P41,oc2pro,24,TRUE,30403,350,350,348,243,26,24,26,susquehanna70,Mixed,TRUE,paddler,NA,Charlotte Proulx,Proulx Charlotte,Shawinigan,QC,CAN,1,T,30403,NA,NA
227318,2016,CLINTON70,Downriver,Canoe,P41,oc2pro,24,TRUE,30403,350,350,348,243,26,24,26,susquehanna70,Mixed,TRUE,paddler,casabomi01,Michel Casabon,Casabon Michel,Shawinigan,QC,CAN,1,T,30403,NA,NA
256426,2019,CLINTON70,Downriver,Canoe,P41,oc2pro,36,TRUE,30414,351,351,349,244,59,36,58,susquehanna70,NA,TRUE,paddler,peckka01,Katie Peck,Peck Katie,New York,NY,USA,1,T,30414,NA,NA
256426,2019,CLINTON70,Downriver,Canoe,P41,oc2pro,36,TRUE,30414,351,351,349,244,59,36,58,susquehanna70,NA,TRUE,paddler,swislome01,Melissa Swislosky,Swislosky Melissa,Mount Upton,NY,USA,1,T,30414,NA,NA
237871,2017,CLINTON70,Downriver,Canoe,P32,oc2pro,23,TRUE,30417,352,352,350,245,35,23,35,susquehanna70,NA,TRUE,paddler,marchach01,Christian Marchand,Marchand Christian,La Tuque,QC,CAN,1,T,30417,NA,NA
237871,2017,CLINTON70,Downriver,Canoe,P32,oc2pro,23,TRUE,30417,352,352,350,245,35,23,35,susquehanna70,NA,TRUE,paddler,NA,Sylain Marchand,Marchand Sylain,La Tuque,QC,CAN,1,T,30417,NA,NA
237872,2017,CLINTON70,Downriver,Canoe,P9,oc2pro,24,TRUE,30418,353,353,351,246,36,24,36,susquehanna70,NA,TRUE,paddler,grimesca01,Cathy Grimes,Grimes Cathy,Otego,NY,USA,1,T,30418,NA,NA
237872,2017,CLINTON70,Downriver,Canoe,P9,oc2pro,24,TRUE,30418,353,353,351,246,36,24,36,susquehanna70,NA,TRUE,paddler,bachmami01,Mike Bachman,Bachman Mike,Bainbridge,NY,USA,1,T,30418,NA,NA
227319,2016,CLINTON70,Downriver,Canoe,P34,oc2pro,25,TRUE,30427,354,354,352,247,27,25,27,susquehanna70,Mens Under 50,TRUE,paddler,gelinaad01,Adam Gelinas,Gelinas Adam,Leominster,MA,USA,1,T,30427,NA,NA
227319,2016,CLINTON70,Downriver,Canoe,P34,oc2pro,25,TRUE,30427,354,354,352,247,27,25,27,susquehanna70,Mens Under 50,TRUE,paddler,heedpe01,Peter Heed,Heed Peter,Keene,NH,USA,1,T,30427,NA,NA
237764,2017,CLINTON70,Downriver,Canoe,S9,oc1pro,3,TRUE,30431,355,355,353,22,37,3,37,susquehanna70,NA,TRUE,paddler,mclainro01,Rod Mclain,Mclain Rod,Stockton Springs,ME,USA,1,T,30431,NA,NA
237709,2017,CLINTON70,Downriver,Canoe,B5,oc4stock,4,TRUE,30433,356,356,354,24,38,4,38,susquehanna70,NA,TRUE,paddler,flamento01,Toni Flament,Flament Toni,Emporium,PA,USA,1,T,30433,NA,NA
237709,2017,CLINTON70,Downriver,Canoe,B5,oc4stock,4,TRUE,30433,356,356,354,24,38,4,38,susquehanna70,NA,TRUE,paddler,gruberpa01,Paul Gruber,Gruber Paul,Irvine,PA,USA,1,T,30433,NA,NA
237709,2017,CLINTON70,Downriver,Canoe,B5,oc4stock,4,TRUE,30433,356,356,354,24,38,4,38,susquehanna70,NA,TRUE,paddler,martinst01,Steve Martin,Martin Steve,Ridgway,PA,USA,1,T,30433,NA,NA
237709,2017,CLINTON70,Downriver,Canoe,B5,oc4stock,4,TRUE,30433,356,356,354,24,38,4,38,susquehanna70,NA,TRUE,paddler,stoutte01,Teresa Stout,Stout Teresa,Corsica,PA,USA,1,T,30433,NA,NA
436074,2023,CLINTON70,Downriver,Canoe,P36,oc2pro,9,TRUE,30446,357,357,355,248,10,9,10,susquehanna70,NA,TRUE,paddler,NA,Serge Pagé,Pagé Serge,Saint-Boniface ,QC,CAN,NA,NA,NA,Pruneau-Pagé,NA
436074,2023,CLINTON70,Downriver,Canoe,P36,oc2pro,9,TRUE,30446,357,357,355,248,10,9,10,susquehanna70,NA,TRUE,paddler,prunealo01,Louis-Simon Pruneau,Pruneau Louis-Simon,Shawinigan ,QC,CAN,NA,NA,NA,Pruneau-Pagé,NA
247667,2018,CLINTON70,Downriver,Canoe,P32,oc2pro,32,TRUE,30457,358,358,356,249,42,32,42,susquehanna70,NA,TRUE,paddler,bradleba01,Barb Bradley,Bradley Barb,Wausau,WI,USA,1,T,30457,NA,NA
247667,2018,CLINTON70,Downriver,Canoe,P32,oc2pro,32,TRUE,30457,358,358,356,249,42,32,42,susquehanna70,NA,TRUE,paddler,limberal01,Allen Limberg,Limberg Allen,Wausau,WI,USA,1,T,30457,NA,NA
237873,2017,CLINTON70,Downriver,Canoe,P10,oc2pro,25,TRUE,30465,359,359,357,250,39,25,39,susquehanna70,NA,TRUE,paddler,marshfl01,Flash Marsh,Marsh Flash,Mio,MI,USA,1,T,30465,NA,NA
237873,2017,CLINTON70,Downriver,Canoe,P10,oc2pro,25,TRUE,30465,359,359,357,250,39,25,39,susquehanna70,NA,TRUE,paddler,wilsonbr01,Brad Wilson,Wilson Brad,Rockford,MI,USA,1,T,30465,NA,NA
436075,2023,CLINTON70,Downriver,Canoe,P28,oc2pro,10,TRUE,30489,360,360,358,251,11,10,11,susquehanna70,NA,TRUE,paddler,stonehky01,Kyle Stonehouse,Stonehouse Kyle,Grayling,MI,USA,NA,NA,NA,Gabriel/Stonehouse,NA
436075,2023,CLINTON70,Downriver,Canoe,P28,oc2pro,10,TRUE,30489,360,360,358,251,11,10,11,susquehanna70,NA,TRUE,paddler,gabriema01,Matt Gabriel,Gabriel Matt,Grayling,MI,USA,NA,NA,NA,Gabriel/Stonehouse,NA
227320,2016,CLINTON70,Downriver,Canoe,P16,oc2pro,26,TRUE,30494,361,361,359,252,28,26,28,susquehanna70,Mens Under 50,TRUE,paddler,deanwe01,Wes Dean,Dean Wes,Grayling,MI,USA,1,T,30494,NA,NA
227320,2016,CLINTON70,Downriver,Canoe,P16,oc2pro,26,TRUE,30494,361,361,359,252,28,26,28,susquehanna70,Mens Under 50,TRUE,paddler,mackza01,Zackary Mack,Mack Zackary,Grayling,MI,USA,1,T,30494,NA,NA
208209,2014,CLINTON70,Downriver,Canoe,L7,oc1master,1,TRUE,30510,362,362,360,1,72,1,71,susquehanna70,NA,TRUE,paddler,cumminde01,Del Cummings,Cummings Del,Meriden,CT,USA,1,T,30510,NA,NA
247668,2018,CLINTON70,Downriver,Canoe,P3,oc2pro,33,TRUE,30515,363,363,361,253,43,33,43,susquehanna70,NA,TRUE,paddler,coulsode01,Dean Coulson,Coulson Dean,Kearney,ON,CAN,1,T,30515,NA,NA
247668,2018,CLINTON70,Downriver,Canoe,P3,oc2pro,33,TRUE,30515,363,363,361,253,43,33,43,susquehanna70,NA,TRUE,paddler,mcmillol01,Oliver McMillan,McMillan Oliver,London,ON,CAN,1,T,30515,NA,NA
247600,2018,CLINTON70,Downriver,Canoe,U4,oc2cruisersenior,1,TRUE,30517,364,364,362,5,44,1,44,susquehanna70,NA,TRUE,paddler,heedpe01,Peter Heed,Heed Peter,Keene,NH,USA,1,T,30517,NA,NA
247600,2018,CLINTON70,Downriver,Canoe,U4,oc2cruisersenior,1,TRUE,30517,364,364,362,5,44,1,44,susquehanna70,NA,TRUE,paddler,fairchmi01,Michael Fairchild,Fairchild Michael,Battleboro,VT,USA,1,T,30517,NA,NA
247669,2018,CLINTON70,Downriver,Canoe,P21,oc2pro,34,TRUE,30528,365,365,363,254,45,34,45,susquehanna70,NA,TRUE,paddler,petersry01,Ryan Peterson,Peterson Ryan,Medicine Lake,MN,USA,1,T,30528,NA,NA
247669,2018,CLINTON70,Downriver,Canoe,P21,oc2pro,34,TRUE,30528,365,365,363,254,45,34,45,susquehanna70,NA,TRUE,paddler,kozareje01,Jessica Kozarek,Kozarek Jessica,Minneapolis,MN,USA,1,T,30528,NA,NA
370196,2022,CLINTON70,Downriver,Canoe,P14,oc2pro,14,TRUE,30539,366,366,364,255,16,14,16,susquehanna70,NA,TRUE,paddler,massican01,Anthony Massicotte,Massicotte Anthony,Notre-Dame-Du-Mont-Carmel,QC,CAN,NA,NA,NA,OOS,NA
370196,2022,CLINTON70,Downriver,Canoe,P14,oc2pro,14,TRUE,30539,366,366,364,255,16,14,16,susquehanna70,NA,TRUE,paddler,schlimmi01,Michael Schlimmer,Schlimmer Michael,Cortland,NY,USA,NA,NA,NA,OOS,NA
227321,2016,CLINTON70,Downriver,Canoe,P35,oc2pro,27,TRUE,30550,367,367,365,256,29,27,29,susquehanna70,Women,TRUE,paddler,schlimma01,Mary Schlimmer,Schlimmer Mary,Cortland,NY,USA,1,T,30550,NA,NA
227321,2016,CLINTON70,Downriver,Canoe,P35,oc2pro,27,TRUE,30550,367,367,365,256,29,27,29,susquehanna70,Women,TRUE,paddler,lessarsa01,Sarah Lessard,Lessard Sarah,Les Cedres,QC,CAN,1,T,30550,NA,NA
247627,2018,CLINTON70,Downriver,Canoe,V7,oc2cruisermaster,2,TRUE,30556,368,368,366,8,46,2,46,susquehanna70,NA,TRUE,paddler,bosske01,Kevin Boss,Boss Kevin,Swansea,MA,USA,1,T,30556,NA,NA
247627,2018,CLINTON70,Downriver,Canoe,V7,oc2cruisermaster,2,TRUE,30556,368,368,366,8,46,2,46,susquehanna70,NA,TRUE,paddler,leeco01,Cole Lee,Lee Cole,Eagles Mere,PA,USA,1,T,30556,NA,NA
490089,2024,CLINTON70,Downriver,Canoe,P5,oc2pro,11,TRUE,30557,369,369,367,257,12,11,12,susquehanna70,NA,TRUE,paddler,medinato01,Danny Medina,Medina Danny,Roscommon,MI,USA,NA,NA,NA,All Grit,NA
490089,2024,CLINTON70,Downriver,Canoe,P5,oc2pro,11,TRUE,30557,369,369,367,257,12,11,12,susquehanna70,NA,TRUE,paddler,buggece01,Cecili Bugge,Bugge Cecili,Roscommon,MI,USA,NA,NA,NA,All Grit,NA
256437,2019,CLINTON70,Downriver,Canoe,B5,oc4stock,5,TRUE,30561,370,370,368,25,60,5,59,susquehanna70,NA,TRUE,paddler,mcandrma01,Mark McAndrew,McAndrew Mark,East Hardwick,VT,USA,1,T,30561,NA,NA
256437,2019,CLINTON70,Downriver,Canoe,B5,oc4stock,5,TRUE,30561,370,370,368,25,60,5,59,susquehanna70,NA,TRUE,paddler,yarnelcl01,Clyde Yarnell,Yarnell Clyde,Alburgh,VT,USA,1,T,30561,NA,NA
256437,2019,CLINTON70,Downriver,Canoe,B5,oc4stock,5,TRUE,30561,370,370,368,25,60,5,59,susquehanna70,NA,TRUE,paddler,malleymi01,Mike Malley,Malley Mike,Essex,VT,USA,1,T,30561,NA,NA
256437,2019,CLINTON70,Downriver,Canoe,B5,oc4stock,5,TRUE,30561,370,370,368,25,60,5,59,susquehanna70,NA,TRUE,paddler,NA,Kurt Kaunzinger,Kaunzinger Kurt,Rancho Cordova,CA,USA,1,T,30561,NA,NA
227142,2016,CLINTON70,Downriver,Canoe,B5,oc4stock,3,TRUE,30569,371,371,369,26,30,3,30,susquehanna70,NA,TRUE,paddler,apreaga01,Gary Aprea,Aprea Gary,Austerlitz,NY,USA,1,T,30569,NA,NA
227142,2016,CLINTON70,Downriver,Canoe,B5,oc4stock,3,TRUE,30569,371,371,369,26,30,3,30,susquehanna70,NA,TRUE,paddler,wesleygl01,Gloria Wesley,Wesley Gloria,Pittsfield,MA,USA,1,T,30569,NA,NA
227142,2016,CLINTON70,Downriver,Canoe,B5,oc4stock,3,TRUE,30569,371,371,369,26,30,3,30,susquehanna70,NA,TRUE,paddler,sutterre01,Rebecca Sutter,Sutter Rebecca,Saranac Lake,NY,USA,1,T,30569,NA,NA
227142,2016,CLINTON70,Downriver,Canoe,B5,oc4stock,3,TRUE,30569,371,371,369,26,30,3,30,susquehanna70,NA,TRUE,paddler,buttsri01,Richard Butts,Butts Richard,Rochester,NY,USA,1,T,30569,NA,NA
237874,2017,CLINTON70,Downriver,Canoe,P3,oc2pro,26,TRUE,30570,372,372,370,258,40,26,40,susquehanna70,NA,TRUE,paddler,olneyjo01,JoAnn Olney,Olney JoAnn,Westernville,NY,USA,1,T,30570,NA,NA
237874,2017,CLINTON70,Downriver,Canoe,P3,oc2pro,26,TRUE,30570,372,372,370,258,40,26,40,susquehanna70,NA,TRUE,paddler,olneypa01,Paul Olney,Olney Paul,Westernville,NY,USA,1,T,30570,NA,NA
256355,2019,CLINTON70,Downriver,Canoe,U3,oc2cruisersenior,2,TRUE,30577,373,373,371,6,61,2,60,susquehanna70,NA,TRUE,paddler,vincenbo01,Bob Vincent,Vincent Bob,Dorchester,ON,CAN,1,T,30577,NA,NA
256355,2019,CLINTON70,Downriver,Canoe,U3,oc2cruisersenior,2,TRUE,30577,373,373,371,6,61,2,60,susquehanna70,NA,TRUE,paddler,NA,Norm Mac Donell,Donell Norm Mac,Victoria,BC,CAN,1,T,30577,NA,NA
208151,2014,CLINTON70,Downriver,Canoe,E4,oc2stock,3,TRUE,30587,374,374,372,4,73,3,72,susquehanna70,NA,TRUE,paddler,whitiner01,Erik Whiting,Whiting Erik,Ledyard,CT,USA,1,T,30587,NA,NA
208151,2014,CLINTON70,Downriver,Canoe,E4,oc2stock,3,TRUE,30587,374,374,372,4,73,3,72,susquehanna70,NA,TRUE,paddler,NA,William Whiting,Whiting William,Fultonville,NY,USA,1,T,30587,NA,NA
256427,2019,CLINTON70,Downriver,Canoe,P22,oc2pro,37,TRUE,30587,375,375,373,259,62,37,61,susquehanna70,NA,TRUE,paddler,matutejo01,Jose Matute,Matute Jose,St. Paul,MN,USA,1,T,30587,NA,NA
256427,2019,CLINTON70,Downriver,Canoe,P22,oc2pro,37,TRUE,30587,375,375,373,259,62,37,61,susquehanna70,NA,TRUE,paddler,schillma01,Maria Schilling,Schilling Maria,Minneapolis,MN,USA,1,T,30587,NA,NA
208308,2014,CLINTON70,Downriver,Canoe,X11,oc2cruisermix,11,TRUE,30592,376,376,374,19,74,11,73,susquehanna70,NA,TRUE,paddler,botelepa01,Pam Boteler,Boteler Pam,Alexandria,VA,USA,1,T,30592,NA,NA
208308,2014,CLINTON70,Downriver,Canoe,X11,oc2cruisermix,11,TRUE,30592,376,376,374,19,74,11,73,susquehanna70,NA,TRUE,paddler,rhodeswi01,William Rhodes,Rhodes William,Columbia,MD,USA,1,T,30592,NA,NA
208309,2014,CLINTON70,Downriver,Canoe,X5,oc2cruisermix,12,TRUE,30596,377,377,375,20,75,12,74,susquehanna70,NA,TRUE,paddler,dykapa01,Paul Dyka,Dyka Paul,Middletown,CT,USA,1,T,30596,NA,NA
208309,2014,CLINTON70,Downriver,Canoe,X5,oc2cruisermix,12,TRUE,30596,377,377,375,20,75,12,74,susquehanna70,NA,TRUE,paddler,reinerpr01,Priscilla Reinertsen,Reinertsen Priscilla,Contoocook,NH,USA,1,T,30596,NA,NA
256387,2019,CLINTON70,Downriver,Canoe,V4,oc2cruisermaster,1,TRUE,30598,378,378,376,9,63,1,62,susquehanna70,NA,TRUE,paddler,pedersje01,Jeff Pedersen,Pedersen Jeff,Gilbertsville,NY,USA,1,T,30598,NA,NA
256387,2019,CLINTON70,Downriver,Canoe,V4,oc2cruisermaster,1,TRUE,30598,378,378,376,9,63,1,62,susquehanna70,NA,TRUE,paddler,youngjo01,John Young,Young John,Richmondville NY,NY,USA,1,T,30598,NA,NA
256376,2019,CLINTON70,Downriver,Canoe,X11,oc2cruisermix,4,TRUE,30603,379,379,377,21,64,4,63,susquehanna70,NA,TRUE,paddler,cramerto01,Tommy Cramer,Cramer Tommy,Rock Rapids,IA,USA,1,T,30603,NA,NA
256376,2019,CLINTON70,Downriver,Canoe,X11,oc2cruisermix,4,TRUE,30603,379,379,377,21,64,4,63,susquehanna70,NA,TRUE,paddler,levittka01,Karen Pleasant,Pleasant Karen,Greenfield,MA,USA,1,T,30603,NA,NA
237829,2017,CLINTON70,Downriver,Canoe,T9,oc2cruiser,4,TRUE,30616,380,380,378,19,41,4,41,susquehanna70,NA,TRUE,paddler,mcmillol01,Oliver McMillan,McMillan Oliver,London,ON,CAN,1,T,30616,NA,NA
237829,2017,CLINTON70,Downriver,Canoe,T9,oc2cruiser,4,TRUE,30616,380,380,378,19,41,4,41,susquehanna70,NA,TRUE,paddler,praterch01,Chris Prater,Prater Chris,London,ON,CAN,1,T,30616,NA,NA
208284,2014,CLINTON70,Downriver,Canoe,T8,oc2cruiser,8,TRUE,30617,381,381,379,20,76,8,75,susquehanna70,NA,TRUE,paddler,jordansc01,Scott Jordan,Jordan Scott,Otego,NY,USA,1,T,30617,NA,NA
208284,2014,CLINTON70,Downriver,Canoe,T8,oc2cruiser,8,TRUE,30617,381,381,379,20,76,8,75,susquehanna70,NA,TRUE,paddler,gagest01,Steve Gage,Gage Steve,South New Berlin,NY,USA,1,T,30617,NA,NA
227245,2016,CLINTON70,Downriver,Canoe,T2,oc2cruiser,1,TRUE,30636,382,382,380,21,31,1,31,susquehanna70,NA,TRUE,paddler,zaverabo01,Bob Zaveral,Zaveral Bob,Mt. Upton,NY,USA,1,T,30636,NA,NA
227245,2016,CLINTON70,Downriver,Canoe,T2,oc2cruiser,1,TRUE,30636,382,382,380,21,31,1,31,susquehanna70,NA,TRUE,paddler,zaverary01,Ryan Zaveral,Zaveral Ryan,Mt Upton,NY,USA,1,T,30636,NA,NA
208152,2014,CLINTON70,Downriver,Canoe,E7,oc2stock,4,TRUE,30639,383,383,381,5,77,4,76,susquehanna70,NA,TRUE,paddler,bergdo01,Doug Berg,Berg Doug,Excelsior,MN,USA,1,T,30639,NA,NA
208152,2014,CLINTON70,Downriver,Canoe,E7,oc2stock,4,TRUE,30639,383,383,381,5,77,4,76,susquehanna70,NA,TRUE,paddler,zophygr01,Greg Zophy,Zophy Greg,St. Paul,MN,USA,1,T,30639,NA,NA
217367,2015,CLINTON70,Downriver,Canoe,P6,oc2pro,18,TRUE,30644,384,384,382,260,21,18,21,susquehanna70,Mens Under 50,TRUE,paddler,mynarky01,Kyle Mynar,Mynar Kyle,Martindale,TX,USA,1,T,30644,NA,NA
217367,2015,CLINTON70,Downriver,Canoe,P6,oc2pro,18,TRUE,30644,384,384,382,260,21,18,21,susquehanna70,Mens Under 50,TRUE,paddler,mynarlo01,Logan Mynar,Mynar Logan,Martindale,TX,USA,1,T,30644,NA,NA
208318,2014,CLINTON70,Downriver,Canoe,Y2,oc2cruiserwomen,3,TRUE,30660,385,385,383,3,78,3,77,susquehanna70,NA,TRUE,paddler,fitzgepa01,Pam Fitzgerald,Fitzgerald Pam,Scotia,NY,USA,1,T,30660,NA,NA
208318,2014,CLINTON70,Downriver,Canoe,Y2,oc2cruiserwomen,3,TRUE,30660,385,385,383,3,78,3,77,susquehanna70,NA,TRUE,paddler,cumminvi01,Vicki Cummings,Cummings Vicki,Meriden,CT,USA,1,T,30660,NA,NA
532392,2025,CLINTON70,Downriver,Canoe,X6,oc2cruisermix,3,TRUE,30675,386,386,384,22,66,3,66,susquehanna70,NA,TRUE,paddler,collieer01,Erica Collier,Collier Erica,Latham ,NY,USA,NA,NA,NA,Cruisin Colliers,NA
532392,2025,CLINTON70,Downriver,Canoe,X6,oc2cruisermix,3,TRUE,30675,386,386,384,22,66,3,66,susquehanna70,NA,TRUE,paddler,colliejo01,John Collier,Collier John,Richmondville,NY,USA,NA,NA,NA,Cruisin Colliers,NA
217368,2015,CLINTON70,Downriver,Canoe,P33,oc2pro,19,TRUE,30691,387,387,385,261,22,19,22,susquehanna70,Mens 50 & Over,TRUE,paddler,leebr01,Bruce Lee,Lee Bruce,Port Crane,NY,USA,1,T,30691,NA,NA
217368,2015,CLINTON70,Downriver,Canoe,P33,oc2pro,19,TRUE,30691,387,387,385,261,22,19,22,susquehanna70,Mens 50 & Over,TRUE,paddler,partrijo01,John Partridge,Partridge John,Unadilla,NY,USA,1,T,30691,NA,NA
227246,2016,CLINTON70,Downriver,Canoe,T7,oc2cruiser,2,TRUE,30700,388,388,386,22,32,2,32,susquehanna70,NA,TRUE,paddler,pagero01,Rock Page,Page Rock,Mont-Laurier,QC,CAN,1,T,30700,NA,NA
227246,2016,CLINTON70,Downriver,Canoe,T7,oc2cruiser,2,TRUE,30700,388,388,386,22,32,2,32,susquehanna70,NA,TRUE,paddler,pagesi01,Simon Page,Page Simon,Mont Laurier,QC,CAN,1,T,30700,NA,NA
490090,2024,CLINTON70,Downriver,Canoe,P42,oc2pro,12,TRUE,30701,389,389,387,262,13,12,13,susquehanna70,NA,TRUE,paddler,quesnepi01,Pierre-Olivier Quesnel,Quesnel Pierre-Olivier,Piedmont,QC,CAN,NA,NA,NA,NA,NA
490090,2024,CLINTON70,Downriver,Canoe,P42,oc2pro,12,TRUE,30701,389,389,387,262,13,12,13,susquehanna70,NA,TRUE,paddler,flageore01,Renaud Flageole,Flageole Renaud,Shawinigan,QC,CAN,NA,NA,NA,NA,NA
436076,2023,CLINTON70,Downriver,Canoe,P12,oc2pro,11,TRUE,30701,390,390,388,263,12,11,12,susquehanna70,NA,TRUE,paddler,charetch01,Christian Charette,Charette Christian,St-Boniface,QC,CAN,NA,NA,NA,Quesnel-Charette,NA
436076,2023,CLINTON70,Downriver,Canoe,P12,oc2pro,11,TRUE,30701,390,390,388,263,12,11,12,susquehanna70,NA,TRUE,paddler,quesnepi01,Pierre-Olivier Quesnel,Quesnel Pierre-Olivier,Laval ,QC,CAN,NA,NA,NA,Quesnel-Charette,NA
217369,2015,CLINTON70,Downriver,Canoe,P3,oc2pro,20,TRUE,30717,391,391,389,264,23,20,23,susquehanna70,Mixed,TRUE,paddler,bartonbr01,Bruce Barton,Barton Bruce,Homer,MI,USA,1,T,30717,NA,NA
217369,2015,CLINTON70,Downriver,Canoe,P3,oc2pro,20,TRUE,30717,391,391,389,264,23,20,23,susquehanna70,Mixed,TRUE,paddler,bartonre01,Rebecca Davis,Davis Rebecca,Homer,MI,USA,1,T,30717,NA,NA
370197,2022,CLINTON70,Downriver,Canoe,P41,oc2pro,15,TRUE,30730,392,392,390,265,17,15,17,susquehanna70,NA,TRUE,paddler,meckleda01,Dan Mecklenburg,Mecklenburg Dan,Columbus,OH,USA,NA,NA,NA,Team Mecklenburg,NA
370197,2022,CLINTON70,Downriver,Canoe,P41,oc2pro,15,TRUE,30730,392,392,390,265,17,15,17,susquehanna70,NA,TRUE,paddler,meckletr01,Travis Mecklenburg,Mecklenburg Travis,Columbus,OH,USA,NA,NA,NA,Team Mecklenburg,NA
256287,2019,CLINTON70,Downriver,Canoe,E9,oc2stock,2,TRUE,30730,393,393,391,6,65,2,64,susquehanna70,NA,TRUE,paddler,bachmami01,Mike Bachman,Bachman Mike,Bainbridge,NY,USA,1,T,30730,NA,NA
256287,2019,CLINTON70,Downriver,Canoe,E9,oc2stock,2,TRUE,30730,393,393,391,6,65,2,64,susquehanna70,NA,TRUE,paddler,NA,Nathan Derr,Derr Nathan,Unadilla,NY,USA,1,T,30730,NA,NA
532343,2025,CLINTON70,Downriver,Canoe,F8,oc2stockmix,1,TRUE,30741,394,394,392,1,67,1,67,susquehanna70,NA,TRUE,paddler,NA,Adam Blanchard,Blanchard Adam,Salt Lake City,UT,USA,NA,NA,NA,Sunrise on Susquehanna,NA
532343,2025,CLINTON70,Downriver,Canoe,F8,oc2stockmix,1,TRUE,30741,394,394,392,1,67,1,67,susquehanna70,NA,TRUE,paddler,sutterre01,Rebecca Sutter,Sutter Rebecca,Jay,NY,USA,NA,NA,NA,Sunrise on Susquehanna,NA
247615,2018,CLINTON70,Downriver,Canoe,X6,oc2cruisermix,1,TRUE,30756,395,395,393,23,47,1,47,susquehanna70,NA,TRUE,paddler,fitzgepa01,Pam Fitzgerald,Fitzgerald Pam,Scotia,NY,USA,1,T,30756,NA,NA
247615,2018,CLINTON70,Downriver,Canoe,X6,oc2cruisermix,1,TRUE,30756,395,395,393,23,47,1,47,susquehanna70,NA,TRUE,paddler,millerst01,Stephen Miller,Miller Stephen,Groton,MA,USA,1,T,30756,NA,NA
436077,2023,CLINTON70,Downriver,Canoe,P42,oc2pro,12,TRUE,30767,396,396,394,266,13,12,13,susquehanna70,NA,TRUE,paddler,chambeev01,Eve Chamberland,Chamberland Eve,Shawinigan,QC,CAN,NA,NA,NA,Corbin/Chamberland,NA
436077,2023,CLINTON70,Downriver,Canoe,P42,oc2pro,12,TRUE,30767,396,396,394,266,13,12,13,susquehanna70,NA,TRUE,paddler,corbinse01,Serge Corbin,Corbin Serge,Saint-Boniface,QC,CAN,NA,NA,NA,Corbin/Chamberland,NA
490091,2024,CLINTON70,Downriver,Canoe,P39,oc2pro,13,TRUE,30775,397,397,395,267,14,13,14,susquehanna70,NA,TRUE,paddler,chambeev01,Eve Chamberland,Chamberland Eve,Shawinigan,QC,CAN,NA,NA,NA,Club Sandwich,NA
490091,2024,CLINTON70,Downriver,Canoe,P39,oc2pro,13,TRUE,30775,397,397,395,267,14,13,14,susquehanna70,NA,TRUE,paddler,schlimmi01,Michael Schlimmer,Schlimmer Michael,Cortland,NY,USA,NA,NA,NA,Club Sandwich,NA
256288,2019,CLINTON70,Downriver,Canoe,E8,oc2stock,3,TRUE,30779,398,398,396,7,66,3,65,susquehanna70,NA,TRUE,paddler,allisojo01,Joseph Allison,Allison Joseph,Morris,NY,USA,1,T,30779,NA,NA
256288,2019,CLINTON70,Downriver,Canoe,E8,oc2stock,3,TRUE,30779,398,398,396,7,66,3,65,susquehanna70,NA,TRUE,paddler,NA,Andrew Rickard,Rickard Andrew,Hartwick,NY,USA,1,T,30779,NA,NA
227247,2016,CLINTON70,Downriver,Canoe,T6,oc2cruiser,3,TRUE,30782,399,399,397,23,33,3,33,susquehanna70,NA,TRUE,paddler,cumminde01,Del Cummings,Cummings Del,Meriden,CT,USA,1,T,30782,NA,NA
227247,2016,CLINTON70,Downriver,Canoe,T6,oc2cruiser,3,TRUE,30782,399,399,397,23,33,3,33,susquehanna70,NA,TRUE,paddler,garlanti01,Tim Garland,Garland Tim,Surry,NH,USA,1,T,30782,NA,NA
256342,2019,CLINTON70,Downriver,Canoe,S5,oc1pro,9,TRUE,30783,400,400,398,23,67,9,66,susquehanna70,NA,TRUE,paddler,chambedo01,Dominic Chamberland,Chamberland Dominic,Champlain,QC,CAN,1,T,30783,NA,NA
237830,2017,CLINTON70,Downriver,Canoe,T14,oc2cruiser,5,TRUE,30784,401,401,399,24,42,5,42,susquehanna70,NA,TRUE,paddler,goodwike01,Ken Goodwin,Goodwin Ken,Barre,MA,USA,1,T,30784,NA,NA
237830,2017,CLINTON70,Downriver,Canoe,T14,oc2cruiser,5,TRUE,30784,401,401,399,24,42,5,42,susquehanna70,NA,TRUE,paddler,goodwiry01,Ryan Goodwin,Goodwin Ryan,Barre,MA,USA,1,T,30784,NA,NA
436078,2023,CLINTON70,Downriver,Canoe,P44,oc2pro,13,TRUE,30789,402,402,400,268,14,13,14,susquehanna70,NA,TRUE,paddler,henryda01,Dana Henry,Henry Dana,Plymouth,MN,USA,NA,NA,NA,Excelsior Brewing,NA
436078,2023,CLINTON70,Downriver,Canoe,P44,oc2pro,13,TRUE,30789,402,402,400,268,14,13,14,susquehanna70,NA,TRUE,paddler,schlimmi01,Michael Schlimmer,Schlimmer Michael,Cortland,NY,USA,NA,NA,NA,Excelsior Brewing,NA
256428,2019,CLINTON70,Downriver,Canoe,P11,oc2pro,38,TRUE,30789,403,403,401,269,68,38,67,susquehanna70,NA,TRUE,paddler,defeoje01,Jeff Defeo,Defeo Jeff,Chester,MA,USA,1,T,30789,NA,NA
256428,2019,CLINTON70,Downriver,Canoe,P11,oc2pro,38,TRUE,30789,403,403,401,269,68,38,67,susquehanna70,NA,TRUE,paddler,solakam01,Amy Solak,Solak Amy,Traverse City,MI,USA,1,T,30789,NA,NA
227322,2016,CLINTON70,Downriver,Canoe,P43,oc2pro,28,TRUE,30791,404,404,402,270,34,28,34,susquehanna70,Mens Under 50,TRUE,paddler,weilerau01,Austin Weiler,Weiler Austin,Roscommon,MI,USA,1,T,30791,NA,NA
227322,2016,CLINTON70,Downriver,Canoe,P43,oc2pro,28,TRUE,30791,404,404,402,270,34,28,34,susquehanna70,Mens Under 50,TRUE,paddler,marshfl01,Flash Marsh,Marsh Flash,Mio,MI,USA,1,T,30791,NA,NA
217370,2015,CLINTON70,Downriver,Canoe,P14,oc2pro,21,TRUE,30796,405,405,403,271,24,21,24,susquehanna70,Mens Under 50,TRUE,paddler,smutekte01,Ted Smutek,Smutek Ted,Luzerne,MI,USA,1,T,30796,NA,NA
217370,2015,CLINTON70,Downriver,Canoe,P14,oc2pro,21,TRUE,30796,405,405,403,271,24,21,24,susquehanna70,Mens Under 50,TRUE,paddler,mackza01,Zackary Mack,Mack Zackary,Grayling,MI,USA,1,T,30796,NA,NA
256429,2019,CLINTON70,Downriver,Canoe,P36,oc2pro,39,TRUE,30798,406,406,404,272,69,39,68,susquehanna70,NA,TRUE,paddler,NA,Nicolas Isabelle,Isabelle Nicolas,Notre-Dame-du-Mont-Carmel,QC,CAN,1,T,30798,NA,NA
256429,2019,CLINTON70,Downriver,Canoe,P36,oc2pro,39,TRUE,30798,406,406,404,272,69,39,68,susquehanna70,NA,TRUE,paddler,thibaudo01,Dominic Thibault,Thibault Dominic,Notre-Dame-du-Mont-Carmel,QC,CAN,1,T,30798,NA,NA
256377,2019,CLINTON70,Downriver,Canoe,X13,oc2cruisermix,5,TRUE,30802,407,407,405,24,70,5,69,susquehanna70,NA,TRUE,paddler,NA,Annie-Claude Bourque,Bourque Annie-Claude,SHAWINIGAN,QC,CAN,1,T,30802,NA,NA
256377,2019,CLINTON70,Downriver,Canoe,X13,oc2cruisermix,5,TRUE,30802,407,407,405,24,70,5,69,susquehanna70,NA,TRUE,paddler,NA,Christophe Marchand-Pellerin,Marchand-Pellerin Christophe,SHAWINIGAN,QC,CAN,1,T,30802,NA,NA
208210,2014,CLINTON70,Downriver,Canoe,L11,oc1master,2,TRUE,30809,408,408,406,2,79,2,78,susquehanna70,NA,TRUE,paddler,youngjo01,John Young,Young John,Portlandville,NY,USA,1,T,30809,NA,NA
247670,2018,CLINTON70,Downriver,Canoe,P17,oc2pro,35,TRUE,30813,409,409,407,273,48,35,48,susquehanna70,NA,TRUE,paddler,olneypa01,Paul Olney,Olney Paul,Westernville,NY,USA,1,T,30813,NA,NA
247670,2018,CLINTON70,Downriver,Canoe,P17,oc2pro,35,TRUE,30813,409,409,407,273,48,35,48,susquehanna70,NA,TRUE,paddler,olneyjo01,JoAnn Olney,Olney JoAnn,Westernville,NY,USA,1,T,30813,NA,NA
237875,2017,CLINTON70,Downriver,Canoe,P6,oc2pro,27,TRUE,30826,410,410,408,274,43,27,43,susquehanna70,NA,TRUE,paddler,webbjo01,Jon Webb,Webb Jon,Oscoda,MI,USA,1,T,30826,NA,NA
237875,2017,CLINTON70,Downriver,Canoe,P6,oc2pro,27,TRUE,30826,410,410,408,274,43,27,43,susquehanna70,NA,TRUE,paddler,cartieyv01,Yves Cartier,Cartier Yves,Tequesta,FL,USA,1,T,30826,NA,NA
247671,2018,CLINTON70,Downriver,Canoe,P36,oc2pro,36,TRUE,30831,411,411,409,275,49,36,49,susquehanna70,NA,TRUE,paddler,ellswoth01,Thomas Ellsworth,Ellsworth Thomas,Orange,MA,USA,1,T,30831,NA,NA
247671,2018,CLINTON70,Downriver,Canoe,P36,oc2pro,36,TRUE,30831,411,411,409,275,49,36,49,susquehanna70,NA,TRUE,paddler,hamiltma02,Mary Hamilton,Hamilton Mary,Keene,NH,USA,1,T,30831,NA,NA
256388,2019,CLINTON70,Downriver,Canoe,V2,oc2cruisermaster,2,TRUE,30833,412,412,410,10,71,2,70,susquehanna70,NA,TRUE,paddler,rancoma01,Mark Ranco,Ranco Mark,Bangor,ME,USA,1,T,30833,NA,NA
256388,2019,CLINTON70,Downriver,Canoe,V2,oc2cruisermaster,2,TRUE,30833,412,412,410,10,71,2,70,susquehanna70,NA,TRUE,paddler,anderswi01,William Anderson,Anderson William,Thorndike,ME,USA,1,T,30833,NA,NA
532452,2025,CLINTON70,Downriver,Canoe,P48,oc2pro,52,TRUE,30834,413,413,411,276,68,52,68,susquehanna70,NA,TRUE,paddler,NA,Sylvain Doré,Doré Sylvain,Ferme-Neuve ,QC,CAN,NA,NA,NA,NA,NA
532452,2025,CLINTON70,Downriver,Canoe,P48,oc2pro,52,TRUE,30834,413,413,411,276,68,52,68,susquehanna70,NA,TRUE,paddler,NA,Patrice Deslauriers,Deslauriers Patrice,Mont-Laurier ,QC,CAN,NA,NA,NA,NA,NA
227323,2016,CLINTON70,Downriver,Canoe,P15,oc2pro,29,TRUE,30835,414,414,412,277,35,29,35,susquehanna70,Mixed,TRUE,paddler,rossem01,Emma Ellsworth,Ellsworth Emma,Orange,MA,USA,1,T,30835,NA,NA
227323,2016,CLINTON70,Downriver,Canoe,P15,oc2pro,29,TRUE,30835,414,414,412,277,35,29,35,susquehanna70,Mixed,TRUE,paddler,morseja01,Jack Morse,Morse Jack,Cummington,MA,USA,1,T,30835,NA,NA
370198,2022,CLINTON70,Downriver,Canoe,P30,oc2pro,16,TRUE,30839,415,415,413,278,18,16,18,susquehanna70,NA,TRUE,paddler,NA,Jack Morse,Morse Jack,Cummington,MA,USA,NA,NA,NA,NA,NA
370198,2022,CLINTON70,Downriver,Canoe,P30,oc2pro,16,TRUE,30839,415,415,413,278,18,16,18,susquehanna70,NA,TRUE,paddler,gelinaad01,Adam Gelinas,Gelinas Adam,Leominster,MA,USA,NA,NA,NA,NA,NA
370199,2022,CLINTON70,Downriver,Canoe,P40,oc2pro,17,TRUE,30842,416,416,414,279,19,17,19,susquehanna70,NA,TRUE,paddler,roussegu01,Guy Rousseau,Rousseau Guy,Trois-Riviã¨Res,QC,CAN,NA,NA,NA,LÃ©veillÃ©/Rousseau,NA
370199,2022,CLINTON70,Downriver,Canoe,P40,oc2pro,17,TRUE,30842,416,416,414,279,19,17,19,susquehanna70,NA,TRUE,paddler,NA,Jeremy Leveille,Leveille Jeremy,Shawinigan,QC,CAN,NA,NA,NA,LÃ©veillÃ©/Rousseau,NA
217371,2015,CLINTON70,Downriver,Canoe,P8,oc2pro,22,TRUE,30843,417,417,415,280,25,22,25,susquehanna70,Mens 50 & Over,TRUE,paddler,morseja01,Jack Morse,Morse Jack,Cummington,MA,USA,1,T,30843,NA,NA
217371,2015,CLINTON70,Downriver,Canoe,P8,oc2pro,22,TRUE,30843,417,417,415,280,25,22,25,susquehanna70,Mens 50 & Over,TRUE,paddler,shawjo01,Joe Shaw,Shaw Joe,Worthington,MA,USA,1,T,30843,NA,NA
227324,2016,CLINTON70,Downriver,Canoe,P21,oc2pro,30,TRUE,30858,418,418,416,281,36,30,36,susquehanna70,Mens Under 50,TRUE,paddler,armstrpa01,Patrick Armstrong,Armstrong Patrick,Lac-A-La-Tortue,QC,CAN,1,T,30858,NA,NA
227324,2016,CLINTON70,Downriver,Canoe,P21,oc2pro,30,TRUE,30858,418,418,416,281,36,30,36,susquehanna70,Mens Under 50,TRUE,paddler,jolyre01,Rene Joly,Joly Rene,Tortle Lake,QC,CAN,1,T,30858,NA,NA
256343,2019,CLINTON70,Downriver,Canoe,S16,oc1pro,10,TRUE,30871,419,419,417,24,72,10,71,susquehanna70,NA,TRUE,paddler,wernerer01,Erik Werner,Werner Erik,Philadelphia,PA,USA,1,T,30871,NA,NA
256378,2019,CLINTON70,Downriver,Canoe,X10,oc2cruisermix,6,TRUE,30880,420,420,418,25,73,6,72,susquehanna70,NA,TRUE,paddler,collieer01,Erica Collier,Collier Erica,Cooperstown,NY,USA,1,T,30880,NA,NA
256378,2019,CLINTON70,Downriver,Canoe,X10,oc2cruisermix,6,TRUE,30880,420,420,418,25,73,6,72,susquehanna70,NA,TRUE,paddler,colliejo01,John Collier,Collier John,Richmondville,NY,USA,1,T,30880,NA,NA
370200,2022,CLINTON70,Downriver,Canoe,P38,oc2pro,18,TRUE,30901,421,421,419,282,20,18,20,susquehanna70,NA,TRUE,paddler,shaveral01,Al Shaver,Shaver Al,Meridale,NY,USA,NA,NA,NA,NA,NA
370200,2022,CLINTON70,Downriver,Canoe,P38,oc2pro,18,TRUE,30901,421,421,419,282,20,18,20,susquehanna70,NA,TRUE,paddler,leebr01,Bruce Lee,Lee Bruce,Port Crane,NY,USA,NA,NA,NA,NA,NA
256347,2019,CLINTON70,Downriver,Kayak,KL2,k1unlimited,2,TRUE,30902,422,422,3,3,74,2,2,susquehanna70,NA,TRUE,paddler,gloverda01,Dale Glover,Glover Dale,Montgomery,PA,USA,1,T,30902,NA,NA
237876,2017,CLINTON70,Downriver,Canoe,P20,oc2pro,28,TRUE,30905,423,423,420,283,44,28,44,susquehanna70,NA,TRUE,paddler,medinato01,Danny Medina,Medina Danny,Roscommon,MI,USA,1,T,30905,NA,NA
237876,2017,CLINTON70,Downriver,Canoe,P20,oc2pro,28,TRUE,30905,423,423,420,283,44,28,44,susquehanna70,NA,TRUE,paddler,frigonro01,rosalie frigon,frigon rosalie,Trois-Rivières,QC,CAN,1,T,30905,NA,NA
247672,2018,CLINTON70,Downriver,Canoe,P11,oc2pro,37,TRUE,30906,424,424,421,284,50,37,50,susquehanna70,NA,TRUE,paddler,massican01,Anthony Massicotte,Massicotte Anthony,Shwinigan,QC,CAN,1,T,30906,NA,NA
247672,2018,CLINTON70,Downriver,Canoe,P11,oc2pro,37,TRUE,30906,424,424,421,284,50,37,50,susquehanna70,NA,TRUE,paddler,brabanse01,Sean Brabant,Brabant Sean,Roscommon,MI,USA,1,T,30906,NA,NA
256289,2019,CLINTON70,Downriver,Canoe,E3,oc2stock,4,TRUE,30909,425,425,422,8,75,4,73,susquehanna70,NA,TRUE,paddler,dahlda01,Dave Dahl,Dahl Dave,Maple Grove,MN,USA,1,T,30909,NA,NA
256289,2019,CLINTON70,Downriver,Canoe,E3,oc2stock,4,TRUE,30909,425,425,422,8,75,4,73,susquehanna70,NA,TRUE,paddler,kilgorjo01,Jon Kilgore,Kilgore Jon,Minnetonka,MN,USA,1,T,30909,NA,NA
237877,2017,CLINTON70,Downriver,Canoe,P23,oc2pro,29,TRUE,30923,426,426,423,285,45,29,45,susquehanna70,NA,TRUE,paddler,morseja01,Jack Morse,Morse Jack,Cummington,MA,USA,1,T,30923,NA,NA
237877,2017,CLINTON70,Downriver,Canoe,P23,oc2pro,29,TRUE,30923,426,426,423,285,45,29,45,susquehanna70,NA,TRUE,paddler,dessursi01,Simon Dessureault,Dessureault Simon,Saint-Tite,QC,CAN,1,T,30923,NA,NA
227325,2016,CLINTON70,Downriver,Canoe,P14,oc2pro,31,TRUE,30924,427,427,424,286,37,31,37,susquehanna70,Mens Under 50,TRUE,paddler,medinada01,Daniel Medina,Medina Daniel,Roscommon,MI,USA,1,T,30924,NA,NA
227325,2016,CLINTON70,Downriver,Canoe,P14,oc2pro,31,TRUE,30924,427,427,424,286,37,31,37,susquehanna70,Mens Under 50,TRUE,paddler,lacombsi01,Simon Pier-Lacombe,Pier-Lacombe Simon,Trois-Rivieres,QC,CAN,1,T,30924,NA,NA
247673,2018,CLINTON70,Downriver,Canoe,P7,oc2pro,38,TRUE,30928,428,428,425,287,51,38,51,susquehanna70,NA,TRUE,paddler,rhodeske01,Kelly Rhodes,Rhodes Kelly,Silver Spring,MD,USA,1,T,30928,NA,NA
247673,2018,CLINTON70,Downriver,Canoe,P7,oc2pro,38,TRUE,30928,428,428,425,287,51,38,51,susquehanna70,NA,TRUE,paddler,botelepa01,Pam Boteler,Boteler Pam,Alexandria,VA,USA,1,T,30928,NA,NA
256290,2019,CLINTON70,Downriver,Canoe,E5,oc2stock,5,TRUE,30934,429,429,426,9,76,5,74,susquehanna70,NA,TRUE,paddler,jordansc01,Scott Jordan,Jordan Scott,Otego,NY,USA,1,T,30934,NA,NA
256290,2019,CLINTON70,Downriver,Canoe,E5,oc2stock,5,TRUE,30934,429,429,426,9,76,5,74,susquehanna70,NA,TRUE,paddler,newmanje01,Jeff Newman,Newman Jeff,Unadilla,NY,USA,1,T,30934,NA,NA
370106,2022,CLINTON70,Downriver,Canoe,O1,oc4unlimited,3,TRUE,30934,430,430,427,9,21,3,21,susquehanna70,NA,TRUE,paddler,bartonbr01,Bruce Barton,Barton Bruce,Homer,MI,USA,NA,NA,NA,Hog Wild,NA
370106,2022,CLINTON70,Downriver,Canoe,O1,oc4unlimited,3,TRUE,30934,430,430,427,9,21,3,21,susquehanna70,NA,TRUE,paddler,bartonro01,Roxanne Barton,Barton Roxanne,Homer,MI,USA,NA,NA,NA,Hog Wild,NA
370106,2022,CLINTON70,Downriver,Canoe,O1,oc4unlimited,3,TRUE,30934,430,430,427,9,21,3,21,susquehanna70,NA,TRUE,paddler,trieboti01,Tim Triebold,Triebold Tim,Grayling,MI,USA,NA,NA,NA,Hog Wild,NA
370106,2022,CLINTON70,Downriver,Canoe,O1,oc4unlimited,3,TRUE,30934,430,430,427,9,21,3,21,susquehanna70,NA,TRUE,paddler,rekerru01,Russ Reker,Reker Russ,Lapeer,MI,USA,NA,NA,NA,Hog Wild,NA
247674,2018,CLINTON70,Downriver,Canoe,P42,oc2pro,39,TRUE,30936,431,431,428,288,52,39,52,susquehanna70,NA,TRUE,paddler,jiralka01,Kaitlin Jiral,Jiral Kaitlin,New Braunfels,TX,USA,1,T,30936,NA,NA
247674,2018,CLINTON70,Downriver,Canoe,P42,oc2pro,39,TRUE,30936,431,431,428,288,52,39,52,susquehanna70,NA,TRUE,paddler,hillsgw01,Gwen Hills,Hills Gwen,Grandville,MI,USA,1,T,30936,NA,NA
237765,2017,CLINTON70,Downriver,Canoe,S8,oc1pro,4,TRUE,30937,432,432,429,25,46,4,46,susquehanna70,NA,TRUE,paddler,packarmi01,Mike Packard,Packard Mike,Oneonta,NY,USA,1,T,30937,NA,NA
490092,2024,CLINTON70,Downriver,Canoe,P37,oc2pro,14,TRUE,30947,433,433,430,289,15,14,15,susquehanna70,NA,TRUE,paddler,crotseja01,Jake Crotser,Crotser Jake,Summerville,SC,USA,NA,NA,NA,Southern Comfort,NA
490092,2024,CLINTON70,Downriver,Canoe,P37,oc2pro,14,TRUE,30947,433,433,430,289,15,14,15,susquehanna70,NA,TRUE,paddler,mynarky01,Kyle Mynar,Mynar Kyle,San Marcos,TX,USA,NA,NA,NA,Southern Comfort,NA
227236,2016,CLINTON70,Downriver,Canoe,S10,oc1pro,1,TRUE,30950,434,434,431,26,38,1,38,susquehanna70,NA,TRUE,paddler,waltonni01,Nick Walton,Walton Nick,Eaton Rapids,MI,USA,1,T,30950,NA,NA
532453,2025,CLINTON70,Downriver,Canoe,P18,oc2pro,53,TRUE,30962,435,435,432,290,69,53,69,susquehanna70,NA,TRUE,paddler,kozareje01,Jessica Kozarek,Kozarek Jessica,Minneapolis,MN,USA,NA,NA,NA,grooves like a moose,NA
532453,2025,CLINTON70,Downriver,Canoe,P18,oc2pro,53,TRUE,30962,435,435,432,290,69,53,69,susquehanna70,NA,TRUE,paddler,NA,Patricia Bohaty,Bohaty Patricia,Minneapolis,MN,USA,NA,NA,NA,grooves like a moose,NA
237808,2017,CLINTON70,Downriver,Canoe,X7,oc2cruisermix,4,TRUE,30963,436,436,433,26,47,4,47,susquehanna70,NA,TRUE,paddler,johnsoem01,Emily Johnson,Johnson Emily,St Paul,MN,USA,1,T,30963,NA,NA
237808,2017,CLINTON70,Downriver,Canoe,X7,oc2cruisermix,4,TRUE,30963,436,436,433,26,47,4,47,susquehanna70,NA,TRUE,paddler,NA,Nathan Sedgewick,Sedgewick Nathan,Towson,MD,USA,1,T,30963,NA,NA
490093,2024,CLINTON70,Downriver,Canoe,P6,oc2pro,15,TRUE,30965,437,437,434,291,16,15,16,susquehanna70,NA,TRUE,paddler,henryda01,Dana Henry,Henry Dana,Plymouth,MN,USA,NA,NA,NA,Danas World,NA
490093,2024,CLINTON70,Downriver,Canoe,P6,oc2pro,15,TRUE,30965,437,437,434,291,16,15,16,susquehanna70,NA,TRUE,paddler,shaveral01,Al Shaver,Shaver Al,Meridale,NY,USA,NA,NA,NA,Danas World,NA
227326,2016,CLINTON70,Downriver,Canoe,P23,oc2pro,32,TRUE,30970,438,438,435,292,39,32,39,susquehanna70,Mixed,TRUE,paddler,rouleaan01,Antoine Rouleau,Rouleau Antoine,Trois-Rivieres,QC,CAN,1,T,30970,NA,NA
227326,2016,CLINTON70,Downriver,Canoe,P23,oc2pro,32,TRUE,30970,438,438,435,292,39,32,39,susquehanna70,Mixed,TRUE,paddler,NA,Rosalie Frignon,Frignon Rosalie,Trois-Rivieres,QC,CAN,1,T,30970,NA,NA
532358,2025,CLINTON70,Downriver,Canoe,S2,oc1pro,3,TRUE,30972,439,439,436,27,70,3,70,susquehanna70,NA,TRUE,paddler,robertri01,River Robertson,Robertson River,North Berwick,ME,USA,NA,NA,NA,Maineiacs,NA
490094,2024,CLINTON70,Downriver,Canoe,P50,oc2pro,16,TRUE,30988,440,440,437,293,17,16,17,susquehanna70,NA,TRUE,paddler,maddenpa01,Patrick Madden,Madden Patrick,Scotia,NY,USA,NA,NA,NA,NA,NA
490094,2024,CLINTON70,Downriver,Canoe,P50,oc2pro,16,TRUE,30988,440,440,437,293,17,16,17,susquehanna70,NA,TRUE,paddler,lyesiubr01,Brent Lyesiuk,Lyesiuk Brent,Orange,MA,USA,NA,NA,NA,NA,NA
237809,2017,CLINTON70,Downriver,Canoe,X24,oc2cruisermix,5,TRUE,31011,441,441,438,27,48,5,48,susquehanna70,NA,TRUE,paddler,reedbr01,Brooks Reed,Reed Brooks,Unadilla,NY,USA,1,T,31011,NA,NA
237809,2017,CLINTON70,Downriver,Canoe,X24,oc2cruisermix,5,TRUE,31011,441,441,438,27,48,5,48,susquehanna70,NA,TRUE,paddler,NA,Tanner Reed,Reed Tanner,Unadilla,NY,USA,1,T,31011,NA,NA
208310,2014,CLINTON70,Downriver,Canoe,X4,oc2cruisermix,13,TRUE,31012,442,442,439,28,80,13,79,susquehanna70,NA,TRUE,paddler,boogemre01,Rene Boogemans,Boogemans Rene,Hensall,ON,CAN,1,T,31012,NA,NA
208310,2014,CLINTON70,Downriver,Canoe,X4,oc2cruisermix,13,TRUE,31012,442,442,439,28,80,13,79,susquehanna70,NA,TRUE,paddler,NA,Sharilynn Johnston,Johnston Sharilynn,Strathroy,ON,CAN,1,T,31012,NA,NA
237766,2017,CLINTON70,Downriver,Canoe,S2,oc1pro,5,TRUE,31018,443,443,440,28,49,5,49,susquehanna70,NA,TRUE,paddler,garlanti01,Tim Garland,Garland Tim,Surry,NH,USA,1,T,31018,NA,NA
217372,2015,CLINTON70,Downriver,Canoe,P10,oc2pro,23,TRUE,31029,444,444,441,294,26,23,26,susquehanna70,Mixed,TRUE,paddler,gelinaad01,Adam Gelinas,Gelinas Adam,Leominster,MA,USA,1,T,31029,NA,NA
217372,2015,CLINTON70,Downriver,Canoe,P10,oc2pro,23,TRUE,31029,444,444,441,294,26,23,26,susquehanna70,Mixed,TRUE,paddler,lessarsa01,Sarah Lessard,Lessard Sarah,Les Cedres,QC,CAN,1,T,31029,NA,NA
490095,2024,CLINTON70,Downriver,Canoe,P35,oc2pro,17,TRUE,31032,445,445,442,295,18,17,18,susquehanna70,NA,TRUE,paddler,lapradmi01,Michelle Laprade,Laprade Michelle,Cantley,QC,CAN,NA,NA,NA,Bucking Broncos,NA
490095,2024,CLINTON70,Downriver,Canoe,P35,oc2pro,17,TRUE,31032,445,445,442,295,18,17,18,susquehanna70,NA,TRUE,paddler,machated01,Edith Machattie,Machattie Edith,Saskatoon,SK,CAN,NA,NA,NA,Bucking Broncos,NA
256344,2019,CLINTON70,Downriver,Canoe,S1,oc1pro,11,TRUE,31040,446,446,443,29,77,11,75,susquehanna70,NA,TRUE,paddler,reeseph01,Phoebe Reese,Reese Phoebe,Oneonta,NY,USA,1,T,31040,NA,NA
247675,2018,CLINTON70,Downriver,Canoe,P46,oc2pro,40,TRUE,31043,447,447,444,296,53,40,53,susquehanna70,NA,TRUE,paddler,swislome01,Melissa Swislosky,Swislosky Melissa,Mount Upton,NY,USA,1,T,31043,NA,NA
247675,2018,CLINTON70,Downriver,Canoe,P46,oc2pro,40,TRUE,31043,447,447,444,296,53,40,53,susquehanna70,NA,TRUE,paddler,reeseph01,Phoebe Reese,Reese Phoebe,Oneonta,NY,USA,1,T,31043,NA,NA
489985,2024,CLINTON70,Downriver,Canoe,O1,oc4unlimited,2,TRUE,31052,448,448,445,10,19,2,19,susquehanna70,NA,TRUE,paddler,wissebo01,Bob Wisse,Wisse Bob,Oneonta,NY,USA,NA,NA,NA,Table Rock Fitness,NA
489985,2024,CLINTON70,Downriver,Canoe,O1,oc4unlimited,2,TRUE,31052,448,448,445,10,19,2,19,susquehanna70,NA,TRUE,paddler,zaverabo01,Bob Zaveral,Zaveral Bob,Mount Upton,NY,USA,NA,NA,NA,Table Rock Fitness,NA
489985,2024,CLINTON70,Downriver,Canoe,O1,oc4unlimited,2,TRUE,31052,448,448,445,10,19,2,19,susquehanna70,NA,TRUE,paddler,youngjo01,John Young,Young John,Richmondville Ny,NY,USA,NA,NA,NA,Table Rock Fitness,NA
489985,2024,CLINTON70,Downriver,Canoe,O1,oc4unlimited,2,TRUE,31052,448,448,445,10,19,2,19,susquehanna70,NA,TRUE,paddler,shultije01,Jeff Shultis,Shultis Jeff,Otego,NY,USA,NA,NA,NA,Table Rock Fitness,NA
227248,2016,CLINTON70,Downriver,Canoe,T11,oc2cruiser,4,TRUE,31053,449,449,446,25,40,4,40,susquehanna70,NA,TRUE,paddler,kostrabi01,Bill Kostra,Kostra Bill,Transfer,PA,USA,1,T,31053,NA,NA
227248,2016,CLINTON70,Downriver,Canoe,T11,oc2cruiser,4,TRUE,31053,449,449,446,25,40,4,40,susquehanna70,NA,TRUE,paddler,koptafr01,Fran Kopta,Kopta Fran,Sherman,NY,USA,1,T,31053,NA,NA
247510,2018,CLINTON70,Downriver,Canoe,B1,oc4stock,5,TRUE,31055,450,450,447,27,54,5,54,susquehanna70,NA,TRUE,paddler,stoutte01,Teresa Stout,Stout Teresa,Corsica,PA,USA,1,T,31055,NA,NA
247510,2018,CLINTON70,Downriver,Canoe,B1,oc4stock,5,TRUE,31055,450,450,447,27,54,5,54,susquehanna70,NA,TRUE,paddler,martinst01,Steve Martin,Martin Steve,Ridgway,PA,USA,1,T,31055,NA,NA
247510,2018,CLINTON70,Downriver,Canoe,B1,oc4stock,5,TRUE,31055,450,450,447,27,54,5,54,susquehanna70,NA,TRUE,paddler,flamento01,Toni Flament,Flament Toni,Emporium,PA,USA,1,T,31055,NA,NA
247510,2018,CLINTON70,Downriver,Canoe,B1,oc4stock,5,TRUE,31055,450,450,447,27,54,5,54,susquehanna70,NA,TRUE,paddler,burtonst01,Stephen Burton,Burton Stephen,Glenville,NY,USA,1,T,31055,NA,NA
227327,2016,CLINTON70,Downriver,Canoe,P46,oc2pro,33,TRUE,31060,451,451,448,297,41,33,41,susquehanna70,Mens Under 50,TRUE,paddler,marchach01,Christian Marchand,Marchand Christian,La Tuque,QC,CAN,1,T,31060,NA,NA
227327,2016,CLINTON70,Downriver,Canoe,P46,oc2pro,33,TRUE,31060,451,451,448,297,41,33,41,susquehanna70,Mens Under 50,TRUE,paddler,NA,Sylain Marchand,Marchand Sylain,La Tuque,QC,CAN,1,T,31060,NA,NA
208194,2014,CLINTON70,Downriver,Canoe,J9,oc1,2,TRUE,31064,452,452,449,2,81,2,80,susquehanna70,NA,TRUE,paddler,corbetst01,Steve Corbett,Corbett Steve,New Market,MD,USA,1,T,31064,NA,NA
490096,2024,CLINTON70,Downriver,Canoe,P15,oc2pro,18,TRUE,31081,453,453,450,298,20,18,20,susquehanna70,NA,TRUE,paddler,curleyed01,Ed Curley,Curley Ed,Sidney,NY,USA,NA,NA,NA,Just for Fun,NA
490096,2024,CLINTON70,Downriver,Canoe,P15,oc2pro,18,TRUE,31081,453,453,450,298,20,18,20,susquehanna70,NA,TRUE,paddler,lessarsa01,Sarah Lessard,Lessard Sarah,Les Cedres,QC,CAN,NA,NA,NA,Just for Fun,NA
237710,2017,CLINTON70,Downriver,Canoe,B8,oc4stock,5,TRUE,31098,454,454,451,28,50,5,50,susquehanna70,NA,TRUE,paddler,simpsoka01,Karen Simpson,Simpson Karen,Mississauga,ON,CAN,1,T,31098,NA,NA
237710,2017,CLINTON70,Downriver,Canoe,B8,oc4stock,5,TRUE,31098,454,454,451,28,50,5,50,susquehanna70,NA,TRUE,paddler,colego01,Gord Cole,Cole Gord,Parry Sound,ON,CAN,1,T,31098,NA,NA
237710,2017,CLINTON70,Downriver,Canoe,B8,oc4stock,5,TRUE,31098,454,454,451,28,50,5,50,susquehanna70,NA,TRUE,paddler,olajdzdr01,Dragan Olajdzija,Olajdzija Dragan,Toronto,ON,CAN,1,T,31098,NA,NA
237710,2017,CLINTON70,Downriver,Canoe,B8,oc4stock,5,TRUE,31098,454,454,451,28,50,5,50,susquehanna70,NA,TRUE,paddler,loekli01,Liz Loek,Loek Liz,Mississauga,ON,CAN,1,T,31098,NA,NA
227328,2016,CLINTON70,Downriver,Canoe,P33,oc2pro,34,TRUE,31110,455,455,452,299,42,34,42,susquehanna70,Mens 50 & Over,TRUE,paddler,webbjo01,Jon Webb,Webb Jon,Oscoda,MI,USA,1,T,31110,NA,NA
227328,2016,CLINTON70,Downriver,Canoe,P33,oc2pro,34,TRUE,31110,455,455,452,299,42,34,42,susquehanna70,Mens 50 & Over,TRUE,paddler,mcclurti01,Timothy McClure,McClure Timothy,Roscommon,MI,USA,1,T,31110,NA,NA
247616,2018,CLINTON70,Downriver,Canoe,X8,oc2cruisermix,2,TRUE,31120,456,456,453,29,55,2,55,susquehanna70,NA,TRUE,paddler,loekli01,Liz Loek,Loek Liz,Mississauga,ON,CAN,1,T,31120,NA,NA
247616,2018,CLINTON70,Downriver,Canoe,X8,oc2cruisermix,2,TRUE,31120,456,456,453,29,55,2,55,susquehanna70,NA,TRUE,paddler,brownde01,Dean Brown,Brown Dean,Hamilton,ON,CAN,1,T,31120,NA,NA
490097,2024,CLINTON70,Downriver,Canoe,P22,oc2pro,19,TRUE,31120,457,457,454,300,21,19,21,susquehanna70,NA,TRUE,paddler,roussegu01,Guy Rousseau,Rousseau Guy,Trois-Rivières,QC,CAN,NA,NA,NA,The Hat-Rouss Connection,NA
490097,2024,CLINTON70,Downriver,Canoe,P22,oc2pro,19,TRUE,31120,457,457,454,300,21,19,21,susquehanna70,NA,TRUE,paddler,hatfieja01,Jason Hatfield,Hatfield Jason,Grayling,MI,USA,NA,NA,NA,The Hat-Rouss Connection,NA
532382,2025,CLINTON70,Downriver,Canoe,U4,oc2cruisersenior,3,TRUE,31127,458,458,455,7,71,3,71,susquehanna70,NA,TRUE,paddler,vandorda01,David Vandorpe,Vandorpe David,Haverhill,MA,USA,NA,NA,NA,Dave and Nick,NA
532382,2025,CLINTON70,Downriver,Canoe,U4,oc2cruisersenior,3,TRUE,31127,458,458,455,7,71,3,71,susquehanna70,NA,TRUE,paddler,lyesiuni01,Nick Lyesiuk,Lyesiuk Nick,Orange,MA,USA,NA,NA,NA,Dave and Nick,NA
247601,2018,CLINTON70,Downriver,Canoe,U5,oc2cruisersenior,2,TRUE,31131,459,459,456,8,56,2,56,susquehanna70,NA,TRUE,paddler,harrismi01,Mike Harrison,Harrison Mike,Washougal,WA,USA,1,T,31131,NA,NA
247601,2018,CLINTON70,Downriver,Canoe,U5,oc2cruisersenior,2,TRUE,31131,459,459,456,8,56,2,56,susquehanna70,NA,TRUE,paddler,nicholal01,Allen Nichols,Nichols Allen,Laurens,NY,USA,1,T,31131,NA,NA
532360,2025,CLINTON70,Downriver,Canoe,L1,oc1master,1,TRUE,31139,460,460,457,3,72,1,72,susquehanna70,NA,TRUE,paddler,corbetst01,Steve Corbett,Corbett Steve,New Market,MD,USA,NA,NA,NA,Quicker Switches,NA
247676,2018,CLINTON70,Downriver,Canoe,P37,oc2pro,41,TRUE,31140,461,461,458,301,57,41,57,susquehanna70,NA,TRUE,paddler,NA,Dominic Paquin,Paquin Dominic,Trois-Rivieres,QC,CAN,1,T,31140,NA,NA
247676,2018,CLINTON70,Downriver,Canoe,P37,oc2pro,41,TRUE,31140,461,461,458,301,57,41,57,susquehanna70,NA,TRUE,paddler,starnada01,Daniel St-Arnaud,St-Arnaud Daniel,Trois-Rivieres,QC,CAN,1,T,31140,NA,NA
490098,2024,CLINTON70,Downriver,Canoe,P41,oc2pro,20,TRUE,31143,462,462,459,302,22,20,22,susquehanna70,NA,TRUE,paddler,hallan01,Andy Hall,Hall Andy,Arlington,MA,USA,NA,NA,NA,Shenanigans,NA
490098,2024,CLINTON70,Downriver,Canoe,P41,oc2pro,20,TRUE,31143,462,462,459,302,22,20,22,susquehanna70,NA,TRUE,paddler,gelinaad01,Adam Gelinas,Gelinas Adam,Leominster,MA,USA,NA,NA,NA,Shenanigans,NA
227249,2016,CLINTON70,Downriver,Canoe,T9,oc2cruiser,5,TRUE,31146,463,463,460,26,43,5,43,susquehanna70,NA,TRUE,paddler,hallan01,Andy Hall,Hall Andy,Arlington,MA,USA,1,T,31146,NA,NA
227249,2016,CLINTON70,Downriver,Canoe,T9,oc2cruiser,5,TRUE,31146,463,463,460,26,43,5,43,susquehanna70,NA,TRUE,paddler,millerse01,Seth Miller,Miller Seth,Norwood,MA,USA,1,T,31146,NA,NA
208293,2014,CLINTON70,Downriver,Canoe,V6,oc2cruisermaster,6,TRUE,31149,464,464,461,11,82,6,81,susquehanna70,NA,TRUE,paddler,mcandrma01,Mark McAndrew,McAndrew Mark,East Hardwick,VT,USA,1,T,31149,NA,NA
208293,2014,CLINTON70,Downriver,Canoe,V6,oc2cruisermaster,6,TRUE,31149,464,464,461,11,82,6,81,susquehanna70,NA,TRUE,paddler,anderswi01,William Anderson,Anderson William,Morrill,ME,USA,1,T,31149,NA,NA
256319,2019,CLINTON70,Downriver,Canoe,L1,oc1master,1,TRUE,31154,465,465,462,4,78,1,76,susquehanna70,NA,TRUE,paddler,corbetst01,Steve Corbett,Corbett Steve,New Market,MD,USA,1,T,31154,NA,NA
237831,2017,CLINTON70,Downriver,Canoe,T17,oc2cruiser,6,TRUE,31155,466,466,463,27,51,6,51,susquehanna70,NA,TRUE,paddler,lamasa01,Sajan Lama,Lama Sajan,Philadelphia,PA,USA,1,T,31155,NA,NA
237831,2017,CLINTON70,Downriver,Canoe,T17,oc2cruiser,6,TRUE,31155,466,466,463,27,51,6,51,susquehanna70,NA,TRUE,paddler,wernerer01,Erik Werner,Werner Erik,Philadelphia,PA,USA,1,T,31155,NA,NA
256365,2019,CLINTON70,Downriver,Canoe,T9,oc2cruiser,6,TRUE,31155,467,467,464,28,79,6,77,susquehanna70,NA,TRUE,paddler,NA,Luke Rhodes,Rhodes Luke,Arlington,VA,USA,1,T,31155,NA,NA
256365,2019,CLINTON70,Downriver,Canoe,T9,oc2cruiser,6,TRUE,31155,467,467,464,28,79,6,77,susquehanna70,NA,TRUE,paddler,rhodeswi01,William Rhodes,Rhodes William,Columbia,MD,USA,1,T,31155,NA,NA
532454,2025,CLINTON70,Downriver,Canoe,P31,oc2pro,54,TRUE,31158,468,468,465,303,73,54,73,susquehanna70,NA,TRUE,paddler,millspan01,Andrew Millspaugh,Millspaugh Andrew,Niskayuna,NY,USA,NA,NA,NA,Flaming O's,NA
532454,2025,CLINTON70,Downriver,Canoe,P31,oc2pro,54,TRUE,31158,468,468,465,303,73,54,73,susquehanna70,NA,TRUE,paddler,NA,Emma Kennedy,Kennedy Emma,Brooklyn,NY,USA,NA,NA,NA,Flaming O's,NA
247628,2018,CLINTON70,Downriver,Canoe,V9,oc2cruisermaster,3,TRUE,31165,469,469,466,12,58,3,58,susquehanna70,NA,TRUE,paddler,goodwike01,Ken Goodwin,Goodwin Ken,Barre,MA,USA,1,T,31165,NA,NA
247628,2018,CLINTON70,Downriver,Canoe,V9,oc2cruisermaster,3,TRUE,31165,469,469,466,12,58,3,58,susquehanna70,NA,TRUE,paddler,vandorda01,David Vandorpe,Vandorpe David,Weston,MA,USA,1,T,31165,NA,NA
237792,2017,CLINTON70,Downriver,Canoe,V5,oc2cruisermaster,1,TRUE,31174,470,470,467,13,52,1,52,susquehanna70,NA,TRUE,paddler,pedersje01,Jeff Pedersen,Pedersen Jeff,Gilbertsville,NY,USA,1,T,31174,NA,NA
237792,2017,CLINTON70,Downriver,Canoe,V5,oc2cruisermaster,1,TRUE,31174,470,470,467,13,52,1,52,susquehanna70,NA,TRUE,paddler,youngjo01,John Young,Young John,Portlandville,NY,USA,1,T,31174,NA,NA
532455,2025,CLINTON70,Downriver,Canoe,P5,oc2pro,55,TRUE,31181,471,471,468,304,74,55,74,susquehanna70,NA,TRUE,paddler,millerse01,Seth Miller,Miller Seth,Norwood,MA,USA,NA,NA,NA,NA,NA
532455,2025,CLINTON70,Downriver,Canoe,P5,oc2pro,55,TRUE,31181,471,471,468,304,74,55,74,susquehanna70,NA,TRUE,paddler,bearssbr01,Bryan Bearss,Bearss Bryan,Grayling,MI,USA,NA,NA,NA,NA,NA
217373,2015,CLINTON70,Downriver,Canoe,P4,oc2pro,24,TRUE,31182,472,472,469,305,27,24,27,susquehanna70,Mens Under 50,TRUE,paddler,henryda01,Dana Henry,Henry Dana,Plymouth,MN,USA,1,T,31182,NA,NA
217373,2015,CLINTON70,Downriver,Canoe,P4,oc2pro,24,TRUE,31182,472,472,469,305,27,24,27,susquehanna70,Mens Under 50,TRUE,paddler,arenzde01,Devin Arenz,Arenz Devin,St Paul,MN,USA,1,T,31182,NA,NA
237878,2017,CLINTON70,Downriver,Canoe,P18,oc2pro,30,TRUE,31190,473,473,470,306,53,30,53,susquehanna70,NA,TRUE,paddler,jiralka01,Kaitlin Jiral,Jiral Kaitlin,New Braunfels,TX,USA,1,T,31190,NA,NA
237878,2017,CLINTON70,Downriver,Canoe,P18,oc2pro,30,TRUE,31190,473,473,470,306,53,30,53,susquehanna70,NA,TRUE,paddler,hillsgw01,Gwen Hills,Hills Gwen,Grandville,MI,USA,1,T,31190,NA,NA
436079,2023,CLINTON70,Downriver,Canoe,P43,oc2pro,14,TRUE,31193,474,474,471,307,15,14,15,susquehanna70,NA,TRUE,paddler,roussegu01,Guy Rousseau,Rousseau Guy,Trois-Rivières,QC,CAN,NA,NA,NA,NA,NA
436079,2023,CLINTON70,Downriver,Canoe,P43,oc2pro,14,TRUE,31193,474,474,471,307,15,14,15,susquehanna70,NA,TRUE,paddler,stepkary01,Ryan Stepka,Stepka Ryan,Cantley,QC,CAN,NA,NA,NA,NA,NA
227237,2016,CLINTON70,Downriver,Canoe,S11,oc1pro,2,TRUE,31193,475,475,472,30,44,2,44,susquehanna70,NA,TRUE,paddler,chapplti01,Tim Chapple,Chapple Tim,Interlochen,MI,USA,1,T,31193,NA,NA
256326,2019,CLINTON70,Downriver,Canoe,J5,oc1,1,TRUE,31196,476,476,473,3,80,1,78,susquehanna70,NA,TRUE,paddler,birdsaro01,Rob Birdsall,Birdsall Rob,Unadilla,NY,USA,1,T,31196,NA,NA
247677,2018,CLINTON70,Downriver,Canoe,P48,oc2pro,42,TRUE,31196,477,477,474,308,59,42,59,susquehanna70,NA,TRUE,paddler,garonmi01,Michael Garon,Garon Michael,Washington,MI,USA,1,T,31196,NA,NA
247677,2018,CLINTON70,Downriver,Canoe,P48,oc2pro,42,TRUE,31196,477,477,474,308,59,42,59,susquehanna70,NA,TRUE,paddler,mackjo01,Joel Mack,Mack Joel,Grayling Township,MI,USA,1,T,31196,NA,NA
256291,2019,CLINTON70,Downriver,Canoe,E6,oc2stock,6,TRUE,31197,478,478,475,10,81,6,79,susquehanna70,NA,TRUE,paddler,phillito01,Tom Phillips,Phillips Tom,Ottawa,ON,CAN,1,T,31197,NA,NA
256291,2019,CLINTON70,Downriver,Canoe,E6,oc2stock,6,TRUE,31197,478,478,475,10,81,6,79,susquehanna70,NA,TRUE,paddler,deabrmi01,Mike De Abreu,De Abreu Mike,Arnprior,ON,CAN,1,T,31197,NA,NA
227143,2016,CLINTON70,Downriver,Canoe,B3,oc4stock,4,TRUE,31199,479,479,476,29,45,4,45,susquehanna70,NA,TRUE,paddler,vincenbo01,Bob Vincent,Vincent Bob,Dorchester,ON,CAN,1,T,31199,NA,NA
227143,2016,CLINTON70,Downriver,Canoe,B3,oc4stock,4,TRUE,31199,479,479,476,29,45,4,45,susquehanna70,NA,TRUE,paddler,praterch01,Chris Prater,Prater Chris,London,ON,CAN,1,T,31199,NA,NA
227143,2016,CLINTON70,Downriver,Canoe,B3,oc4stock,4,TRUE,31199,479,479,476,29,45,4,45,susquehanna70,NA,TRUE,paddler,dillerjo01,John Diller,Diller John,Oakland,MD,USA,1,T,31199,NA,NA
227143,2016,CLINTON70,Downriver,Canoe,B3,oc4stock,4,TRUE,31199,479,479,476,29,45,4,45,susquehanna70,NA,TRUE,paddler,NA,Stephan Tait,Tait Stephan,Ingersoll,ON,CAN,1,T,31199,NA,NA
227264,2016,CLINTON70,Downriver,Canoe,V1,oc2cruisermaster,1,TRUE,31200,480,480,477,14,46,1,46,susquehanna70,NA,TRUE,paddler,wingal01,Alex Wing,Wing Alex,Morris,NY,USA,1,T,31200,NA,NA
227264,2016,CLINTON70,Downriver,Canoe,V1,oc2cruisermaster,1,TRUE,31200,480,480,477,14,46,1,46,susquehanna70,NA,TRUE,paddler,harrismi01,Mike Harrison,Harrison Mike,Washougal,WA,AUS,1,T,31200,NA,NA
256356,2019,CLINTON70,Downriver,Canoe,U5,oc2cruisersenior,3,TRUE,31220,481,481,478,9,82,3,80,susquehanna70,NA,TRUE,paddler,davisal01,Alec Davis,Davis Alec,Ballston Lake,NY,USA,1,T,31220,NA,NA
256356,2019,CLINTON70,Downriver,Canoe,U5,oc2cruisersenior,3,TRUE,31220,481,481,478,9,82,3,80,susquehanna70,NA,TRUE,paddler,henryro01,Roger Henry,Henry Roger,Rexford,NY,USA,1,T,31220,NA,NA
208153,2014,CLINTON70,Downriver,Canoe,E10,oc2stock,5,TRUE,31224,482,482,479,11,83,5,82,susquehanna70,NA,TRUE,paddler,birdsajo01,John Birdsall,Birdsall John,Gilbertsville,NY,USA,1,T,31224,NA,NA
208153,2014,CLINTON70,Downriver,Canoe,E10,oc2stock,5,TRUE,31224,482,482,479,11,83,5,82,susquehanna70,NA,TRUE,paddler,herrmast01,Steve Herrmann,Herrmann Steve,West Oneonta,NY,USA,1,T,31224,NA,NA
247678,2018,CLINTON70,Downriver,Canoe,P39,oc2pro,43,TRUE,31232,483,483,480,309,60,43,60,susquehanna70,NA,TRUE,paddler,millspph01,Philip Millspaugh,Millspaugh Philip,Farmington,NY,USA,1,T,31232,NA,NA
247678,2018,CLINTON70,Downriver,Canoe,P39,oc2pro,43,TRUE,31232,483,483,480,309,60,43,60,susquehanna70,NA,TRUE,paddler,millspem01,Emma Millspaugh,Millspaugh Emma,Niskayuna,NY,USA,1,T,31232,NA,NA
247511,2018,CLINTON70,Downriver,Canoe,B9,oc4stock,6,TRUE,31239,484,484,481,30,61,6,61,susquehanna70,NA,TRUE,paddler,dillerjo01,John Diller,Diller John,Oakland,MD,USA,1,T,31239,NA,NA
247511,2018,CLINTON70,Downriver,Canoe,B9,oc4stock,6,TRUE,31239,484,484,481,30,61,6,61,susquehanna70,NA,TRUE,paddler,kostrabi01,Bill Kostra,Kostra Bill,Transfer,PA,USA,1,T,31239,NA,NA
247511,2018,CLINTON70,Downriver,Canoe,B9,oc4stock,6,TRUE,31239,484,484,481,30,61,6,61,susquehanna70,NA,TRUE,paddler,gotschke01,Kenneth Gotsch,Gotsch Kenneth,Oakland,MD,USA,1,T,31239,NA,NA
247511,2018,CLINTON70,Downriver,Canoe,B9,oc4stock,6,TRUE,31239,484,484,481,30,61,6,61,susquehanna70,NA,TRUE,paddler,genkosji01,Jim Genkos,Genkos Jim,Auburn,NY,USA,1,T,31239,NA,NA
490099,2024,CLINTON70,Downriver,Canoe,P30,oc2pro,21,TRUE,31251,485,485,482,310,23,21,23,susquehanna70,NA,TRUE,paddler,schlimjo01,Joe Schlimmer,Schlimmer Joe,Ithaca,NY,USA,NA,NA,NA,Flaming O's,NA
490099,2024,CLINTON70,Downriver,Canoe,P30,oc2pro,21,TRUE,31251,485,485,482,310,23,21,23,susquehanna70,NA,TRUE,paddler,millspph01,Philip Millspaugh,Millspaugh Philip,Farmington,NY,USA,NA,NA,NA,Flaming O's,NA
227144,2016,CLINTON70,Downriver,Canoe,B7,oc4stock,5,TRUE,31261,486,486,483,31,47,5,47,susquehanna70,NA,TRUE,paddler,gruberpa01,Paul Gruber,Gruber Paul,Irvine,PA,USA,1,T,31261,NA,NA
227144,2016,CLINTON70,Downriver,Canoe,B7,oc4stock,5,TRUE,31261,486,486,483,31,47,5,47,susquehanna70,NA,TRUE,paddler,martinst01,Steve Martin,Martin Steve,Ridgway,PA,USA,1,T,31261,NA,NA
227144,2016,CLINTON70,Downriver,Canoe,B7,oc4stock,5,TRUE,31261,486,486,483,31,47,5,47,susquehanna70,NA,TRUE,paddler,stoutte01,Teresa Stout,Stout Teresa,Corsica,PA,USA,1,T,31261,NA,NA
227144,2016,CLINTON70,Downriver,Canoe,B7,oc4stock,5,TRUE,31261,486,486,483,31,47,5,47,susquehanna70,NA,TRUE,paddler,flamento01,Toni Flament,Flament Toni,Emporium,PA,USA,1,T,31261,NA,NA
436080,2023,CLINTON70,Downriver,Canoe,P10,oc2pro,15,TRUE,31262,487,487,484,311,16,15,16,susquehanna70,NA,TRUE,paddler,vincenmi01,Mike Vincent,Vincent Mike,Regina,SK,CAN,NA,NA,NA,Mike & Al Express,NA
436080,2023,CLINTON70,Downriver,Canoe,P10,oc2pro,15,TRUE,31262,487,487,484,311,16,15,16,susquehanna70,NA,TRUE,paddler,shaveral01,Al Shaver,Shaver Al,Meridale,NY,USA,NA,NA,NA,Mike & Al Express,NA
227250,2016,CLINTON70,Downriver,Canoe,T12,oc2cruiser,6,TRUE,31265,488,488,485,29,48,6,48,susquehanna70,NA,TRUE,paddler,goodwike01,Ken Goodwin,Goodwin Ken,Barre,MA,USA,1,T,31265,NA,NA
227250,2016,CLINTON70,Downriver,Canoe,T12,oc2cruiser,6,TRUE,31265,488,488,485,29,48,6,48,susquehanna70,NA,TRUE,paddler,goodwiry01,Ryan Goodwin,Goodwin Ryan,Barre,MA,USA,1,T,31265,NA,NA
370138,2022,CLINTON70,Downriver,Canoe,S6,oc1pro,1,TRUE,31272,489,489,486,31,22,1,22,susquehanna70,NA,TRUE,paddler,schlimbe01,Benedict Schlimmer,Schlimmer Benedict,Camillus,NY,USA,NA,NA,NA,NA,NA
237810,2017,CLINTON70,Downriver,Canoe,X10,oc2cruisermix,6,TRUE,31279,490,490,487,30,54,6,54,susquehanna70,NA,TRUE,paddler,armstrda01,David Armstrong,Armstrong David,Silver Spring,MD,USA,1,T,31279,NA,NA
237810,2017,CLINTON70,Downriver,Canoe,X10,oc2cruisermix,6,TRUE,31279,490,490,487,30,54,6,54,susquehanna70,NA,TRUE,paddler,febeyka01,Karen Febey,Febey Karen,Silver Spring,MD,USA,1,T,31279,NA,NA
247617,2018,CLINTON70,Downriver,Canoe,X5,oc2cruisermix,3,TRUE,31282,491,491,488,31,62,3,62,susquehanna70,NA,TRUE,paddler,defeoje01,Jeff Defeo,Defeo Jeff,Chester,MA,USA,1,T,31282,NA,NA
247617,2018,CLINTON70,Downriver,Canoe,X5,oc2cruisermix,3,TRUE,31282,491,491,488,31,62,3,62,susquehanna70,NA,TRUE,paddler,fitzgebr01,Briana Fitzgerald,Fitzgerald Briana,Scotia,NY,USA,1,T,31282,NA,NA
532334,2025,CLINTON70,Downriver,Canoe,E7,oc2stock,1,TRUE,31287,492,492,489,12,75,1,75,susquehanna70,NA,TRUE,paddler,lullna01,Nate Lull,Lull Nate,Gilbertsville,NY,USA,NA,NA,NA,NA,NA
532334,2025,CLINTON70,Downriver,Canoe,E7,oc2stock,1,TRUE,31287,492,492,489,12,75,1,75,susquehanna70,NA,TRUE,paddler,sherwobr01,Brett Sherwood,Sherwood Brett,Morris,NY,USA,NA,NA,NA,NA,NA
247679,2018,CLINTON70,Downriver,Canoe,P5,oc2pro,44,TRUE,31293,493,493,490,312,63,44,63,susquehanna70,NA,TRUE,paddler,truittjo01,Joel Truitt,Truitt Joel,Houston,TX,USA,1,T,31293,NA,NA
247679,2018,CLINTON70,Downriver,Canoe,P5,oc2pro,44,TRUE,31293,493,493,490,312,63,44,63,susquehanna70,NA,TRUE,paddler,elkinsza01,Zach Elkins,Elkins Zach,Houston,TX,USA,1,T,31293,NA,NA
247680,2018,CLINTON70,Downriver,Canoe,P15,oc2pro,45,TRUE,31308,494,494,491,313,64,45,64,susquehanna70,NA,TRUE,paddler,matutejo01,Jose Matute,Matute Jose,St. Paul,MN,USA,1,T,31308,NA,NA
247680,2018,CLINTON70,Downriver,Canoe,P15,oc2pro,45,TRUE,31308,494,494,491,313,64,45,64,susquehanna70,NA,TRUE,paddler,schillma01,Maria Schilling,Schilling Maria,Minneapolis,MN,USA,1,T,31308,NA,NA
227265,2016,CLINTON70,Downriver,Canoe,V5,oc2cruisermaster,2,TRUE,31319,495,495,492,15,49,2,49,susquehanna70,NA,TRUE,paddler,pedersje01,Jeff Pedersen,Pedersen Jeff,Gilbertsville,NY,USA,1,T,31319,NA,NA
227265,2016,CLINTON70,Downriver,Canoe,V5,oc2cruisermaster,2,TRUE,31319,495,495,492,15,49,2,49,susquehanna70,NA,TRUE,paddler,olsonri01,Richard Olson,Olson Richard,Mohawk,NY,USA,1,T,31319,NA,NA
217388,2015,CLINTON70,Downriver,Canoe,S11,oc1pro,1,TRUE,31345,496,496,493,32,28,1,28,susquehanna70,NA,TRUE,paddler,waltonni01,Nick Walton,Walton Nick,Eaton Rapids,MI,USA,1,T,31345,NA,NA
208203,2014,CLINTON70,Downriver,Kayak,KL5,k1unlimited,2,TRUE,31374,497,497,4,4,84,2,2,susquehanna70,NA,TRUE,paddler,nugentbo01,Bob Nugent,Nugent Bob,Binghamton,NY,USA,1,T,31374,NA,NA
208135,2014,CLINTON70,Downriver,Canoe,B7,oc4stock,6,TRUE,31382,498,498,494,32,85,6,83,susquehanna70,NA,TRUE,paddler,crouchho01,Holly Crouch,Crouch Holly,Sherburne,NY,USA,1,T,31382,NA,NA
208135,2014,CLINTON70,Downriver,Canoe,B7,oc4stock,6,TRUE,31382,498,498,494,32,85,6,83,susquehanna70,NA,TRUE,paddler,vermiljo01,Jon Vermilyea,Vermilyea Jon,Syracuse,NY,USA,1,T,31382,NA,NA
208135,2014,CLINTON70,Downriver,Canoe,B7,oc4stock,6,TRUE,31382,498,498,494,32,85,6,83,susquehanna70,NA,TRUE,paddler,repakpa01,Paul Repak,Repak Paul,Boonsville,NY,USA,1,T,31382,NA,NA
208135,2014,CLINTON70,Downriver,Canoe,B7,oc4stock,6,TRUE,31382,498,498,494,32,85,6,83,susquehanna70,NA,TRUE,paddler,neugebri01,Richard Neugebauer,Neugebauer Richard,Skaneateles,NY,USA,1,T,31382,NA,NA
256366,2019,CLINTON70,Downriver,Canoe,T6,oc2cruiser,7,TRUE,31384,499,499,495,30,83,7,81,susquehanna70,NA,TRUE,paddler,vermiljo01,Jon Vermilyea,Vermilyea Jon,Syracuse,NY,USA,1,T,31384,NA,NA
256366,2019,CLINTON70,Downriver,Canoe,T6,oc2cruiser,7,TRUE,31384,499,499,495,30,83,7,81,susquehanna70,NA,TRUE,paddler,wagnered01,Ed Wagner,Wagner Ed,Auburn,NY,USA,1,T,31384,NA,NA
237711,2017,CLINTON70,Downriver,Canoe,B3,oc4stock,6,TRUE,31385,500,500,496,33,55,6,55,susquehanna70,NA,TRUE,paddler,trudgema01,Mandy Trudgeon,Trudgeon Mandy,Grayling,MI,USA,1,T,31385,NA,NA
237711,2017,CLINTON70,Downriver,Canoe,B3,oc4stock,6,TRUE,31385,500,500,496,33,55,6,55,susquehanna70,NA,TRUE,paddler,nadeausy01,Sylvie Nadeau,Nadeau Sylvie,St Jerome,QC,CAN,1,T,31385,NA,NA
237711,2017,CLINTON70,Downriver,Canoe,B3,oc4stock,6,TRUE,31385,500,500,496,33,55,6,55,susquehanna70,NA,TRUE,paddler,solakam01,Amy Solak,Solak Amy,Traverse City,MI,USA,1,T,31385,NA,NA
237711,2017,CLINTON70,Downriver,Canoe,B3,oc4stock,6,TRUE,31385,500,500,496,33,55,6,55,susquehanna70,NA,TRUE,paddler,reynolho01,Holly Reynolds,Reynolds Holly,Rochester,NY,USA,1,T,31385,NA,NA
532393,2025,CLINTON70,Downriver,Canoe,X4,oc2cruisermix,4,TRUE,31387,501,501,497,32,76,4,76,susquehanna70,NA,TRUE,paddler,vanossjo01,Johannes Van Osselaer,Van Osselaer Johannes,Ithaca,NY,USA,NA,NA,NA,Ducks in a Row,NA
532393,2025,CLINTON70,Downriver,Canoe,X4,oc2cruisermix,4,TRUE,31387,501,501,497,32,76,4,76,susquehanna70,NA,TRUE,paddler,flackme01,Meghan Flack,Flack Meghan,Ithaca,NY,USA,NA,NA,NA,Ducks in a Row,NA
247524,2018,CLINTON70,Downriver,Canoe,E13,oc2stock,1,TRUE,31390,502,502,498,13,65,1,65,susquehanna70,NA,TRUE,paddler,birdsaro01,Rob Birdsall,Birdsall Rob,Unadilla,NY,USA,1,T,31390,NA,NA
247524,2018,CLINTON70,Downriver,Canoe,E13,oc2stock,1,TRUE,31390,502,502,498,13,65,1,65,susquehanna70,NA,TRUE,paddler,lefeveto01,Todd LeFever,LeFever Todd,Unadilla,NY,USA,1,T,31390,NA,NA
237774,2017,CLINTON70,Downriver,Canoe,L3,oc1master,1,TRUE,31396,503,503,499,5,56,1,56,susquehanna70,NA,TRUE,paddler,cuppch01,Chris Cupp,Cupp Chris,Prince George,BC,CAN,1,T,31396,NA,NA
247618,2018,CLINTON70,Downriver,Canoe,X2,oc2cruisermix,4,TRUE,31398,504,504,500,33,66,4,66,susquehanna70,NA,TRUE,paddler,NA,David Johnston,Johnston David,sarnia,ON,CAN,1,T,31398,NA,NA
247618,2018,CLINTON70,Downriver,Canoe,X2,oc2cruisermix,4,TRUE,31398,504,504,500,33,66,4,66,susquehanna70,NA,TRUE,paddler,NA,Carlyn Johnston,Johnston Carlyn,Strathroy,ON,CAN,1,T,31398,NA,NA
227329,2016,CLINTON70,Downriver,Canoe,P47,oc2pro,35,TRUE,31409,505,505,501,314,50,35,50,susquehanna70,Mens Under 50,TRUE,paddler,NA,Shayne Baillargeon,Baillargeon Shayne,La Tuque,QC,CAN,1,T,31409,NA,NA
227329,2016,CLINTON70,Downriver,Canoe,P47,oc2pro,35,TRUE,31409,505,505,501,314,50,35,50,susquehanna70,Mens Under 50,TRUE,paddler,NA,William Jean-Langlais,Jean-Langlais William,La Tuque La Bostonnais,QC,CAN,1,T,31409,NA,NA
370201,2022,CLINTON70,Downriver,Canoe,P11,oc2pro,19,TRUE,31412,506,506,502,315,23,19,23,susquehanna70,NA,TRUE,paddler,lessarsa01,Sarah Lessard,Lessard Sarah,Les Cedres,QC,CAN,NA,NA,NA,Sisters from other Misters,NA
370201,2022,CLINTON70,Downriver,Canoe,P11,oc2pro,19,TRUE,31412,506,506,502,315,23,19,23,susquehanna70,NA,TRUE,paddler,schlimma01,Mary Schlimmer,Schlimmer Mary,Traverse City,MI,USA,NA,NA,NA,Sisters from other Misters,NA
208154,2014,CLINTON70,Downriver,Canoe,E1,oc2stock,6,TRUE,31420,507,507,503,14,86,6,84,susquehanna70,NA,TRUE,paddler,burkesh01,Shawn Burke,Burke Shawn,Andover,MA,USA,1,T,31420,NA,NA
208154,2014,CLINTON70,Downriver,Canoe,E1,oc2stock,6,TRUE,31420,507,507,503,14,86,6,84,susquehanna70,NA,TRUE,paddler,waltonto01,Thomas Walton,Walton Thomas,Contoocook,NH,USA,1,T,31420,NA,NA
256379,2019,CLINTON70,Downriver,Canoe,X4,oc2cruisermix,7,TRUE,31424,508,508,504,34,84,7,82,susquehanna70,NA,TRUE,paddler,reinerpr01,Priscilla Reinertsen,Reinertsen Priscilla,Contoocook,NH,USA,1,T,31424,NA,NA
256379,2019,CLINTON70,Downriver,Canoe,X4,oc2cruisermix,7,TRUE,31424,508,508,504,34,84,7,82,susquehanna70,NA,TRUE,paddler,millerse01,Seth Miller,Miller Seth,Norwood,MA,USA,1,T,31424,NA,NA
247606,2018,CLINTON70,Downriver,Canoe,T1,oc2cruiser,3,TRUE,31433,509,509,505,31,67,3,67,susquehanna70,NA,TRUE,paddler,vermiljo01,Jon Vermilyea,Vermilyea Jon,Syracuse,NY,USA,1,T,31433,NA,NA
247606,2018,CLINTON70,Downriver,Canoe,T1,oc2cruiser,3,TRUE,31433,509,509,505,31,67,3,67,susquehanna70,NA,TRUE,paddler,wagnered01,Ed Wagner,Wagner Ed,Auburn,NY,USA,1,T,31433,NA,NA
217374,2015,CLINTON70,Downriver,Canoe,P20,oc2pro,25,TRUE,31440,510,510,506,316,29,25,29,susquehanna70,Mixed,TRUE,paddler,reynolho01,Holly Reynolds,Reynolds Holly,Rochester,NY,USA,1,T,31440,NA,NA
217374,2015,CLINTON70,Downriver,Canoe,P20,oc2pro,25,TRUE,31440,510,510,506,316,29,25,29,susquehanna70,Mixed,TRUE,paddler,millspph01,Philip Millspaugh,Millspaugh Philip,Rochester,NY,USA,1,T,31440,NA,NA
247607,2018,CLINTON70,Downriver,Canoe,T3,oc2cruiser,4,TRUE,31440,511,511,507,32,68,4,68,susquehanna70,NA,TRUE,paddler,casalejo01,John Casale,Casale John,Southampton,MA,USA,1,T,31440,NA,NA
247607,2018,CLINTON70,Downriver,Canoe,T3,oc2cruiser,4,TRUE,31440,511,511,507,32,68,4,68,susquehanna70,NA,TRUE,paddler,kenyonte01,Ted Kenyon,Kenyon Ted,Montville,CT,USA,1,T,31440,NA,NA
370202,2022,CLINTON70,Downriver,Canoe,P22,oc2pro,20,TRUE,31450,512,512,508,317,24,20,24,susquehanna70,NA,TRUE,paddler,reeseph01,Phoebe Reese,Reese Phoebe,Oneonta,NY,USA,NA,NA,NA,Curley Wealth Management/ZRE,NA
370202,2022,CLINTON70,Downriver,Canoe,P22,oc2pro,20,TRUE,31450,512,512,508,317,24,20,24,susquehanna70,NA,TRUE,paddler,curleyed01,Ed Curley,Curley Ed,Sidney,NY,USA,NA,NA,NA,Curley Wealth Management/ZRE,NA
237798,2017,CLINTON70,Downriver,Canoe,Y2,oc2cruiserwomen,1,TRUE,31453,513,513,509,4,57,1,57,susquehanna70,NA,TRUE,paddler,botelepa01,Pam Boteler,Boteler Pam,Alexandria,VA,USA,1,T,31453,NA,NA
237798,2017,CLINTON70,Downriver,Canoe,Y2,oc2cruiserwomen,1,TRUE,31453,513,513,509,4,57,1,57,susquehanna70,NA,TRUE,paddler,rhodeske01,Kelly Rhodes,Rhodes Kelly,Silver Spring,MD,USA,1,T,31453,NA,NA
217399,2015,CLINTON70,Downriver,Canoe,T10,oc2cruiser,1,TRUE,31454,514,514,510,33,30,1,30,susquehanna70,NA,TRUE,paddler,kingma01,Matt King,King Matt,Athol,MA,USA,1,T,31454,NA,NA
217399,2015,CLINTON70,Downriver,Canoe,T10,oc2cruiser,1,TRUE,31454,514,514,510,33,30,1,30,susquehanna70,NA,TRUE,paddler,thiemza01,Zachary Thiem,Thiem Zachary,Athol,MA,USA,1,T,31454,NA,NA
227330,2016,CLINTON70,Downriver,Canoe,P7,oc2pro,36,TRUE,31456,515,515,511,318,51,36,51,susquehanna70,Mens Under 50,TRUE,paddler,ayotteph01,Philippe Ayotte,Ayotte Philippe,Shawinigan,QC,CAN,1,T,31456,NA,NA
227330,2016,CLINTON70,Downriver,Canoe,P7,oc2pro,36,TRUE,31456,515,515,511,318,51,36,51,susquehanna70,Mens Under 50,TRUE,paddler,NA,Samuel Ayotte,Ayotte Samuel,Shawinigan-Sud,QC,CAN,1,T,31456,NA,NA
227291,2016,CLINTON70,Downriver,Canoe,Y5,oc2cruiserwomen,1,TRUE,31459,516,516,512,5,52,1,52,susquehanna70,NA,TRUE,paddler,NA,Noemie Pelletier,Pelletier Noemie,Trois-Rivieres,QC,CAN,1,T,31459,NA,NA
227291,2016,CLINTON70,Downriver,Canoe,Y5,oc2cruiserwomen,1,TRUE,31459,516,516,512,5,52,1,52,susquehanna70,NA,TRUE,paddler,NA,Priscilla Thellland,Thellland Priscilla,Trois-Rivieres,QC,CAN,1,T,31459,NA,NA
237832,2017,CLINTON70,Downriver,Canoe,T12,oc2cruiser,7,TRUE,31473,517,517,513,34,58,7,58,susquehanna70,NA,TRUE,paddler,careyde01,Dennis Carey,Carey Dennis,Orange,MA,USA,1,T,31473,NA,NA
237832,2017,CLINTON70,Downriver,Canoe,T12,oc2cruiser,7,TRUE,31473,517,517,513,34,58,7,58,susquehanna70,NA,TRUE,paddler,dugasda01,David Dugas,Dugas David,Athol,MA,USA,1,T,31473,NA,NA
237767,2017,CLINTON70,Downriver,Canoe,S7,oc1pro,6,TRUE,31485,518,518,514,33,59,6,59,susquehanna70,NA,TRUE,paddler,koptafr01,Fran Kopta,Kopta Fran,Sherman,NY,USA,1,T,31485,NA,NA
435959,2023,CLINTON70,Downriver,Canoe,O1,oc4unlimited,2,TRUE,31486,519,519,515,11,17,2,17,susquehanna70,NA,TRUE,paddler,wissebo01,Bob Wisse,Wisse Bob,Oneonta,NY,USA,NA,NA,NA,Table Rock Fitness,NA
435959,2023,CLINTON70,Downriver,Canoe,O1,oc4unlimited,2,TRUE,31486,519,519,515,11,17,2,17,susquehanna70,NA,TRUE,paddler,zaverabo01,Bob Zaveral,Zaveral Bob,Mount Upton,NY,USA,NA,NA,NA,Table Rock Fitness,NA
435959,2023,CLINTON70,Downriver,Canoe,O1,oc4unlimited,2,TRUE,31486,519,519,515,11,17,2,17,susquehanna70,NA,TRUE,paddler,harrisla01,Larry Harrison,Harrison Larry,Oneonta,NY,USA,NA,NA,NA,Table Rock Fitness,NA
435959,2023,CLINTON70,Downriver,Canoe,O1,oc4unlimited,2,TRUE,31486,519,519,515,11,17,2,17,susquehanna70,NA,TRUE,paddler,shultije01,Jeff Shultis,Shultis Jeff,Otego,NY,USA,NA,NA,NA,Table Rock Fitness,NA
208211,2014,CLINTON70,Downriver,Canoe,L3,oc1master,3,TRUE,31491,520,520,516,6,87,3,85,susquehanna70,NA,TRUE,paddler,frederla01,Larry Frederick,Frederick Larry,Dunnellon,FL,USA,1,T,31491,NA,NA
435960,2023,CLINTON70,Downriver,Canoe,O2,oc4unlimited,3,TRUE,31491,521,521,517,12,18,3,18,susquehanna70,NA,TRUE,paddler,wesleygl01,Gloria Wesley,Wesley Gloria,Pittsfield,MA,USA,NA,NA,NA,Big Wave,NA
435960,2023,CLINTON70,Downriver,Canoe,O2,oc4unlimited,3,TRUE,31491,521,521,517,12,18,3,18,susquehanna70,NA,TRUE,paddler,apreaga01,Gary Aprea,Aprea Gary,Pittsfield,MA,USA,NA,NA,NA,Big Wave,NA
435960,2023,CLINTON70,Downriver,Canoe,O2,oc4unlimited,3,TRUE,31491,521,521,517,12,18,3,18,susquehanna70,NA,TRUE,paddler,garlanti01,Tim Garland,Garland Tim,Surry,NH,USA,NA,NA,NA,Big Wave,NA
435960,2023,CLINTON70,Downriver,Canoe,O2,oc4unlimited,3,TRUE,31491,521,521,517,12,18,3,18,susquehanna70,NA,TRUE,paddler,mannsjo01,Joe Manns,Manns Joe,Maplewood ,MN,USA,NA,NA,NA,Big Wave,NA
208167,2014,CLINTON70,Downriver,Canoe,G3,open,1,TRUE,31507,522,522,518,1,88,1,86,susquehanna70,NA,TRUE,paddler,robinsmi02,Miranda Robinson,Robinson Miranda,Valley Cottage,NY,USA,1,T,31507,NA,NA
208167,2014,CLINTON70,Downriver,Canoe,G3,open,1,TRUE,31507,522,522,518,1,88,1,86,susquehanna70,NA,TRUE,paddler,robinsro01,Rodney Robinson,Robinson Rodney,Otego,NY,USA,1,T,31507,NA,NA
436081,2023,CLINTON70,Downriver,Canoe,P32,oc2pro,16,TRUE,31516,523,523,519,319,19,16,19,susquehanna70,NA,TRUE,paddler,trudgeda01,Dane Trudgeon,Trudgeon Dane,East Lansing,MI,USA,NA,NA,NA,NA,NA
436081,2023,CLINTON70,Downriver,Canoe,P32,oc2pro,16,TRUE,31516,523,523,519,319,19,16,19,susquehanna70,NA,TRUE,paddler,gelinaad01,Adam Gelinas,Gelinas Adam,Leominster,MA,USA,NA,NA,NA,NA,NA
256367,2019,CLINTON70,Downriver,Canoe,T12,oc2cruiser,8,TRUE,31530,524,524,520,35,85,8,83,susquehanna70,NA,TRUE,paddler,dugasda01,David Dugas,Dugas David,Athol,MA,USA,1,T,31530,NA,NA
256367,2019,CLINTON70,Downriver,Canoe,T12,oc2cruiser,8,TRUE,31530,524,524,520,35,85,8,83,susquehanna70,NA,TRUE,paddler,smithky01,Kyle Smith,Smith Kyle,Orange,MA,USA,1,T,31530,NA,NA
436082,2023,CLINTON70,Downriver,Canoe,P33,oc2pro,17,TRUE,31532,525,525,521,320,20,17,20,susquehanna70,NA,TRUE,paddler,lessarsa01,Sarah Lessard,Lessard Sarah,Les Cedres,QC,CAN,NA,NA,NA,Bow light,NA
436082,2023,CLINTON70,Downriver,Canoe,P33,oc2pro,17,TRUE,31532,525,525,521,320,20,17,20,susquehanna70,NA,TRUE,paddler,mercielu01,Luc Mercier,Mercier Luc,Trois-Rivieres,QC,CAN,NA,NA,NA,Bow light,NA
208311,2014,CLINTON70,Downriver,Canoe,X6,oc2cruisermix,14,TRUE,31534,526,526,522,35,89,14,87,susquehanna70,NA,TRUE,paddler,mclainle01,Leza McLain,McLain Leza,Chesapeake,VA,USA,1,T,31534,NA,NA
208311,2014,CLINTON70,Downriver,Canoe,X6,oc2cruisermix,14,TRUE,31534,526,526,522,35,89,14,87,susquehanna70,NA,TRUE,paddler,mclainru01,Rusty McLain,McLain Rusty,Chesapeake,VA,USA,1,T,31534,NA,NA
256292,2019,CLINTON70,Downriver,Canoe,E16,oc2stock,7,TRUE,31537,527,527,523,15,86,7,84,susquehanna70,NA,TRUE,paddler,woolfrad01,Adam Woolfrey,Woolfrey Adam,Tweed,ON,CAN,1,T,31537,NA,NA
256292,2019,CLINTON70,Downriver,Canoe,E16,oc2stock,7,TRUE,31537,527,527,523,15,86,7,84,susquehanna70,NA,TRUE,paddler,reynolsc01,Scott Reynolds,Reynolds Scott,Stirling,ON,CAN,1,T,31537,NA,NA
227211,2016,CLINTON70,Downriver,Kayak,KL4,k1unlimited,1,TRUE,31537,528,528,5,5,53,1,1,susquehanna70,NA,TRUE,paddler,shawjo01,Joe Shaw,Shaw Joe,Worthington,MA,USA,1,T,31537,NA,NA
370203,2022,CLINTON70,Downriver,Canoe,P19,oc2pro,21,TRUE,31543,529,529,524,321,25,21,25,susquehanna70,NA,TRUE,paddler,bosske01,Kevin Boss,Boss Kevin,Swansea,MA,USA,NA,NA,NA,NA,NA
370203,2022,CLINTON70,Downriver,Canoe,P19,oc2pro,21,TRUE,31543,529,529,524,321,25,21,25,susquehanna70,NA,TRUE,paddler,hallan01,Andy Hall,Hall Andy,Arlington,MA,USA,NA,NA,NA,NA,NA
237833,2017,CLINTON70,Downriver,Canoe,T3,oc2cruiser,8,TRUE,31547,530,530,525,36,60,8,60,susquehanna70,NA,TRUE,paddler,owenje01,Jeff Owen,Owen Jeff,Orono,ME,USA,1,T,31547,NA,NA
237833,2017,CLINTON70,Downriver,Canoe,T3,oc2cruiser,8,TRUE,31547,530,530,525,36,60,8,60,susquehanna70,NA,TRUE,paddler,doyleke01,Kellen Doyle,Doyle Kellen,Orono,ME,USA,1,T,31547,NA,NA
217276,2015,CLINTON70,Downriver,Canoe,B1,oc4stock,4,TRUE,31552,531,531,526,34,31,4,31,susquehanna70,NA,TRUE,paddler,koptafr01,Fran Kopta,Kopta Fran,Sherman,NY,USA,1,T,31552,NA,NA
217276,2015,CLINTON70,Downriver,Canoe,B1,oc4stock,4,TRUE,31552,531,531,526,34,31,4,31,susquehanna70,NA,TRUE,paddler,gruberpa01,Paul Gruber,Gruber Paul,Irvine,PA,USA,1,T,31552,NA,NA
217276,2015,CLINTON70,Downriver,Canoe,B1,oc4stock,4,TRUE,31552,531,531,526,34,31,4,31,susquehanna70,NA,TRUE,paddler,martinst01,Steve Martin,Martin Steve,Ridgway,PA,USA,1,T,31552,NA,NA
217276,2015,CLINTON70,Downriver,Canoe,B1,oc4stock,4,TRUE,31552,531,531,526,34,31,4,31,susquehanna70,NA,TRUE,paddler,stoutte01,Teresa Stout,Stout Teresa,Corsica,PA,USA,1,T,31552,NA,NA
237834,2017,CLINTON70,Downriver,Canoe,T1,oc2cruiser,9,TRUE,31563,532,532,527,37,61,9,61,susquehanna70,NA,TRUE,paddler,cramerto01,Tommy Cramer,Cramer Tommy,Rock Rapids,IA,USA,1,T,31563,NA,NA
237834,2017,CLINTON70,Downriver,Canoe,T1,oc2cruiser,9,TRUE,31563,532,532,527,37,61,9,61,susquehanna70,NA,TRUE,paddler,vandorda01,David Vandorpe,Vandorpe David,Weston,MA,USA,1,T,31563,NA,NA
490100,2024,CLINTON70,Downriver,Canoe,P48,oc2pro,22,TRUE,31580,533,533,528,322,24,22,24,susquehanna70,NA,TRUE,paddler,vincenmi01,Mike Vincent,Vincent Mike,Regina,SK,CAN,NA,NA,NA,#wepaddle,NA
490100,2024,CLINTON70,Downriver,Canoe,P48,oc2pro,22,TRUE,31580,533,533,528,322,24,22,24,susquehanna70,NA,TRUE,paddler,vincenfi01,Fiona Vincent,Vincent Fiona,Regina,SK,CAN,NA,NA,NA,#wepaddle,NA
217375,2015,CLINTON70,Downriver,Canoe,P31,oc2pro,26,TRUE,31588,534,534,529,323,32,26,32,susquehanna70,Mens Under 50,TRUE,paddler,darchech01,Charles Darchen,Darchen Charles,Trois-Rivieres,QC,CAN,1,T,31588,NA,NA
217375,2015,CLINTON70,Downriver,Canoe,P31,oc2pro,26,TRUE,31588,534,534,529,323,32,26,32,susquehanna70,Mens Under 50,TRUE,paddler,lamontjo01,Joel Lamontagne,Lamontagne Joel,Shawinigan-Sud,QC,CAN,1,T,31588,NA,NA
247608,2018,CLINTON70,Downriver,Canoe,T6,oc2cruiser,5,TRUE,31594,535,535,530,38,69,5,69,susquehanna70,NA,TRUE,paddler,mclainga01,Gary Mclain,Mclain Gary,Ballston spa,NY,USA,1,T,31594,NA,NA
247608,2018,CLINTON70,Downriver,Canoe,T6,oc2cruiser,5,TRUE,31594,535,535,530,38,69,5,69,susquehanna70,NA,TRUE,paddler,kirkdy01,Dylan Kirk,Kirk Dylan,Ray Brook,NY,USA,1,T,31594,NA,NA
227331,2016,CLINTON70,Downriver,Canoe,P2,oc2pro,37,TRUE,31624,536,536,531,324,54,37,53,susquehanna70,Mixed,TRUE,paddler,NA,Francis Hilden,Hilden Francis,Tarpon Springs,FL,USA,1,T,31624,NA,NA
227331,2016,CLINTON70,Downriver,Canoe,P2,oc2pro,37,TRUE,31624,536,536,531,324,54,37,53,susquehanna70,Mixed,TRUE,paddler,NA,John Edwards,Edwards John,St. Petersburg,FL,USA,1,T,31624,NA,NA
247593,2018,CLINTON70,Downriver,Canoe,S5,oc1pro,4,TRUE,31625,537,537,532,34,70,4,70,susquehanna70,NA,TRUE,paddler,mercielu01,Luc Mercier,Mercier Luc,Trois-Rivieres,QC,CAN,1,T,31625,NA,NA
490101,2024,CLINTON70,Downriver,Canoe,P46,oc2pro,23,TRUE,31635,538,538,533,325,25,23,25,susquehanna70,NA,TRUE,paddler,kirkdy01,Dylan Kirk,Kirk Dylan,Jacks Reef,NY,USA,NA,NA,NA,Billy Goat Boats,NA
490101,2024,CLINTON70,Downriver,Canoe,P46,oc2pro,23,TRUE,31635,538,538,533,325,25,23,25,susquehanna70,NA,TRUE,paddler,NA,Jackson Tucker,Tucker Jackson,Grand Rapids ,MI,USA,NA,NA,NA,Billy Goat Boats,NA
490102,2024,CLINTON70,Downriver,Canoe,P12,oc2pro,24,TRUE,31636,539,539,534,326,26,24,26,susquehanna70,NA,TRUE,paddler,martinca01,Carlos Martinez,Martinez Carlos,Montreal,QC,CAN,NA,NA,NA,NA,NA
256320,2019,CLINTON70,Downriver,Canoe,L7,oc1master,2,TRUE,31637,540,540,535,7,87,2,85,susquehanna70,NA,TRUE,paddler,anusiest01,Stan Anusiewicz,Anusiewicz Stan,Brights Grove,ON,CAN,1,T,31637,NA,NA
227332,2016,CLINTON70,Downriver,Canoe,P13,oc2pro,38,TRUE,31638,541,541,536,327,55,38,54,susquehanna70,Mens Under 50,TRUE,paddler,mackjo01,Joel Mack,Mack Joel,Grayling,MI,USA,1,T,31638,NA,NA
227332,2016,CLINTON70,Downriver,Canoe,P13,oc2pro,38,TRUE,31638,541,541,536,327,55,38,54,susquehanna70,Mens Under 50,TRUE,paddler,stonehky01,Kyle Stonehouse,Stonehouse Kyle,Tawas City,MI,USA,1,T,31638,NA,NA
532387,2025,CLINTON70,Downriver,Canoe,Y3,oc2cruiserwomen,1,TRUE,31640,542,542,537,6,77,1,77,susquehanna70,NA,TRUE,paddler,levittka01,Karen Pleasant,Pleasant Karen,Greenfield,MA,USA,NA,NA,NA,Wordle Girls,NA
532387,2025,CLINTON70,Downriver,Canoe,Y3,oc2cruiserwomen,1,TRUE,31640,542,542,537,6,77,1,77,susquehanna70,NA,TRUE,paddler,harberio01,Io Harberts,Harberts Io,Saint Paul,MN,USA,NA,NA,NA,Wordle Girls,NA
370204,2022,CLINTON70,Downriver,Canoe,P9,oc2pro,22,TRUE,31641,543,543,538,328,26,22,26,susquehanna70,NA,TRUE,paddler,wilsonbr01,Brad Wilson,Wilson Brad,Rockford,MI,USA,NA,NA,NA,West Michigan Paddle Club,NA
370204,2022,CLINTON70,Downriver,Canoe,P9,oc2pro,22,TRUE,31641,543,543,538,328,26,22,26,susquehanna70,NA,TRUE,paddler,NA,Douglas Dalman,Dalman Douglas,Coopersville,MI,USA,NA,NA,NA,West Michigan Paddle Club,NA
217376,2015,CLINTON70,Downriver,Canoe,P21,oc2pro,27,TRUE,31646,544,544,539,329,33,27,33,susquehanna70,Mixed,TRUE,paddler,limberal01,Allen Limberg,Limberg Allen,Wausau,WI,USA,1,T,31646,NA,NA
217376,2015,CLINTON70,Downriver,Canoe,P21,oc2pro,27,TRUE,31646,544,544,539,329,33,27,33,susquehanna70,Mixed,TRUE,paddler,bradleba01,Barb Bradley,Bradley Barb,Wausau,WI,USA,1,T,31646,NA,NA
208136,2014,CLINTON70,Downriver,Canoe,B2,oc4stock,7,TRUE,31648,545,545,540,35,90,7,88,susquehanna70,NA,TRUE,paddler,NA,Brent Williams,Williams Brent,Laurens,NY,USA,1,T,31648,NA,NA
208136,2014,CLINTON70,Downriver,Canoe,B2,oc4stock,7,TRUE,31648,545,545,540,35,90,7,88,susquehanna70,NA,TRUE,paddler,sherwobr01,Brett Sherwood,Sherwood Brett,Morris,NY,USA,1,T,31648,NA,NA
208136,2014,CLINTON70,Downriver,Canoe,B2,oc4stock,7,TRUE,31648,545,545,540,35,90,7,88,susquehanna70,NA,TRUE,paddler,stittda01,Dave Stitt,Stitt Dave,Ballston Spa,NY,USA,1,T,31648,NA,NA
208136,2014,CLINTON70,Downriver,Canoe,B2,oc4stock,7,TRUE,31648,545,545,540,35,90,7,88,susquehanna70,NA,TRUE,paddler,sawyerja01,James Sawyer,Sawyer James,Starksboro,VT,USA,1,T,31648,NA,NA
227272,2016,CLINTON70,Downriver,Canoe,X4,oc2cruisermix,1,TRUE,31660,546,546,541,36,56,1,55,susquehanna70,NA,TRUE,paddler,olneyjo01,Joann Olney,Olney Joann,Westernville,NY,USA,1,T,31660,NA,NA
227272,2016,CLINTON70,Downriver,Canoe,X4,oc2cruisermix,1,TRUE,31660,546,546,541,36,56,1,55,susquehanna70,NA,TRUE,paddler,olneypa01,Paul Olney,Olney Paul,Westernville,NY,USA,1,T,31660,NA,NA
227273,2016,CLINTON70,Downriver,Canoe,X16,oc2cruisermix,2,TRUE,31662,547,547,542,37,57,2,56,susquehanna70,NA,TRUE,paddler,fitzgebr01,Briana Fitzgerald,Fitzgerald Briana,Scotia,NY,USA,1,T,31662,NA,NA
227273,2016,CLINTON70,Downriver,Canoe,X16,oc2cruisermix,2,TRUE,31662,547,547,542,37,57,2,56,susquehanna70,NA,TRUE,paddler,careyde01,Dennis Carey,Carey Dennis,Orange,MA,USA,1,T,31662,NA,NA
370205,2022,CLINTON70,Downriver,Canoe,P46,oc2pro,23,TRUE,31677,548,548,543,330,27,23,27,susquehanna70,NA,TRUE,paddler,lowrygr01,Greg Lowry,Lowry Greg,Denville,NJ,USA,NA,NA,NA,NA,NA
370205,2022,CLINTON70,Downriver,Canoe,P46,oc2pro,23,TRUE,31677,548,548,543,330,27,23,27,susquehanna70,NA,TRUE,paddler,swislome01,Melissa Swislosky,Swislosky Melissa,Mount Upton,NY,USA,NA,NA,NA,NA,NA
436083,2023,CLINTON70,Downriver,Canoe,P39,oc2pro,18,TRUE,31690,549,549,544,331,21,18,21,susquehanna70,NA,TRUE,paddler,wyattcl01,Clay Wyatt,Wyatt Clay,Sequin,TX,USA,NA,NA,NA,Senders Only,NA
436083,2023,CLINTON70,Downriver,Canoe,P39,oc2pro,18,TRUE,31690,549,549,544,331,21,18,21,susquehanna70,NA,TRUE,paddler,mynarky01,Kyle Mynar,Mynar Kyle,San Marcos,TX,USA,NA,NA,NA,Senders Only,NA
227333,2016,CLINTON70,Downriver,Canoe,P6,oc2pro,39,TRUE,31701,550,550,545,332,58,39,57,susquehanna70,Mens Under 50,TRUE,paddler,brabanse01,Sean Brabant,Brabant Sean,Grayling,MI,USA,1,T,31701,NA,NA
227333,2016,CLINTON70,Downriver,Canoe,P6,oc2pro,39,TRUE,31701,550,550,545,332,58,39,57,susquehanna70,Mens Under 50,TRUE,paddler,cartieyv01,Yves Cartier,Cartier Yves,Tequesta,FL,USA,1,T,31701,NA,NA
490103,2024,CLINTON70,Downriver,Canoe,P7,oc2pro,25,TRUE,31709,551,551,546,333,27,25,27,susquehanna70,NA,TRUE,paddler,batwayer01,Eric Batway,Batway Eric,Grayling,MI,USA,NA,NA,NA,NA,NA
490103,2024,CLINTON70,Downriver,Canoe,P7,oc2pro,25,TRUE,31709,551,551,546,333,27,25,27,susquehanna70,NA,TRUE,paddler,millerst01,Stephen Miller,Miller Stephen,Groton,MA,USA,NA,NA,NA,NA,NA
490104,2024,CLINTON70,Downriver,Canoe,P13,oc2pro,26,TRUE,31720,552,552,547,334,28,26,28,susquehanna70,NA,TRUE,paddler,lowrygr01,Greg Lowry,Lowry Greg,Denville,NJ,USA,NA,NA,NA,HACKED 2.0,NA
490104,2024,CLINTON70,Downriver,Canoe,P13,oc2pro,26,TRUE,31720,552,552,547,334,28,26,28,susquehanna70,NA,TRUE,paddler,webbjo01,Jon Webb,Webb Jon,Mio,MI,USA,NA,NA,NA,HACKED 2.0,NA
227238,2016,CLINTON70,Downriver,Canoe,S7,oc1pro,3,TRUE,31726,553,553,548,35,59,3,58,susquehanna70,NA,TRUE,paddler,kazimijo01,John Kazimierczyk,Kazimierczyk John,Richmond,NH,USA,1,T,31726,NA,NA
247629,2018,CLINTON70,Downriver,Canoe,V10,oc2cruisermaster,4,TRUE,31727,554,554,549,16,71,4,71,susquehanna70,NA,TRUE,paddler,pedersje01,Jeff Pedersen,Pedersen Jeff,Gilbertsville,NY,USA,1,T,31727,NA,NA
247629,2018,CLINTON70,Downriver,Canoe,V10,oc2cruisermaster,4,TRUE,31727,554,554,549,16,71,4,71,susquehanna70,NA,TRUE,paddler,youngjo01,John Young,Young John,Portlandville,NY,USA,1,T,31727,NA,NA
208312,2014,CLINTON70,Downriver,Canoe,X10,oc2cruisermix,15,TRUE,31748,555,555,550,38,91,15,89,susquehanna70,NA,TRUE,paddler,NA,Glen Cooley,Cooley Glen,Scotia,NY,USA,1,T,31748,NA,NA
208312,2014,CLINTON70,Downriver,Canoe,X10,oc2cruisermix,15,TRUE,31748,555,555,550,38,91,15,89,susquehanna70,NA,TRUE,paddler,cooleyli01,Linda Cooley,Cooley Linda,Scotia,NY,USA,1,T,31748,NA,NA
247594,2018,CLINTON70,Downriver,Canoe,S6,oc1pro,5,TRUE,31749,556,556,551,36,72,5,72,susquehanna70,NA,TRUE,paddler,packarmi01,Mike Packard,Packard Mike,Oneonta,NY,USA,1,T,31749,NA,NA
256380,2019,CLINTON70,Downriver,Canoe,X8,oc2cruisermix,8,TRUE,31766,557,557,552,39,88,8,86,susquehanna70,NA,TRUE,paddler,casalejo01,John Casale,Casale John,Southampton,MA,USA,1,T,31766,NA,NA
256380,2019,CLINTON70,Downriver,Canoe,X8,oc2cruisermix,8,TRUE,31766,557,557,552,39,88,8,86,susquehanna70,NA,TRUE,paddler,hamiltma02,Mary Hamilton,Hamilton Mary,Keene,NH,USA,1,T,31766,NA,NA
217389,2015,CLINTON70,Downriver,Canoe,S9,oc1pro,2,TRUE,31772,558,558,553,37,34,2,34,susquehanna70,NA,TRUE,paddler,lyesiubr01,Brent Lyesiuk,Lyesiuk Brent,Orange,MA,USA,1,T,31772,NA,NA
208212,2014,CLINTON70,Downriver,Canoe,L18,oc1master,4,TRUE,31790,559,559,554,8,92,4,90,susquehanna70,NA,TRUE,paddler,wingal01,Alex Wing,Wing Alex,Morris,NY,USA,1,T,31790,NA,NA
208168,2014,CLINTON70,Downriver,Canoe,G14,open,2,TRUE,31791,560,560,555,2,93,2,91,susquehanna70,NA,TRUE,paddler,jeraulmi01,Michael Jerauld,Jerauld Michael,Otego,NY,USA,1,T,31791,NA,NA
208168,2014,CLINTON70,Downriver,Canoe,G14,open,2,TRUE,31791,560,560,555,2,93,2,91,susquehanna70,NA,TRUE,paddler,lullna01,Nate Lull,Lull Nate,Gilbertsville,NY,USA,1,T,31791,NA,NA
532376,2025,CLINTON70,Downriver,Kayak,KL4,k1unlimited,1,TRUE,31791,561,561,6,6,78,1,1,susquehanna70,NA,TRUE,paddler,fleminor01,Orion Fleming,Fleming Orion,Brattleboro ,VT,USA,NA,NA,NA,NA,NA
208137,2014,CLINTON70,Downriver,Canoe,B9,oc4stock,8,TRUE,31797,562,562,556,36,94,8,92,susquehanna70,NA,TRUE,paddler,NA,Angela Juul,Juul Angela,Philadelphia,PA,USA,1,T,31797,NA,NA
208137,2014,CLINTON70,Downriver,Canoe,B9,oc4stock,8,TRUE,31797,562,562,556,36,94,8,92,susquehanna70,NA,TRUE,paddler,culberca01,Carol Culbertson,Culbertson Carol,Exeter,NH,USA,1,T,31797,NA,NA
208137,2014,CLINTON70,Downriver,Canoe,B9,oc4stock,8,TRUE,31797,562,562,556,36,94,8,92,susquehanna70,NA,TRUE,paddler,jeanesju01,Judy Jeanes,Jeanes Judy,Devon,PA,USA,1,T,31797,NA,NA
208137,2014,CLINTON70,Downriver,Canoe,B9,oc4stock,8,TRUE,31797,562,562,556,36,94,8,92,susquehanna70,NA,TRUE,paddler,NA,Ken Wong,Wong Ken,Philadelphia,PA,USA,1,T,31797,NA,NA
247595,2018,CLINTON70,Downriver,Canoe,S1,oc1pro,6,TRUE,31800,563,563,557,38,73,6,73,susquehanna70,NA,TRUE,paddler,schlimma01,Mary Schlimmer,Schlimmer Mary,Homer,MI,USA,1,T,31800,NA,NA
208155,2014,CLINTON70,Downriver,Canoe,E13,oc2stock,7,TRUE,31808,564,564,558,16,95,7,93,susquehanna70,NA,TRUE,paddler,goocheji01,Jim Goochee,Goochee Jim,Port Allegany,PA,USA,1,T,31808,NA,NA
208155,2014,CLINTON70,Downriver,Canoe,E13,oc2stock,7,TRUE,31808,564,564,558,16,95,7,93,susquehanna70,NA,TRUE,paddler,stoddast01,Steve Stoddard,Stoddard Steve,Cory,PA,USA,1,T,31808,NA,NA
208156,2014,CLINTON70,Downriver,Canoe,E12,oc2stock,8,TRUE,31824,565,565,559,17,96,8,94,susquehanna70,NA,TRUE,paddler,NA,Nathan Derr,Derr Nathan,Unadilla,NY,USA,1,T,31824,NA,NA
208156,2014,CLINTON70,Downriver,Canoe,E12,oc2stock,8,TRUE,31824,565,565,559,17,96,8,94,susquehanna70,NA,TRUE,paddler,hallri01,Rich Hall,Hall Rich,Gilbertsville,NY,USA,1,T,31824,NA,NA
237835,2017,CLINTON70,Downriver,Canoe,T18,oc2cruiser,10,TRUE,31828,566,566,560,39,62,10,62,susquehanna70,NA,TRUE,paddler,partrijo01,John Partridge,Partridge John,Unadilla,NY,USA,1,T,31828,NA,NA
237835,2017,CLINTON70,Downriver,Canoe,T18,oc2cruiser,10,TRUE,31828,566,566,560,39,62,10,62,susquehanna70,NA,TRUE,paddler,NA,Stefan Partridge,Partridge Stefan,New City,NY,USA,1,T,31828,NA,NA
237768,2017,CLINTON70,Downriver,Canoe,S1,oc1pro,7,TRUE,31840,567,567,561,39,63,7,63,susquehanna70,NA,TRUE,paddler,kirkdy01,Dylan Kirk,Kirk Dylan,Ray Brook,NY,USA,1,T,31840,NA,NA
217400,2015,CLINTON70,Downriver,Canoe,T3,oc2cruiser,2,TRUE,31875,568,568,562,40,35,2,35,susquehanna70,NA,TRUE,paddler,palmerbr01,Brayton Palmer,Palmer Brayton,Morris,NY,USA,1,T,31875,NA,NA
217400,2015,CLINTON70,Downriver,Canoe,T3,oc2cruiser,2,TRUE,31875,568,568,562,40,35,2,35,susquehanna70,NA,TRUE,paddler,palmerma01,Matthew Palmer,Palmer Matthew,Morris,NY,USA,1,T,31875,NA,NA
217415,2015,CLINTON70,Downriver,Canoe,V10,oc2cruisermaster,1,TRUE,31876,569,569,563,17,36,1,36,susquehanna70,NA,TRUE,paddler,howarddo01,Doug Howard,Howard Doug,Townshend,VT,USA,1,T,31876,NA,NA
217415,2015,CLINTON70,Downriver,Canoe,V10,oc2cruisermaster,1,TRUE,31876,569,569,563,17,36,1,36,susquehanna70,NA,TRUE,paddler,lyesiuni01,Nick Lyesiuk,Lyesiuk Nick,Orange,MA,USA,1,T,31876,NA,NA
256430,2019,CLINTON70,Downriver,Canoe,P29,oc2pro,40,TRUE,31880,570,570,564,335,89,40,87,susquehanna70,NA,TRUE,paddler,NA,Nickie Rice-Owens,Rice-Owens Nickie,Frederic,MI,USA,1,T,31880,NA,NA
256430,2019,CLINTON70,Downriver,Canoe,P29,oc2pro,40,TRUE,31880,570,570,564,335,89,40,87,susquehanna70,NA,TRUE,paddler,NA,Douglas Dalman,Dalman Douglas,Coopersville,MI,USA,1,T,31880,NA,NA
370139,2022,CLINTON70,Downriver,Canoe,S1,oc1pro,2,TRUE,31880,571,571,565,40,28,2,28,susquehanna70,NA,TRUE,paddler,olsonke01,Kevin Olson,Olson Kevin,Parrish,FL,USA,NA,NA,NA,GRB,NA
208262,2014,CLINTON70,Downriver,Canoe,R8,oc1stock,1,TRUE,31904,572,572,566,1,97,1,95,susquehanna70,NA,TRUE,paddler,kirkdy01,Dylan Kirk,Kirk Dylan,Ray Brook,NY,USA,1,T,31904,NA,NA
227274,2016,CLINTON70,Downriver,Canoe,X17,oc2cruisermix,3,TRUE,31925,573,573,567,40,60,3,59,susquehanna70,NA,TRUE,paddler,havensda01,Dan Havens,Havens Dan,Viennia,VA,USA,1,T,31925,NA,NA
227274,2016,CLINTON70,Downriver,Canoe,X17,oc2cruisermix,3,TRUE,31925,573,573,567,40,60,3,59,susquehanna70,NA,TRUE,paddler,rhodeske01,Kelly Rhodes,Rhodes Kelly,Silver Spring,MD,USA,1,T,31925,NA,NA
370206,2022,CLINTON70,Downriver,Canoe,P18,oc2pro,24,TRUE,31930,574,574,568,336,29,24,29,susquehanna70,NA,TRUE,paddler,hillza01,Zak Hill,Hill Zak,Saratoga Springs,NY,USA,NA,NA,NA,Hill Bros,NA
370206,2022,CLINTON70,Downriver,Canoe,P18,oc2pro,24,TRUE,31930,574,574,568,336,29,24,29,susquehanna70,NA,TRUE,paddler,hillta01,Tad Hill,Hill Tad,Livonia,MI,USA,NA,NA,NA,Hill Bros,NA
256438,2019,CLINTON70,Downriver,Canoe,B1,oc4stock,6,TRUE,31941,575,575,569,37,90,6,88,susquehanna70,NA,TRUE,paddler,crouchho01,Holly Crouch,Crouch Holly,Sherburne,NY,USA,1,T,31941,NA,NA
256438,2019,CLINTON70,Downriver,Canoe,B1,oc4stock,6,TRUE,31941,575,575,569,37,90,6,88,susquehanna70,NA,TRUE,paddler,NA,Tristan Watford,Watford Tristan,Bainbridge,NY,USA,1,T,31941,NA,NA
256438,2019,CLINTON70,Downriver,Canoe,B1,oc4stock,6,TRUE,31941,575,575,569,37,90,6,88,susquehanna70,NA,TRUE,paddler,gilesam01,Amber Giles,Giles Amber,Sidney,NY,USA,1,T,31941,NA,NA
256438,2019,CLINTON70,Downriver,Canoe,B1,oc4stock,6,TRUE,31941,575,575,569,37,90,6,88,susquehanna70,NA,TRUE,paddler,fisherdu01,Duke Fisher,Fisher Duke,Bainbridge,NY,USA,1,T,31941,NA,NA
237799,2017,CLINTON70,Downriver,Canoe,Y3,oc2cruiserwomen,2,TRUE,31952,576,576,570,7,64,2,64,susquehanna70,NA,TRUE,paddler,kozareje01,Jessica Kozarek,Kozarek Jessica,Minneapolis,MN,USA,1,T,31952,NA,NA
237799,2017,CLINTON70,Downriver,Canoe,Y3,oc2cruiserwomen,2,TRUE,31952,576,576,570,7,64,2,64,susquehanna70,NA,TRUE,paddler,schillma01,Maria Schilling,Schilling Maria,Minneapolis,MN,USA,1,T,31952,NA,NA
370161,2022,CLINTON70,Downriver,Canoe,T4,oc2cruiser,1,TRUE,31952,577,577,571,41,30,1,30,susquehanna70,NA,TRUE,paddler,allisojo01,Joseph Allison,Allison Joseph,Morris,NY,USA,NA,NA,NA,NA,NA
370161,2022,CLINTON70,Downriver,Canoe,T4,oc2cruiser,1,TRUE,31952,577,577,571,41,30,1,30,susquehanna70,NA,TRUE,paddler,bachorst01,Steve Bachorik,Bachorik Steve,Hartwick,NY,USA,NA,NA,NA,NA,NA
436084,2023,CLINTON70,Downriver,Canoe,P26,oc2pro,19,TRUE,31965,578,578,572,337,22,19,22,susquehanna70,NA,TRUE,paddler,meckleda01,Dan Mecklenburg,Mecklenburg Dan,Columbus,OH,USA,NA,NA,NA,Mecklenburg,NA
436084,2023,CLINTON70,Downriver,Canoe,P26,oc2pro,19,TRUE,31965,578,578,572,337,22,19,22,susquehanna70,NA,TRUE,paddler,meckletr01,Travis Mecklenburg,Mecklenburg Travis,Columbus,OH,USA,NA,NA,NA,Mecklenburg,NA
237811,2017,CLINTON70,Downriver,Canoe,X19,oc2cruisermix,7,TRUE,31981,579,579,573,41,65,7,65,susquehanna70,NA,TRUE,paddler,colliejo01,John Collier,Collier John,Richmondville,NY,USA,1,T,31981,NA,NA
237811,2017,CLINTON70,Downriver,Canoe,X19,oc2cruisermix,7,TRUE,31981,579,579,573,41,65,7,65,susquehanna70,NA,TRUE,paddler,collieer01,Erica Collier,Collier Erica,Cooperstown,NY,USA,1,T,31981,NA,NA
256381,2019,CLINTON70,Downriver,Canoe,X9,oc2cruisermix,9,TRUE,31991,580,580,574,42,91,9,89,susquehanna70,NA,TRUE,paddler,payneth01,Thomas Payne,Payne Thomas,Tewksbury,MA,USA,1,T,31991,NA,NA
256381,2019,CLINTON70,Downriver,Canoe,X9,oc2cruisermix,9,TRUE,31991,580,580,574,42,91,9,89,susquehanna70,NA,TRUE,paddler,supercsa01,Sandra Superchi,Superchi Sandra,New Salem,MA,USA,1,T,31991,NA,NA
217390,2015,CLINTON70,Downriver,Canoe,S5,oc1pro,3,TRUE,31992,581,581,575,41,37,3,37,susquehanna70,NA,TRUE,paddler,kazimijo01,John Kazimierczyk,Kazimierczyk John,Richmond,NH,USA,1,T,31992,NA,NA
370207,2022,CLINTON70,Downriver,Canoe,P34,oc2pro,25,TRUE,32012,582,582,576,338,31,25,31,susquehanna70,NA,TRUE,paddler,goodwike01,Ken Goodwin,Goodwin Ken,Barre,MA,USA,NA,NA,NA,Goodwin-King,NA
370207,2022,CLINTON70,Downriver,Canoe,P34,oc2pro,25,TRUE,32012,582,582,576,338,31,25,31,susquehanna70,NA,TRUE,paddler,kingma01,Matt King,King Matt,Athol,MA,USA,NA,NA,NA,Goodwin-King,NA
247681,2018,CLINTON70,Downriver,Canoe,P8,oc2pro,46,TRUE,32016,583,583,577,339,74,46,74,susquehanna70,NA,TRUE,paddler,sutterre01,Rebecca Sutter,Sutter Rebecca,Saranac Lake,NY,USA,1,T,32016,NA,NA
247681,2018,CLINTON70,Downriver,Canoe,P8,oc2pro,46,TRUE,32016,583,583,577,339,74,46,74,susquehanna70,NA,TRUE,paddler,braxde01,Debbie Brax,Brax Debbie,bay village,OH,USA,1,T,32016,NA,NA
247602,2018,CLINTON70,Downriver,Canoe,U1,oc2cruisersenior,3,TRUE,32017,584,584,578,10,75,3,75,susquehanna70,NA,TRUE,paddler,kilgorjo01,Jon Kilgore,Kilgore Jon,Minnetonka,MN,USA,1,T,32017,NA,NA
247602,2018,CLINTON70,Downriver,Canoe,U1,oc2cruisersenior,3,TRUE,32017,584,584,578,10,75,3,75,susquehanna70,NA,TRUE,paddler,dahlda01,Dave Dahl,Dahl Dave,Maple Grove,MN,USA,1,T,32017,NA,NA
217401,2015,CLINTON70,Downriver,Canoe,T16,oc2cruiser,3,TRUE,32031,585,585,579,42,38,3,38,susquehanna70,NA,TRUE,paddler,pagero01,Rock Page,Page Rock,Mont-Laurier,QC,CAN,1,T,32031,NA,NA
217401,2015,CLINTON70,Downriver,Canoe,T16,oc2cruiser,3,TRUE,32031,585,585,579,42,38,3,38,susquehanna70,NA,TRUE,paddler,pagesi01,Simon Page,Page Simon,Mont Laurier,QC,CAN,1,T,32031,NA,NA
227266,2016,CLINTON70,Downriver,Canoe,V4,oc2cruisermaster,3,TRUE,32032,586,586,580,18,61,3,60,susquehanna70,NA,TRUE,paddler,mcandrma01,Mark McAndrew,McAndrew Mark,East Hardwick,VT,USA,1,T,32032,NA,NA
227266,2016,CLINTON70,Downriver,Canoe,V4,oc2cruisermaster,3,TRUE,32032,586,586,580,18,61,3,60,susquehanna70,NA,TRUE,paddler,sandne01,Neal Sand,Sand Neal,Milton,VT,USA,1,T,32032,NA,NA
532361,2025,CLINTON70,Downriver,Canoe,L2,oc1master,2,TRUE,32037,587,587,581,9,79,2,78,susquehanna70,NA,TRUE,paddler,sandne01,Neal Sand,Sand Neal,Milton,VT,USA,NA,NA,NA,VerMonster,NA
490105,2024,CLINTON70,Downriver,Canoe,P43,oc2pro,27,TRUE,32043,588,588,582,340,29,27,29,susquehanna70,NA,TRUE,paddler,mcmillol01,Oliver McMillan,McMillan Oliver,Ottawa,ON,CAN,NA,NA,NA,O.D. on Paddling,NA
490105,2024,CLINTON70,Downriver,Canoe,P43,oc2pro,27,TRUE,32043,588,588,582,340,29,27,29,susquehanna70,NA,TRUE,paddler,coulsode01,Dean Coulson,Coulson Dean,Kearney,ON,CAN,NA,NA,NA,O.D. on Paddling,NA
370208,2022,CLINTON70,Downriver,Canoe,P1,oc2pro,26,TRUE,32045,589,589,583,341,32,26,32,susquehanna70,NA,TRUE,paddler,truittke01,Kelly Truitt,Truitt Kelly,Indian Rocks Beach,FL,USA,NA,NA,NA,Dolphin Chasers,NA
370208,2022,CLINTON70,Downriver,Canoe,P1,oc2pro,26,TRUE,32045,589,589,583,341,32,26,32,susquehanna70,NA,TRUE,paddler,robertme01,Megan Roberts,Roberts Megan,Glenside,PA,USA,NA,NA,NA,Dolphin Chasers,NA
436085,2023,CLINTON70,Downriver,Canoe,P14,oc2pro,20,TRUE,32045,590,590,584,342,23,20,23,susquehanna70,NA,TRUE,paddler,machated01,Edith Machattie,Machattie Edith,Saskatoon,SK,CAN,NA,NA,NA,Schlimhattie,NA
436085,2023,CLINTON70,Downriver,Canoe,P14,oc2pro,20,TRUE,32045,590,590,584,342,23,20,23,susquehanna70,NA,TRUE,paddler,schlimma01,Mary Schlimmer-Willoughby,Schlimmer-Willoughby Mary,Traverse City,MI,USA,NA,NA,NA,Schlimhattie,NA
489986,2024,CLINTON70,Downriver,Canoe,O2,oc4unlimited,3,TRUE,32050,591,591,585,13,30,3,30,susquehanna70,NA,TRUE,paddler,wesleygl01,Gloria Wesley,Wesley Gloria,Pittsfield,MA,USA,NA,NA,NA,NA,NA
489986,2024,CLINTON70,Downriver,Canoe,O2,oc4unlimited,3,TRUE,32050,591,591,585,13,30,3,30,susquehanna70,NA,TRUE,paddler,apreaga01,Gary Aprea,Aprea Gary,Pittsfield,MA,USA,NA,NA,NA,NA,NA
489986,2024,CLINTON70,Downriver,Canoe,O2,oc4unlimited,3,TRUE,32050,591,591,585,13,30,3,30,susquehanna70,NA,TRUE,paddler,garlanti01,Tim Garland,Garland Tim,Surry,NH,USA,NA,NA,NA,NA,NA
489986,2024,CLINTON70,Downriver,Canoe,O2,oc4unlimited,3,TRUE,32050,591,591,585,13,30,3,30,susquehanna70,NA,TRUE,paddler,bartonbr01,Bruce Barton,Barton Bruce,Homer,MI,USA,NA,NA,NA,NA,NA
256368,2019,CLINTON70,Downriver,Canoe,T4,oc2cruiser,9,TRUE,32051,592,592,586,43,92,9,90,susquehanna70,NA,TRUE,paddler,daviauga01,gaetan daviault,daviault gaetan,trois-riviieres,QC,CAN,1,T,32051,NA,NA
256368,2019,CLINTON70,Downriver,Canoe,T4,oc2cruiser,9,TRUE,32051,592,592,586,43,92,9,90,susquehanna70,NA,TRUE,paddler,daviauya01,yannick daviault,daviault yannick,trois-rivieres,QC,CAN,1,T,32051,NA,NA
237793,2017,CLINTON70,Downriver,Canoe,V1,oc2cruisermaster,2,TRUE,32055,593,593,587,19,66,2,66,susquehanna70,NA,TRUE,paddler,sandne01,Neal Sand,Sand Neal,Milton,VT,USA,1,T,32055,NA,NA
237793,2017,CLINTON70,Downriver,Canoe,V1,oc2cruisermaster,2,TRUE,32055,593,593,587,19,66,2,66,susquehanna70,NA,TRUE,paddler,mcandrma01,Mark McAndrew,McAndrew Mark,East Hardwick,VT,USA,1,T,32055,NA,NA
256384,2019,CLINTON70,Downriver,Canoe,Y4,oc2cruiserwomen,1,TRUE,32062,594,594,588,8,93,1,91,susquehanna70,NA,TRUE,paddler,NA,Rebecca Pinkus,Pinkus Rebecca,Arlington,VA,USA,1,T,32062,NA,NA
256384,2019,CLINTON70,Downriver,Canoe,Y4,oc2cruiserwomen,1,TRUE,32062,594,594,588,8,93,1,91,susquehanna70,NA,TRUE,paddler,rammli01,Lisa Ramm,Ramm Lisa,Arlington,VA,USA,1,T,32062,NA,NA
237842,2017,CLINTON70,Downriver,Canoe,U11,oc2cruisersenior,2,TRUE,32073,595,595,589,11,67,2,67,susquehanna70,NA,TRUE,paddler,braultpi01,Pierre Brault,Brault Pierre,Gatineau,QC,CAN,1,T,32073,NA,NA
237842,2017,CLINTON70,Downriver,Canoe,U11,oc2cruisersenior,2,TRUE,32073,595,595,589,11,67,2,67,susquehanna70,NA,TRUE,paddler,NA,Luc Lefebvre,Lefebvre Luc,Mont-Laurier,QC,CAN,1,T,32073,NA,NA
532362,2025,CLINTON70,Downriver,Canoe,L5,oc1master,3,TRUE,32077,596,596,590,10,80,3,79,susquehanna70,NA,TRUE,paddler,hainesru01,Russel Haines,Haines Russel,Corsica,PA,USA,NA,NA,NA,NA,NA
256431,2019,CLINTON70,Downriver,Canoe,P9,oc2pro,41,TRUE,32079,597,597,591,343,94,41,92,susquehanna70,NA,TRUE,paddler,menardda01,Daniel Menard,Menard Daniel,Mont-Laurier,QC,CAN,1,T,32079,NA,NA
256431,2019,CLINTON70,Downriver,Canoe,P9,oc2pro,41,TRUE,32079,597,597,591,343,94,41,92,susquehanna70,NA,TRUE,paddler,NA,Jacques Supper,Supper Jacques,Lac Des Ecorces,QC,CAN,1,T,32079,NA,NA
227251,2016,CLINTON70,Downriver,Canoe,T4,oc2cruiser,7,TRUE,32079,598,598,592,44,62,7,61,susquehanna70,NA,TRUE,paddler,palmerbr01,Brayton Palmer,Palmer Brayton,Morris,NY,USA,1,T,32079,NA,NA
227251,2016,CLINTON70,Downriver,Canoe,T4,oc2cruiser,7,TRUE,32079,598,598,592,44,62,7,61,susquehanna70,NA,TRUE,paddler,palmerma01,Matthew Palmer,Palmer Matthew,Morris,NY,USA,1,T,32079,NA,NA
247525,2018,CLINTON70,Downriver,Canoe,E16,oc2stock,2,TRUE,32080,599,599,593,18,76,2,76,susquehanna70,NA,TRUE,paddler,plourdga01,Gaetan Plourde,Plourde Gaetan,North Gower,ON,CAN,1,T,32080,NA,NA
247525,2018,CLINTON70,Downriver,Canoe,E16,oc2stock,2,TRUE,32080,599,599,593,18,76,2,76,susquehanna70,NA,TRUE,paddler,brainaje01,Jeff Brainard,Brainard Jeff,Roslin,ON,CAN,1,T,32080,NA,NA
256385,2019,CLINTON70,Downriver,Canoe,Y2,oc2cruiserwomen,2,TRUE,32086,600,600,594,9,95,2,93,susquehanna70,NA,TRUE,paddler,NA,Ginette Tourangeau,Tourangeau Ginette,Mont-Laurier,QC,CAN,1,T,32086,NA,NA
256385,2019,CLINTON70,Downriver,Canoe,Y2,oc2cruiserwomen,2,TRUE,32086,600,600,594,9,95,2,93,susquehanna70,NA,TRUE,paddler,NA,Kim Clavel,Clavel Kim,Mont-Laurier,QC,CAN,1,T,32086,NA,NA
490058,2024,CLINTON70,Downriver,Canoe,T4,oc2cruiser,1,TRUE,32113,601,601,595,45,31,1,31,susquehanna70,NA,TRUE,paddler,allisojo01,Joseph Allison,Allison Joseph,Morris,NY,USA,NA,NA,NA,Team Herm,NA
490058,2024,CLINTON70,Downriver,Canoe,T4,oc2cruiser,1,TRUE,32113,601,601,595,45,31,1,31,susquehanna70,NA,TRUE,paddler,NA,Austin Henchey,Henchey Austin,Otego,NY,USA,NA,NA,NA,Team Herm,NA
436012,2023,CLINTON70,Downriver,Canoe,S9,oc1pro,1,TRUE,32117,602,602,596,42,24,1,24,susquehanna70,NA,TRUE,paddler,NA,Christophe Marchand,Marchand Christophe,Shawinigan ,QC,CAN,NA,NA,NA,Christophe Marchand,NA
256253,2019,CLINTON70,Downriver,Unknown,G8,opentour,1,TRUE,32122,603,603,1,1,96,1,1,susquehanna70,NA,TRUE,paddler,mcduffri01,River McDuffie,McDuffie River,Robbins,NC,USA,1,T,32122,NA,NA
256253,2019,CLINTON70,Downriver,Unknown,G8,opentour,1,TRUE,32122,603,603,1,1,96,1,1,susquehanna70,NA,TRUE,paddler,mcduffwi01,William McDuffie,McDuffie William,Robbins,NC,USA,1,T,32122,NA,NA
532385,2025,CLINTON70,Downriver,Canoe,V2,oc2cruisermaster,2,TRUE,32123,604,604,597,20,81,2,80,susquehanna70,NA,TRUE,paddler,breenge01,Gerry Breen,Breen Gerry,Brooklyn,NY,USA,NA,NA,NA,Delhi Bad Bunch,NA
532385,2025,CLINTON70,Downriver,Canoe,V2,oc2cruisermaster,2,TRUE,32123,604,604,597,20,81,2,80,susquehanna70,NA,TRUE,paddler,mallerti01,Tim Mallery,Mallery Tim,South Williamsport,PA,USA,NA,NA,NA,Delhi Bad Bunch,NA
490106,2024,CLINTON70,Downriver,Canoe,P24,oc2pro,28,TRUE,32133,605,605,598,344,32,28,32,susquehanna70,NA,TRUE,paddler,menkje01,Jeremiah Menk,Menk Jeremiah,Shoreview,MN,USA,NA,NA,NA,Maria and Jeremiah,NA
490106,2024,CLINTON70,Downriver,Canoe,P24,oc2pro,28,TRUE,32133,605,605,598,344,32,28,32,susquehanna70,NA,TRUE,paddler,schillma01,Maria Schilling,Schilling Maria,Minneapolis,MN,USA,NA,NA,NA,Maria and Jeremiah,NA
256307,2019,CLINTON70,Downriver,Canoe,F1,oc2stockmix,1,TRUE,32139,606,606,599,2,97,1,94,susquehanna70,NA,TRUE,paddler,murphysh01,Shauna Murphy,Murphy Shauna,Franklin,NY,USA,1,T,32139,NA,NA
256307,2019,CLINTON70,Downriver,Canoe,F1,oc2stockmix,1,TRUE,32139,606,606,599,2,97,1,94,susquehanna70,NA,TRUE,paddler,NA,Christopher Murphy,Murphy Christopher,Franklin,NY,USA,1,T,32139,NA,NA
227334,2016,CLINTON70,Downriver,Canoe,P25,oc2pro,40,TRUE,32141,607,607,600,345,63,40,62,susquehanna70,Mixed,TRUE,paddler,NA,Julianne Morin-Nolet,Morin-Nolet Julianne,Shawinigan,QC,CAN,1,T,32141,NA,NA
227334,2016,CLINTON70,Downriver,Canoe,P25,oc2pro,40,TRUE,32141,607,607,600,345,63,40,62,susquehanna70,Mixed,TRUE,paddler,harrisry01,Ryan Harris,Harris Ryan,Grayling,MI,USA,1,T,32141,NA,NA
208213,2014,CLINTON70,Downriver,Canoe,L15,oc1master,5,TRUE,32147,608,608,601,11,98,5,96,susquehanna70,NA,TRUE,paddler,allenbo01,Bob Allen,Allen Bob,Westfield,MA,USA,1,T,32147,NA,NA
490107,2024,CLINTON70,Downriver,Canoe,P16,oc2pro,29,TRUE,32149,609,609,602,346,33,29,33,susquehanna70,NA,TRUE,paddler,bordelal01,Alex Bordeleau,Bordeleau Alex,Trois-Rivieres,QC,CAN,NA,NA,NA,The ugly and the weak,NA
490107,2024,CLINTON70,Downriver,Canoe,P16,oc2pro,29,TRUE,32149,609,609,602,346,33,29,33,susquehanna70,NA,TRUE,paddler,NA,Vincent Desilets,Desilets Vincent,Becancour,QC,CAN,NA,NA,NA,The ugly and the weak,NA
247526,2018,CLINTON70,Downriver,Canoe,E4,oc2stock,3,TRUE,32159,610,610,603,19,77,3,77,susquehanna70,NA,TRUE,paddler,jordansc01,Scott Jordan,Jordan Scott,Otego,NY,USA,1,T,32159,NA,NA
247526,2018,CLINTON70,Downriver,Canoe,E4,oc2stock,3,TRUE,32159,610,610,603,19,77,3,77,susquehanna70,NA,TRUE,paddler,newmanje01,Jeff Newman,Newman Jeff,Unadilla,NY,USA,1,T,32159,NA,NA
370209,2022,CLINTON70,Downriver,Canoe,P15,oc2pro,27,TRUE,32165,611,611,604,347,33,27,33,susquehanna70,NA,TRUE,paddler,chambeev01,Eve Chamberland,Chamberland Eve,Shawinigan,QC,CAN,NA,NA,NA,2000 Miles Apart,NA
370209,2022,CLINTON70,Downriver,Canoe,P15,oc2pro,27,TRUE,32165,611,611,604,347,33,27,33,susquehanna70,NA,TRUE,paddler,huelskly01,Lydia Huelskamp,Huelskamp Lydia,Austin,TX,USA,NA,NA,NA,2000 Miles Apart,NA
227275,2016,CLINTON70,Downriver,Canoe,X15,oc2cruisermix,4,TRUE,32167,612,612,605,43,64,4,63,susquehanna70,NA,TRUE,paddler,NA,Liz Pennisi,Pennisi Liz,Arlington,VA,USA,1,T,32167,NA,NA
227275,2016,CLINTON70,Downriver,Canoe,X15,oc2cruisermix,4,TRUE,32167,612,612,605,43,64,4,63,susquehanna70,NA,TRUE,paddler,NA,Matthew Butcher,Butcher Matthew,Arlington,VA,USA,1,T,32167,NA,NA
237836,2017,CLINTON70,Downriver,Canoe,T8,oc2cruiser,11,TRUE,32168,613,613,606,46,68,11,68,susquehanna70,NA,TRUE,paddler,allenti01,Tim Allen,Allen Tim,Westfield,MA,USA,1,T,32168,NA,NA
237836,2017,CLINTON70,Downriver,Canoe,T8,oc2cruiser,11,TRUE,32168,613,613,606,46,68,11,68,susquehanna70,NA,TRUE,paddler,casalejo01,John Casale,Casale John,Southampton,MA,USA,1,T,32168,NA,NA
370210,2022,CLINTON70,Downriver,Canoe,P6,oc2pro,28,TRUE,32183,614,614,607,348,34,28,34,susquehanna70,NA,TRUE,paddler,peckka01,Katie Peck,Peck Katie,New York,NY,USA,NA,NA,NA,Recovering Dragon Boaters,NA
370210,2022,CLINTON70,Downriver,Canoe,P6,oc2pro,28,TRUE,32183,614,614,607,348,34,28,34,susquehanna70,NA,TRUE,paddler,dunbarja01,James Dunbar,Dunbar James,Washington,DC,USA,NA,NA,NA,Recovering Dragon Boaters,NA
490108,2024,CLINTON70,Downriver,Canoe,P17,oc2pro,30,TRUE,32189,615,615,608,349,34,30,34,susquehanna70,NA,TRUE,paddler,robertme01,Megan Roberts,Roberts Megan,Glenside,PA,USA,NA,NA,NA,Megan and Kelly,NA
490108,2024,CLINTON70,Downriver,Canoe,P17,oc2pro,30,TRUE,32189,615,615,608,349,34,30,34,susquehanna70,NA,TRUE,paddler,truittke01,Kelly Truitt,Truitt Kelly,Brandon,FL,USA,NA,NA,NA,Megan and Kelly,NA
370211,2022,CLINTON70,Downriver,Canoe,P10,oc2pro,29,TRUE,32200,616,616,609,350,35,29,35,susquehanna70,NA,TRUE,paddler,NA,Zachary Childs,Childs Zachary,Bay City ,MI,USA,NA,NA,NA,Brabant/Childs,NA
370211,2022,CLINTON70,Downriver,Canoe,P10,oc2pro,29,TRUE,32200,616,616,609,350,35,29,35,susquehanna70,NA,TRUE,paddler,brabanse01,Sean Brabant,Brabant Sean,Roscommon,MI,USA,NA,NA,NA,Brabant/Childs,NA
208214,2014,CLINTON70,Downriver,Canoe,L14,oc1master,6,TRUE,32216,617,617,610,12,99,6,97,susquehanna70,NA,TRUE,paddler,bosske01,Kevin Boss,Boss Kevin,Swansea,MA,USA,1,T,32216,NA,NA
370212,2022,CLINTON70,Downriver,Canoe,P49,oc2pro,30,TRUE,32225,618,618,611,351,36,30,36,susquehanna70,NA,TRUE,paddler,praterch01,Chris Prater,Prater Chris,London,ON,CAN,NA,NA,NA,NA,NA
370212,2022,CLINTON70,Downriver,Canoe,P49,oc2pro,30,TRUE,32225,618,618,611,351,36,30,36,susquehanna70,NA,TRUE,paddler,courvise01,Sebastien Courville,Courville Sebastien,Golden Lake,ON,CAN,NA,NA,NA,NA,NA
217377,2015,CLINTON70,Downriver,Canoe,P22,oc2pro,28,TRUE,32228,619,619,612,352,39,28,39,susquehanna70,Mens Under 50,TRUE,paddler,chambedo01,Dominic Chamberland,Chamberland Dominic,Champlain,QC,CAN,1,T,32228,NA,NA
217377,2015,CLINTON70,Downriver,Canoe,P22,oc2pro,28,TRUE,32228,619,619,612,352,39,28,39,susquehanna70,Mens Under 50,TRUE,paddler,thibaudo01,Dominic Thibault,Thibault Dominic,Notre-Dame-Du-Mont-Carmel,QC,CAN,1,T,32228,NA,NA
237812,2017,CLINTON70,Downriver,Canoe,X21,oc2cruisermix,8,TRUE,32230,620,620,613,44,69,8,69,susquehanna70,NA,TRUE,paddler,defeoje01,Jeff Defeo,Defeo Jeff,Chester,MA,USA,1,T,32230,NA,NA
237812,2017,CLINTON70,Downriver,Canoe,X21,oc2cruisermix,8,TRUE,32230,620,620,613,44,69,8,69,susquehanna70,NA,TRUE,paddler,schaafka01,Katie Schaaf,Schaaf Katie,Minneapolis,MN,USA,1,T,32230,NA,NA
490109,2024,CLINTON70,Downriver,Canoe,P8,oc2pro,31,TRUE,32235,621,621,614,353,35,31,35,susquehanna70,NA,TRUE,paddler,NA,Douglas Ellery,Ellery Douglas,Scarborough,ON,CAN,NA,NA,NA,BWO-Ripple FX paddles,NA
490109,2024,CLINTON70,Downriver,Canoe,P8,oc2pro,31,TRUE,32235,621,621,614,353,35,31,35,susquehanna70,NA,TRUE,paddler,johnstke01,Keir Johnston,Johnston Keir,Strathroy,ON,CAN,NA,NA,NA,BWO-Ripple FX paddles,NA
256273,2019,CLINTON70,Downriver,Canoe,A4,oc2stockalum,1,TRUE,32243,622,622,615,1,98,1,95,susquehanna70,NA,TRUE,paddler,walleybi01,Bill Walley,Walley Bill,Walton,NY,USA,1,T,32243,NA,NA
256273,2019,CLINTON70,Downriver,Canoe,A4,oc2stockalum,1,TRUE,32243,622,622,615,1,98,1,95,susquehanna70,NA,TRUE,paddler,NA,Lucas Walley,Walley Lucas,Walton,NY,USA,1,T,32243,NA,NA
237813,2017,CLINTON70,Downriver,Canoe,X1,oc2cruisermix,9,TRUE,32253,623,623,616,45,70,9,70,susquehanna70,NA,TRUE,paddler,strebke01,Ken Streb,Streb Ken,Rochester,NY,USA,1,T,32253,NA,NA
237813,2017,CLINTON70,Downriver,Canoe,X1,oc2cruisermix,9,TRUE,32253,623,623,616,45,70,9,70,susquehanna70,NA,TRUE,paddler,braxde01,Debbie Brax,Brax Debbie,bay village,OH,USA,1,T,32253,NA,NA
217402,2015,CLINTON70,Downriver,Canoe,T8,oc2cruiser,4,TRUE,32254,624,624,617,47,40,4,40,susquehanna70,NA,TRUE,paddler,schlimjo01,Joseph Schlimmer,Schlimmer Joseph,Cortland,NY,USA,1,T,32254,NA,NA
217402,2015,CLINTON70,Downriver,Canoe,T8,oc2cruiser,4,TRUE,32254,624,624,617,47,40,4,40,susquehanna70,NA,TRUE,paddler,sherwosc01,Scott Sherwood,Sherwood Scott,Liverpool,NY,USA,1,T,32254,NA,NA
227239,2016,CLINTON70,Downriver,Canoe,S8,oc1pro,4,TRUE,32261,625,625,618,43,65,4,64,susquehanna70,NA,TRUE,paddler,sheldoti01,Tim Sheldon,Sheldon Tim,Grayling,MI,USA,1,T,32261,NA,NA
247619,2018,CLINTON70,Downriver,Canoe,X9,oc2cruisermix,5,TRUE,32265,626,626,619,46,78,5,78,susquehanna70,NA,TRUE,paddler,lullna01,Nate Lull,Lull Nate,Gilbertsville,NY,USA,1,T,32265,NA,NA
247619,2018,CLINTON70,Downriver,Canoe,X9,oc2cruisermix,5,TRUE,32265,626,626,619,46,78,5,78,susquehanna70,NA,TRUE,paddler,reynolho01,Holly Reynolds,Reynolds Holly,Rochester,NY,USA,1,T,32265,NA,NA
256327,2019,CLINTON70,Downriver,Canoe,J2,oc1,2,TRUE,32266,627,627,620,4,99,2,96,susquehanna70,NA,TRUE,paddler,palmerbr01,Brayton Palmer,Palmer Brayton,Media,PA,USA,1,T,32266,NA,NA
237775,2017,CLINTON70,Downriver,Canoe,L7,oc1master,2,TRUE,32271,628,628,621,13,71,2,71,susquehanna70,NA,TRUE,paddler,NA,Art Walker-Jones,Walker-Jones Art,Winnipeg,MB,CAN,1,T,32271,NA,NA
208195,2014,CLINTON70,Downriver,Canoe,J6,oc1,3,TRUE,32275,629,629,622,5,100,3,98,susquehanna70,NA,TRUE,paddler,mallerti01,Tim Mallery,Mallery Tim,South Williamsport,PA,USA,1,T,32275,NA,NA
217378,2015,CLINTON70,Downriver,Canoe,P12,oc2pro,29,TRUE,32276,630,630,623,354,41,29,41,susquehanna70,Mixed,TRUE,paddler,mcmahoha01,Hailey McMahon,McMahon Hailey,Grayling,MI,USA,1,T,32276,NA,NA
217378,2015,CLINTON70,Downriver,Canoe,P12,oc2pro,29,TRUE,32276,630,630,623,354,41,29,41,susquehanna70,Mixed,TRUE,paddler,garonmi01,Michael Garon,Garon Michael,Washington,MI,USA,1,T,32276,NA,NA
227276,2016,CLINTON70,Downriver,Canoe,X8,oc2cruisermix,5,TRUE,32282,631,631,624,47,66,5,65,susquehanna70,NA,TRUE,paddler,NA,Carlyn Johnston,Johnston Carlyn,Strathroy,ON,CAN,1,T,32282,NA,NA
227276,2016,CLINTON70,Downriver,Canoe,X8,oc2cruisermix,5,TRUE,32282,631,631,624,47,66,5,65,susquehanna70,NA,TRUE,paddler,NA,David Johnston,Johnston David,Sarnia,ON,CAN,1,T,32282,NA,NA
490052,2024,CLINTON70,Downriver,Canoe,U1,oc2cruisersenior,1,TRUE,32295,632,632,625,12,36,1,36,susquehanna70,NA,TRUE,paddler,nicholal01,Allen Nichols,Nichols Allen,Laurens,NY,USA,NA,NA,NA,Nichols-Harrison,NA
490052,2024,CLINTON70,Downriver,Canoe,U1,oc2cruisersenior,1,TRUE,32295,632,632,625,12,36,1,36,susquehanna70,NA,TRUE,paddler,harrisla01,Larry Harrison,Harrison Larry,Oneonta,NY,USA,NA,NA,NA,Nichols-Harrison,NA
370174,2022,CLINTON70,Downriver,Canoe,V2,oc2cruisermaster,1,TRUE,32302,633,633,626,21,37,1,37,susquehanna70,NA,TRUE,paddler,millerse01,Seth Miller,Miller Seth,Norwood,MA,USA,NA,NA,NA,NA,NA
370174,2022,CLINTON70,Downriver,Canoe,V2,oc2cruisermaster,1,TRUE,32302,633,633,626,21,37,1,37,susquehanna70,NA,TRUE,paddler,millerst01,Stephen Miller,Miller Stephen,Groton,MA,USA,NA,NA,NA,NA,NA
217423,2015,CLINTON70,Downriver,Canoe,X9,oc2cruisermix,1,TRUE,32314,634,634,627,48,42,1,42,susquehanna70,NA,TRUE,paddler,NA,Carlyn Johnston,Johnston Carlyn,Strathroy,ON,CAN,1,T,32314,NA,NA
217423,2015,CLINTON70,Downriver,Canoe,X9,oc2cruisermix,1,TRUE,32314,634,634,627,48,42,1,42,susquehanna70,NA,TRUE,paddler,NA,David Johnston,Johnston David,Sarnia,ON,CAN,1,T,32314,NA,NA
489987,2024,CLINTON70,Downriver,Canoe,O4,oc4unlimited,4,TRUE,32324,635,635,628,14,37,4,37,susquehanna70,NA,TRUE,paddler,NA,Peter Kruszelnicki,Kruszelnicki Peter,Ashford,ENG,GBR,NA,NA,NA,C4cat,NA
489987,2024,CLINTON70,Downriver,Canoe,O4,oc4unlimited,4,TRUE,32324,635,635,628,14,37,4,37,susquehanna70,NA,TRUE,paddler,NA,Helen Kruszelnicki,Kruszelnicki Helen,Ashford,ENG,GBR,NA,NA,NA,C4cat,NA
489987,2024,CLINTON70,Downriver,Canoe,O4,oc4unlimited,4,TRUE,32324,635,635,628,14,37,4,37,susquehanna70,NA,TRUE,paddler,NA,Richard Parrott,Parrott Richard,Milton Keynes,ENG,GBR,NA,NA,NA,C4cat,NA
489987,2024,CLINTON70,Downriver,Canoe,O4,oc4unlimited,4,TRUE,32324,635,635,628,14,37,4,37,susquehanna70,NA,TRUE,paddler,NA,Nick Onley,Onley Nick,Milton Keynes,ENG,GBR,NA,NA,NA,C4cat,NA
217379,2015,CLINTON70,Downriver,Canoe,P32,oc2pro,30,TRUE,32326,636,636,629,355,43,30,43,susquehanna70,Women,TRUE,paddler,parkeje01,Jennifer Parke,Parke Jennifer,St-Georges-De-Champlain,QC,CAN,1,T,32326,NA,NA
217379,2015,CLINTON70,Downriver,Canoe,P32,oc2pro,30,TRUE,32326,636,636,629,355,43,30,43,susquehanna70,Women,TRUE,paddler,nadeausy01,Sylvie Nadeau,Nadeau Sylvie,St Jerome,QC,CAN,1,T,32326,NA,NA
208215,2014,CLINTON70,Downriver,Canoe,L16,oc1master,7,TRUE,32331,637,637,630,14,101,7,99,susquehanna70,NA,TRUE,paddler,armstrda01,David Armstrong,Armstrong David,Fort Collins,CO,USA,1,T,32331,NA,NA
237740,2017,CLINTON70,Downriver,Canoe,E6,oc2stock,1,TRUE,32331,638,638,631,20,72,1,72,susquehanna70,NA,TRUE,paddler,newmanje01,Jeff Newman,Newman Jeff,Unadilla,NY,USA,1,T,32331,NA,NA
237740,2017,CLINTON70,Downriver,Canoe,E6,oc2stock,1,TRUE,32331,638,638,631,20,72,1,72,susquehanna70,NA,TRUE,paddler,jordansc01,Scott Jordan,Jordan Scott,Otego,NY,USA,1,T,32331,NA,NA
370213,2022,CLINTON70,Downriver,Canoe,P36,oc2pro,31,TRUE,32334,639,639,632,356,38,31,38,susquehanna70,NA,TRUE,paddler,nadeausy01,Sylvie Nadeau,Nadeau Sylvie,St Jerome,QC,CAN,NA,NA,NA,1/2 OOS,NA
370213,2022,CLINTON70,Downriver,Canoe,P36,oc2pro,31,TRUE,32334,639,639,632,356,38,31,38,susquehanna70,NA,TRUE,paddler,schlimjo01,Joe Schlimmer,Schlimmer Joe,Ithaca,NY,USA,NA,NA,NA,1/2 OOS,NA
256386,2019,CLINTON70,Downriver,Canoe,Y1,oc2cruiserwomen,3,TRUE,32341,640,640,633,10,100,3,97,susquehanna70,NA,TRUE,paddler,wisseas01,Ashley Wisse,Wisse Ashley,Oneonta,NY,USA,1,T,32341,NA,NA
256386,2019,CLINTON70,Downriver,Canoe,Y1,oc2cruiserwomen,3,TRUE,32341,640,640,633,10,100,3,97,susquehanna70,NA,TRUE,paddler,robinsmi02,Miranda Robinson,Robinson Miranda,Otego,NY,USA,1,T,32341,NA,NA
490110,2024,CLINTON70,Downriver,Canoe,P33,oc2pro,32,TRUE,32348,641,641,634,357,38,32,38,susquehanna70,NA,TRUE,paddler,lamontjo01,Joel Lamontagne,Lamontagne Joel,Trois Rivieres,QC,CAN,NA,NA,NA,NA,NA
490110,2024,CLINTON70,Downriver,Canoe,P33,oc2pro,32,TRUE,32348,641,641,634,357,38,32,38,susquehanna70,NA,TRUE,paddler,savardto01,Tommy Savard,Savard Tommy,Shawinigan ,QC,CAN,NA,NA,NA,NA,NA
237794,2017,CLINTON70,Downriver,Canoe,V4,oc2cruisermaster,3,TRUE,32368,642,642,635,22,73,3,73,susquehanna70,NA,TRUE,paddler,boogemre01,Rene Boogemans,Boogemans Rene,Hensall,ON,CAN,1,T,32368,NA,NA
237794,2017,CLINTON70,Downriver,Canoe,V4,oc2cruisermaster,3,TRUE,32368,642,642,635,22,73,3,73,susquehanna70,NA,TRUE,paddler,NA,David Johnston,Johnston David,sarnia,ON,CAN,1,T,32368,NA,NA
370214,2022,CLINTON70,Downriver,Canoe,P24,oc2pro,32,TRUE,32370,643,643,636,358,39,32,39,susquehanna70,NA,TRUE,paddler,lamontgu01,Guillaume Lamontagne,Lamontagne Guillaume,St-Etienne-Des-Gres,QC,CAN,NA,NA,NA,Clan Lamont,NA
370214,2022,CLINTON70,Downriver,Canoe,P24,oc2pro,32,TRUE,32370,643,643,636,358,39,32,39,susquehanna70,NA,TRUE,paddler,lamontjo01,Joel Lamontagne,Lamontagne Joel,Trois Rivieres,QC,CAN,NA,NA,NA,Clan Lamont,NA
217424,2015,CLINTON70,Downriver,Canoe,X10,oc2cruisermix,2,TRUE,32370,644,644,637,49,44,2,44,susquehanna70,NA,TRUE,paddler,brownde01,Dean Brown,Brown Dean,Hamilton,ON,CAN,1,T,32370,NA,NA
217424,2015,CLINTON70,Downriver,Canoe,X10,oc2cruisermix,2,TRUE,32370,644,644,637,49,44,2,44,susquehanna70,NA,TRUE,paddler,loekli01,Liz Loek,Loek Liz,Mississauga,ON,CAN,1,T,32370,NA,NA
490111,2024,CLINTON70,Downriver,Canoe,P11,oc2pro,33,TRUE,32370,645,645,638,359,39,33,39,susquehanna70,NA,TRUE,paddler,prestoda01,Dave Preston,Preston Dave,Pennellville,NY,USA,NA,NA,NA,The Tortoise and the Hair,NA
490111,2024,CLINTON70,Downriver,Canoe,P11,oc2pro,33,TRUE,32370,645,645,638,359,39,33,39,susquehanna70,NA,TRUE,paddler,reeseph01,Phoebe Reese,Reese Phoebe,Oneonta,NY,USA,NA,NA,NA,The Tortoise and the Hair,NA
237879,2017,CLINTON70,Downriver,Canoe,P22,oc2pro,31,TRUE,32371,646,646,639,360,74,31,74,susquehanna70,NA,TRUE,paddler,owensni01,Nicole Owens,Owens Nicole,Frederic,MI,USA,1,T,32371,NA,NA
237879,2017,CLINTON70,Downriver,Canoe,P22,oc2pro,31,TRUE,32371,646,646,639,360,74,31,74,susquehanna70,NA,TRUE,paddler,elliotro01,Rodney Elliott,Elliott Rodney,grayling,MI,USA,1,T,32371,NA,NA
208294,2014,CLINTON70,Downriver,Canoe,V1,oc2cruisermaster,7,TRUE,32384,647,647,640,23,102,7,100,susquehanna70,NA,TRUE,paddler,lewisjo01,John Lewis,Lewis John,Bainbridge,NY,USA,1,T,32384,NA,NA
208294,2014,CLINTON70,Downriver,Canoe,V1,oc2cruisermaster,7,TRUE,32384,647,647,640,23,102,7,100,susquehanna70,NA,TRUE,paddler,bauerlpe01,Peter Bauerle,Bauerle Peter,Bainbridge,NY,USA,1,T,32384,NA,NA
237800,2017,CLINTON70,Downriver,Canoe,Y6,oc2cruiserwomen,3,TRUE,32389,648,648,641,11,75,3,75,susquehanna70,NA,TRUE,paddler,ellesoja01,Jaya Elleson,Elleson Jaya,Burlington,WI,USA,1,T,32389,NA,NA
237800,2017,CLINTON70,Downriver,Canoe,Y6,oc2cruiserwomen,3,TRUE,32389,648,648,641,11,75,3,75,susquehanna70,NA,TRUE,paddler,bradleba01,Barb Bradley,Bradley Barb,Wausau,WI,USA,1,T,32389,NA,NA
208138,2014,CLINTON70,Downriver,Canoe,C4,oc2rec,1,TRUE,32398,649,649,642,1,103,1,101,susquehanna70,NA,TRUE,paddler,lafevedo01,Don Lafever,Lafever Don,Norwich,NY,USA,1,T,32398,NA,NA
208138,2014,CLINTON70,Downriver,Canoe,C4,oc2rec,1,TRUE,32398,649,649,642,1,103,1,101,susquehanna70,NA,TRUE,paddler,NA,Kyle Smallin,Smallin Kyle,Mt Vision,NY,USA,1,T,32398,NA,NA
256254,2019,CLINTON70,Downriver,Unknown,G10,opentour,2,TRUE,32401,650,650,2,2,101,2,2,susquehanna70,NA,TRUE,paddler,beckwida01,Dale Beckwith,Beckwith Dale,Sidney,NY,USA,1,T,32401,NA,NA
256254,2019,CLINTON70,Downriver,Unknown,G10,opentour,2,TRUE,32401,650,650,2,2,101,2,2,susquehanna70,NA,TRUE,paddler,bagleyje01,Jeff Bagley,Bagley Jeff,Sidney,NY,USA,1,T,32401,NA,NA
237843,2017,CLINTON70,Downriver,Canoe,U9,oc2cruisersenior,3,TRUE,32404,651,651,643,13,76,3,76,susquehanna70,NA,TRUE,paddler,koptama01,Mark Kopta,Kopta Mark,Clymer,NY,USA,1,T,32404,NA,NA
237843,2017,CLINTON70,Downriver,Canoe,U9,oc2cruisersenior,3,TRUE,32404,651,651,643,13,76,3,76,susquehanna70,NA,TRUE,paddler,codingbr01,Bruce Codington,Codington Bruce,Sidney,NY,USA,1,T,32404,NA,NA
247620,2018,CLINTON70,Downriver,Canoe,X7,oc2cruisermix,6,TRUE,32404,652,652,644,50,79,6,79,susquehanna70,NA,TRUE,paddler,stonemdo01,Don Stoneman,Stoneman Don,Cambridge,ON,CAN,1,T,32404,NA,NA
247620,2018,CLINTON70,Downriver,Canoe,X7,oc2cruisermix,6,TRUE,32404,652,652,644,50,79,6,79,susquehanna70,NA,TRUE,paddler,simpsoka01,Karen Simpson,Simpson Karen,Mississauga,ON,CAN,1,T,32404,NA,NA
532353,2025,CLINTON70,Downriver,Canoe,B3,oc4stock,3,TRUE,32404,653,653,645,38,82,3,81,susquehanna70,NA,TRUE,paddler,berlke01,Kevin Berl,Berl Kevin,Macedon,NY,USA,NA,NA,NA,NA,NA
532353,2025,CLINTON70,Downriver,Canoe,B3,oc4stock,3,TRUE,32404,653,653,645,38,82,3,81,susquehanna70,NA,TRUE,paddler,buttsri01,Richard Butts,Butts Richard,Rochester,NY,USA,NA,NA,NA,NA,NA
532353,2025,CLINTON70,Downriver,Canoe,B3,oc4stock,3,TRUE,32404,653,653,645,38,82,3,81,susquehanna70,NA,TRUE,paddler,vermiljo01,Jon Vermilyea,Vermilyea Jon,Baldwinsville ,NY,USA,NA,NA,NA,NA,NA
532353,2025,CLINTON70,Downriver,Canoe,B3,oc4stock,3,TRUE,32404,653,653,645,38,82,3,81,susquehanna70,NA,TRUE,paddler,codingbr01,Bruce Codington,Codington Bruce,Sidney,NY,USA,NA,NA,NA,NA,NA
370215,2022,CLINTON70,Downriver,Canoe,P25,oc2pro,33,TRUE,32409,654,654,646,361,40,33,40,susquehanna70,NA,TRUE,paddler,bordelal01,Alex Bordeleau,Bordeleau Alex,Trois-Rivieres,QC,CAN,NA,NA,NA,Dufour-Bordeleau,NA
370215,2022,CLINTON70,Downriver,Canoe,P25,oc2pro,33,TRUE,32409,654,654,646,361,40,33,40,susquehanna70,NA,TRUE,paddler,dufourth01,Thierry Dufour,Dufour Thierry,Trois Rivieres,QC,CAN,NA,NA,NA,Dufour-Bordeleau,NA
532335,2025,CLINTON70,Downriver,Canoe,E1,oc2stock,2,TRUE,32421,655,655,647,21,83,2,82,susquehanna70,NA,TRUE,paddler,whitinwi01,Will Whiting,Whiting Will,Fultonville,NY,USA,NA,NA,NA,Whiting,NA
532335,2025,CLINTON70,Downriver,Canoe,E1,oc2stock,2,TRUE,32421,655,655,647,21,83,2,82,susquehanna70,NA,TRUE,paddler,whitiner01,Erik Whiting,Whiting Erik,Ledyard,CT,USA,NA,NA,NA,Whiting,NA
247609,2018,CLINTON70,Downriver,Canoe,T2,oc2cruiser,6,TRUE,32426,656,656,648,48,80,6,80,susquehanna70,NA,TRUE,paddler,kingma01,Matt King,King Matt,Athol,MA,USA,1,T,32426,NA,NA
247609,2018,CLINTON70,Downriver,Canoe,T2,oc2cruiser,6,TRUE,32426,656,656,648,48,80,6,80,susquehanna70,NA,TRUE,paddler,fishza01,Zachary Fish,Fish Zachary,Athol,MA,USA,1,T,32426,NA,NA
532336,2025,CLINTON70,Downriver,Canoe,E12,oc2stock,3,TRUE,32435,657,657,649,22,84,3,83,susquehanna70,NA,TRUE,paddler,beckwida01,Dale Beckwith,Beckwith Dale,Sidney,NY,USA,NA,NA,NA,B - Squared,NA
532336,2025,CLINTON70,Downriver,Canoe,E12,oc2stock,3,TRUE,32435,657,657,649,22,84,3,83,susquehanna70,NA,TRUE,paddler,bagleyje01,Jeff Bagley,Bagley Jeff,Sidney,NY,USA,NA,NA,NA,B - Squared,NA
256308,2019,CLINTON70,Downriver,Canoe,F5,oc2stockmix,2,TRUE,32439,658,658,650,3,102,2,98,susquehanna70,NA,TRUE,paddler,lafeveja01,Jim LaFever,LaFever Jim,Unadilla,NY,USA,1,T,32439,NA,NA
256308,2019,CLINTON70,Downriver,Canoe,F5,oc2stockmix,2,TRUE,32439,658,658,650,3,102,2,98,susquehanna70,NA,TRUE,paddler,lafeveam01,Amy Lafever,Lafever Amy,Unadilla,NY,USA,1,T,32439,NA,NA
237741,2017,CLINTON70,Downriver,Canoe,E8,oc2stock,2,TRUE,32443,659,659,651,23,77,2,77,susquehanna70,NA,TRUE,paddler,zophygr01,Greg Zophy,Zophy Greg,St. Paul,MN,USA,1,T,32443,NA,NA
237741,2017,CLINTON70,Downriver,Canoe,E8,oc2stock,2,TRUE,32443,659,659,651,23,77,2,77,susquehanna70,NA,TRUE,paddler,bergdo01,Doug Berg,Berg Doug,Excelsior,MN,USA,1,T,32443,NA,NA
227212,2016,CLINTON70,Downriver,Kayak,KL5,k1unlimited,2,TRUE,32447,660,660,7,7,67,2,2,susquehanna70,NA,TRUE,paddler,kuehneku01,Kurt Kuehnel,Kuehnel Kurt,Dalton,MA,USA,1,T,32447,NA,NA
370216,2022,CLINTON70,Downriver,Canoe,P45,oc2pro,34,TRUE,32450,661,661,652,362,41,34,41,susquehanna70,NA,TRUE,paddler,limberal01,Allen Limberg,Limberg Allen,Wausau,WI,USA,NA,NA,NA,NA,NA
370216,2022,CLINTON70,Downriver,Canoe,P45,oc2pro,34,TRUE,32450,661,661,652,362,41,34,41,susquehanna70,NA,TRUE,paddler,bradleba01,Barb Bradley,Bradley Barb,Wausau,WI,USA,NA,NA,NA,NA,NA
370175,2022,CLINTON70,Downriver,Canoe,V3,oc2cruisermaster,2,TRUE,32455,662,662,653,24,42,2,42,susquehanna70,NA,TRUE,paddler,personda01,Dale Persons,Persons Dale,Bainbridge ,NY,USA,NA,NA,NA,NA,NA
370175,2022,CLINTON70,Downriver,Canoe,V3,oc2cruisermaster,2,TRUE,32455,662,662,653,24,42,2,42,susquehanna70,NA,TRUE,paddler,jordansc01,Scott Jordan,Jordan Scott,Otego,NY,USA,NA,NA,NA,NA,NA
227335,2016,CLINTON70,Downriver,Canoe,P18,oc2pro,41,TRUE,32459,663,663,654,363,68,41,66,susquehanna70,Women,TRUE,paddler,parkeje01,Jennifer Parke,Parke Jennifer,St-Georges-De-Champlain,QC,CAN,1,T,32459,NA,NA
227335,2016,CLINTON70,Downriver,Canoe,P18,oc2pro,41,TRUE,32459,663,663,654,363,68,41,66,susquehanna70,Women,TRUE,paddler,nadeausy01,Sylvie Nadeau,Nadeau Sylvie,St Jerome,QC,CAN,1,T,32459,NA,NA
490035,2024,CLINTON70,Downriver,Canoe,S6,oc1pro,1,TRUE,32461,664,664,655,44,40,1,40,susquehanna70,NA,TRUE,paddler,kentte01,Terry Kent,Kent Terry,Ithaca,NY,USA,NA,NA,NA,NA,NA
247527,2018,CLINTON70,Downriver,Canoe,E10,oc2stock,4,TRUE,32462,665,665,656,24,81,4,81,susquehanna70,NA,TRUE,paddler,madoreje01,Jerry Madore,Madore Jerry,Wales,MA,USA,1,T,32462,NA,NA
247527,2018,CLINTON70,Downriver,Canoe,E10,oc2stock,4,TRUE,32462,665,665,656,24,81,4,81,susquehanna70,NA,TRUE,paddler,madoregu01,Gus Madore,Madore Gus,Wales,MA,USA,1,T,32462,NA,NA
490036,2024,CLINTON70,Downriver,Canoe,S1,oc1pro,2,TRUE,32463,666,666,657,45,41,2,41,susquehanna70,NA,TRUE,paddler,robinstr01,Trevor Robinson,Robinson Trevor,Saskatoon,SK,CAN,NA,NA,NA,NA,NA
370217,2022,CLINTON70,Downriver,Canoe,P39,oc2pro,35,TRUE,32464,667,667,658,364,43,35,43,susquehanna70,NA,TRUE,paddler,careyde01,Dennis Carey,Carey Dennis,Orange,MA,USA,NA,NA,NA,Going for 30,NA
370217,2022,CLINTON70,Downriver,Canoe,P39,oc2pro,35,TRUE,32464,667,667,658,364,43,35,43,susquehanna70,NA,TRUE,paddler,lyesiubr01,Brent Lyesiuk,Lyesiuk Brent,Orange,MA,USA,NA,NA,NA,Going for 30,NA
370166,2022,CLINTON70,Downriver,Canoe,X4,oc2cruisermix,1,TRUE,32467,668,668,659,51,44,1,44,susquehanna70,NA,TRUE,paddler,rhodeske01,Kelly Rhodes,Rhodes Kelly,Silver Spring,MD,USA,NA,NA,NA,NA,NA
370166,2022,CLINTON70,Downriver,Canoe,X4,oc2cruisermix,1,TRUE,32467,668,668,659,51,44,1,44,susquehanna70,NA,TRUE,paddler,lowenfma01,Martin Lowenfish,Lowenfish Martin,Washington,DC,USA,NA,NA,NA,NA,NA
217277,2015,CLINTON70,Downriver,Canoe,B4,oc4stock,5,TRUE,32470,669,669,660,39,45,5,45,susquehanna70,NA,TRUE,paddler,brunoch01,Charlie Bruno,Bruno Charlie,Saylorsburg,PA,USA,1,T,32470,NA,NA
217277,2015,CLINTON70,Downriver,Canoe,B4,oc4stock,5,TRUE,32470,669,669,660,39,45,5,45,susquehanna70,NA,TRUE,paddler,hindleni01,Nick Hindley,Hindley Nick,Honesdale,PA,USA,1,T,32470,NA,NA
217277,2015,CLINTON70,Downriver,Canoe,B4,oc4stock,5,TRUE,32470,669,669,660,39,45,5,45,susquehanna70,NA,TRUE,paddler,NA,Peter McConville,McConville Peter,Paul Smiths,NY,USA,1,T,32470,NA,NA
217277,2015,CLINTON70,Downriver,Canoe,B4,oc4stock,5,TRUE,32470,669,669,660,39,45,5,45,susquehanna70,NA,TRUE,paddler,rosspe01,Peter Ross,Ross Peter,Ontario,NY,USA,1,T,32470,NA,NA
532394,2025,CLINTON70,Downriver,Canoe,X7,oc2cruisermix,5,TRUE,32471,670,670,661,52,85,5,84,susquehanna70,NA,TRUE,paddler,idesc01,Scott Ide,Ide Scott,Framingham ,MA,USA,NA,NA,NA,Smokey and the Wabbit,NA
532394,2025,CLINTON70,Downriver,Canoe,X7,oc2cruisermix,5,TRUE,32471,670,670,661,52,85,5,84,susquehanna70,NA,TRUE,paddler,owensni01,Nicole Owens,Owens Nicole,Gaylord,MI,USA,NA,NA,NA,Smokey and the Wabbit,NA
227277,2016,CLINTON70,Downriver,Canoe,X11,oc2cruisermix,6,TRUE,32480,671,671,662,53,69,6,67,susquehanna70,NA,TRUE,paddler,ellesoja01,Jaya Elleson,Elleson Jaya,Burlington,WI,USA,1,T,32480,NA,NA
227277,2016,CLINTON70,Downriver,Canoe,X11,oc2cruisermix,6,TRUE,32480,671,671,662,53,69,6,67,susquehanna70,NA,TRUE,paddler,lyesiuni01,Nick Lyesiuk,Lyesiuk Nick,Orange,MA,USA,1,T,32480,NA,NA
217425,2015,CLINTON70,Downriver,Canoe,X13,oc2cruisermix,3,TRUE,32484,672,672,663,54,46,3,46,susquehanna70,NA,TRUE,paddler,cumminde01,Del Cummings,Cummings Del,Meriden,CT,USA,1,T,32484,NA,NA
217425,2015,CLINTON70,Downriver,Canoe,X13,oc2cruisermix,3,TRUE,32484,672,672,663,54,46,3,46,susquehanna70,NA,TRUE,paddler,cumminvi01,Vicki Cummings,Cummings Vicki,Meriden,CT,USA,1,T,32484,NA,NA
208157,2014,CLINTON70,Downriver,Canoe,E5,oc2stock,9,TRUE,32485,673,673,664,25,104,9,102,susquehanna70,NA,TRUE,paddler,NA,Brooke Linford,Linford Brooke,Washington,DC,USA,1,T,32485,NA,NA
208157,2014,CLINTON70,Downriver,Canoe,E5,oc2stock,9,TRUE,32485,673,673,664,25,104,9,102,susquehanna70,NA,TRUE,paddler,myersma01,Matt Myers,Myers Matt,Mt Rainier,MD,USA,1,T,32485,NA,NA
227292,2016,CLINTON70,Downriver,Canoe,Y1,oc2cruiserwomen,2,TRUE,32490,674,674,665,12,70,2,68,susquehanna70,NA,TRUE,paddler,fitzgepa01,Pam Fitzgerald,Fitzgerald Pam,Scotia,NY,USA,1,T,32490,NA,NA
227292,2016,CLINTON70,Downriver,Canoe,Y1,oc2cruiserwomen,2,TRUE,32490,674,674,665,12,70,2,68,susquehanna70,NA,TRUE,paddler,cumminvi01,Vicki Cummings,Cummings Vicki,Meriden,CT,USA,1,T,32490,NA,NA
532337,2025,CLINTON70,Downriver,Canoe,E6,oc2stock,4,TRUE,32507,675,675,666,26,86,4,85,susquehanna70,NA,TRUE,paddler,amellji01,Jim Amell,Amell Jim,Gansevoort,NY,USA,NA,NA,NA,H. L. Gage Express,NA
532337,2025,CLINTON70,Downriver,Canoe,E6,oc2stock,4,TRUE,32507,675,675,666,26,86,4,85,susquehanna70,NA,TRUE,paddler,mclainga01,Gary McLain,McLain Gary,Ballston Spa,NY,USA,NA,NA,NA,H. L. Gage Express,NA
370176,2022,CLINTON70,Downriver,Canoe,V4,oc2cruisermaster,3,TRUE,32508,676,676,667,25,45,3,45,susquehanna70,NA,TRUE,paddler,reedbr01,Brooks Reed,Reed Brooks,Unadilla,NY,USA,NA,NA,NA,BS paddling,NA
370176,2022,CLINTON70,Downriver,Canoe,V4,oc2cruisermaster,3,TRUE,32508,676,676,667,25,45,3,45,susquehanna70,NA,TRUE,paddler,macartse01,Seth Macarthur,Macarthur Seth,Staten Island,NY,USA,NA,NA,NA,BS paddling,NA
237769,2017,CLINTON70,Downriver,Canoe,S4,oc1pro,8,TRUE,32515,677,677,668,46,78,8,78,susquehanna70,NA,TRUE,paddler,mercielu01,Luc Mercier,Mercier Luc,Trois-Rivieres,QC,CAN,1,T,32515,NA,NA
532388,2025,CLINTON70,Downriver,Canoe,Y1,oc2cruiserwomen,2,TRUE,32520,678,678,669,13,87,2,86,susquehanna70,NA,TRUE,paddler,fitzgepa01,Pam Fitzgerald,Fitzgerald Pam,Scotia,NY,USA,NA,NA,NA,NA,NA
532388,2025,CLINTON70,Downriver,Canoe,Y1,oc2cruiserwomen,2,TRUE,32520,678,678,669,13,87,2,86,susquehanna70,NA,TRUE,paddler,NA,Ann Flower Stitt,Stitt Ann Flower,Ballston Lake,NY,USA,NA,NA,NA,NA,NA
532367,2025,CLINTON70,Downriver,Canoe,J2,oc1,1,TRUE,32522,679,679,670,6,88,1,87,susquehanna70,NA,TRUE,paddler,NA,Zachary Craft,Craft Zachary,Unadilla,NY,USA,NA,NA,NA,Getting Crafty,NA
217426,2015,CLINTON70,Downriver,Canoe,X12,oc2cruisermix,4,TRUE,32525,680,680,671,55,47,4,47,susquehanna70,NA,TRUE,paddler,NA,Erik Warner,Warner Erik,Philadelphia,PA,USA,1,T,32525,NA,NA
217426,2015,CLINTON70,Downriver,Canoe,X12,oc2cruisermix,4,TRUE,32525,680,680,671,55,47,4,47,susquehanna70,NA,TRUE,paddler,sutterre01,Rebecca Sutter,Sutter Rebecca,Saranac Lake,NY,USA,1,T,32525,NA,NA
247621,2018,CLINTON70,Downriver,Canoe,X10,oc2cruisermix,7,TRUE,32529,681,681,672,56,82,7,82,susquehanna70,NA,TRUE,paddler,collieer01,Erica Collier,Collier Erica,Cooperstown,NY,USA,1,T,32529,NA,NA
247621,2018,CLINTON70,Downriver,Canoe,X10,oc2cruisermix,7,TRUE,32529,681,681,672,56,82,7,82,susquehanna70,NA,TRUE,paddler,colliejo01,John Collier,Collier John,Richmondville,NY,USA,1,T,32529,NA,NA
227252,2016,CLINTON70,Downriver,Canoe,T3,oc2cruiser,8,TRUE,32531,682,682,673,49,71,8,69,susquehanna70,NA,TRUE,paddler,thielra01,Raymond Thiel,Thiel Raymond,Voluntown,CT,USA,1,T,32531,NA,NA
227252,2016,CLINTON70,Downriver,Canoe,T3,oc2cruiser,8,TRUE,32531,682,682,673,49,71,8,69,susquehanna70,NA,TRUE,paddler,kenyonte03,Ted Kenyon III,Kenyon III Ted,Montville,CT,USA,1,T,32531,NA,NA
227240,2016,CLINTON70,Downriver,Canoe,S4,oc1pro,5,TRUE,32546,683,683,674,47,72,5,70,susquehanna70,NA,TRUE,paddler,millerst01,Stephen Miller,Miller Stephen,Groton,MA,USA,1,T,32546,NA,NA
237712,2017,CLINTON70,Downriver,Canoe,B2,oc4stock,7,TRUE,32551,684,684,675,40,79,7,79,susquehanna70,NA,TRUE,paddler,mcmahojo01,John McMahon,McMahon John,Rome,NY,USA,1,T,32551,NA,NA
237712,2017,CLINTON70,Downriver,Canoe,B2,oc4stock,7,TRUE,32551,684,684,675,40,79,7,79,susquehanna70,NA,TRUE,paddler,keanmi01,Mike Kean,Kean Mike,Rome,NY,USA,1,T,32551,NA,NA
237712,2017,CLINTON70,Downriver,Canoe,B2,oc4stock,7,TRUE,32551,684,684,675,40,79,7,79,susquehanna70,NA,TRUE,paddler,olneyma01,Mark Olney,Olney Mark,Westernville,NY,USA,1,T,32551,NA,NA
237712,2017,CLINTON70,Downriver,Canoe,B2,oc4stock,7,TRUE,32551,684,684,675,40,79,7,79,susquehanna70,NA,TRUE,paddler,NA,Mike Pocchairi,Pocchairi Mike,Ava,NY,USA,1,T,32551,NA,NA
490112,2024,CLINTON70,Downriver,Canoe,P21,oc2pro,34,TRUE,32553,685,685,676,365,42,34,42,susquehanna70,NA,TRUE,paddler,trudelsh01,Shirley Trudel,Trudel Shirley,Shawinigan,QC,CAN,NA,NA,NA,NA,NA
490112,2024,CLINTON70,Downriver,Canoe,P21,oc2pro,34,TRUE,32553,685,685,676,365,42,34,42,susquehanna70,NA,TRUE,paddler,lefebvlo01,Louis Lefebvre,Lefebvre Louis,Shawinigan,QC,CAN,NA,NA,NA,NA,NA
370218,2022,CLINTON70,Downriver,Canoe,P47,oc2pro,36,TRUE,32565,686,686,677,366,46,36,46,susquehanna70,NA,TRUE,paddler,flageore01,Renaud Flageole,Flageole Renaud,Shawinigan,QC,CAN,NA,NA,NA,NA,NA
370218,2022,CLINTON70,Downriver,Canoe,P47,oc2pro,36,TRUE,32565,686,686,677,366,46,36,46,susquehanna70,NA,TRUE,paddler,NA,Dave Flageole,Flageole Dave,Shawinigan,QC,CAN,NA,NA,NA,NA,NA
227336,2016,CLINTON70,Downriver,Canoe,P31,oc2pro,42,TRUE,32570,687,687,678,367,73,42,71,susquehanna70,Mens Under 50,TRUE,paddler,plourdga01,Gaetan Plourde,Plourde Gaetan,Kanata,ON,CAN,1,T,32570,NA,NA
227336,2016,CLINTON70,Downriver,Canoe,P31,oc2pro,42,TRUE,32570,687,687,678,367,73,42,71,susquehanna70,Mens Under 50,TRUE,paddler,brainaje01,Jeff Brainard,Brainard Jeff,Roslin,ON,CAN,1,T,32570,NA,NA
208119,2014,CLINTON70,Downriver,Canoe,A7,oc2stockalum,1,TRUE,32574,688,688,679,2,105,1,103,susquehanna70,NA,TRUE,paddler,walleybi01,Bill Walley,Walley Bill,Walton,NY,USA,1,T,32574,NA,NA
208119,2014,CLINTON70,Downriver,Canoe,A7,oc2stockalum,1,TRUE,32574,688,688,679,2,105,1,103,susquehanna70,NA,TRUE,paddler,walleybr01,Brian Walley,Walley Brian,Walton,NY,USA,1,T,32574,NA,NA
256293,2019,CLINTON70,Downriver,Canoe,E11,oc2stock,8,TRUE,32615,689,689,680,27,103,8,99,susquehanna70,NA,TRUE,paddler,bachorst01,Steve Bachorik Jr.,Bachorik Jr. Steve,Hartwick,NY,USA,1,T,32615,NA,NA
256293,2019,CLINTON70,Downriver,Canoe,E11,oc2stock,8,TRUE,32615,689,689,680,27,103,8,99,susquehanna70,NA,TRUE,paddler,obrienpa01,Pat O'Brien,O'Brien Pat,Hartwick,NY,USA,1,T,32615,NA,NA
436086,2023,CLINTON70,Downriver,Canoe,P4,oc2pro,21,TRUE,32615,690,690,681,368,25,21,25,susquehanna70,NA,TRUE,paddler,NA,Jackson Tucker,Tucker Jackson,Grand Rapids ,MI,USA,NA,NA,NA,Billy Goat Boats,NA
436086,2023,CLINTON70,Downriver,Canoe,P4,oc2pro,21,TRUE,32615,690,690,681,368,25,21,25,susquehanna70,NA,TRUE,paddler,kirkdy01,Dylan Kirk,Kirk Dylan,Jacks Reef,NY,USA,NA,NA,NA,Billy Goat Boats,NA
217380,2015,CLINTON70,Downriver,Canoe,P5,oc2pro,31,TRUE,32617,691,691,682,369,48,31,48,susquehanna70,Mens Under 50,TRUE,paddler,NA,Pascal Lampron,Lampron Pascal,Notre-Dame Du Mont Carmel,QC,CAN,1,T,32617,NA,NA
217380,2015,CLINTON70,Downriver,Canoe,P5,oc2pro,31,TRUE,32617,691,691,682,369,48,31,48,susquehanna70,Mens Under 50,TRUE,paddler,lacombsi01,Simon-Pier Lacombe,Lacombe Simon-Pier,Shawinigan,QC,CAN,1,T,32617,NA,NA
208216,2014,CLINTON70,Downriver,Canoe,L2,oc1master,8,TRUE,32621,692,692,683,15,106,8,104,susquehanna70,NA,TRUE,paddler,jordanji01,Jim Jordan,Jordan Jim,Otegp,NY,USA,1,T,32621,NA,NA
490113,2024,CLINTON70,Downriver,Canoe,P3,oc2pro,35,TRUE,32621,693,693,684,370,43,35,43,susquehanna70,NA,TRUE,paddler,NA,Jonathan George,George Jonathan,Churubusco,IN,USA,NA,NA,NA,Semper Fi,NA
490113,2024,CLINTON70,Downriver,Canoe,P3,oc2pro,35,TRUE,32621,693,693,684,370,43,35,43,susquehanna70,NA,TRUE,paddler,martinbr01,Bryce Martin,Martin Bryce,Grayling,MI,USA,NA,NA,NA,Semper Fi,NA
217427,2015,CLINTON70,Downriver,Canoe,X5,oc2cruisermix,5,TRUE,32622,694,694,685,57,49,5,49,susquehanna70,NA,TRUE,paddler,armstrda01,David Armstrong,Armstrong David,Rockville,MD,USA,1,T,32622,NA,NA
217427,2015,CLINTON70,Downriver,Canoe,X5,oc2cruisermix,5,TRUE,32622,694,694,685,57,49,5,49,susquehanna70,NA,TRUE,paddler,febeyka01,Karen Febey,Febey Karen,Rockville,MD,USA,1,T,32622,NA,NA
227278,2016,CLINTON70,Downriver,Canoe,X20,oc2cruisermix,7,TRUE,32623,695,695,686,58,74,7,72,susquehanna70,NA,TRUE,paddler,reeseph01,Phoebe Reese,Reese Phoebe,Oneonta,NY,USA,1,T,32623,NA,NA
227278,2016,CLINTON70,Downriver,Canoe,X20,oc2cruisermix,7,TRUE,32623,695,695,686,58,74,7,72,susquehanna70,NA,TRUE,paddler,fisherro01,Robert Fisher,Fisher Robert,Delhi,NY,USA,1,T,32623,NA,NA
217381,2015,CLINTON70,Downriver,Canoe,P35,oc2pro,32,TRUE,32633,696,696,687,371,50,32,50,susquehanna70,Mixed,TRUE,paddler,mattinhy01,Hype Mattingly,Mattingly Hype,Carneys Point,NJ,USA,1,T,32633,NA,NA
217381,2015,CLINTON70,Downriver,Canoe,P35,oc2pro,32,TRUE,32633,696,696,687,371,50,32,50,susquehanna70,Mixed,TRUE,paddler,NA,John Edwards,Edwards John,St. Petersburg,FL,USA,1,T,32633,NA,NA
227293,2016,CLINTON70,Downriver,Canoe,Y4,oc2cruiserwomen,3,TRUE,32633,697,697,688,14,75,3,73,susquehanna70,NA,TRUE,paddler,johnsoem01,Emily Johnson,Johnson Emily,St Paul,MN,USA,1,T,32633,NA,NA
227293,2016,CLINTON70,Downriver,Canoe,Y4,oc2cruiserwomen,3,TRUE,32633,697,697,688,14,75,3,73,susquehanna70,NA,TRUE,paddler,schillma01,Maria Schilling,Schilling Maria,Minneapolis,MN,USA,1,T,32633,NA,NA
370167,2022,CLINTON70,Downriver,Canoe,X6,oc2cruisermix,2,TRUE,32657,698,698,689,59,47,2,47,susquehanna70,NA,TRUE,paddler,rossem01,Emma Ellsworth,Ellsworth Emma,Orange,MA,USA,NA,NA,NA,Racing for our Dads,NA
370167,2022,CLINTON70,Downriver,Canoe,X6,oc2cruisermix,2,TRUE,32657,698,698,689,59,47,2,47,susquehanna70,NA,TRUE,paddler,ellswoth01,Thomas Ellsworth,Ellsworth Thomas,Orange,MA,USA,NA,NA,NA,Racing for our Dads,NA
436087,2023,CLINTON70,Downriver,Canoe,P15,oc2pro,22,TRUE,32659,699,699,690,372,26,22,26,susquehanna70,NA,TRUE,paddler,flageore01,Renaud Flageole,Flageole Renaud,Shawinigan,QC,CAN,NA,NA,NA,Father & Son,NA
436087,2023,CLINTON70,Downriver,Canoe,P15,oc2pro,22,TRUE,32659,699,699,690,372,26,22,26,susquehanna70,NA,TRUE,paddler,NA,Dave Flageole,Flageole Dave,Shawinigan G0X2V0,QC,CAN,NA,NA,NA,Father & Son,NA
256309,2019,CLINTON70,Downriver,Canoe,F2,oc2stockmix,3,TRUE,32662,700,700,691,4,104,3,100,susquehanna70,NA,TRUE,paddler,zophygr01,Greg Zophy,Zophy Greg,St. Paul,MN,USA,1,T,32662,NA,NA
256309,2019,CLINTON70,Downriver,Canoe,F2,oc2stockmix,3,TRUE,32662,700,700,691,4,104,3,100,susquehanna70,NA,TRUE,paddler,NA,Rebecca Pohlman,Pohlman Rebecca,Coon Rapids,MN,USA,1,T,32662,NA,NA
370219,2022,CLINTON70,Downriver,Canoe,P21,oc2pro,37,TRUE,32667,701,701,692,373,48,37,48,susquehanna70,NA,TRUE,paddler,wisseas01,Ashley Wisse,Wisse Ashley,Oneonta,NY,USA,NA,NA,NA,NA,NA
370219,2022,CLINTON70,Downriver,Canoe,P21,oc2pro,37,TRUE,32667,701,701,692,373,48,37,48,susquehanna70,NA,TRUE,paddler,wissebo01,Bob Wisse,Wisse Bob,Oneonta,NY,USA,NA,NA,NA,NA,NA
532377,2025,CLINTON70,Downriver,Kayak,KL1,k1unlimited,2,TRUE,32678,702,702,8,8,89,2,2,susquehanna70,NA,TRUE,paddler,zoubakan01,Andrei Zoubakine,Zoubakine Andrei,Richmond Hill,ON,CAN,NA,NA,NA,AZ,NA
237814,2017,CLINTON70,Downriver,Canoe,X6,oc2cruisermix,10,TRUE,32680,703,703,693,60,80,10,80,susquehanna70,NA,TRUE,paddler,caryas01,Ashley Cary,Cary Ashley,Syracuse,NY,USA,1,T,32680,NA,NA
237814,2017,CLINTON70,Downriver,Canoe,X6,oc2cruisermix,10,TRUE,32680,703,703,693,60,80,10,80,susquehanna70,NA,TRUE,paddler,sennetda01,David Sennett,Sennett David,Auburn,NY,USA,1,T,32680,NA,NA
436088,2023,CLINTON70,Downriver,Canoe,P21,oc2pro,23,TRUE,32682,704,704,694,374,27,23,27,susquehanna70,NA,TRUE,paddler,schlimjo01,Joe Schlimmer,Schlimmer Joe,Ithaca,NY,USA,NA,NA,NA,Phoebe and Joe,NA
436088,2023,CLINTON70,Downriver,Canoe,P21,oc2pro,23,TRUE,32682,704,704,694,374,27,23,27,susquehanna70,NA,TRUE,paddler,reeseph01,Phoebe Reese,Reese Phoebe,Oneonta,NY,USA,NA,NA,NA,Phoebe and Joe,NA
237795,2017,CLINTON70,Downriver,Canoe,V6,oc2cruisermaster,4,TRUE,32691,705,705,695,26,81,4,81,susquehanna70,NA,TRUE,paddler,anderswi01,William Anderson,Anderson William,Morrill,ME,USA,1,T,32691,NA,NA
237795,2017,CLINTON70,Downriver,Canoe,V6,oc2cruisermaster,4,TRUE,32691,705,705,695,26,81,4,81,susquehanna70,NA,TRUE,paddler,rancoma01,Mark Ranco,Ranco Mark,Bangor,ME,USA,1,T,32691,NA,NA
490059,2024,CLINTON70,Downriver,Canoe,T2,oc2cruiser,2,TRUE,32706,706,706,696,50,44,2,44,susquehanna70,NA,TRUE,paddler,kingma01,Matt King,King Matt,Athol,MA,USA,NA,NA,NA,King Morse,NA
490059,2024,CLINTON70,Downriver,Canoe,T2,oc2cruiser,2,TRUE,32706,706,706,696,50,44,2,44,susquehanna70,NA,TRUE,paddler,NA,Jack Morse,Morse Jack,Cummington,MA,USA,NA,NA,NA,King Morse,NA
370220,2022,CLINTON70,Downriver,Canoe,P2,oc2pro,38,TRUE,32708,707,707,697,375,49,38,49,susquehanna70,NA,TRUE,paddler,schillma01,Maria Schilling,Schilling Maria,Minneapolis,MN,USA,NA,NA,NA,NA,NA
370220,2022,CLINTON70,Downriver,Canoe,P2,oc2pro,38,TRUE,32708,707,707,697,375,49,38,49,susquehanna70,NA,TRUE,paddler,zophygr01,Greg Zophy,Zophy Greg,St. Paul,MN,USA,NA,NA,NA,NA,NA
490114,2024,CLINTON70,Downriver,Canoe,P2,oc2pro,36,TRUE,32708,708,708,698,376,45,36,45,susquehanna70,NA,TRUE,paddler,bradleba01,Barb Bradley,Bradley Barb,Wausau,WI,USA,NA,NA,NA,Al and Barb,NA
490114,2024,CLINTON70,Downriver,Canoe,P2,oc2pro,36,TRUE,32708,708,708,698,376,45,36,45,susquehanna70,NA,TRUE,paddler,limberal01,Allen Limberg,Limberg Allen,Wausau,WI,USA,NA,NA,NA,Al and Barb,NA
217391,2015,CLINTON70,Downriver,Canoe,S6,oc1pro,4,TRUE,32711,709,709,699,48,51,4,51,susquehanna70,NA,TRUE,paddler,olneypa01,Paul Olney,Olney Paul,Westernville,NY,USA,1,T,32711,NA,NA
370221,2022,CLINTON70,Downriver,Canoe,P17,oc2pro,39,TRUE,32716,710,710,700,377,50,39,50,susquehanna70,NA,TRUE,paddler,mynarka01,Kaitlin Mynar,Mynar Kaitlin,San Marcos,TX,USA,NA,NA,NA,NA,NA
370221,2022,CLINTON70,Downriver,Canoe,P17,oc2pro,39,TRUE,32716,710,710,700,377,50,39,50,susquehanna70,NA,TRUE,paddler,buggece01,Cecili Bugge,Bugge Cecili,Buffalo Gap,TX,USA,NA,NA,NA,NA,NA
237786,2017,CLINTON70,Downriver,Canoe,J1,oc1,1,TRUE,32729,711,711,701,7,82,1,82,susquehanna70,NA,TRUE,paddler,corbetst01,Steve Corbett,Corbett Steve,New Market,MD,USA,1,T,32729,NA,NA
256294,2019,CLINTON70,Downriver,Canoe,E20,oc2stock,9,TRUE,32737,712,712,702,28,105,9,101,susquehanna70,NA,TRUE,paddler,codingbr01,Bruce Codington,Codington Bruce,Sidney,NY,USA,1,T,32737,NA,NA
256294,2019,CLINTON70,Downriver,Canoe,E20,oc2stock,9,TRUE,32737,712,712,702,28,105,9,101,susquehanna70,NA,TRUE,paddler,primmemi01,Michael Primmer,Primmer Michael,Oneonta,NY,USA,1,T,32737,NA,NA
217428,2015,CLINTON70,Downriver,Canoe,X14,oc2cruisermix,6,TRUE,32742,713,713,703,61,52,6,52,susquehanna70,NA,TRUE,paddler,johnsoem01,Emily Johnson,Johnson Emily,St Paul,MN,USA,1,T,32742,NA,NA
217428,2015,CLINTON70,Downriver,Canoe,X14,oc2cruisermix,6,TRUE,32742,713,713,703,61,52,6,52,susquehanna70,NA,TRUE,paddler,defeoje01,Jeff Defeo,Defeo Jeff,Chester,MA,USA,1,T,32742,NA,NA
532344,2025,CLINTON70,Downriver,Canoe,F2,oc2stockmix,2,TRUE,32745,714,714,704,5,90,2,88,susquehanna70,NA,TRUE,paddler,herrmast01,Steve Herrmann,Herrmann Steve,West Oneonta,NY,USA,NA,NA,NA,Herrmannator,NA
532344,2025,CLINTON70,Downriver,Canoe,F2,oc2stockmix,2,TRUE,32745,714,714,704,5,90,2,88,susquehanna70,NA,TRUE,paddler,NA,Julie Burkholder,Burkholder Julie,Niskayuna,NY,USA,NA,NA,NA,Herrmannator,NA
532399,2025,CLINTON70,Downriver,Canoe,T3,oc2cruiser,2,TRUE,32749,715,715,705,51,91,2,89,susquehanna70,NA,TRUE,paddler,snyderja01,Jake Snyder,Snyder Jake,Ithaca,NY,USA,NA,NA,NA,Team Big Snyde,NA
532399,2025,CLINTON70,Downriver,Canoe,T3,oc2cruiser,2,TRUE,32749,715,715,705,51,91,2,89,susquehanna70,NA,TRUE,paddler,NA,Artie Bigsby,Bigsby Artie,Cazenovia,NY,USA,NA,NA,NA,Team Big Snyde,NA
237742,2017,CLINTON70,Downriver,Canoe,E20,oc2stock,3,TRUE,32752,716,716,706,29,83,3,83,susquehanna70,NA,TRUE,paddler,phillito01,Tom Phillips,Phillips Tom,Ottawa,ON,CAN,1,T,32752,NA,NA
237742,2017,CLINTON70,Downriver,Canoe,E20,oc2stock,3,TRUE,32752,716,716,706,29,83,3,83,susquehanna70,NA,TRUE,paddler,NA,De Abreu Mike,Mike De Abreu,Arnprior,ON,CAN,1,T,32752,NA,NA
227279,2016,CLINTON70,Downriver,Canoe,X3,oc2cruisermix,8,TRUE,32761,717,717,707,62,76,8,74,susquehanna70,NA,TRUE,paddler,braxde01,Debbie Brax,Brax Debbie,Bay Village,OH,USA,1,T,32761,NA,NA
227279,2016,CLINTON70,Downriver,Canoe,X3,oc2cruisermix,8,TRUE,32761,717,717,707,62,76,8,74,susquehanna70,NA,TRUE,paddler,strebke01,Ken Streb,Streb Ken,Rochester,NY,USA,1,T,32761,NA,NA
247625,2018,CLINTON70,Downriver,Canoe,Y1,oc2cruiserwomen,1,TRUE,32767,718,718,708,15,83,1,83,susquehanna70,NA,TRUE,paddler,harrissa01,Sandy Harris,Harris Sandy,Spofford,NH,USA,1,T,32767,NA,NA
247625,2018,CLINTON70,Downriver,Canoe,Y1,oc2cruiserwomen,1,TRUE,32767,718,718,708,15,83,1,83,susquehanna70,NA,TRUE,paddler,cumminvi01,Vicki Cummings,Cummings Vicki,Meriden,CT,USA,1,T,32767,NA,NA
256389,2019,CLINTON70,Downriver,Canoe,V1,oc2cruisermaster,3,TRUE,32767,719,719,709,27,106,3,102,susquehanna70,NA,TRUE,paddler,mallerti01,Tim Mallery,Mallery Tim,South Williamsport,PA,USA,1,T,32767,NA,NA
256389,2019,CLINTON70,Downriver,Canoe,V1,oc2cruisermaster,3,TRUE,32767,719,719,709,27,106,3,102,susquehanna70,NA,TRUE,paddler,breenge01,Gerry Breen,Breen Gerry,Brooklyn,NY,USA,1,T,32767,NA,NA
237844,2017,CLINTON70,Downriver,Canoe,U10,oc2cruisersenior,4,TRUE,32768,720,720,710,14,84,4,84,susquehanna70,NA,TRUE,paddler,davisal01,Alec Davis,Davis Alec,Ballston Lake,NY,USA,1,T,32768,NA,NA
237844,2017,CLINTON70,Downriver,Canoe,U10,oc2cruisersenior,4,TRUE,32768,720,720,710,14,84,4,84,susquehanna70,NA,TRUE,paddler,henryro01,Roger Henry,Henry Roger,Rexford,NY,USA,1,T,32768,NA,NA
436089,2023,CLINTON70,Downriver,Canoe,P19,oc2pro,24,TRUE,32776,721,721,711,378,28,24,28,susquehanna70,NA,TRUE,paddler,watsonca01,Caleb Watson,Watson Caleb,Oscoda,MI,USA,NA,NA,NA,Hacked,NA
436089,2023,CLINTON70,Downriver,Canoe,P19,oc2pro,24,TRUE,32776,721,721,711,378,28,24,28,susquehanna70,NA,TRUE,paddler,webbjo01,Jon Webb,Webb Jon,Mio,MI,USA,NA,NA,NA,Hacked,NA
227267,2016,CLINTON70,Downriver,Canoe,V7,oc2cruisermaster,4,TRUE,32801,722,722,712,28,77,4,75,susquehanna70,NA,TRUE,paddler,vandorda01,David Vandorpe,Vandorpe David,Needham,MA,USA,1,T,32801,NA,NA
227267,2016,CLINTON70,Downriver,Canoe,V7,oc2cruisermaster,4,TRUE,32801,722,722,712,28,77,4,75,susquehanna70,NA,TRUE,paddler,bosske01,Kevin Boss,Boss Kevin,Swansea,MA,USA,1,T,32801,NA,NA
227280,2016,CLINTON70,Downriver,Canoe,X21,oc2cruisermix,9,TRUE,32811,723,723,713,63,78,9,76,susquehanna70,NA,TRUE,paddler,reedbr01,Brooks Reed,Reed Brooks,Unadilla,NY,USA,1,T,32811,NA,NA
227280,2016,CLINTON70,Downriver,Canoe,X21,oc2cruisermix,9,TRUE,32811,723,723,713,63,78,9,76,susquehanna70,NA,TRUE,paddler,NA,Tanner Reed,Reed Tanner,Unadilla,NY,USA,1,T,32811,NA,NA
436090,2023,CLINTON70,Downriver,Canoe,P18,oc2pro,25,TRUE,32818,724,724,714,379,29,25,29,susquehanna70,NA,TRUE,paddler,lamontgu01,Guillaume Lamontagne,Lamontagne Guillaume,St-Etienne-Des-Gres,QC,CAN,NA,NA,NA,Clan Lamont,NA
436090,2023,CLINTON70,Downriver,Canoe,P18,oc2pro,25,TRUE,32818,724,724,714,379,29,25,29,susquehanna70,NA,TRUE,paddler,lamontjo01,Joel Lamontagne,Lamontagne Joel,Trois Rivieres,QC,CAN,NA,NA,NA,Clan Lamont,NA
247512,2018,CLINTON70,Downriver,Canoe,B3,oc4stock,7,TRUE,32822,725,725,715,41,84,7,84,susquehanna70,NA,TRUE,paddler,owensni01,Nicole Owens,Owens Nicole,Frederic,MI,USA,1,T,32822,NA,NA
247512,2018,CLINTON70,Downriver,Canoe,B3,oc4stock,7,TRUE,32822,725,725,715,41,84,7,84,susquehanna70,NA,TRUE,paddler,armstrda01,David Armstrong,Armstrong David,Silver Spring,MD,USA,1,T,32822,NA,NA
247512,2018,CLINTON70,Downriver,Canoe,B3,oc4stock,7,TRUE,32822,725,725,715,41,84,7,84,susquehanna70,NA,TRUE,paddler,koptala01,Lauraellen Kopta,Kopta Lauraellen,Clymer,NY,USA,1,T,32822,NA,NA
247512,2018,CLINTON70,Downriver,Canoe,B3,oc4stock,7,TRUE,32822,725,725,715,41,84,7,84,susquehanna70,NA,TRUE,paddler,lenschli01,Linda Lensch,Lensch Linda,Tinton Falls,NJ,USA,1,T,32822,NA,NA
247610,2018,CLINTON70,Downriver,Canoe,T8,oc2cruiser,7,TRUE,32827,726,726,716,52,85,7,85,susquehanna70,NA,TRUE,paddler,mclainru01,Rusty McLain,McLain Rusty,Chesapeake,VA,USA,1,T,32827,NA,NA
247610,2018,CLINTON70,Downriver,Canoe,T8,oc2cruiser,7,TRUE,32827,726,726,716,52,85,7,85,susquehanna70,NA,TRUE,paddler,mclainky01,Kyle McLain,McLain Kyle,Chesapeake,VA,USA,1,T,32827,NA,NA
256255,2019,CLINTON70,Downriver,Unknown,G4,opentour,3,TRUE,32843,727,727,3,3,107,3,3,susquehanna70,NA,TRUE,paddler,herrmast01,Steve Herrmann,Herrmann Steve,West Oneonta,NY,USA,1,T,32843,NA,NA
256255,2019,CLINTON70,Downriver,Unknown,G4,opentour,3,TRUE,32843,727,727,3,3,107,3,3,susquehanna70,NA,TRUE,paddler,NA,Julie Burkholder,Burkholder Julie,Niskayuna,NY,USA,1,T,32843,NA,NA
227281,2016,CLINTON70,Downriver,Canoe,X12,oc2cruisermix,10,TRUE,32847,728,728,717,64,79,10,77,susquehanna70,NA,TRUE,paddler,defeoje01,Jeff Defeo,Defeo Jeff,Chester,MA,USA,1,T,32847,NA,NA
227281,2016,CLINTON70,Downriver,Canoe,X12,oc2cruisermix,10,TRUE,32847,728,728,717,64,79,10,77,susquehanna70,NA,TRUE,paddler,harrissa01,Sandy Harris,Harris Sandy,Spofford,NH,USA,1,T,32847,NA,NA
237815,2017,CLINTON70,Downriver,Canoe,X12,oc2cruisermix,11,TRUE,32850,729,729,718,65,85,11,85,susquehanna70,NA,TRUE,paddler,fisherro01,Robert Fisher,Fisher Robert,Delhi,NY,USA,1,T,32850,NA,NA
237815,2017,CLINTON70,Downriver,Canoe,X12,oc2cruisermix,11,TRUE,32850,729,729,718,65,85,11,85,susquehanna70,NA,TRUE,paddler,reeseph01,Phoebe Reese,Reese Phoebe,Oneonta,NY,USA,1,T,32850,NA,NA
490115,2024,CLINTON70,Downriver,Canoe,P14,oc2pro,37,TRUE,32852,730,730,719,380,46,37,46,susquehanna70,NA,TRUE,paddler,rhodeske01,Kelly Rhodes,Rhodes Kelly,Silver Spring,MD,USA,NA,NA,NA,WCC,NA
490115,2024,CLINTON70,Downriver,Canoe,P14,oc2pro,37,TRUE,32852,730,730,719,380,46,37,46,susquehanna70,NA,TRUE,paddler,lowenfma01,Martin Lowenfish,Lowenfish Martin,Washington,DC,USA,NA,NA,NA,WCC,NA
436091,2023,CLINTON70,Downriver,Canoe,P29,oc2pro,26,TRUE,32894,731,731,720,381,30,26,30,susquehanna70,NA,TRUE,paddler,reedbr01,Brooks Reed,Reed Brooks,Unadilla,NY,USA,NA,NA,NA,NA,NA
436091,2023,CLINTON70,Downriver,Canoe,P29,oc2pro,26,TRUE,32894,731,731,720,381,30,26,30,susquehanna70,NA,TRUE,paddler,personda01,Dale Persons,Persons Dale,Bainbridge ,NY,USA,NA,NA,NA,NA,NA
208169,2014,CLINTON70,Downriver,Canoe,G15,open,3,TRUE,32895,732,732,721,3,107,3,105,susquehanna70,NA,TRUE,paddler,mcduffly01,Lynne McDuffie,McDuffie Lynne,Robbins,NC,USA,1,T,32895,NA,NA
208169,2014,CLINTON70,Downriver,Canoe,G15,open,3,TRUE,32895,732,732,721,3,107,3,105,susquehanna70,NA,TRUE,paddler,mcduffwi01,William McDuffie,McDuffie William,Robbins,NC,USA,1,T,32895,NA,NA
256321,2019,CLINTON70,Downriver,Canoe,L4,oc1master,3,TRUE,32895,733,733,722,16,108,3,103,susquehanna70,NA,TRUE,paddler,armstrda01,David Armstrong,Armstrong David,Silver Spring,MD,USA,1,T,32895,NA,NA
247578,2018,CLINTON70,Downriver,Canoe,L2,oc1master,1,TRUE,32900,734,734,723,17,86,1,86,susquehanna70,NA,TRUE,paddler,owenje01,Jeff Owen,Owen Jeff,Orono,ME,USA,1,T,32900,NA,NA
237845,2017,CLINTON70,Downriver,Canoe,U5,oc2cruisersenior,5,TRUE,32902,735,735,724,15,86,5,86,susquehanna70,NA,TRUE,paddler,hansenfr01,Fritz Hansen,Hansen Fritz,Burlington,WI,USA,1,T,32902,NA,NA
237845,2017,CLINTON70,Downriver,Canoe,U5,oc2cruisersenior,5,TRUE,32902,735,735,724,15,86,5,86,susquehanna70,NA,TRUE,paddler,braigji01,Jim Braig,Braig Jim,Dubuque,IA,USA,1,T,32902,NA,NA
490053,2024,CLINTON70,Downriver,Canoe,U2,oc2cruisersenior,2,TRUE,32903,736,736,725,16,47,2,47,susquehanna70,NA,TRUE,paddler,cumminvi01,Vicki Cummings,Cummings Vicki,Meriden,CT,USA,NA,NA,NA,Mudpuppies,NA
490053,2024,CLINTON70,Downriver,Canoe,U2,oc2cruisersenior,2,TRUE,32903,736,736,725,16,47,2,47,susquehanna70,NA,TRUE,paddler,cumminde01,Del Cummings,Cummings Del,Meriden,CT,USA,NA,NA,NA,Mudpuppies,NA
217392,2015,CLINTON70,Downriver,Canoe,S3,oc1pro,5,TRUE,32919,737,737,726,49,53,5,53,susquehanna70,NA,TRUE,paddler,wiesnene01,Neil Wiesner-Hanks,Wiesner-Hanks Neil,Mequon,WI,USA,1,T,32919,NA,NA
532345,2025,CLINTON70,Downriver,Canoe,F4,oc2stockmix,3,TRUE,32920,738,738,727,6,92,3,90,susquehanna70,NA,TRUE,paddler,risingma01,Mark Risinger,Risinger Mark,Levant,ME,USA,NA,NA,NA,Risinger River Rats,NA
532345,2025,CLINTON70,Downriver,Canoe,F4,oc2stockmix,3,TRUE,32920,738,738,727,6,92,3,90,susquehanna70,NA,TRUE,paddler,risingal01,Allisen Risinger,Risinger Allisen,Levant,ME,USA,NA,NA,NA,Risinger River Rats,NA
490074,2024,CLINTON70,Downriver,Canoe,V1,oc2cruisermaster,1,TRUE,32921,739,739,728,29,48,1,48,susquehanna70,NA,TRUE,paddler,millerse01,Seth Miller,Miller Seth,Norwood,MA,USA,NA,NA,NA,Miller Allen,NA
490074,2024,CLINTON70,Downriver,Canoe,V1,oc2cruisermaster,1,TRUE,32921,739,739,728,29,48,1,48,susquehanna70,NA,TRUE,paddler,allenti01,Timothy Allen,Allen Timothy,Westfield,MA,USA,NA,NA,NA,Miller Allen,NA
256369,2019,CLINTON70,Downriver,Canoe,T10,oc2cruiser,10,TRUE,32921,740,740,729,53,109,10,104,susquehanna70,NA,TRUE,paddler,allenbo01,Bob Allen,Allen Bob,Westfield,MA,USA,1,T,32921,NA,NA
256369,2019,CLINTON70,Downriver,Canoe,T10,oc2cruiser,10,TRUE,32921,740,740,729,53,109,10,104,susquehanna70,NA,TRUE,paddler,allenti01,Tim Allen,Allen Tim,Westfield,MA,USA,1,T,32921,NA,NA
256295,2019,CLINTON70,Downriver,Canoe,E19,oc2stock,10,TRUE,32934,741,741,730,30,110,10,105,susquehanna70,NA,TRUE,paddler,NA,Brian Loskamp,Loskamp Brian,Seattle,WA,AUS,1,T,32934,NA,NA
256295,2019,CLINTON70,Downriver,Canoe,E19,oc2stock,10,TRUE,32934,741,741,730,30,110,10,105,susquehanna70,NA,TRUE,paddler,buchhoge01,George Buchholz,Buchholz George,Ithaca,NY,USA,1,T,32934,NA,NA
217429,2015,CLINTON70,Downriver,Canoe,X3,oc2cruisermix,7,TRUE,32934,742,742,731,66,54,7,54,susquehanna70,NA,TRUE,paddler,colego01,Gord Cole,Cole Gord,Parry Sound,ON,CAN,1,T,32934,NA,NA
217429,2015,CLINTON70,Downriver,Canoe,X3,oc2cruisermix,7,TRUE,32934,742,742,731,66,54,7,54,susquehanna70,NA,TRUE,paddler,simpsoka01,Karen Simpson,Simpson Karen,Mississauga,ON,CAN,1,T,32934,NA,NA
436092,2023,CLINTON70,Downriver,Canoe,P46,oc2pro,27,TRUE,32936,743,743,732,382,31,27,31,susquehanna70,NA,TRUE,paddler,bachorst01,Steve Bachorik,Bachorik Steve,Hartwick,NY,USA,NA,NA,NA,NA,NA
436092,2023,CLINTON70,Downriver,Canoe,P46,oc2pro,27,TRUE,32936,743,743,732,382,31,27,31,susquehanna70,NA,TRUE,paddler,allisojo01,Joseph Allison,Allison Joseph,Morris,NY,USA,NA,NA,NA,NA,NA
227259,2016,CLINTON70,Downriver,Canoe,U4,oc2cruisersenior,1,TRUE,32939,744,744,733,17,80,1,78,susquehanna70,NA,TRUE,paddler,davisal01,Alec Davis,Davis Alec,Ballston Lake,NY,USA,1,T,32939,NA,NA
227259,2016,CLINTON70,Downriver,Canoe,U4,oc2cruisersenior,1,TRUE,32939,744,744,733,17,80,1,78,susquehanna70,NA,TRUE,paddler,henryro01,Roger Henry,Henry Roger,Rexford,NY,USA,1,T,32939,NA,NA
217403,2015,CLINTON70,Downriver,Canoe,T2,oc2cruiser,5,TRUE,32943,745,745,734,54,55,5,55,susquehanna70,NA,TRUE,paddler,pedersje01,Jeff Pedersen,Pedersen Jeff,Gilbertsville,NY,USA,1,T,32943,NA,NA
217403,2015,CLINTON70,Downriver,Canoe,T2,oc2cruiser,5,TRUE,32943,745,745,734,54,55,5,55,susquehanna70,NA,TRUE,paddler,lefevesh01,Shawn Lefever,Lefever Shawn,Unadilla,NY,USA,1,T,32943,NA,NA
227282,2016,CLINTON70,Downriver,Canoe,X6,oc2cruisermix,11,TRUE,32956,746,746,735,67,81,11,79,susquehanna70,NA,TRUE,paddler,solakam01,Amy Solak,Solak Amy,Traverse City,MI,USA,1,T,32956,NA,NA
227282,2016,CLINTON70,Downriver,Canoe,X6,oc2cruisermix,11,TRUE,32956,746,746,735,67,81,11,79,susquehanna70,NA,TRUE,paddler,novakda01,Daniel Novak,Novak Daniel,Traverse City,MI,USA,1,T,32956,NA,NA
208217,2014,CLINTON70,Downriver,Canoe,L10,oc1master,9,TRUE,32960,747,747,736,18,108,9,106,susquehanna70,NA,TRUE,paddler,stonemdo01,Don Stoneman,Stoneman Don,Cambridge,ON,CAN,1,T,32960,NA,NA
247603,2018,CLINTON70,Downriver,Canoe,U3,oc2cruisersenior,4,TRUE,32974,748,748,737,18,87,4,87,susquehanna70,NA,TRUE,paddler,davisal01,Alec Davis,Davis Alec,Ballston Lake,NY,USA,1,T,32974,NA,NA
247603,2018,CLINTON70,Downriver,Canoe,U3,oc2cruisersenior,4,TRUE,32974,748,748,737,18,87,4,87,susquehanna70,NA,TRUE,paddler,henryro01,Roger Henry,Henry Roger,Rexford,NY,USA,1,T,32974,NA,NA
370140,2022,CLINTON70,Downriver,Canoe,S3,oc1pro,3,TRUE,32975,749,749,738,50,51,3,51,susquehanna70,NA,TRUE,paddler,webbjo01,Jon Webb,Webb Jon,Mio,MI,USA,NA,NA,NA,NA,NA
370155,2022,CLINTON70,Downriver,Kayak,KL2,k1unlimited,1,TRUE,32976,750,750,9,9,52,1,1,susquehanna70,NA,TRUE,paddler,gloverda01,Dale Glover,Glover Dale,Montgomery,PA,USA,NA,NA,NA,Susquehanna Kayaks,NA
436093,2023,CLINTON70,Downriver,Canoe,P31,oc2pro,28,TRUE,32977,751,751,739,383,32,28,32,susquehanna70,NA,TRUE,paddler,hallan01,Andy Hall,Hall Andy,Arlington,MA,USA,NA,NA,NA,LiberTea Bell,NA
436093,2023,CLINTON70,Downriver,Canoe,P31,oc2pro,28,TRUE,32977,751,751,739,383,32,28,32,susquehanna70,NA,TRUE,paddler,peckka01,Katie Peck,Peck Katie,New York,NY,USA,NA,NA,NA,LiberTea Bell,NA
217404,2015,CLINTON70,Downriver,Canoe,T14,oc2cruiser,6,TRUE,32986,752,752,740,55,56,6,56,susquehanna70,NA,TRUE,paddler,mclainga01,Gary McLain,McLain Gary,Ballston Spa,NY,USA,1,T,32986,NA,NA
217404,2015,CLINTON70,Downriver,Canoe,T14,oc2cruiser,6,TRUE,32986,752,752,740,55,56,6,56,susquehanna70,NA,TRUE,paddler,olsonri01,Richard Olson,Olson Richard,Mohawk,NY,USA,1,T,32986,NA,NA
208164,2014,CLINTON70,Downriver,Canoe,F2,oc2stockmix,1,TRUE,33004,753,753,741,7,109,1,107,susquehanna70,NA,TRUE,paddler,NA,Elizabeth Peterson,Peterson Elizabeth,Franklin,NY,USA,1,T,33004,NA,NA
208164,2014,CLINTON70,Downriver,Canoe,F2,oc2stockmix,1,TRUE,33004,753,753,741,7,109,1,107,susquehanna70,NA,TRUE,paddler,petersjo01,John Peterson,Peterson John,Franklin,NY,USA,1,T,33004,NA,NA
490116,2024,CLINTON70,Downriver,Canoe,P28,oc2pro,38,TRUE,33005,754,754,742,384,49,38,49,susquehanna70,NA,TRUE,paddler,meckleda01,Dan Mecklenburg,Mecklenburg Dan,Columbus,OH,USA,NA,NA,NA,NA,NA
490116,2024,CLINTON70,Downriver,Canoe,P28,oc2pro,38,TRUE,33005,754,754,742,384,49,38,49,susquehanna70,NA,TRUE,paddler,heedpe01,Peter Heed,Heed Peter,Keene,NH,USA,NA,NA,NA,NA,NA
370098,2022,CLINTON70,Downriver,Canoe,B4,oc4stock,1,TRUE,33020,755,755,743,42,53,1,52,susquehanna70,NA,TRUE,paddler,vermiljo01,Jon Vermilyea,Vermilyea Jon,Baldwinsville ,NY,USA,NA,NA,NA,NA,NA
370098,2022,CLINTON70,Downriver,Canoe,B4,oc4stock,1,TRUE,33020,755,755,743,42,53,1,52,susquehanna70,NA,TRUE,paddler,berlke01,Kevin Berl,Berl Kevin,Macedon,NY,USA,NA,NA,NA,NA,NA
370098,2022,CLINTON70,Downriver,Canoe,B4,oc4stock,1,TRUE,33020,755,755,743,42,53,1,52,susquehanna70,NA,TRUE,paddler,buttsri01,Richard Butts,Butts Richard,Rochester,NY,USA,NA,NA,NA,NA,NA
370098,2022,CLINTON70,Downriver,Canoe,B4,oc4stock,1,TRUE,33020,755,755,743,42,53,1,52,susquehanna70,NA,TRUE,paddler,kirkdy01,Dylan Kirk,Kirk Dylan,Ray Brook,NY,USA,NA,NA,NA,NA,NA
237743,2017,CLINTON70,Downriver,Canoe,E2,oc2stock,4,TRUE,33031,756,756,744,31,87,4,87,susquehanna70,NA,TRUE,paddler,birdsaro01,Rob Birdsall,Birdsall Rob,Unadilla,NY,USA,1,T,33031,NA,NA
237743,2017,CLINTON70,Downriver,Canoe,E2,oc2stock,4,TRUE,33031,756,756,744,31,87,4,87,susquehanna70,NA,TRUE,paddler,birdsabr01,Bryan Birdsall,Birdsall Bryan,Unadilla,NY,USA,1,T,33031,NA,NA
370145,2022,CLINTON70,Downriver,Canoe,L5,oc1master,1,TRUE,33031,757,757,745,19,54,1,53,susquehanna70,NA,TRUE,paddler,kenyonte01,Ted Kenyon,Kenyon Ted,Montville,CT,USA,NA,NA,NA,Ted Kenyon,NA
247630,2018,CLINTON70,Downriver,Canoe,V8,oc2cruisermaster,5,TRUE,33033,758,758,746,30,88,5,88,susquehanna70,NA,TRUE,paddler,sandne01,Neal Sand,Sand Neal,Milton,VT,USA,1,T,33033,NA,NA
247630,2018,CLINTON70,Downriver,Canoe,V8,oc2cruisermaster,5,TRUE,33033,758,758,746,30,88,5,88,susquehanna70,NA,TRUE,paddler,mcandrma01,Mark McAndrew,McAndrew Mark,East Hardwick,VT,USA,1,T,33033,NA,NA
237837,2017,CLINTON70,Downriver,Canoe,T16,oc2cruiser,12,TRUE,33044,759,759,747,56,88,12,88,susquehanna70,NA,TRUE,paddler,buckleda01,David Buckley,Buckley David,Morris,IL,USA,1,T,33044,NA,NA
237837,2017,CLINTON70,Downriver,Canoe,T16,oc2cruiser,12,TRUE,33044,759,759,747,56,88,12,88,susquehanna70,NA,TRUE,paddler,hillri01,Rick Hill,Hill Rick,Iowa City,IA,USA,1,T,33044,NA,NA
227241,2016,CLINTON70,Downriver,Canoe,S2,oc1pro,6,TRUE,33052,760,760,748,51,82,6,80,susquehanna70,NA,TRUE,paddler,packarmi01,Mike Packard,Packard Mike,Oneonta,NY,USA,1,T,33052,NA,NA
490063,2024,CLINTON70,Downriver,Canoe,X9,oc2cruisermix,1,TRUE,33062,761,761,749,68,50,1,50,susquehanna70,NA,TRUE,paddler,braxde01,Debbie Brax,Brax Debbie,Deruyter,NY,USA,NA,NA,NA,Brax/Zophy,NA
490063,2024,CLINTON70,Downriver,Canoe,X9,oc2cruisermix,1,TRUE,33062,761,761,749,68,50,1,50,susquehanna70,NA,TRUE,paddler,zophygr01,Greg Zophy,Zophy Greg,St. Paul,MN,USA,NA,NA,NA,Brax/Zophy,NA
208218,2014,CLINTON70,Downriver,Canoe,L6,oc1master,10,TRUE,33066,762,762,750,20,110,10,108,susquehanna70,NA,TRUE,paddler,stenslmi01,Mike Stensland,Stensland Mike,South New Berlin,NY,USA,1,T,33066,NA,NA
247528,2018,CLINTON70,Downriver,Canoe,E7,oc2stock,5,TRUE,33071,763,763,751,32,89,5,89,susquehanna70,NA,TRUE,paddler,zophygr01,Greg Zophy,Zophy Greg,St. Paul,MN,USA,1,T,33071,NA,NA
247528,2018,CLINTON70,Downriver,Canoe,E7,oc2stock,5,TRUE,33071,763,763,751,32,89,5,89,susquehanna70,NA,TRUE,paddler,bergdo01,Doug Berg,Berg Doug,Excelsior,MN,USA,1,T,33071,NA,NA
256370,2019,CLINTON70,Downriver,Canoe,T8,oc2cruiser,11,TRUE,33072,764,764,752,57,111,11,106,susquehanna70,NA,TRUE,paddler,NA,Wayne Duncan,Duncan Wayne,Ivor,VA,USA,1,T,33072,NA,NA
256370,2019,CLINTON70,Downriver,Canoe,T8,oc2cruiser,11,TRUE,33072,764,764,752,57,111,11,106,susquehanna70,NA,TRUE,paddler,daymi01,Mike Day,Day Mike,Ivor,VA,USA,1,T,33072,NA,NA
208219,2014,CLINTON70,Downriver,Canoe,L17,oc1master,11,TRUE,33074,765,765,753,21,111,11,109,susquehanna70,NA,TRUE,paddler,fisherro01,Robert Fisher,Fisher Robert,Delhi,NY,USA,1,T,33074,NA,NA
532400,2025,CLINTON70,Downriver,Canoe,T1,oc2cruiser,3,TRUE,33101,766,766,754,58,93,3,91,susquehanna70,NA,TRUE,paddler,NA,Dan Woughter,Woughter Dan,Belgrade,MA,USA,NA,NA,NA,Green Mountain Boys,NA
532400,2025,CLINTON70,Downriver,Canoe,T1,oc2cruiser,3,TRUE,33101,766,766,754,58,93,3,91,susquehanna70,NA,TRUE,paddler,NA,Nate Atkinson,Atkinson Nate,Saranac Lake,NY,USA,NA,NA,NA,Green Mountain Boys,NA
532386,2025,CLINTON70,Downriver,Canoe,V1,oc2cruisermaster,3,TRUE,33115,767,767,755,31,94,3,92,susquehanna70,NA,TRUE,paddler,jordansc01,Scott Jordan,Jordan Scott,Otego,NY,USA,NA,NA,NA,Jordan and Himes,NA
532386,2025,CLINTON70,Downriver,Canoe,V1,oc2cruisermaster,3,TRUE,33115,767,767,755,31,94,3,92,susquehanna70,NA,TRUE,paddler,NA,Michael Himes,Himes Michael,Otego,NY,USA,NA,NA,NA,Jordan and Himes,NA
217416,2015,CLINTON70,Downriver,Canoe,V2,oc2cruisermaster,2,TRUE,33117,768,768,756,32,57,2,57,susquehanna70,NA,TRUE,paddler,mcandrma01,Mark McAndrew,McAndrew Mark,East Hardwick,VT,USA,1,T,33117,NA,NA
217416,2015,CLINTON70,Downriver,Canoe,V2,oc2cruisermaster,2,TRUE,33117,768,768,756,32,57,2,57,susquehanna70,NA,TRUE,paddler,sandne01,Neal Sand,Sand Neal,Milton,VT,USA,1,T,33117,NA,NA
217393,2015,CLINTON70,Downriver,Canoe,S10,oc1pro,6,TRUE,33134,769,769,757,52,58,6,58,susquehanna70,NA,TRUE,paddler,NA,Kenneth Kolonich,Kolonich Kenneth,Eaton Rapids,MI,USA,1,T,33134,NA,NA
247631,2018,CLINTON70,Downriver,Canoe,V5,oc2cruisermaster,6,TRUE,33146,770,770,758,33,90,6,90,susquehanna70,NA,TRUE,paddler,rosspe01,Peter Ross,Ross Peter,Ontario,NY,USA,1,T,33146,NA,NA
247631,2018,CLINTON70,Downriver,Canoe,V5,oc2cruisermaster,6,TRUE,33146,770,770,758,33,90,6,90,susquehanna70,NA,TRUE,paddler,henninti01,Tim Henning,Henning Tim,Marion,NY,USA,1,T,33146,NA,NA
490117,2024,CLINTON70,Downriver,Canoe,P47,oc2pro,39,TRUE,33148,771,771,759,385,51,39,51,susquehanna70,NA,TRUE,paddler,malenfjo01,Joel Malenfant,Malenfant Joel,Shawinigan,QC,CAN,NA,NA,NA,Kruger Packaging,NA
490117,2024,CLINTON70,Downriver,Canoe,P47,oc2pro,39,TRUE,33148,771,771,759,385,51,39,51,susquehanna70,NA,TRUE,paddler,NA,David Dion,Dion David,Île D'Orléans,QC,CAN,NA,NA,NA,Kruger Packaging,NA
208313,2014,CLINTON70,Downriver,Canoe,X17,oc2cruisermix,16,TRUE,33151,772,772,760,69,112,16,110,susquehanna70,NA,TRUE,paddler,johnstbr01,Brian Johnston,Johnston Brian,Hopkinton,MA,USA,1,T,33151,NA,NA
208313,2014,CLINTON70,Downriver,Canoe,X17,oc2cruisermix,16,TRUE,33151,772,772,760,69,112,16,110,susquehanna70,NA,TRUE,paddler,NA,Debbie Johnston,Johnston Debbie,Hopkinton,MA,USA,1,T,33151,NA,NA
490118,2024,CLINTON70,Downriver,Canoe,P29,oc2pro,40,TRUE,33170,773,773,761,386,52,40,52,susquehanna70,NA,TRUE,paddler,bosske01,Kevin Boss,Boss Kevin,Swansea,MA,USA,NA,NA,NA,Brouillette HVAC,NA
490118,2024,CLINTON70,Downriver,Canoe,P29,oc2pro,40,TRUE,33170,773,773,761,386,52,40,52,susquehanna70,NA,TRUE,paddler,wilsonch01,Christina Wilson,Wilson Christina,Durham,NH,USA,NA,NA,NA,Brouillette HVAC,NA
217405,2015,CLINTON70,Downriver,Canoe,T13,oc2cruiser,7,TRUE,33193,774,774,762,59,59,7,59,susquehanna70,NA,TRUE,paddler,coddinbr01,Bruce Coddington,Coddington Bruce,Sidney,NY,USA,1,T,33193,NA,NA
217405,2015,CLINTON70,Downriver,Canoe,T13,oc2cruiser,7,TRUE,33193,774,774,762,59,59,7,59,susquehanna70,NA,TRUE,paddler,maddenpa01,Pat Madden,Madden Pat,Scotia,NY,USA,1,T,33193,NA,NA
247622,2018,CLINTON70,Downriver,Canoe,X11,oc2cruisermix,8,TRUE,33214,775,775,763,70,91,8,91,susquehanna70,NA,TRUE,paddler,NA,Alexia Lopez,Lopez Alexia,Kailua,HI,USA,1,T,33214,NA,NA
247622,2018,CLINTON70,Downriver,Canoe,X11,oc2cruisermix,8,TRUE,33214,775,775,763,70,91,8,91,susquehanna70,NA,TRUE,paddler,NA,Edmund Joy,Joy Edmund,High Springs,FL,USA,1,T,33214,NA,NA
256328,2019,CLINTON70,Downriver,Canoe,J4,oc1,3,TRUE,33217,776,776,764,8,112,3,107,susquehanna70,NA,TRUE,paddler,breierky01,Kyle Breier,Breier Kyle,Oneonta,NY,USA,1,T,33217,NA,NA
436036,2023,CLINTON70,Downriver,Canoe,V2,oc2cruisermaster,1,TRUE,33218,777,777,765,34,33,1,33,susquehanna70,NA,TRUE,paddler,millerse01,Seth Miller,Miller Seth,Norwood,MA,USA,NA,NA,NA,NA,NA
436036,2023,CLINTON70,Downriver,Canoe,V2,oc2cruisermaster,1,TRUE,33218,777,777,765,34,33,1,33,susquehanna70,NA,TRUE,paddler,millerst01,Stephen Miller,Miller Stephen,Groton,MA,USA,NA,NA,NA,NA,NA
256296,2019,CLINTON70,Downriver,Canoe,E14,oc2stock,11,TRUE,33258,778,778,766,33,113,11,108,susquehanna70,NA,TRUE,paddler,neugebri01,Richard Neugebauer,Neugebauer Richard,Skaneateles,NY,USA,1,T,33258,NA,NA
256296,2019,CLINTON70,Downriver,Canoe,E14,oc2stock,11,TRUE,33258,778,778,766,33,113,11,108,susquehanna70,NA,TRUE,paddler,NA,Lincoln Fancher,Fancher Lincoln,Lacona,NY,USA,1,T,33258,NA,NA
247682,2018,CLINTON70,Downriver,Canoe,P38,oc2pro,47,TRUE,33296,779,779,767,387,92,47,92,susquehanna70,NA,TRUE,paddler,jolyre01,René Joly,Joly René,Shawinigan,QC,CAN,1,T,33296,NA,NA
247682,2018,CLINTON70,Downriver,Canoe,P38,oc2pro,47,TRUE,33296,779,779,767,387,92,47,92,susquehanna70,NA,TRUE,paddler,NA,Jérémie Fortin,Fortin Jérémie,Shawinigan,QC,CAN,1,T,33296,NA,NA
237776,2017,CLINTON70,Downriver,Canoe,L6,oc1master,3,TRUE,33304,780,780,768,22,89,3,89,susquehanna70,NA,TRUE,paddler,anusiest01,Stan Anusiewicz,Anusiewicz Stan,Brights Grove,ON,CAN,1,T,33304,NA,NA
217382,2015,CLINTON70,Downriver,Canoe,P17,oc2pro,33,TRUE,33307,781,781,769,388,60,33,60,susquehanna70,Mens 50 & Over,TRUE,paddler,fairchmi01,Michael Fairchild,Fairchild Michael,Battleboro,VT,USA,1,T,33307,NA,NA
217382,2015,CLINTON70,Downriver,Canoe,P17,oc2pro,33,TRUE,33307,781,781,769,388,60,33,60,susquehanna70,Mens 50 & Over,TRUE,paddler,heedpe01,Peter Heed,Heed Peter,Keene,NH,USA,1,T,33307,NA,NA
227253,2016,CLINTON70,Downriver,Canoe,T1,oc2cruiser,9,TRUE,33312,782,782,770,60,83,9,81,susquehanna70,NA,TRUE,paddler,allenbo01,Bob Allen,Allen Bob,Westfield,MA,USA,1,T,33312,NA,NA
227253,2016,CLINTON70,Downriver,Canoe,T1,oc2cruiser,9,TRUE,33312,782,782,770,60,83,9,81,susquehanna70,NA,TRUE,paddler,allenti01,Tim Allen,Allen Tim,Westfield,MA,USA,1,T,33312,NA,NA
436094,2023,CLINTON70,Downriver,Canoe,P41,oc2pro,29,TRUE,33328,783,783,771,389,34,29,34,susquehanna70,NA,TRUE,paddler,hillza01,Zak Hill,Hill Zak,Saratoga Springs,NY,USA,NA,NA,NA,Team Hill,NA
436094,2023,CLINTON70,Downriver,Canoe,P41,oc2pro,29,TRUE,33328,783,783,771,389,34,29,34,susquehanna70,NA,TRUE,paddler,hillta01,Tad Hill,Hill Tad,Livonia,MI,USA,NA,NA,NA,Team Hill,NA
247574,2018,CLINTON70,Downriver,Canoe,J4,oc1,1,TRUE,33330,784,784,772,9,93,1,93,susquehanna70,NA,TRUE,paddler,doyleke01,Kellen Doyle,Doyle Kellen,Orono,ME,USA,1,T,33330,NA,NA
370177,2022,CLINTON70,Downriver,Canoe,V9,oc2cruisermaster,4,TRUE,33332,785,785,773,35,55,4,54,susquehanna70,NA,TRUE,paddler,vincenbo01,Bob Vincent,Vincent Bob,Huntsville,ON,CAN,NA,NA,NA,NA,NA
370177,2022,CLINTON70,Downriver,Canoe,V9,oc2cruisermaster,4,TRUE,33332,785,785,773,35,55,4,54,susquehanna70,NA,TRUE,paddler,vincenmi01,Mike Vincent,Vincent Mike,Regina,SK,CAN,NA,NA,NA,NA,NA
217328,2015,CLINTON70,Downriver,Canoe,J1,oc1,1,TRUE,33347,786,786,774,10,61,1,61,susquehanna70,NA,TRUE,paddler,olsonke01,Kevin Olson,Olson Kevin,Lafayette,NY,USA,1,T,33347,NA,NA
370222,2022,CLINTON70,Downriver,Canoe,P33,oc2pro,40,TRUE,33362,787,787,775,390,56,40,55,susquehanna70,NA,TRUE,paddler,malenfjo01,Joel Malenfant,Malenfant Joel,Shawinigan,QC,CAN,NA,NA,NA,The Ledg of Clan Lamont,NA
370222,2022,CLINTON70,Downriver,Canoe,P33,oc2pro,40,TRUE,33362,787,787,775,390,56,40,55,susquehanna70,NA,TRUE,paddler,lamontal01,Alain Lamontagne,Lamontagne Alain,Shawinigan,QC,CAN,NA,NA,NA,The Ledg of Clan Lamont,NA
256357,2019,CLINTON70,Downriver,Canoe,U6,oc2cruisersenior,4,TRUE,33367,788,788,776,19,114,4,109,susquehanna70,NA,TRUE,paddler,rouxcl01,claude roux,roux claude,Vaudreuil-Dorion,QC,CAN,1,T,33367,NA,NA
256357,2019,CLINTON70,Downriver,Canoe,U6,oc2cruisersenior,4,TRUE,33367,788,788,776,19,114,4,109,susquehanna70,NA,TRUE,paddler,pinardpi01,Pierre Pinard,Pinard Pierre,L Orignal,ON,CAN,1,T,33367,NA,NA
436013,2023,CLINTON70,Downriver,Canoe,S3,oc1pro,2,TRUE,33372,789,789,777,53,35,2,35,susquehanna70,NA,TRUE,paddler,hatfieja01,Jason Hatfield,Hatfield Jason,Grayling,MI,USA,NA,NA,NA,Hatfield,NA
227254,2016,CLINTON70,Downriver,Canoe,T13,oc2cruiser,10,TRUE,33372,790,790,778,61,84,10,82,susquehanna70,NA,TRUE,paddler,jordanji01,Jim Jordan,Jordan Jim,Otegp,NY,USA,1,T,33372,NA,NA
227254,2016,CLINTON70,Downriver,Canoe,T13,oc2cruiser,10,TRUE,33372,790,790,778,61,84,10,82,susquehanna70,NA,TRUE,paddler,jordansc01,Scott Jordan,Jordan Scott,Otego,NY,USA,1,T,33372,NA,NA
247529,2018,CLINTON70,Downriver,Canoe,E18,oc2stock,6,TRUE,33374,791,791,779,34,94,6,94,susquehanna70,NA,TRUE,paddler,koptama01,Mark Kopta,Kopta Mark,Clymer,NY,USA,1,T,33374,NA,NA
247529,2018,CLINTON70,Downriver,Canoe,E18,oc2stock,6,TRUE,33374,791,791,779,34,94,6,94,susquehanna70,NA,TRUE,paddler,codingbr01,Bruce Codington,Codington Bruce,Sidney,NY,USA,1,T,33374,NA,NA
208263,2014,CLINTON70,Downriver,Canoe,R7,oc1stock,2,TRUE,33375,792,792,780,2,113,2,111,susquehanna70,NA,TRUE,paddler,jeraulsc01,Scott Jerauld,Jerauld Scott,Bainbridge,NY,USA,1,T,33375,NA,NA
237846,2017,CLINTON70,Downriver,Canoe,U4,oc2cruisersenior,6,TRUE,33380,793,793,781,20,90,6,90,susquehanna70,NA,TRUE,paddler,vincenbo01,Bob Vincent,Vincent Bob,Dorchester,ON,CAN,1,T,33380,NA,NA
237846,2017,CLINTON70,Downriver,Canoe,U4,oc2cruisersenior,6,TRUE,33380,793,793,781,20,90,6,90,susquehanna70,NA,TRUE,paddler,haymangw01,Gwyn Hayman,Hayman Gwyn,London,ON,CAN,1,T,33380,NA,NA
208170,2014,CLINTON70,Downriver,Canoe,G25,open,4,TRUE,33387,794,794,782,4,114,4,112,susquehanna70,NA,TRUE,paddler,burnetbi01,Bill Burnett,Burnett Bill,Dubois,PA,USA,1,T,33387,NA,NA
237847,2017,CLINTON70,Downriver,Canoe,U8,oc2cruisersenior,7,TRUE,33406,795,795,783,21,91,7,91,susquehanna70,NA,TRUE,paddler,NA,Glen Cooley,Cooley Glen,Scotia,NY,USA,1,T,33406,NA,NA
237847,2017,CLINTON70,Downriver,Canoe,U8,oc2cruisersenior,7,TRUE,33406,795,795,783,21,91,7,91,susquehanna70,NA,TRUE,paddler,cooleyli01,Linda Cooley,Cooley Linda,Scotia,NY,USA,1,T,33406,NA,NA
227260,2016,CLINTON70,Downriver,Canoe,U7,oc2cruisersenior,2,TRUE,33412,796,796,784,22,85,2,83,susquehanna70,NA,TRUE,paddler,dugasda01,David Dugas,Dugas David,Athol,MA,USA,1,T,33412,NA,NA
227260,2016,CLINTON70,Downriver,Canoe,U7,oc2cruisersenior,2,TRUE,33412,796,796,784,22,85,2,83,susquehanna70,NA,TRUE,paddler,casalejo01,John Casale,Casale John,Southampton,MA,USA,1,T,33412,NA,NA
227145,2016,CLINTON70,Downriver,Canoe,B6,oc4stock,6,TRUE,33422,797,797,785,43,86,6,84,susquehanna70,NA,TRUE,paddler,deighabi01,Bill Deighan,Deighan Bill,Newburgh,ME,USA,1,T,33422,NA,NA
227145,2016,CLINTON70,Downriver,Canoe,B6,oc4stock,6,TRUE,33422,797,797,785,43,86,6,84,susquehanna70,NA,TRUE,paddler,loringch01,Chip Loring,Loring Chip,Old Town,ME,USA,1,T,33422,NA,NA
227145,2016,CLINTON70,Downriver,Canoe,B6,oc4stock,6,TRUE,33422,797,797,785,43,86,6,84,susquehanna70,NA,TRUE,paddler,rancoma01,Mark Ranco,Ranco Mark,Bangor,ME,USA,1,T,33422,NA,NA
227145,2016,CLINTON70,Downriver,Canoe,B6,oc4stock,6,TRUE,33422,797,797,785,43,86,6,84,susquehanna70,NA,TRUE,paddler,wescotte01,Terry Wescott,Wescott Terry,Thorndike,ME,USA,1,T,33422,NA,NA
256297,2019,CLINTON70,Downriver,Canoe,E10,oc2stock,12,TRUE,33423,798,798,786,35,115,12,110,susquehanna70,NA,TRUE,paddler,NA,Michael Hamilton Sr.,Hamilton Sr. Michael,Yaphank,NY,USA,1,T,33423,NA,NA
256297,2019,CLINTON70,Downriver,Canoe,E10,oc2stock,12,TRUE,33423,798,798,786,35,115,12,110,susquehanna70,NA,TRUE,paddler,NA,Michael Hamilton Jr.,Hamilton Jr. Michael,Oneonta,NY,USA,1,T,33423,NA,NA
247530,2018,CLINTON70,Downriver,Canoe,E1,oc2stock,7,TRUE,33424,799,799,787,36,95,7,95,susquehanna70,NA,TRUE,paddler,phillito01,Tom Phillips,Phillips Tom,Ottawa,ON,CAN,1,T,33424,NA,NA
247530,2018,CLINTON70,Downriver,Canoe,E1,oc2stock,7,TRUE,33424,799,799,787,36,95,7,95,susquehanna70,NA,TRUE,paddler,deabrmi01,Mike De Abreu,De Abreu Mike,Arnprior,ON,CAN,1,T,33424,NA,NA
227146,2016,CLINTON70,Downriver,Canoe,B1,oc4stock,7,TRUE,33426,800,800,788,44,87,7,85,susquehanna70,NA,TRUE,paddler,chungban01,Anthony Chungbin,Chungbin Anthony,East Amherst,NY,USA,1,T,33426,NA,NA
227146,2016,CLINTON70,Downriver,Canoe,B1,oc4stock,7,TRUE,33426,800,800,788,44,87,7,85,susquehanna70,NA,TRUE,paddler,NA,Christopher Chungbin,Chungbin Christopher,East Amherst,NY,USA,1,T,33426,NA,NA
227146,2016,CLINTON70,Downriver,Canoe,B1,oc4stock,7,TRUE,33426,800,800,788,44,87,7,85,susquehanna70,NA,TRUE,paddler,NA,Jared Callahan,Callahan Jared,Amherst,NY,USA,1,T,33426,NA,NA
227146,2016,CLINTON70,Downriver,Canoe,B1,oc4stock,7,TRUE,33426,800,800,788,44,87,7,85,susquehanna70,NA,TRUE,paddler,NA,Mark Kogutowski,Kogutowski Mark,Buffalo,NY,USA,1,T,33426,NA,NA
490064,2024,CLINTON70,Downriver,Canoe,X7,oc2cruisermix,2,TRUE,33429,801,801,789,71,53,2,53,susquehanna70,NA,TRUE,paddler,fitzgepa01,Pam Fitzgerald,Fitzgerald Pam,Scotia,NY,USA,NA,NA,NA,NA,NA
490064,2024,CLINTON70,Downriver,Canoe,X7,oc2cruisermix,2,TRUE,33429,801,801,789,71,53,2,53,susquehanna70,NA,TRUE,paddler,wallsdo01,Don Walls,Walls Don,Beaver,PA,USA,NA,NA,NA,NA,NA
490075,2024,CLINTON70,Downriver,Canoe,V3,oc2cruisermaster,2,TRUE,33436,802,802,790,36,54,2,54,susquehanna70,NA,TRUE,paddler,jordansc01,Scott Jordan,Jordan Scott,Otego,NY,USA,NA,NA,NA,Jordan-Himes,NA
490075,2024,CLINTON70,Downriver,Canoe,V3,oc2cruisermaster,2,TRUE,33436,802,802,790,36,54,2,54,susquehanna70,NA,TRUE,paddler,NA,Michael Himes,Himes Michael,Otego,NY,USA,NA,NA,NA,Jordan-Himes,NA
247579,2018,CLINTON70,Downriver,Canoe,L11,oc1master,2,TRUE,33442,803,803,791,23,96,2,96,susquehanna70,NA,TRUE,paddler,wingal01,Alex Wing,Wing Alex,Morris,NY,USA,1,T,33442,NA,NA
370223,2022,CLINTON70,Downriver,Canoe,P26,oc2pro,41,TRUE,33450,804,804,792,391,57,41,56,susquehanna70,NA,TRUE,paddler,robilllu01,Luc Robillard,Robillard Luc,Waitsfield,VT,USA,NA,NA,NA,Excelsior,NA
370223,2022,CLINTON70,Downriver,Canoe,P26,oc2pro,41,TRUE,33450,804,804,792,391,57,41,56,susquehanna70,NA,TRUE,paddler,henryda01,Dana Henry,Henry Dana,Plymouth,MN,USA,NA,NA,NA,Excelsior,NA
237713,2017,CLINTON70,Downriver,Canoe,B11,oc4stock,8,TRUE,33451,805,805,793,45,92,8,92,susquehanna70,NA,TRUE,paddler,NA,Timothy Muhich,Muhich Timothy,Silver Spring,MD,USA,1,T,33451,NA,NA
237713,2017,CLINTON70,Downriver,Canoe,B11,oc4stock,8,TRUE,33451,805,805,793,45,92,8,92,susquehanna70,NA,TRUE,paddler,dillerjo01,John Diller,Diller John,Oakland,MD,USA,1,T,33451,NA,NA
237713,2017,CLINTON70,Downriver,Canoe,B11,oc4stock,8,TRUE,33451,805,805,793,45,92,8,92,susquehanna70,NA,TRUE,paddler,NA,Dale Waldo,Waldo Dale,White Lake,MI,USA,1,T,33451,NA,NA
237713,2017,CLINTON70,Downriver,Canoe,B11,oc4stock,8,TRUE,33451,805,805,793,45,92,8,92,susquehanna70,NA,TRUE,paddler,NA,Colin Bright,Bright Colin,Greenwood,IN,USA,1,T,33451,NA,NA
217438,2015,CLINTON70,Downriver,Canoe,Y2,oc2cruiserwomen,1,TRUE,33466,806,806,794,16,62,1,62,susquehanna70,NA,TRUE,paddler,rhodeske01,Kelly Rhodes,Rhodes Kelly,Silver Spring,MD,USA,1,T,33466,NA,NA
217438,2015,CLINTON70,Downriver,Canoe,Y2,oc2cruiserwomen,1,TRUE,33466,806,806,794,16,62,1,62,susquehanna70,NA,TRUE,paddler,botelepa01,Pam Boteler,Boteler Pam,Alexandria,VA,USA,1,T,33466,NA,NA
490076,2024,CLINTON70,Downriver,Canoe,V4,oc2cruisermaster,3,TRUE,33479,807,807,795,37,55,3,55,susquehanna70,NA,TRUE,paddler,careyde01,Dennis Carey,Carey Dennis,Orange,MA,USA,NA,NA,NA,The 80 percenters,NA
490076,2024,CLINTON70,Downriver,Canoe,V4,oc2cruisermaster,3,TRUE,33479,807,807,795,37,55,3,55,susquehanna70,NA,TRUE,paddler,lyesiuni01,Nick Lyesiuk,Lyesiuk Nick,Orange,MA,USA,NA,NA,NA,The 80 percenters,NA
247531,2018,CLINTON70,Downriver,Canoe,E3,oc2stock,8,TRUE,33487,808,808,796,37,97,8,97,susquehanna70,NA,TRUE,paddler,NA,William Whiting,Whiting William,Fultonville,NY,USA,1,T,33487,NA,NA
247531,2018,CLINTON70,Downriver,Canoe,E3,oc2stock,8,TRUE,33487,808,808,796,37,97,8,97,susquehanna70,NA,TRUE,paddler,whitiner01,Erik Whiting,Whiting Erik,Ledyard,CT,USA,1,T,33487,NA,NA
227161,2016,CLINTON70,Downriver,Canoe,E5,oc2stock,1,TRUE,33488,809,809,797,38,88,1,86,susquehanna70,NA,TRUE,paddler,birdsabr01,Bryan Birdsall,Birdsall Bryan,Unadilla,NY,USA,1,T,33488,NA,NA
227161,2016,CLINTON70,Downriver,Canoe,E5,oc2stock,1,TRUE,33488,809,809,797,38,88,1,86,susquehanna70,NA,TRUE,paddler,birdsaro01,Rob Birdsall,Birdsall Rob,Unadilla,NY,USA,1,T,33488,NA,NA
237744,2017,CLINTON70,Downriver,Canoe,E3,oc2stock,5,TRUE,33504,810,810,798,39,93,5,93,susquehanna70,NA,TRUE,paddler,knappda01,Dave Knapp,Knapp Dave,Oneonta,NY,USA,1,T,33504,NA,NA
237744,2017,CLINTON70,Downriver,Canoe,E3,oc2stock,5,TRUE,33504,810,810,798,39,93,5,93,susquehanna70,NA,TRUE,paddler,NA,Nathan Derr,Derr Nathan,Unadilla,NY,USA,1,T,33504,NA,NA
256310,2019,CLINTON70,Downriver,Canoe,F7,oc2stockmix,4,TRUE,33512,811,811,799,8,116,4,111,susquehanna70,NA,TRUE,paddler,coupalso01,Sophie Coupal,Coupal Sophie,Cantley,QC,CAN,1,T,33512,NA,NA
256310,2019,CLINTON70,Downriver,Canoe,F7,oc2stockmix,4,TRUE,33512,811,811,799,8,116,4,111,susquehanna70,NA,TRUE,paddler,lukensa01,Sandra Luken,Luken Sandra,Ottawa,QC,CAN,1,T,33512,NA,NA
217406,2015,CLINTON70,Downriver,Canoe,T9,oc2cruiser,8,TRUE,33512,812,812,800,62,63,8,63,susquehanna70,NA,TRUE,paddler,NA,Doug Leveile,Leveile Doug,Unadilla,NY,USA,1,T,33512,NA,NA
217406,2015,CLINTON70,Downriver,Canoe,T9,oc2cruiser,8,TRUE,33512,812,812,800,62,63,8,63,susquehanna70,NA,TRUE,paddler,jordansc01,Scott Jordan,Jordan Scott,Otego,NY,USA,1,T,33512,NA,NA
247632,2018,CLINTON70,Downriver,Canoe,V2,oc2cruisermaster,7,TRUE,33521,813,813,801,38,98,7,98,susquehanna70,NA,TRUE,paddler,mallerti01,Tim Mallery,Mallery Tim,South Williamsport,PA,USA,1,T,33521,NA,NA
247632,2018,CLINTON70,Downriver,Canoe,V2,oc2cruisermaster,7,TRUE,33521,813,813,801,38,98,7,98,susquehanna70,NA,TRUE,paddler,breenge01,Gerry Breen,Breen Gerry,Brooklyn,NY,USA,1,T,33521,NA,NA
237770,2017,CLINTON70,Downriver,Canoe,S6,oc1pro,9,TRUE,33521,814,814,802,54,94,9,94,susquehanna70,NA,TRUE,paddler,robertri01,River Robertson,Robertson River,Old Town,ME,USA,1,T,33521,NA,NA
247557,2018,CLINTON70,Downriver,Canoe,G1,opentour,1,TRUE,33529,815,815,803,4,99,1,99,susquehanna70,NA,TRUE,paddler,beckwida01,Dale Beckwith,Beckwith Dale,Sidney,NY,USA,1,T,33529,NA,NA
247557,2018,CLINTON70,Downriver,Canoe,G1,opentour,1,TRUE,33529,815,815,803,4,99,1,99,susquehanna70,NA,TRUE,paddler,bagleyje01,Jeff Bagley,Bagley Jeff,Sidney,NY,USA,1,T,33529,NA,NA
208171,2014,CLINTON70,Downriver,Canoe,G11,open,5,TRUE,33558,816,816,804,5,115,5,113,susquehanna70,NA,TRUE,paddler,fisherbu01,Buddy Fisher,Fisher Buddy,Bainbridge,NY,USA,1,T,33558,NA,NA
208171,2014,CLINTON70,Downriver,Canoe,G11,open,5,TRUE,33558,816,816,804,5,115,5,113,susquehanna70,NA,TRUE,paddler,fisherdu01,Duke Fisher,Fisher Duke,Bainbridge,NY,USA,1,T,33558,NA,NA
256317,2019,CLINTON70,Downriver,Canoe,R3,oc1stock,1,TRUE,33561,817,817,805,3,117,1,112,susquehanna70,NA,TRUE,paddler,nearch01,Chris Near,Near Chris,Huntsville,ON,CAN,1,T,33561,NA,NA
237777,2017,CLINTON70,Downriver,Canoe,L17,oc1master,4,TRUE,33563,818,818,806,24,95,4,95,susquehanna70,NA,TRUE,paddler,lyesiuni01,Nick Lyesiuk,Lyesiuk Nick,Orange,MA,USA,1,T,33563,NA,NA
490060,2024,CLINTON70,Downriver,Canoe,T1,oc2cruiser,3,TRUE,33564,819,819,807,63,56,3,56,susquehanna70,NA,TRUE,paddler,kenyonth01,Theo Kenyon,Kenyon Theo,Montville,CT,USA,NA,NA,NA,Kenyon,NA
490060,2024,CLINTON70,Downriver,Canoe,T1,oc2cruiser,3,TRUE,33564,819,819,807,63,56,3,56,susquehanna70,NA,TRUE,paddler,NA,Ted Kenyon,Kenyon Ted,Montville,CT,USA,NA,NA,NA,Kenyon,NA
208220,2014,CLINTON70,Downriver,Canoe,L4,oc1master,12,TRUE,33568,820,820,808,25,116,12,114,susquehanna70,NA,TRUE,paddler,foxda01,Dale Fox,Fox Dale,Bainbridge,NY,USA,1,T,33568,NA,NA
436095,2023,CLINTON70,Downriver,Canoe,P34,oc2pro,30,TRUE,33571,821,821,809,392,36,30,36,susquehanna70,NA,TRUE,paddler,bradleba01,Barbara Bradley,Bradley Barbara,Wausau,WI,USA,NA,NA,NA,Barb and Al,NA
436095,2023,CLINTON70,Downriver,Canoe,P34,oc2pro,30,TRUE,33571,821,821,809,392,36,30,36,susquehanna70,NA,TRUE,paddler,limberal01,Allen Limberg,Limberg Allen,Wausau,WI,USA,NA,NA,NA,Barb and Al,NA
247580,2018,CLINTON70,Downriver,Canoe,L5,oc1master,3,TRUE,33575,822,822,810,26,100,3,100,susquehanna70,NA,TRUE,paddler,lyesiuni01,Nick Lyesiuk,Lyesiuk Nick,Orange,MA,USA,1,T,33575,NA,NA
436096,2023,CLINTON70,Downriver,Canoe,P7,oc2pro,31,TRUE,33586,823,823,811,393,37,31,37,susquehanna70,NA,TRUE,paddler,huelskly01,Lydia Huelskamp,Huelskamp Lydia,Austin,TX,USA,NA,NA,NA,That Don't Impress Us Much,NA
436096,2023,CLINTON70,Downriver,Canoe,P7,oc2pro,31,TRUE,33586,823,823,811,393,37,31,37,susquehanna70,NA,TRUE,paddler,buggece01,Cecili Bugge,Bugge Cecili,Homer,MI,USA,NA,NA,NA,That Don't Impress Us Much,NA
490119,2024,CLINTON70,Downriver,Canoe,P31,oc2pro,41,TRUE,33592,824,824,812,394,57,41,57,susquehanna70,NA,TRUE,paddler,fisheran01,Anthony Fisher,Fisher Anthony,Grayling ,MI,USA,NA,NA,NA,NA,NA
490119,2024,CLINTON70,Downriver,Canoe,P31,oc2pro,41,TRUE,33592,824,824,812,394,57,41,57,susquehanna70,NA,TRUE,paddler,NA,Tucker Mertes,Mertes Tucker,Fredric ,MI,USA,NA,NA,NA,NA,NA
490120,2024,CLINTON70,Downriver,Canoe,P38,oc2pro,42,TRUE,33604,825,825,813,395,58,42,58,susquehanna70,NA,TRUE,paddler,dufourth01,Thierry Dufour,Dufour Thierry,Trois Rivieres,QC,CAN,NA,NA,NA,The new stern,NA
490120,2024,CLINTON70,Downriver,Canoe,P38,oc2pro,42,TRUE,33604,825,825,813,395,58,42,58,susquehanna70,NA,TRUE,paddler,NA,Dave Flageole,Flageole Dave,Shawinigan G0X2V0,QC,CAN,NA,NA,NA,The new stern,NA
237716,2017,CLINTON70,Downriver,Canoe,G2,open,1,TRUE,33604,826,826,814,6,96,1,96,susquehanna70,NA,TRUE,paddler,NA,Torey McLaren,McLaren Torey,Uncasville,CT,USA,1,T,33604,NA,NA
237716,2017,CLINTON70,Downriver,Canoe,G2,open,1,TRUE,33604,826,826,814,6,96,1,96,susquehanna70,NA,TRUE,paddler,robinsmi02,Miranda Robinson,Robinson Miranda,Otego,NY,USA,1,T,33604,NA,NA
247558,2018,CLINTON70,Downriver,Canoe,G11,opentour,2,TRUE,33608,827,827,815,5,101,2,101,susquehanna70,NA,TRUE,paddler,wisseas01,Ashley Wisse,Wisse Ashley,Oneonta,NY,USA,1,T,33608,NA,NA
247558,2018,CLINTON70,Downriver,Canoe,G11,opentour,2,TRUE,33608,827,827,815,5,101,2,101,susquehanna70,NA,TRUE,paddler,robinsmi02,Miranda Robinson,Robinson Miranda,Otego,NY,USA,1,T,33608,NA,NA
237787,2017,CLINTON70,Downriver,Canoe,J3,oc1,2,TRUE,33612,828,828,816,11,97,2,97,susquehanna70,NA,TRUE,paddler,palmerbr01,Brayton Palmer,Palmer Brayton,Morris,NY,USA,1,T,33612,NA,NA
490037,2024,CLINTON70,Downriver,Canoe,S8,oc1pro,3,TRUE,33613,829,829,817,55,59,3,59,susquehanna70,NA,TRUE,paddler,NA,Douglas Dalman,Dalman Douglas,Coopersville,MI,USA,NA,NA,NA,NA,NA
256298,2019,CLINTON70,Downriver,Canoe,E2,oc2stock,13,TRUE,33620,830,830,818,40,118,13,113,susquehanna70,NA,TRUE,paddler,whitinwi01,Will Whiting,Whiting Will,Fultonville,NY,USA,1,T,33620,NA,NA
256298,2019,CLINTON70,Downriver,Canoe,E2,oc2stock,13,TRUE,33620,830,830,818,40,118,13,113,susquehanna70,NA,TRUE,paddler,whitiner01,Erik Whiting,Whiting Erik,Ledyard,CT,USA,1,T,33620,NA,NA
490121,2024,CLINTON70,Downriver,Canoe,P1,oc2pro,43,TRUE,33633,831,831,819,396,60,43,60,susquehanna70,NA,TRUE,paddler,NA,Augustin Roy,Roy Augustin,Saint Georges,QC,CAN,NA,NA,NA,Coffee Addict and the Black Jarret,NA
490121,2024,CLINTON70,Downriver,Canoe,P1,oc2pro,43,TRUE,33633,831,831,819,396,60,43,60,susquehanna70,NA,TRUE,paddler,phamth01,Thina Pham,Pham Thina,Saint Georges,QC,CAN,NA,NA,NA,Coffee Addict and the Black Jarret,NA
436097,2023,CLINTON70,Downriver,Canoe,P40,oc2pro,32,TRUE,33635,832,832,820,397,38,32,38,susquehanna70,NA,TRUE,paddler,johnstke01,Keir Johnston,Johnston Keir,Strathroy,ON,CAN,NA,NA,NA,Ziibi Honey,NA
436097,2023,CLINTON70,Downriver,Canoe,P40,oc2pro,32,TRUE,33635,832,832,820,397,38,32,38,susquehanna70,NA,TRUE,paddler,johnstda01,Dave Johnston,Johnston Dave,Sarnia,ON,CAN,NA,NA,NA,Ziibi Honey,NA
237816,2017,CLINTON70,Downriver,Canoe,X20,oc2cruisermix,12,TRUE,33644,833,833,821,72,98,12,98,susquehanna70,NA,TRUE,paddler,NA,Kate Mooney,Mooney Kate,Arlington,VA,USA,1,T,33644,NA,NA
237816,2017,CLINTON70,Downriver,Canoe,X20,oc2cruisermix,12,TRUE,33644,833,833,821,72,98,12,98,susquehanna70,NA,TRUE,paddler,NA,Luke Rhodes,Rhodes Luke,Columbia,MD,USA,1,T,33644,NA,NA
436098,2023,CLINTON70,Downriver,Canoe,P17,oc2pro,33,TRUE,33663,834,834,822,398,39,33,39,susquehanna70,NA,TRUE,paddler,dumasma01,Mathieu Dumas,Dumas Mathieu,Quebec,QC,CAN,NA,NA,NA,Bourassa/Dumas,NA
436098,2023,CLINTON70,Downriver,Canoe,P17,oc2pro,33,TRUE,33663,834,834,822,398,39,33,39,susquehanna70,NA,TRUE,paddler,NA,Philippe Bourassa,Bourassa Philippe,Charette,QC,CAN,NA,NA,NA,Bourassa/Dumas,NA
217394,2015,CLINTON70,Downriver,Canoe,S8,oc1pro,7,TRUE,33664,835,835,823,56,64,7,64,susquehanna70,NA,TRUE,paddler,ellswoth01,Thomas Ellsworth,Ellsworth Thomas,Orange,MA,USA,1,T,33664,NA,NA
370141,2022,CLINTON70,Downriver,Canoe,S5,oc1pro,4,TRUE,33666,836,836,824,57,58,4,57,susquehanna70,NA,TRUE,paddler,chapplti01,Tim Chapple,Chapple Tim,Interlochen,MI,USA,NA,NA,NA,NA,NA
532456,2025,CLINTON70,Downriver,Canoe,P45,oc2pro,56,TRUE,33670,837,837,825,399,95,56,93,susquehanna70,NA,TRUE,paddler,NA,Jolene Tcatci,Tcatci Jolene,Obedjiwan,NA,NA,NA,NA,NA,Tcatci & Turcotte,NA
532456,2025,CLINTON70,Downriver,Canoe,P45,oc2pro,56,TRUE,33670,837,837,825,399,95,56,93,susquehanna70,NA,TRUE,paddler,NA,Jessica Turcotte,Turcotte Jessica,Shawinigan,QC,CAN,NA,NA,NA,Tcatci & Turcotte,NA
227162,2016,CLINTON70,Downriver,Canoe,E7,oc2stock,2,TRUE,33673,838,838,826,41,89,2,87,susquehanna70,NA,TRUE,paddler,bergdo01,Doug Berg,Berg Doug,Excelsior,MN,USA,1,T,33673,NA,NA
227162,2016,CLINTON70,Downriver,Canoe,E7,oc2stock,2,TRUE,33673,838,838,826,41,89,2,87,susquehanna70,NA,TRUE,paddler,zophygr01,Greg Zophy,Zophy Greg,St. Paul,MN,USA,1,T,33673,NA,NA
227268,2016,CLINTON70,Downriver,Canoe,V6,oc2cruisermaster,5,TRUE,33680,839,839,827,39,90,5,88,susquehanna70,NA,TRUE,paddler,mclainga01,Gary McLain,McLain Gary,Ballston Spa,NY,USA,1,T,33680,NA,NA
227268,2016,CLINTON70,Downriver,Canoe,V6,oc2cruisermaster,5,TRUE,33680,839,839,827,39,90,5,88,susquehanna70,NA,TRUE,paddler,sherwosc01,Scott Sherwood,Sherwood Scott,Liverpool,NY,USA,1,T,33680,NA,NA
237801,2017,CLINTON70,Downriver,Canoe,Y5,oc2cruiserwomen,4,TRUE,33695,840,840,828,17,99,4,99,susquehanna70,NA,TRUE,paddler,zookch01,Cheryl Zook,Zook Cheryl,Washington,DC,USA,1,T,33695,NA,NA
237801,2017,CLINTON70,Downriver,Canoe,Y5,oc2cruiserwomen,4,TRUE,33695,840,840,828,17,99,4,99,susquehanna70,NA,TRUE,paddler,NA,Becca Pinkus,Pinkus Becca,Arlington,VA,USA,1,T,33695,NA,NA
237754,2017,CLINTON70,Downriver,Canoe,F1,oc2stockmix,1,TRUE,33708,841,841,829,9,100,1,100,susquehanna70,NA,TRUE,paddler,grohosni01,Nicole Grohoski,Grohoski Nicole,Ellsworth,ME,USA,1,T,33708,NA,NA
237754,2017,CLINTON70,Downriver,Canoe,F1,oc2stockmix,1,TRUE,33708,841,841,829,9,100,1,100,susquehanna70,NA,TRUE,paddler,burkesh01,Shawn Burke,Burke Shawn,Andover,MA,USA,1,T,33708,NA,NA
532338,2025,CLINTON70,Downriver,Canoe,E13,oc2stock,5,TRUE,33715,842,842,830,42,96,5,94,susquehanna70,NA,TRUE,paddler,meaderbe01,Benjamin Meader,Meader Benjamin,South Bristol,ME,USA,NA,NA,NA,The Nimzo-Larsen Attack,NA
532338,2025,CLINTON70,Downriver,Canoe,E13,oc2stock,5,TRUE,33715,842,842,830,42,96,5,94,susquehanna70,NA,TRUE,paddler,NA,Sam Mathes,Mathes Sam,New Portland,ME,USA,NA,NA,NA,The Nimzo-Larsen Attack,NA
256311,2019,CLINTON70,Downriver,Canoe,F10,oc2stockmix,5,TRUE,33721,843,843,831,10,119,5,114,susquehanna70,NA,TRUE,paddler,plourdtr01,Tracy Plourde,Plourde Tracy,North Gower,ON,CAN,1,T,33721,NA,NA
256311,2019,CLINTON70,Downriver,Canoe,F10,oc2stockmix,5,TRUE,33721,843,843,831,10,119,5,114,susquehanna70,NA,TRUE,paddler,plourdga01,Gaetan Plourde,Plourde Gaetan,North Gower,ON,CAN,1,T,33721,NA,NA
247532,2018,CLINTON70,Downriver,Canoe,E12,oc2stock,9,TRUE,33728,844,844,832,43,102,9,102,susquehanna70,NA,TRUE,paddler,woolfrad01,Adam Woolfrey,Woolfrey Adam,Tweed,ON,CAN,1,T,33728,NA,NA
247532,2018,CLINTON70,Downriver,Canoe,E12,oc2stock,9,TRUE,33728,844,844,832,43,102,9,102,susquehanna70,NA,TRUE,paddler,reynolsc01,Scott Reynolds,Reynolds Scott,Madoc,ON,CAN,1,T,33728,NA,NA
237880,2017,CLINTON70,Downriver,Canoe,P17,oc2pro,32,TRUE,33737,845,845,833,400,101,32,101,susquehanna70,NA,TRUE,paddler,mahaffbi01,Bill Mahaffy,Mahaffy Bill,Grayling,MI,USA,1,T,33737,NA,NA
237880,2017,CLINTON70,Downriver,Canoe,P17,oc2pro,32,TRUE,33737,845,845,833,400,101,32,101,susquehanna70,NA,TRUE,paddler,somerojo01,Joseph Somero,Somero Joseph,Grayling,MI,USA,1,T,33737,NA,NA
227216,2016,CLINTON70,Downriver,Canoe,L8,oc1master,1,TRUE,33752,846,846,834,27,91,1,89,susquehanna70,NA,TRUE,paddler,NA,Arthur Walker-Jones,Walker-Jones Arthur,Winnipeg,MB,CAN,1,T,33752,NA,NA
227217,2016,CLINTON70,Downriver,Canoe,L9,oc1master,2,TRUE,33760,847,847,835,28,92,2,90,susquehanna70,NA,TRUE,paddler,anusiest01,Stan Anusiewicz,Anusiewicz Stan,Brights Grove,ON,CAN,1,T,33760,NA,NA
256256,2019,CLINTON70,Downriver,Unknown,G13,opentour,4,TRUE,33761,848,848,4,6,120,4,4,susquehanna70,NA,TRUE,paddler,bilsbari01,Richard Bilsback,Bilsback Richard,Webster,NY,USA,1,T,33761,NA,NA
256256,2019,CLINTON70,Downriver,Unknown,G13,opentour,4,TRUE,33761,848,848,4,6,120,4,4,susquehanna70,NA,TRUE,paddler,bilsbade01,Denise Bilsback,Bilsback Denise,Webster,NY,USA,1,T,33761,NA,NA
436099,2023,CLINTON70,Downriver,Canoe,P23,oc2pro,34,TRUE,33765,849,849,836,401,40,34,40,susquehanna70,NA,TRUE,paddler,bordelal01,Alex Bordeleau,Bordeleau Alex,Trois-Rivieres,QC,CAN,NA,NA,NA,Dufour/Bordeleau,NA
436099,2023,CLINTON70,Downriver,Canoe,P23,oc2pro,34,TRUE,33765,849,849,836,401,40,34,40,susquehanna70,NA,TRUE,paddler,dufourth01,Thierry Dufour,Dufour Thierry,Trois Rivieres,QC,CAN,NA,NA,NA,Dufour/Bordeleau,NA
436100,2023,CLINTON70,Downriver,Canoe,P22,oc2pro,35,TRUE,33771,850,850,837,402,41,35,41,susquehanna70,NA,TRUE,paddler,olneyjo01,Joann Olney,Olney Joann,Westernville,NY,USA,NA,NA,NA,Delta Force,NA
436100,2023,CLINTON70,Downriver,Canoe,P22,oc2pro,35,TRUE,33771,850,850,837,402,41,35,41,susquehanna70,NA,TRUE,paddler,olneypa01,Paul Olney,Olney Paul,Westernville,NY,USA,NA,NA,NA,Delta Force,NA
436101,2023,CLINTON70,Downriver,Canoe,P38,oc2pro,36,TRUE,33773,851,851,838,403,42,36,42,susquehanna70,NA,TRUE,paddler,putnamaa01,Aaron Putnam,Putnam Aaron,Clifford,MI,USA,NA,NA,NA,APRS,NA
436101,2023,CLINTON70,Downriver,Canoe,P38,oc2pro,36,TRUE,33773,851,851,838,403,42,36,42,susquehanna70,NA,TRUE,paddler,shadlero01,Robert Shadley,Shadley Robert,Cass City ,MI,USA,NA,NA,NA,APRS,NA
237725,2017,CLINTON70,Downriver,Canoe,A6,oc2stockalum,1,TRUE,33781,852,852,839,3,102,1,102,susquehanna70,NA,TRUE,paddler,walleybi01,Bill Walley,Walley Bill,Walton,NY,USA,1,T,33781,NA,NA
237725,2017,CLINTON70,Downriver,Canoe,A6,oc2stockalum,1,TRUE,33781,852,852,839,3,102,1,102,susquehanna70,NA,TRUE,paddler,walleybr01,Brian Walley,Walley Brian,Walton,NY,USA,1,T,33781,NA,NA
256358,2019,CLINTON70,Downriver,Canoe,U8,oc2cruisersenior,5,TRUE,33804,853,853,840,23,121,5,115,susquehanna70,NA,TRUE,paddler,vandorda01,David Vandorpe,Vandorpe David,Weston,MA,USA,1,T,33804,NA,NA
256358,2019,CLINTON70,Downriver,Canoe,U8,oc2cruisersenior,5,TRUE,33804,853,853,840,23,121,5,115,susquehanna70,NA,TRUE,paddler,lyesiuni01,Nick Lyesiuk,Lyesiuk Nick,Orange,MA,USA,1,T,33804,NA,NA
237817,2017,CLINTON70,Downriver,Canoe,X15,oc2cruisermix,13,TRUE,33807,854,854,841,73,103,13,103,susquehanna70,NA,TRUE,paddler,hesslebo01,Bob Hessler,Hessler Bob,Ellsworth,ME,USA,1,T,33807,NA,NA
237817,2017,CLINTON70,Downriver,Canoe,X15,oc2cruisermix,13,TRUE,33807,854,854,841,73,103,13,103,susquehanna70,NA,TRUE,paddler,thebauan01,Ander Thebaud,Thebaud Ander,Mount Desert,ME,USA,1,T,33807,NA,NA
247581,2018,CLINTON70,Downriver,Canoe,L8,oc1master,4,TRUE,33810,855,855,842,29,103,4,103,susquehanna70,NA,TRUE,paddler,anusiest01,Stan Anusiewicz,Anusiewicz Stan,Brights Grove,ON,CAN,1,T,33810,NA,NA
237818,2017,CLINTON70,Downriver,Canoe,X22,oc2cruisermix,14,TRUE,33811,856,856,843,74,104,14,104,susquehanna70,NA,TRUE,paddler,zweerero01,Roy Zweeres,Zweeres Roy,Port Richey,FL,USA,1,T,33811,NA,NA
237818,2017,CLINTON70,Downriver,Canoe,X22,oc2cruisermix,14,TRUE,33811,856,856,843,74,104,14,104,susquehanna70,NA,TRUE,paddler,NA,Deborah Zweeres,Zweeres Deborah,Port Richey,FL,USA,1,T,33811,NA,NA
227261,2016,CLINTON70,Downriver,Canoe,U2,oc2cruisersenior,3,TRUE,33816,857,857,844,24,93,3,91,susquehanna70,NA,TRUE,paddler,hansenfr01,Fritz Hansen,Hansen Fritz,Burlington,WI,USA,1,T,33816,NA,NA
227261,2016,CLINTON70,Downriver,Canoe,U2,oc2cruisersenior,3,TRUE,33816,857,857,844,24,93,3,91,susquehanna70,NA,TRUE,paddler,braigji01,Jim Braig,Braig Jim,Dubuque,IA,USA,1,T,33816,NA,NA
532383,2025,CLINTON70,Downriver,Canoe,U1,oc2cruisersenior,4,TRUE,33827,858,858,845,25,97,4,95,susquehanna70,NA,TRUE,paddler,NA,Jean-Pierre Drouin,Drouin Jean-Pierre,St-Georges,QC,CAN,NA,NA,NA,B & D. Team,NA
532383,2025,CLINTON70,Downriver,Canoe,U1,oc2cruisersenior,4,TRUE,33827,858,858,845,25,97,4,95,susquehanna70,NA,TRUE,paddler,NA,Nicole Boutin,Boutin Nicole,Saint-Georges,QC,CAN,NA,NA,NA,B & D. Team,NA
436102,2023,CLINTON70,Downriver,Canoe,P47,oc2pro,37,TRUE,33834,859,859,846,404,43,37,43,susquehanna70,NA,TRUE,paddler,millspan01,Andrew Millspaugh,Millspaugh Andrew,Niskayuna,NY,USA,NA,NA,NA,Flaming-O Racing,NA
436102,2023,CLINTON70,Downriver,Canoe,P47,oc2pro,37,TRUE,33834,859,859,846,404,43,37,43,susquehanna70,NA,TRUE,paddler,millspph01,Philip Millspaugh,Millspaugh Philip,Farmington,NY,USA,NA,NA,NA,Flaming-O Racing,NA
217278,2015,CLINTON70,Downriver,Canoe,B6,oc4stock,6,TRUE,33834,860,860,847,46,65,6,65,susquehanna70,NA,TRUE,paddler,berlke01,Kevin Berl,Berl Kevin,Macedon,NY,USA,1,T,33834,NA,NA
217278,2015,CLINTON70,Downriver,Canoe,B6,oc4stock,6,TRUE,33834,860,860,847,46,65,6,65,susquehanna70,NA,TRUE,paddler,coulomra01,Ray Coulombe,Coulombe Ray,Sodus,NY,USA,1,T,33834,NA,NA
217278,2015,CLINTON70,Downriver,Canoe,B6,oc4stock,6,TRUE,33834,860,860,847,46,65,6,65,susquehanna70,NA,TRUE,paddler,dempstro01,Rodger Dempster,Dempster Rodger,Saranac Lake,NY,USA,1,T,33834,NA,NA
217278,2015,CLINTON70,Downriver,Canoe,B6,oc4stock,6,TRUE,33834,860,860,847,46,65,6,65,susquehanna70,NA,TRUE,paddler,henninti01,Tim Henning,Henning Tim,Marion,NY,USA,1,T,33834,NA,NA
237819,2017,CLINTON70,Downriver,Canoe,X25,oc2cruisermix,15,TRUE,33840,861,861,848,75,105,15,105,susquehanna70,NA,TRUE,paddler,ellswowi01,William Ellsworth,Ellsworth William,Orange,MA,USA,1,T,33840,NA,NA
237819,2017,CLINTON70,Downriver,Canoe,X25,oc2cruisermix,15,TRUE,33840,861,861,848,75,105,15,105,susquehanna70,NA,TRUE,paddler,dugasdi01,Dianna Dugas,Dugas Dianna,Orange,MA,USA,1,T,33840,NA,NA
370224,2022,CLINTON70,Downriver,Canoe,P20,oc2pro,42,TRUE,33845,862,862,849,405,59,42,58,susquehanna70,NA,TRUE,paddler,deabrmi01,Michael De Abreu,De Abreu Michael,Arnprior,ON,CAN,NA,NA,NA,Planned Grit,NA
370224,2022,CLINTON70,Downriver,Canoe,P20,oc2pro,42,TRUE,33845,862,862,849,405,59,42,58,susquehanna70,NA,TRUE,paddler,coupalso01,Sophie Coupal,Coupal Sophie,Cantley,QC,CAN,NA,NA,NA,Planned Grit,NA
370225,2022,CLINTON70,Downriver,Canoe,P13,oc2pro,43,TRUE,33852,863,863,850,406,60,43,59,susquehanna70,NA,TRUE,paddler,romanjo01,Joseph Roman,Roman Joseph,Royal Oak,MI,USA,NA,NA,NA,NA,NA
370225,2022,CLINTON70,Downriver,Canoe,P13,oc2pro,43,TRUE,33852,863,863,850,406,60,43,59,susquehanna70,NA,TRUE,paddler,putnamal01,Alan Putnam,Putnam Alan,Linden,MI,USA,NA,NA,NA,NA,NA
436054,2023,CLINTON70,Downriver,Canoe,T7,oc2cruiser,1,TRUE,33858,864,864,851,64,44,1,44,susquehanna70,NA,TRUE,paddler,lamasa01,Sajan Lama,Lama Sajan,Philadelphia,PA,USA,NA,NA,NA,Philly Yutes,NA
436054,2023,CLINTON70,Downriver,Canoe,T7,oc2cruiser,1,TRUE,33858,864,864,851,64,44,1,44,susquehanna70,NA,TRUE,paddler,NA,Quinn Richmond,Richmond Quinn,Wayne,PA,USA,NA,NA,NA,Philly Yutes,NA
370157,2022,CLINTON70,Downriver,Canoe,U6,oc2cruisersenior,1,TRUE,33861,865,865,852,26,61,1,60,susquehanna70,NA,TRUE,paddler,pedersje01,Jeff Pedersen,Pedersen Jeff,Gilbertsville,NY,USA,NA,NA,NA,NA,NA
370157,2022,CLINTON70,Downriver,Canoe,U6,oc2cruisersenior,1,TRUE,33861,865,865,852,26,61,1,60,susquehanna70,NA,TRUE,paddler,wagnered01,Ed Wagner,Wagner Ed,Auburn,NY,USA,NA,NA,NA,NA,NA
436046,2023,CLINTON70,Downriver,Canoe,X4,oc2cruisermix,1,TRUE,33868,866,866,853,76,45,1,45,susquehanna70,NA,TRUE,paddler,rhodeske01,Kelly Rhodes,Rhodes Kelly,Silver Spring,MD,USA,NA,NA,NA,NA,NA
436046,2023,CLINTON70,Downriver,Canoe,X4,oc2cruisermix,1,TRUE,33868,866,866,853,76,45,1,45,susquehanna70,NA,TRUE,paddler,lowenfma01,Martin Lowenfish,Lowenfish Martin,Washington,DC,USA,NA,NA,NA,NA,NA
490122,2024,CLINTON70,Downriver,Canoe,P49,oc2pro,44,TRUE,33869,867,867,854,407,61,44,61,susquehanna70,NA,TRUE,paddler,NA,Owen Triebold,Triebold Owen,Grayling,MI,USA,NA,NA,NA,Triebold,NA
490122,2024,CLINTON70,Downriver,Canoe,P49,oc2pro,44,TRUE,33869,867,867,854,407,61,44,61,susquehanna70,NA,TRUE,paddler,NA,Jacob Hartman,Hartman Jacob,Grayling,MI,USA,NA,NA,NA,Triebold,NA
370226,2022,CLINTON70,Downriver,Canoe,P32,oc2pro,44,TRUE,33874,868,868,855,408,62,44,61,susquehanna70,NA,TRUE,paddler,millspem01,Emma Millspaugh,Millspaugh Emma,Niskayuna ,NY,USA,NA,NA,NA,Flaming-O's,NA
370226,2022,CLINTON70,Downriver,Canoe,P32,oc2pro,44,TRUE,33874,868,868,855,408,62,44,61,susquehanna70,NA,TRUE,paddler,millspph01,Philip Millspaugh,Millspaugh Philip,Farmington,NY,USA,NA,NA,NA,Flaming-O's,NA
436103,2023,CLINTON70,Downriver,Canoe,P45,oc2pro,38,TRUE,33879,869,869,856,409,46,38,46,susquehanna70,NA,TRUE,paddler,lamontal01,Alain Lamontagne,Lamontagne Alain,Shawinigan,QC,CAN,NA,NA,NA,JomAl Team,NA
436103,2023,CLINTON70,Downriver,Canoe,P45,oc2pro,38,TRUE,33879,869,869,856,409,46,38,46,susquehanna70,NA,TRUE,paddler,malenfjo01,Joel Malenfant,Malenfant Joel,Shawinigan,QC,CAN,NA,NA,NA,JomAl Team,NA
256257,2019,CLINTON70,Downriver,Unknown,G5,opentour,5,TRUE,33881,870,870,5,7,122,5,5,susquehanna70,NA,TRUE,paddler,bauerlpe01,Peter Bauerle,Bauerle Peter,Bainbridge,NY,USA,1,T,33881,NA,NA
256257,2019,CLINTON70,Downriver,Unknown,G5,opentour,5,TRUE,33881,870,870,5,7,122,5,5,susquehanna70,NA,TRUE,paddler,lewisjo01,John Lewis,Lewis John,Bainbridge,NY,USA,1,T,33881,NA,NA
370168,2022,CLINTON70,Downriver,Canoe,X1,oc2cruisermix,3,TRUE,33894,871,871,857,77,63,3,62,susquehanna70,NA,TRUE,paddler,defeoje01,Jeff Defeo,Defeo Jeff,Huntington,MA,USA,NA,NA,NA,NA,NA
370168,2022,CLINTON70,Downriver,Canoe,X1,oc2cruisermix,3,TRUE,33894,871,871,857,77,63,3,62,susquehanna70,NA,TRUE,paddler,NA,Jo Hamlin,Hamlin Jo,Roscommou,MI,USA,NA,NA,NA,NA,NA
247513,2018,CLINTON70,Downriver,Canoe,B11,oc4stock,8,TRUE,33914,872,872,858,47,104,8,104,susquehanna70,NA,TRUE,paddler,NA,Nick Petrutoni,Petrutoni Nick,NA,NA,NA,1,T,33914,NA,NA
247513,2018,CLINTON70,Downriver,Canoe,B11,oc4stock,8,TRUE,33914,872,872,858,47,104,8,104,susquehanna70,NA,TRUE,paddler,rabuckca01,Carol Rabuck,Rabuck Carol,Philadelphia,PA,USA,1,T,33914,NA,NA
247513,2018,CLINTON70,Downriver,Canoe,B11,oc4stock,8,TRUE,33914,872,872,858,47,104,8,104,susquehanna70,NA,TRUE,paddler,gilesam01,Amber Giles,Giles Amber,Sidney,NY,USA,1,T,33914,NA,NA
247513,2018,CLINTON70,Downriver,Canoe,B11,oc4stock,8,TRUE,33914,872,872,858,47,104,8,104,susquehanna70,NA,TRUE,paddler,fisherdu01,Duke Fisher,Fisher Duke,Bainbridge,NY,USA,1,T,33914,NA,NA
208196,2014,CLINTON70,Downriver,Canoe,J4,oc1,4,TRUE,33925,873,873,859,12,117,4,115,susquehanna70,NA,TRUE,paddler,breierky01,Kyle Breier,Breier Kyle,Oneonta,NY,USA,1,T,33925,NA,NA
227206,2016,CLINTON70,Downriver,Canoe,J1,oc1,1,TRUE,33936,874,874,860,13,94,1,92,susquehanna70,NA,TRUE,paddler,corbetst01,Steve Corbett,Corbett Steve,New Market,MD,USA,1,T,33936,NA,NA
208158,2014,CLINTON70,Downriver,Canoe,E2,oc2stock,10,TRUE,33939,875,875,861,44,118,10,116,susquehanna70,NA,TRUE,paddler,stenbesc01,Scott Stenberg,Stenberg Scott,Moravia,NY,USA,1,T,33939,NA,NA
208158,2014,CLINTON70,Downriver,Canoe,E2,oc2stock,10,TRUE,33939,875,875,861,44,118,10,116,susquehanna70,NA,TRUE,paddler,ierardto01,Tom Ierardi,Ierardi Tom,Skaneateles,NY,USA,1,T,33939,NA,NA
490123,2024,CLINTON70,Downriver,Canoe,P23,oc2pro,45,TRUE,33943,876,876,862,410,62,45,62,susquehanna70,NA,TRUE,paddler,NA,Eric Vaugeois,Vaugeois Eric,Trois-Rivieres,QC,CAN,NA,NA,NA,NA,NA
490123,2024,CLINTON70,Downriver,Canoe,P23,oc2pro,45,TRUE,33943,876,876,862,410,62,45,62,susquehanna70,NA,TRUE,paddler,NA,David Bournival,Bournival David,Shawinigan ,QC,CAN,NA,NA,NA,NA,NA
370099,2022,CLINTON70,Downriver,Canoe,B3,oc4stock,2,TRUE,33950,877,877,863,48,64,2,63,susquehanna70,NA,TRUE,paddler,mclainru01,Rusty McLain,McLain Rusty,Chesapeake,VA,USA,NA,NA,NA,Have a Mike Day,NA
370099,2022,CLINTON70,Downriver,Canoe,B3,oc4stock,2,TRUE,33950,877,877,863,48,64,2,63,susquehanna70,NA,TRUE,paddler,mclainky01,Kyle McLain,McLain Kyle,Chesapeake,VA,USA,NA,NA,NA,Have a Mike Day,NA
370099,2022,CLINTON70,Downriver,Canoe,B3,oc4stock,2,TRUE,33950,877,877,863,48,64,2,63,susquehanna70,NA,TRUE,paddler,NA,Wayne Duncan,Duncan Wayne,Ivor,VA,USA,NA,NA,NA,Have a Mike Day,NA
370099,2022,CLINTON70,Downriver,Canoe,B3,oc4stock,2,TRUE,33950,877,877,863,48,64,2,63,susquehanna70,NA,TRUE,paddler,perryji01,Jim Perry,Perry Jim,Lanexa,VA,USA,NA,NA,NA,Have a Mike Day,NA
227262,2016,CLINTON70,Downriver,Canoe,U1,oc2cruisersenior,4,TRUE,33964,878,878,864,27,95,4,93,susquehanna70,NA,TRUE,paddler,NA,Glen Cooley,Cooley Glen,Scotia,NY,USA,1,T,33964,NA,NA
227262,2016,CLINTON70,Downriver,Canoe,U1,oc2cruisersenior,4,TRUE,33964,878,878,864,27,95,4,93,susquehanna70,NA,TRUE,paddler,cooleyli01,Linda Cooley,Cooley Linda,Scotia,NY,USA,1,T,33964,NA,NA
247611,2018,CLINTON70,Downriver,Canoe,T4,oc2cruiser,8,TRUE,33968,879,879,865,65,105,8,105,susquehanna70,NA,TRUE,paddler,allenti01,Tim Allen,Allen Tim,Westfield,MA,USA,1,T,33968,NA,NA
247611,2018,CLINTON70,Downriver,Canoe,T4,oc2cruiser,8,TRUE,33968,879,879,865,65,105,8,105,susquehanna70,NA,TRUE,paddler,allenbo01,Bob Allen,Allen Bob,Westfield,MA,USA,1,T,33968,NA,NA
436104,2023,CLINTON70,Downriver,Canoe,P20,oc2pro,39,TRUE,33979,880,880,866,411,47,39,47,susquehanna70,NA,TRUE,paddler,nadeausy01,Sylvie Nadeau,Nadeau Sylvie,St Jerome,QC,CAN,NA,NA,NA,NA,NA
436104,2023,CLINTON70,Downriver,Canoe,P20,oc2pro,39,TRUE,33979,880,880,866,411,47,39,47,susquehanna70,NA,TRUE,paddler,lapradmi01,Michelle Laprade,Laprade Michelle,Cantley,QC,CAN,NA,NA,NA,NA,NA
247683,2018,CLINTON70,Downriver,Canoe,P6,oc2pro,48,TRUE,34001,882,882,868,413,106,48,106,susquehanna70,NA,TRUE,paddler,raybe01,Betsy Ray,Ray Betsy,New York,NY,USA,1,T,34001,NA,NA
247683,2018,CLINTON70,Downriver,Canoe,P6,oc2pro,48,TRUE,34001,882,882,868,413,106,48,106,susquehanna70,NA,TRUE,paddler,peckka01,Katie Peck,Peck Katie,New York,NY,USA,1,T,34001,NA,NA
237778,2017,CLINTON70,Downriver,Canoe,L16,oc1master,5,TRUE,34002,883,883,869,30,106,5,106,susquehanna70,NA,TRUE,paddler,wingal01,Alex Wing,Wing Alex,Morris,NY,USA,1,T,34002,NA,NA
208295,2014,CLINTON70,Downriver,Canoe,V8,oc2cruisermaster,8,TRUE,34028,884,884,870,40,119,8,117,susquehanna70,NA,TRUE,paddler,buchhobl01,Blair Buchholz,Buchholz Blair,Wellsville,NY,USA,1,T,34028,NA,NA
208295,2014,CLINTON70,Downriver,Canoe,V8,oc2cruisermaster,8,TRUE,34028,884,884,870,40,119,8,117,susquehanna70,NA,TRUE,paddler,nicoloja01,James Nicoloff,Nicoloff James,Hornell,NY,USA,1,T,34028,NA,NA
490019,2024,CLINTON70,Downriver,Canoe,F1,oc2stockmix,1,TRUE,34031,885,885,871,11,64,1,64,susquehanna70,NA,TRUE,paddler,NA,Trina Ross,Ross Trina,Winnipeg,MB,CAN,NA,NA,NA,Ripple FX / H2O,NA
490019,2024,CLINTON70,Downriver,Canoe,F1,oc2stockmix,1,TRUE,34031,885,885,871,11,64,1,64,susquehanna70,NA,TRUE,paddler,praterch01,Chris Prater,Prater Chris,London,ON,CAN,NA,NA,NA,Ripple FX / H2O,NA
490077,2024,CLINTON70,Downriver,Canoe,V2,oc2cruisermaster,4,TRUE,34039,886,886,872,41,65,4,65,susquehanna70,NA,TRUE,paddler,sandne01,Neal Sand,Sand Neal,Milton,VT,USA,NA,NA,NA,NA,NA
490077,2024,CLINTON70,Downriver,Canoe,V2,oc2cruisermaster,4,TRUE,34039,886,886,872,41,65,4,65,susquehanna70,NA,TRUE,paddler,mcandrma01,Mark McAndrew,McAndrew Mark,East Hardwick,VT,USA,NA,NA,NA,NA,NA
436105,2023,CLINTON70,Downriver,Canoe,P16,oc2pro,40,TRUE,34044,887,887,873,414,48,40,48,susquehanna70,NA,TRUE,paddler,careyde01,Dennis Carey,Carey Dennis,Orange,MA,USA,NA,NA,NA,lyesiuk/carey,NA
436105,2023,CLINTON70,Downriver,Canoe,P16,oc2pro,40,TRUE,34044,887,887,873,414,48,40,48,susquehanna70,NA,TRUE,paddler,lyesiubr01,Brent Lyesiuk,Lyesiuk Brent,Orange,MA,USA,NA,NA,NA,lyesiuk/carey,NA
370122,2022,CLINTON70,Downriver,Canoe,E4,oc2stock,1,TRUE,34044,888,888,874,45,65,1,64,susquehanna70,NA,TRUE,paddler,menkje01,Jeremiah Menk,Menk Jeremiah,Shoreview,MN,USA,NA,NA,NA,Engelhof Racing,NA
370122,2022,CLINTON70,Downriver,Canoe,E4,oc2stock,1,TRUE,34044,888,888,874,45,65,1,64,susquehanna70,NA,TRUE,paddler,NA,Steven Menk,Menk Steven,Hayward,WI,USA,NA,NA,NA,Engelhof Racing,NA
217340,2015,CLINTON70,Downriver,Canoe,L6,oc1master,1,TRUE,34057,889,889,875,31,66,1,66,susquehanna70,NA,TRUE,paddler,winterma01,Mark Winter,Winter Mark,Bloomingdale,NY,USA,1,T,34057,NA,NA
247533,2018,CLINTON70,Downriver,Canoe,E9,oc2stock,10,TRUE,34058,890,890,876,46,107,10,107,susquehanna70,NA,TRUE,paddler,bechtegr01,Greg Bechtel,Bechtel Greg,Cincinnati,OH,USA,1,T,34058,NA,NA
247533,2018,CLINTON70,Downriver,Canoe,E9,oc2stock,10,TRUE,34058,890,890,876,46,107,10,107,susquehanna70,NA,TRUE,paddler,NA,Bernard Moller,Moller Bernard,Cincinnati,OH,USA,1,T,34058,NA,NA
256359,2019,CLINTON70,Downriver,Canoe,U2,oc2cruisersenior,6,TRUE,34080,891,891,877,28,123,6,116,susquehanna70,NA,TRUE,paddler,hillri01,Rick Hill,Hill Rick,Iowa City,IA,USA,1,T,34080,NA,NA
256359,2019,CLINTON70,Downriver,Canoe,U2,oc2cruisersenior,6,TRUE,34080,891,891,877,28,123,6,116,susquehanna70,NA,TRUE,paddler,lancasja01,Jay Lancaster,Lancaster Jay,Darlington,WI,USA,1,T,34080,NA,NA
532346,2025,CLINTON70,Downriver,Canoe,F7,oc2stockmix,4,TRUE,34080,892,892,878,12,98,4,96,susquehanna70,NA,TRUE,paddler,joneser01,Eric Jones,Jones Eric,Granby,CT,USA,NA,NA,NA,SYOTR,NA
532346,2025,CLINTON70,Downriver,Canoe,F7,oc2stockmix,4,TRUE,34080,892,892,878,12,98,4,96,susquehanna70,NA,TRUE,paddler,thorntam01,Amy Thornton,Thornton Amy,Florence,MA,USA,NA,NA,NA,SYOTR,NA
217288,2015,CLINTON70,Downriver,Canoe,E19,oc2stock,1,TRUE,34091,893,893,879,47,67,1,67,susquehanna70,NA,TRUE,paddler,plourdga01,Gaetan Plourde,Plourde Gaetan,Kanata,ON,CAN,1,T,34091,NA,NA
217288,2015,CLINTON70,Downriver,Canoe,E19,oc2stock,1,TRUE,34091,893,893,879,47,67,1,67,susquehanna70,NA,TRUE,paddler,brainaje01,Jeff Brainard,Brainard Jeff,Roslin,ON,CAN,1,T,34091,NA,NA
256329,2019,CLINTON70,Downriver,Canoe,J8,oc1,4,TRUE,34099,894,894,880,14,124,4,117,susquehanna70,NA,TRUE,paddler,NA,Gregory Peters,Peters Gregory,Beckley,WV,USA,1,T,34099,NA,NA
208139,2014,CLINTON70,Downriver,Canoe,C6,oc2rec,2,TRUE,34104,895,895,881,2,120,2,118,susquehanna70,NA,TRUE,paddler,duboisda01,Daniel Dubois,Dubois Daniel,Punta Gorda,FL,USA,1,T,34104,NA,NA
208139,2014,CLINTON70,Downriver,Canoe,C6,oc2rec,2,TRUE,34104,895,895,881,2,120,2,118,susquehanna70,NA,TRUE,paddler,harriske01,Ken Harris,Harris Ken,Earlville,NY,USA,1,T,34104,NA,NA
247612,2018,CLINTON70,Downriver,Canoe,T10,oc2cruiser,9,TRUE,34121,896,896,882,66,108,9,108,susquehanna70,NA,TRUE,paddler,rancoma01,Mark Ranco,Ranco Mark,Bangor,ME,USA,1,T,34121,NA,NA
247612,2018,CLINTON70,Downriver,Canoe,T10,oc2cruiser,9,TRUE,34121,896,896,882,66,108,9,108,susquehanna70,NA,TRUE,paddler,harttda01,Dale Hartt,Hartt Dale,Veazie,ME,USA,1,T,34121,NA,NA
227163,2016,CLINTON70,Downriver,Canoe,E15,oc2stock,3,TRUE,34124,897,897,883,48,96,3,94,susquehanna70,NA,TRUE,paddler,bachmami01,Mike Bachman,Bachman Mike,Bainbridge,NY,USA,1,T,34124,NA,NA
227163,2016,CLINTON70,Downriver,Canoe,E15,oc2stock,3,TRUE,34124,897,897,883,48,96,3,94,susquehanna70,NA,TRUE,paddler,hallri01,Rich Hall,Hall Rich,Gilbertsville,NY,USA,1,T,34124,NA,NA
370162,2022,CLINTON70,Downriver,Canoe,T5,oc2cruiser,2,TRUE,34131,898,898,884,67,66,2,65,susquehanna70,NA,TRUE,paddler,sandne01,Neal Sand,Sand Neal,Milton,VT,USA,NA,NA,NA,Green Mt boys,NA
370162,2022,CLINTON70,Downriver,Canoe,T5,oc2cruiser,2,TRUE,34131,898,898,884,67,66,2,65,susquehanna70,NA,TRUE,paddler,mcandrma01,Mark McAndrew,McAndrew Mark,East Hardwick,VT,USA,NA,NA,NA,Green Mt boys,NA
208264,2014,CLINTON70,Downriver,Canoe,R4,oc1stock,3,TRUE,34144,899,899,885,4,121,3,119,susquehanna70,NA,TRUE,paddler,cartermi01,Mike Carter,Carter Mike,Schuylkill Haven,PA,USA,1,T,34144,NA,NA
247548,2018,CLINTON70,Downriver,Canoe,A5,oc2stockalum,1,TRUE,34144,900,900,886,4,109,1,109,susquehanna70,NA,TRUE,paddler,walleybi01,Bill Walley,Walley Bill,Walton,NY,USA,1,T,34144,NA,NA
247548,2018,CLINTON70,Downriver,Canoe,A5,oc2stockalum,1,TRUE,34144,900,900,886,4,109,1,109,susquehanna70,NA,TRUE,paddler,NA,Lucas Walley,Walley Lucas,Walton,NY,USA,1,T,34144,NA,NA
532316,2025,CLINTON70,Downriver,Unknown,G13,opentour,1,TRUE,34163,901,901,6,8,99,1,1,susquehanna70,NA,TRUE,paddler,mcduffri01,River McDuffie,McDuffie River,Robbins,NC,USA,NA,NA,NA,McSetliffs,NA
532316,2025,CLINTON70,Downriver,Unknown,G13,opentour,1,TRUE,34163,901,901,6,8,99,1,1,susquehanna70,NA,TRUE,paddler,NA,William McDuffie,McDuffie William,Robbins,NC,USA,NA,NA,NA,McSetliffs,NA
436055,2023,CLINTON70,Downriver,Canoe,T2,oc2cruiser,2,TRUE,34188,902,902,887,68,49,2,49,susquehanna70,NA,TRUE,paddler,praterch01,Chris Prater,Prater Chris,London,ON,CAN,NA,NA,NA,Ripple FX,NA
436055,2023,CLINTON70,Downriver,Canoe,T2,oc2cruiser,2,TRUE,34188,902,902,887,68,49,2,49,susquehanna70,NA,TRUE,paddler,mcmillol01,Oliver McMillan,McMillan Oliver,London,ON,CAN,NA,NA,NA,Ripple FX,NA
247516,2018,CLINTON70,Downriver,Canoe,F1,oc2stockmix,1,TRUE,34189,903,903,888,13,110,1,110,susquehanna70,NA,TRUE,paddler,murphysh01,Shauna Murphy,Murphy Shauna,Franklin,NY,USA,1,T,34189,NA,NA
247516,2018,CLINTON70,Downriver,Canoe,F1,oc2stockmix,1,TRUE,34189,903,903,888,13,110,1,110,susquehanna70,NA,TRUE,paddler,NA,Christopher Murphy,Murphy Christopher,Franklin,NY,USA,1,T,34189,NA,NA
217417,2015,CLINTON70,Downriver,Canoe,V3,oc2cruisermaster,3,TRUE,34191,904,904,889,42,68,3,68,susquehanna70,NA,TRUE,paddler,dugasda01,David Dugas,Dugas David,Athol,MA,USA,1,T,34191,NA,NA
217417,2015,CLINTON70,Downriver,Canoe,V3,oc2cruisermaster,3,TRUE,34191,904,904,889,42,68,3,68,susquehanna70,NA,TRUE,paddler,casalejo01,John Casale,Casale John,Southampton,MA,USA,1,T,34191,NA,NA
490006,2024,CLINTON70,Downriver,Canoe,E9,oc2stock,1,TRUE,34195,905,905,890,49,66,1,66,susquehanna70,NA,TRUE,paddler,bachorst01,Steve Bachorik,Bachorik Steve,Hartwick,NY,USA,NA,NA,NA,NA,NA
490006,2024,CLINTON70,Downriver,Canoe,E9,oc2stock,1,TRUE,34195,905,905,890,49,66,1,66,susquehanna70,NA,TRUE,paddler,newmanje01,Jeff Newman,Newman Jeff,Unadilla,NY,USA,NA,NA,NA,NA,NA
436014,2023,CLINTON70,Downriver,Canoe,S2,oc1pro,3,TRUE,34201,906,906,891,58,50,3,50,susquehanna70,NA,TRUE,paddler,lowrygr01,Greg Lowry,Lowry Greg,Denville,NJ,USA,NA,NA,NA,WAR,NA
227269,2016,CLINTON70,Downriver,Canoe,V3,oc2cruisermaster,6,TRUE,34207,907,907,892,43,97,6,95,susquehanna70,NA,TRUE,paddler,menardda01,Daniel Menard,Menard Daniel,Mont-Laurier,QC,CAN,1,T,34207,NA,NA
227269,2016,CLINTON70,Downriver,Canoe,V3,oc2cruisermaster,6,TRUE,34207,907,907,892,43,97,6,95,susquehanna70,NA,TRUE,paddler,NA,Jacques Supper,Supper Jacques,Lac Des Ecorces,QC,CAN,1,T,34207,NA,NA
217418,2015,CLINTON70,Downriver,Canoe,V7,oc2cruisermaster,4,TRUE,34226,908,908,893,44,69,4,69,susquehanna70,NA,TRUE,paddler,vandorda01,David Vandorpe,Vandorpe David,Watertown,MA,USA,1,T,34226,NA,NA
217418,2015,CLINTON70,Downriver,Canoe,V7,oc2cruisermaster,4,TRUE,34226,908,908,893,44,69,4,69,susquehanna70,NA,TRUE,paddler,bosske01,Kevin Boss,Boss Kevin,Swansea,MA,USA,1,T,34226,NA,NA
237745,2017,CLINTON70,Downriver,Canoe,E5,oc2stock,6,TRUE,34231,909,909,894,50,107,6,107,susquehanna70,NA,TRUE,paddler,NA,Lincoln Fancher,Fancher Lincoln,Lacona,NY,USA,1,T,34231,NA,NA
237745,2017,CLINTON70,Downriver,Canoe,E5,oc2stock,6,TRUE,34231,909,909,894,50,107,6,107,susquehanna70,NA,TRUE,paddler,neugebri01,Richard Neugebauer,Neugebauer Richard,Skaneateles,NY,USA,1,T,34231,NA,NA
490007,2024,CLINTON70,Downriver,Canoe,E11,oc2stock,2,TRUE,34236,910,910,895,51,67,2,67,susquehanna70,NA,TRUE,paddler,gauseri01,Rick Gause,Gause Rick,North Yarmouth,ME,USA,NA,NA,NA,AndersonGause,NA
490007,2024,CLINTON70,Downriver,Canoe,E11,oc2stock,2,TRUE,34236,910,910,895,51,67,2,67,susquehanna70,NA,TRUE,paddler,anderswi01,William Anderson,Anderson William,Thorndike,ME,USA,NA,NA,NA,AndersonGause,NA
490054,2024,CLINTON70,Downriver,Canoe,U6,oc2cruisersenior,3,TRUE,34238,911,911,896,29,68,3,68,susquehanna70,NA,TRUE,paddler,pedersje01,Jeff Pedersen,Pedersen Jeff,Gilbertsville,NY,USA,NA,NA,NA,NA,NA
490054,2024,CLINTON70,Downriver,Canoe,U6,oc2cruisersenior,3,TRUE,34238,911,911,896,29,68,3,68,susquehanna70,NA,TRUE,paddler,wagnered01,Ed Wagner,Wagner Ed,Auburn,NY,USA,NA,NA,NA,NA,NA
217419,2015,CLINTON70,Downriver,Canoe,V5,oc2cruisermaster,5,TRUE,34246,912,912,897,45,70,5,70,susquehanna70,NA,TRUE,paddler,davisal01,Alec Davis,Davis Alec,Ballston Lake,NY,USA,1,T,34246,NA,NA
217419,2015,CLINTON70,Downriver,Canoe,V5,oc2cruisermaster,5,TRUE,34246,912,912,897,45,70,5,70,susquehanna70,NA,TRUE,paddler,henryro01,Roger Henry,Henry Roger,Rexford,NY,USA,1,T,34246,NA,NA
436063,2023,CLINTON70,Downriver,Canoe,U3,oc2cruisersenior,1,TRUE,34255,913,913,898,30,51,1,51,susquehanna70,NA,TRUE,paddler,cumminvi01,Vicki Cummings,Cummings Vicki,Meriden,CT,USA,NA,NA,NA,Mud Puppies,NA
436063,2023,CLINTON70,Downriver,Canoe,U3,oc2cruisersenior,1,TRUE,34255,913,913,898,30,51,1,51,susquehanna70,NA,TRUE,paddler,cumminde01,Del Cummings,Cummings Del,Meriden,CT,USA,NA,NA,NA,Mud Puppies,NA
370158,2022,CLINTON70,Downriver,Canoe,U4,oc2cruisersenior,2,TRUE,34263,914,914,899,31,67,2,66,susquehanna70,NA,TRUE,paddler,heedpe01,Peter Heed,Heed Peter,Keene,NH,USA,NA,NA,NA,Prodigal Old Guys,NA
370158,2022,CLINTON70,Downriver,Canoe,U4,oc2cruisersenior,2,TRUE,34263,914,914,899,31,67,2,66,susquehanna70,NA,TRUE,paddler,lyesiuni01,Nick Lyesiuk,Lyesiuk Nick,Orange,MA,USA,NA,NA,NA,Prodigal Old Guys,NA
247542,2018,CLINTON70,Downriver,Canoe,C5,oc2rec,1,TRUE,34263,915,915,900,3,111,1,111,susquehanna70,NA,TRUE,paddler,allisojo01,Joseph Allison,Allison Joseph,Morris,NY,USA,1,T,34263,NA,NA
247542,2018,CLINTON70,Downriver,Canoe,C5,oc2rec,1,TRUE,34263,915,915,900,3,111,1,111,susquehanna70,NA,TRUE,paddler,NA,Andrew Rickard,Rickard Andrew,Hartwick,NY,USA,1,T,34263,NA,NA
237820,2017,CLINTON70,Downriver,Canoe,X17,oc2cruisermix,16,TRUE,34286,916,916,901,78,108,16,108,susquehanna70,NA,TRUE,paddler,mclainle01,Leza McLain,McLain Leza,Chesapeake,VA,USA,1,T,34286,NA,NA
237820,2017,CLINTON70,Downriver,Canoe,X17,oc2cruisermix,16,TRUE,34286,916,916,901,78,108,16,108,susquehanna70,NA,TRUE,paddler,mclainru01,Rusty McLain,McLain Rusty,Chesapeake,VA,USA,1,T,34286,NA,NA
217420,2015,CLINTON70,Downriver,Canoe,V1,oc2cruisermaster,6,TRUE,34288,917,917,902,46,71,6,71,susquehanna70,NA,TRUE,paddler,ulbricdi01,Dick Ulbrich,Ulbrich Dick,Weston,MA,USA,1,T,34288,NA,NA
217420,2015,CLINTON70,Downriver,Canoe,V1,oc2cruisermaster,6,TRUE,34288,917,917,902,46,71,6,71,susquehanna70,NA,TRUE,paddler,warnerto01,Tom Warner,Warner Tom,Westmoreland,NH,USA,1,T,34288,NA,NA
256382,2019,CLINTON70,Downriver,Canoe,X14,oc2cruisermix,10,TRUE,34289,918,918,903,79,125,10,118,susquehanna70,NA,TRUE,paddler,staubach01,Chad Staubach,Staubach Chad,Altamont,NY,USA,1,T,34289,NA,NA
256382,2019,CLINTON70,Downriver,Canoe,X14,oc2cruisermix,10,TRUE,34289,918,918,903,79,125,10,118,susquehanna70,NA,TRUE,paddler,staubasa01,Samantha Staubach,Staubach Samantha,Altamont,NY,USA,1,T,34289,NA,NA
227283,2016,CLINTON70,Downriver,Canoe,X13,oc2cruisermix,12,TRUE,34292,919,919,904,80,98,12,96,susquehanna70,NA,TRUE,paddler,dugasdi01,Dianna Dugas,Dugas Dianna,Orange,MA,USA,1,T,34292,NA,NA
227283,2016,CLINTON70,Downriver,Canoe,X13,oc2cruisermix,12,TRUE,34292,919,919,904,80,98,12,96,susquehanna70,NA,TRUE,paddler,ellswowi01,William Ellsworth,Ellsworth William,Orange,MA,USA,1,T,34292,NA,NA
370172,2022,CLINTON70,Downriver,Canoe,Y1,oc2cruiserwomen,1,TRUE,34292,920,920,905,18,68,1,67,susquehanna70,NA,TRUE,paddler,cumminvi01,Vicki Cummings,Cummings Vicki,Meriden,CT,USA,NA,NA,NA,NA,NA
370172,2022,CLINTON70,Downriver,Canoe,Y1,oc2cruiserwomen,1,TRUE,34292,920,920,905,18,68,1,67,susquehanna70,NA,TRUE,paddler,fitzgepa01,Pam Fitzgerald,Fitzgerald Pam,Scotia,NY,USA,NA,NA,NA,NA,NA
370227,2022,CLINTON70,Downriver,Canoe,P44,oc2pro,45,TRUE,34317,921,921,906,415,69,45,68,susquehanna70,NA,TRUE,paddler,zieglega01,Garrett Ziegler,Ziegler Garrett,Grand Rapids,MI,USA,NA,NA,NA,West Michigan Paddle Club,NA
370227,2022,CLINTON70,Downriver,Canoe,P44,oc2pro,45,TRUE,34317,921,921,906,415,69,45,68,susquehanna70,NA,TRUE,paddler,NA,Jackson Tucker,Tucker Jackson,Grand Rapids ,MI,USA,NA,NA,NA,West Michigan Paddle Club,NA
532368,2025,CLINTON70,Downriver,Canoe,J3,oc1,2,TRUE,34327,922,922,907,15,100,2,97,susquehanna70,NA,TRUE,paddler,NA,Gareth Austin,Austin Gareth,Portlandville,NY,USA,NA,NA,NA,Canoe & Kayak,NA
237714,2017,CLINTON70,Downriver,Canoe,B1,oc4stock,9,TRUE,34335,923,923,908,49,109,9,109,susquehanna70,NA,TRUE,paddler,vermiljo01,Jon Vermilyea,Vermilyea Jon,Syracuse,NY,USA,1,T,34335,NA,NA
237714,2017,CLINTON70,Downriver,Canoe,B1,oc4stock,9,TRUE,34335,923,923,908,49,109,9,109,susquehanna70,NA,TRUE,paddler,crouchho01,Holly Crouch,Crouch Holly,Sherburne,NY,USA,1,T,34335,NA,NA
237714,2017,CLINTON70,Downriver,Canoe,B1,oc4stock,9,TRUE,34335,923,923,908,49,109,9,109,susquehanna70,NA,TRUE,paddler,repakpa01,Paul Repak,Repak Paul,Boonsville,NY,USA,1,T,34335,NA,NA
237714,2017,CLINTON70,Downriver,Canoe,B1,oc4stock,9,TRUE,34335,923,923,908,49,109,9,109,susquehanna70,NA,TRUE,paddler,NA,Francis Soenen,Soenen Francis,Roeselare,NA,NA,1,T,34335,NA,NA
256299,2019,CLINTON70,Downriver,Canoe,E15,oc2stock,14,TRUE,34345,924,924,909,52,126,14,119,susquehanna70,NA,TRUE,paddler,NA,Jason Sarsfield,Sarsfield Jason,Harrison,MI,USA,1,T,34345,NA,NA
256299,2019,CLINTON70,Downriver,Canoe,E15,oc2stock,14,TRUE,34345,924,924,909,52,126,14,119,susquehanna70,NA,TRUE,paddler,NA,Jordon Sarsfield,Sarsfield Jordon,Grayling,MI,USA,1,T,34345,NA,NA
436106,2023,CLINTON70,Downriver,Canoe,P3,oc2pro,41,TRUE,34353,925,925,910,416,52,41,52,susquehanna70,NA,TRUE,paddler,zophygr01,Greg Zophy,Zophy Greg,St. Paul,MN,USA,NA,NA,NA,Zophy/Brax,NA
436106,2023,CLINTON70,Downriver,Canoe,P3,oc2pro,41,TRUE,34353,925,925,910,416,52,41,52,susquehanna70,NA,TRUE,paddler,braxde01,Debbie Brax,Brax Debbie,Deruyter,NY,USA,NA,NA,NA,Zophy/Brax,NA
217407,2015,CLINTON70,Downriver,Canoe,T7,oc2cruiser,9,TRUE,34355,926,926,911,69,72,9,72,susquehanna70,NA,TRUE,paddler,thielra01,Raymond Thiel Jr.,Thiel Jr. Raymond,Voluntown,CT,USA,1,T,34355,NA,NA
217407,2015,CLINTON70,Downriver,Canoe,T7,oc2cruiser,9,TRUE,34355,926,926,911,69,72,9,72,susquehanna70,NA,TRUE,paddler,kenyonte03,Ted Kenyon III,Kenyon III Ted,Waterford,CT,USA,1,T,34355,NA,NA
208197,2014,CLINTON70,Downriver,Canoe,J5,oc1,5,TRUE,34360,927,927,912,16,122,5,120,susquehanna70,NA,TRUE,paddler,loeffltr01,Tres Loeffler,Loeffler Tres,Milford,NY,USA,1,T,34360,NA,NA
436064,2023,CLINTON70,Downriver,Canoe,U5,oc2cruisersenior,2,TRUE,34362,928,928,913,32,53,2,53,susquehanna70,NA,TRUE,paddler,pedersje01,Jeff Pedersen,Pedersen Jeff,Gilbertsville,NY,USA,NA,NA,NA,NA,NA
436064,2023,CLINTON70,Downriver,Canoe,U5,oc2cruisersenior,2,TRUE,34362,928,928,913,32,53,2,53,susquehanna70,NA,TRUE,paddler,wagnered01,Ed Wagner,Wagner Ed,Auburn,NY,USA,NA,NA,NA,NA,NA
208159,2014,CLINTON70,Downriver,Canoe,E6,oc2stock,11,TRUE,34363,929,929,914,53,123,11,121,susquehanna70,NA,TRUE,paddler,NA,Doug Brooks,Brooks Doug,Washington,DC,USA,1,T,34363,NA,NA
208159,2014,CLINTON70,Downriver,Canoe,E6,oc2stock,11,TRUE,34363,929,929,914,53,123,11,121,susquehanna70,NA,TRUE,paddler,NA,William Bechtold,Bechtold William,Chester,MD,USA,1,T,34363,NA,NA
217289,2015,CLINTON70,Downriver,Canoe,E5,oc2stock,2,TRUE,34369,930,930,915,54,73,2,73,susquehanna70,NA,TRUE,paddler,NA,Jamie Doucett,Doucett Jamie,Andover,MA,USA,1,T,34369,NA,NA
217289,2015,CLINTON70,Downriver,Canoe,E5,oc2stock,2,TRUE,34369,930,930,915,54,73,2,73,susquehanna70,NA,TRUE,paddler,burkesh01,Shawn Burke,Burke Shawn,Andover,MA,USA,1,T,34369,NA,NA
436056,2023,CLINTON70,Downriver,Canoe,T3,oc2cruiser,3,TRUE,34370,931,931,916,70,54,3,54,susquehanna70,NA,TRUE,paddler,galipeda01,Damon Galipeau,Galipeau Damon,Indian Island,ME,USA,NA,NA,NA,Team Wabanaki,NA
436056,2023,CLINTON70,Downriver,Canoe,T3,oc2cruiser,3,TRUE,34370,931,931,916,70,54,3,54,susquehanna70,NA,TRUE,paddler,galipebe01,"Apemesim ""Bem"" Galipeau",Galipeau Apemesim,Indian Island ,ME,USA,NA,NA,NA,Team Wabanaki,NA
370228,2022,CLINTON70,Downriver,Canoe,P4,oc2pro,46,TRUE,34371,932,932,917,417,70,46,69,susquehanna70,NA,TRUE,paddler,phamth01,Thina Pham,Pham Thina,Saint Georges,QC,CAN,NA,NA,NA,NA,NA
370228,2022,CLINTON70,Downriver,Canoe,P4,oc2pro,46,TRUE,34371,932,932,917,417,70,46,69,susquehanna70,NA,TRUE,paddler,NA,Caroline Fortin,Fortin Caroline,Saint-Georges,QC,CAN,NA,NA,NA,NA,NA
247596,2018,CLINTON70,Downriver,Kayak,KL3,k1unlimited,1,TRUE,34373,933,933,10,10,112,1,1,susquehanna70,NA,TRUE,paddler,visserei01,Eileen Visser,Visser Eileen,Potsdam,NY,USA,1,T,34373,NA,NA
237746,2017,CLINTON70,Downriver,Canoe,E11,oc2stock,7,TRUE,34377,934,934,918,55,110,7,110,susquehanna70,NA,TRUE,paddler,leetda01,Dana Leet,Leet Dana,Smethport,PA,USA,1,T,34377,NA,NA
237746,2017,CLINTON70,Downriver,Canoe,E11,oc2stock,7,TRUE,34377,934,934,918,55,110,7,110,susquehanna70,NA,TRUE,paddler,goocheji01,Jim Goochee,Goochee Jim,Port Allegany,PA,USA,1,T,34377,NA,NA
208160,2014,CLINTON70,Downriver,Canoe,E9,oc2stock,12,TRUE,34391,935,935,919,56,124,12,122,susquehanna70,NA,TRUE,paddler,fande01,Desmond Fan,Fan Desmond,Scarborough,ON,CAN,1,T,34391,NA,NA
208160,2014,CLINTON70,Downriver,Canoe,E9,oc2stock,12,TRUE,34391,935,935,919,56,124,12,122,susquehanna70,NA,TRUE,paddler,mokansma01,Matthew Mokanski,Mokanski Matthew,North York,ON,CAN,1,T,34391,NA,NA
227255,2016,CLINTON70,Downriver,Canoe,T8,oc2cruiser,11,TRUE,34392,936,936,920,71,99,11,97,susquehanna70,NA,TRUE,paddler,colliejo01,John Collier,Collier John,Richmondville,NY,USA,1,T,34392,NA,NA
227255,2016,CLINTON70,Downriver,Canoe,T8,oc2cruiser,11,TRUE,34392,936,936,920,71,99,11,97,susquehanna70,NA,TRUE,paddler,colliest01,Steven Collier,Collier Steven,Cooperstown,NY,USA,1,T,34392,NA,NA
208145,2014,CLINTON70,Downriver,Canoe,D4,oc2recmix,1,TRUE,34406,937,937,921,1,125,1,123,susquehanna70,NA,TRUE,paddler,linklabo01,Bonnie Linklater,Linklater Bonnie,Nelson House,MB,CAN,1,T,34406,NA,NA
208145,2014,CLINTON70,Downriver,Canoe,D4,oc2recmix,1,TRUE,34406,937,937,921,1,125,1,123,susquehanna70,NA,TRUE,paddler,NA,Richard Bunn,Bunn Richard,Nelson House,MB,CAN,1,T,34406,NA,NA
217332,2015,CLINTON70,Downriver,Kayak,KL8,k1unlimited,1,TRUE,34406,938,938,11,11,74,1,1,susquehanna70,NA,TRUE,paddler,wilteyda01,David Wiltey,Wiltey David,Johnstown,NY,USA,1,T,34406,NA,NA
208165,2014,CLINTON70,Downriver,Canoe,F1,oc2stockmix,2,TRUE,34427,939,939,922,14,126,2,124,susquehanna70,NA,TRUE,paddler,paradial01,Alan Paradise,Paradise Alan,Pittsfield,NH,USA,1,T,34427,NA,NA
208165,2014,CLINTON70,Downriver,Canoe,F1,oc2stockmix,2,TRUE,34427,939,939,922,14,126,2,124,susquehanna70,NA,TRUE,paddler,paradish01,Shelby Paradise,Paradise Shelby,Pittsfield,NH,USA,1,T,34427,NA,NA
436057,2023,CLINTON70,Downriver,Canoe,T8,oc2cruiser,4,TRUE,34433,940,940,923,72,55,4,55,susquehanna70,NA,TRUE,paddler,kingma01,Matt King,King Matt,Athol,MA,USA,NA,NA,NA,NA,NA
436057,2023,CLINTON70,Downriver,Canoe,T8,oc2cruiser,4,TRUE,34433,940,940,923,72,55,4,55,susquehanna70,NA,TRUE,paddler,heedpe01,Peter Heed,Heed Peter,Keene,NH,USA,NA,NA,NA,NA,NA
217395,2015,CLINTON70,Downriver,Canoe,S2,oc1pro,8,TRUE,34436,941,941,924,59,75,8,74,susquehanna70,NA,TRUE,paddler,youngjo01,John Young,Young John,Portlandville,NY,USA,1,T,34436,NA,NA
490065,2024,CLINTON70,Downriver,Canoe,X5,oc2cruisermix,3,TRUE,34445,942,942,925,81,69,3,69,susquehanna70,NA,TRUE,paddler,defeoje01,Jeff Defeo,Defeo Jeff,Montgomery,MA,USA,NA,NA,NA,NA,NA
490065,2024,CLINTON70,Downriver,Canoe,X5,oc2cruisermix,3,TRUE,34445,942,942,925,81,69,3,69,susquehanna70,NA,TRUE,paddler,NA,Brigid Deleo,Deleo Brigid,Gaylord,MI,USA,NA,NA,NA,NA,NA
370169,2022,CLINTON70,Downriver,Canoe,X3,oc2cruisermix,4,TRUE,34445,943,943,926,82,71,4,70,susquehanna70,NA,TRUE,paddler,collieer01,Erica Collier,Collier Erica,Cooperstown,NY,USA,NA,NA,NA,Collier kids,NA
370169,2022,CLINTON70,Downriver,Canoe,X3,oc2cruisermix,4,TRUE,34445,943,943,926,82,71,4,70,susquehanna70,NA,TRUE,paddler,colliejo01,John Collier,Collier John,Richmondville,NY,USA,NA,NA,NA,Collier kids,NA
227284,2016,CLINTON70,Downriver,Canoe,X7,oc2cruisermix,13,TRUE,34458,944,944,927,83,100,13,98,susquehanna70,NA,TRUE,paddler,boogemre01,Rene Boogemans,Boogemans Rene,Hensall,ON,CAN,1,T,34458,NA,NA
227284,2016,CLINTON70,Downriver,Canoe,X7,oc2cruisermix,13,TRUE,34458,944,944,927,83,100,13,98,susquehanna70,NA,TRUE,paddler,NA,Sharilynn Johnston,Johnston Sharilynn,Sarnia,ON,CAN,1,T,34458,NA,NA
217430,2015,CLINTON70,Downriver,Canoe,X7,oc2cruisermix,8,TRUE,34464,945,945,928,84,76,8,75,susquehanna70,NA,TRUE,paddler,careyde01,Dennis Carey,Carey Dennis,Orange,MA,USA,1,T,34464,NA,NA
217430,2015,CLINTON70,Downriver,Canoe,X7,oc2cruisermix,8,TRUE,34464,945,945,928,84,76,8,75,susquehanna70,NA,TRUE,paddler,warnerkr01,Kristen Warner,Warner Kristen,Westmoreland,NH,USA,1,T,34464,NA,NA
208172,2014,CLINTON70,Downriver,Canoe,G7,open,6,TRUE,34479,946,946,929,7,127,6,125,susquehanna70,NA,TRUE,paddler,watsonbr01,Brian Watson,Watson Brian,Watertown,NY,USA,1,T,34479,NA,NA
208172,2014,CLINTON70,Downriver,Canoe,G7,open,6,TRUE,34479,946,946,929,7,127,6,125,susquehanna70,NA,TRUE,paddler,NA,Charles Goodnough,Goodnough Charles,Theresa,NY,USA,1,T,34479,NA,NA
227263,2016,CLINTON70,Downriver,Canoe,U5,oc2cruisersenior,5,TRUE,34490,947,947,930,33,101,5,99,susquehanna70,NA,TRUE,paddler,ulbricdi01,Dick Ulbrich,Ulbrich Dick,Weston,MA,USA,1,T,34490,NA,NA
227263,2016,CLINTON70,Downriver,Canoe,U5,oc2cruisersenior,5,TRUE,34490,947,947,930,33,101,5,99,susquehanna70,NA,TRUE,paddler,warnerto01,Tom Warner,Warner Tom,Westmoreland,NH,USA,1,T,34490,NA,NA
237796,2017,CLINTON70,Downriver,Canoe,V2,oc2cruisermaster,5,TRUE,34491,948,948,931,47,111,5,111,susquehanna70,NA,TRUE,paddler,lewisjo01,John Lewis,Lewis John,Bainbridge,NY,USA,1,T,34491,NA,NA
237796,2017,CLINTON70,Downriver,Canoe,V2,oc2cruisermaster,5,TRUE,34491,948,948,931,47,111,5,111,susquehanna70,NA,TRUE,paddler,bauerlpe01,Peter Bauerle,Bauerle Peter,Bainbridge,NY,USA,1,T,34491,NA,NA
217431,2015,CLINTON70,Downriver,Canoe,X11,oc2cruisermix,9,TRUE,34495,949,949,932,85,77,9,76,susquehanna70,NA,TRUE,paddler,collieer01,Erica Collier,Collier Erica,Cooperstown,NY,USA,1,T,34495,NA,NA
217431,2015,CLINTON70,Downriver,Canoe,X11,oc2cruisermix,9,TRUE,34495,949,949,932,85,77,9,76,susquehanna70,NA,TRUE,paddler,colliejo01,John Collier,Collier John,Richmondville,NY,USA,1,T,34495,NA,NA
370163,2022,CLINTON70,Downriver,Canoe,T3,oc2cruiser,3,TRUE,34523,950,950,933,73,72,3,71,susquehanna70,NA,TRUE,paddler,bramanbr01,Bruce Braman,Braman Bruce,Greene,NY,USA,NA,NA,NA,Braman Canoe Team,NA
370163,2022,CLINTON70,Downriver,Canoe,T3,oc2cruiser,3,TRUE,34523,950,950,933,73,72,3,71,susquehanna70,NA,TRUE,paddler,bramanma02,Matthew Braman,Braman Matthew,Greene,NY,USA,NA,NA,NA,Braman Canoe Team,NA
532317,2025,CLINTON70,Downriver,Unknown,G6,opentour,2,TRUE,34524,951,951,7,9,101,2,2,susquehanna70,NA,TRUE,paddler,gilesam01,Amber Giles,Giles Amber,Bainbridge ,NY,USA,NA,NA,NA,NA,NA
532317,2025,CLINTON70,Downriver,Unknown,G6,opentour,2,TRUE,34524,951,951,7,9,101,2,2,susquehanna70,NA,TRUE,paddler,fisherdu01,Duke Fisher,Fisher Duke,Bainbridge,NY,USA,NA,NA,NA,NA,NA
247623,2018,CLINTON70,Downriver,Canoe,X3,oc2cruisermix,9,TRUE,34528,952,952,934,86,113,9,112,susquehanna70,NA,TRUE,paddler,rabinkda01,Daniel Rabinkin,Rabinkin Daniel,Lexington,MA,USA,1,T,34528,NA,NA
247623,2018,CLINTON70,Downriver,Canoe,X3,oc2cruisermix,9,TRUE,34528,952,952,934,86,113,9,112,susquehanna70,NA,TRUE,paddler,reinerpr01,Priscilla Reinertsen,Reinertsen Priscilla,Contoocook,NH,USA,1,T,34528,NA,NA
217432,2015,CLINTON70,Downriver,Canoe,X4,oc2cruisermix,10,TRUE,34529,953,953,935,87,78,10,77,susquehanna70,NA,TRUE,paddler,vincenbo01,Bob Vincent,Vincent Bob,Dorchester,ON,CAN,1,T,34529,NA,NA
217432,2015,CLINTON70,Downriver,Canoe,X4,oc2cruisermix,10,TRUE,34529,953,953,935,87,78,10,77,susquehanna70,NA,TRUE,paddler,haymangw01,Gwyn Hayman,Hayman Gwyn,London,ON,CAN,1,T,34529,NA,NA
227285,2016,CLINTON70,Downriver,Canoe,X10,oc2cruisermix,14,TRUE,34532,954,954,936,88,102,14,100,susquehanna70,NA,TRUE,paddler,mclainle01,Leza McLain,McLain Leza,Chesapeake,VA,USA,1,T,34532,NA,NA
227285,2016,CLINTON70,Downriver,Canoe,X10,oc2cruisermix,14,TRUE,34532,954,954,936,88,102,14,100,susquehanna70,NA,TRUE,paddler,mclainru01,Rusty McLain,McLain Rusty,Chesapeake,VA,USA,1,T,34532,NA,NA
256322,2019,CLINTON70,Downriver,Canoe,L2,oc1master,4,TRUE,34560,955,955,937,32,127,4,120,susquehanna70,NA,TRUE,paddler,creighcr01,Craig Creighton,Creighton Craig,East Lindsay,ON,CAN,1,T,34560,NA,NA
247517,2018,CLINTON70,Downriver,Canoe,F5,oc2stockmix,2,TRUE,34573,956,956,938,15,114,2,113,susquehanna70,NA,TRUE,paddler,petersjo01,John Peterson,Peterson John,Franklin,NY,USA,1,T,34573,NA,NA
247517,2018,CLINTON70,Downriver,Canoe,F5,oc2stockmix,2,TRUE,34573,956,956,938,15,114,2,113,susquehanna70,NA,TRUE,paddler,NA,Elizabeth Peterson,Peterson Elizabeth,Franklin,NY,USA,1,T,34573,NA,NA
227147,2016,CLINTON70,Downriver,Canoe,B10,oc4stock,8,TRUE,34576,957,957,939,50,103,8,101,susquehanna70,NA,TRUE,paddler,culberca01,Carol Culbertson,Culbertson Carol,Exeter,NH,USA,1,T,34576,NA,NA
227147,2016,CLINTON70,Downriver,Canoe,B10,oc4stock,8,TRUE,34576,957,957,939,50,103,8,101,susquehanna70,NA,TRUE,paddler,jeanesju01,Judy Jeanes,Jeanes Judy,Devon,PA,USA,1,T,34576,NA,NA
227147,2016,CLINTON70,Downriver,Canoe,B10,oc4stock,8,TRUE,34576,957,957,939,50,103,8,101,susquehanna70,NA,TRUE,paddler,ewingju01,Julia Ewing,Ewing Julia,Pottstown,PA,USA,1,T,34576,NA,NA
227147,2016,CLINTON70,Downriver,Canoe,B10,oc4stock,8,TRUE,34576,957,957,939,50,103,8,101,susquehanna70,NA,TRUE,paddler,eatonma01,Marilyn Eaton,Eaton Marilyn,Pottstown,PA,USA,1,T,34576,NA,NA
237760,2017,CLINTON70,Downriver,Kayak,KL8,k1unlimited,1,TRUE,34578,958,958,12,12,112,1,1,susquehanna70,NA,TRUE,paddler,wilteyda01,David Wiltey,Wiltey David,Johnstown,NY,USA,1,T,34578,NA,NA
227130,2016,CLINTON70,Downriver,Canoe,A5,oc2stockalum,1,TRUE,34613,959,959,940,5,104,1,102,susquehanna70,NA,TRUE,paddler,walleybi01,Bill Walley,Walley Bill,Walton,NY,USA,1,T,34613,NA,NA
227130,2016,CLINTON70,Downriver,Canoe,A5,oc2stockalum,1,TRUE,34613,959,959,940,5,104,1,102,susquehanna70,NA,TRUE,paddler,walleybr01,Brian Walley,Walley Brian,Walton,NY,USA,1,T,34613,NA,NA
237747,2017,CLINTON70,Downriver,Canoe,E10,oc2stock,8,TRUE,34619,960,960,941,57,113,8,112,susquehanna70,NA,TRUE,paddler,sherwobr01,Brett Sherwood,Sherwood Brett,Morris,NY,USA,1,T,34619,NA,NA
237747,2017,CLINTON70,Downriver,Canoe,E10,oc2stock,8,TRUE,34619,960,960,941,57,113,8,112,susquehanna70,NA,TRUE,paddler,lullna01,Nate Lull,Lull Nate,Gilbertsville,NY,USA,1,T,34619,NA,NA
256312,2019,CLINTON70,Downriver,Canoe,F3,oc2stockmix,6,TRUE,34635,961,961,942,16,128,6,121,susquehanna70,NA,TRUE,paddler,gergke01,Ken Gerg,Gerg Ken,Emporium,PA,USA,1,T,34635,NA,NA
256312,2019,CLINTON70,Downriver,Canoe,F3,oc2stockmix,6,TRUE,34635,961,961,942,16,128,6,121,susquehanna70,NA,TRUE,paddler,jeanesju01,Judy Jeanes,Jeanes Judy,Wayne,PA,USA,1,T,34635,NA,NA
208285,2014,CLINTON70,Downriver,Canoe,T6,oc2cruiser,9,TRUE,34640,962,962,943,74,128,9,126,susquehanna70,NA,TRUE,paddler,danforbr01,Brian Danforth,Danforth Brian,Unadilla,NY,USA,1,T,34640,NA,NA
208285,2014,CLINTON70,Downriver,Canoe,T6,oc2cruiser,9,TRUE,34640,962,962,943,74,128,9,126,susquehanna70,NA,TRUE,paddler,buelky01,Kyle Buel,Buel Kyle,Franklin,NY,USA,1,T,34640,NA,NA
436058,2023,CLINTON70,Downriver,Canoe,T5,oc2cruiser,5,TRUE,34661,963,963,944,75,56,5,56,susquehanna70,NA,TRUE,paddler,jordansc01,Scott Jordan,Jordan Scott,Otego,NY,USA,NA,NA,NA,Jordan-Himes,NA
436058,2023,CLINTON70,Downriver,Canoe,T5,oc2cruiser,5,TRUE,34661,963,963,944,75,56,5,56,susquehanna70,NA,TRUE,paddler,NA,Michael Himes,Himes Michael,Otego,NY,USA,NA,NA,NA,Jordan-Himes,NA
217433,2015,CLINTON70,Downriver,Canoe,X8,oc2cruisermix,11,TRUE,34669,964,964,945,89,79,11,78,susquehanna70,NA,TRUE,paddler,boogemre01,Rene Boogemans,Boogemans Rene,Hensall,ON,CAN,1,T,34669,NA,NA
217433,2015,CLINTON70,Downriver,Canoe,X8,oc2cruisermix,11,TRUE,34669,964,964,945,89,79,11,78,susquehanna70,NA,TRUE,paddler,NA,Sharilynn Johnston,Johnston Sharilynn,Sarnia,ON,CAN,1,T,34669,NA,NA
237788,2017,CLINTON70,Downriver,Canoe,J2,oc1,3,TRUE,34670,965,965,946,17,114,3,113,susquehanna70,NA,TRUE,paddler,swislobo01,Bob Swislosky,Swislosky Bob,Knoxville,TN,USA,1,T,34670,NA,NA
370178,2022,CLINTON70,Downriver,Canoe,V5,oc2cruisermaster,5,TRUE,34679,966,966,947,48,73,5,72,susquehanna70,NA,TRUE,paddler,mallerti01,Tim Mallery,Mallery Tim,South Williamsport,PA,USA,NA,NA,NA,Delhi Badbunch,NA
370178,2022,CLINTON70,Downriver,Canoe,V5,oc2cruisermaster,5,TRUE,34679,966,966,947,48,73,5,72,susquehanna70,NA,TRUE,paddler,breenge01,Gerry Breen,Breen Gerry,Brooklyn,NY,USA,NA,NA,NA,Delhi Badbunch,NA
247613,2018,CLINTON70,Downriver,Canoe,T7,oc2cruiser,10,TRUE,34681,967,967,948,76,115,10,114,susquehanna70,NA,TRUE,paddler,daviauya01,yannick daviault,daviault yannick,trois-rivieres,QC,CAN,1,T,34681,NA,NA
247613,2018,CLINTON70,Downriver,Canoe,T7,oc2cruiser,10,TRUE,34681,967,967,948,76,115,10,114,susquehanna70,NA,TRUE,paddler,daviauga01,Gaetan daviault,daviault Gaetan,trois-riviieres,QC,CAN,1,T,34681,NA,NA
370164,2022,CLINTON70,Downriver,Canoe,T7,oc2cruiser,4,TRUE,34685,968,968,949,77,74,4,73,susquehanna70,NA,TRUE,paddler,vandorda01,David Vandorpe,Vandorpe David,Haverhill,MA,USA,NA,NA,NA,Team Hartt & Ranco,NA
370164,2022,CLINTON70,Downriver,Canoe,T7,oc2cruiser,4,TRUE,34685,968,968,949,77,74,4,73,susquehanna70,NA,TRUE,paddler,rancoma01,Mark Ranco,Ranco Mark,Bangor,ME,USA,NA,NA,NA,Team Hartt & Ranco,NA
490038,2024,CLINTON70,Downriver,Canoe,S7,oc1pro,4,TRUE,34694,969,969,950,60,70,4,70,susquehanna70,NA,TRUE,paddler,chapplti01,Tim Chapple,Chapple Tim,Interlochen,MI,USA,NA,NA,NA,NA,NA
370179,2022,CLINTON70,Downriver,Canoe,V7,oc2cruisermaster,6,TRUE,34695,970,970,951,49,75,6,74,susquehanna70,NA,TRUE,paddler,anderswi01,William Anderson,Anderson William,Thorndike,ME,USA,NA,NA,NA,NA,NA
370179,2022,CLINTON70,Downriver,Canoe,V7,oc2cruisermaster,6,TRUE,34695,970,970,951,49,75,6,74,susquehanna70,NA,TRUE,paddler,gauseri01,Rick Gause,Gause Rick,North Yarmouth,ME,USA,NA,NA,NA,NA,NA
490042,2024,CLINTON70,Downriver,Canoe,L3,oc1master,1,TRUE,34697,971,971,952,33,71,1,71,susquehanna70,NA,TRUE,paddler,corbetst01,Steve Corbett,Corbett Steve,New Market,MD,USA,NA,NA,NA,NA,NA
237821,2017,CLINTON70,Downriver,Canoe,X23,oc2cruisermix,17,TRUE,34703,972,972,953,90,115,17,114,susquehanna70,NA,TRUE,paddler,adamsksh01,Sharon Adamski,Adamski Sharon,Norristown,PA,USA,1,T,34703,NA,NA
237821,2017,CLINTON70,Downriver,Canoe,X23,oc2cruisermix,17,TRUE,34703,972,972,953,90,115,17,114,susquehanna70,NA,TRUE,paddler,NA,Richard Leone,Leone Richard,Elverson,PA,USA,1,T,34703,NA,NA
532339,2025,CLINTON70,Downriver,Canoe,E10,oc2stock,6,TRUE,34722,973,973,954,58,102,6,98,susquehanna70,NA,TRUE,paddler,NA,Zachary Wheeler,Wheeler Zachary,Sidney,NY,USA,NA,NA,NA,TFI 2,NA
532339,2025,CLINTON70,Downriver,Canoe,E10,oc2stock,6,TRUE,34722,973,973,954,58,102,6,98,susquehanna70,NA,TRUE,paddler,NA,Gunner Ives,Ives Gunner,Bainbridge ,NY,USA,NA,NA,NA,TFI 2,NA
436107,2023,CLINTON70,Downriver,Canoe,P2,oc2pro,42,TRUE,34727,974,974,955,418,57,42,57,susquehanna70,NA,TRUE,paddler,schillma01,Maria Schilling,Schilling Maria,Minneapolis,MN,USA,NA,NA,NA,Schilling/Wilson,NA
436107,2023,CLINTON70,Downriver,Canoe,P2,oc2pro,42,TRUE,34727,974,974,955,418,57,42,57,susquehanna70,NA,TRUE,paddler,wilsonch01,Christina Wilson,Wilson Christina,Durham,NH,USA,NA,NA,NA,Schilling/Wilson,NA
237802,2017,CLINTON70,Downriver,Canoe,Y4,oc2cruiserwomen,5,TRUE,34731,975,975,956,19,116,5,115,susquehanna70,NA,TRUE,paddler,jeanesju01,Judy Jeanes,Jeanes Judy,Wayne,PA,USA,1,T,34731,NA,NA
237802,2017,CLINTON70,Downriver,Canoe,Y4,oc2cruiserwomen,5,TRUE,34731,975,975,956,19,116,5,115,susquehanna70,NA,TRUE,paddler,ewingju01,Julia Ewing,Ewing Julia,Philadelphia,PA,USA,1,T,34731,NA,NA
217341,2015,CLINTON70,Downriver,Canoe,L2,oc1master,2,TRUE,34741,976,976,957,34,80,2,79,susquehanna70,NA,TRUE,paddler,frederla01,Larry Frederick,Frederick Larry,Dunnellon,FL,USA,1,T,34741,NA,NA
217333,2015,CLINTON70,Downriver,Kayak,KL7,k1unlimited,2,TRUE,34749,977,977,13,13,81,2,2,susquehanna70,NA,TRUE,paddler,nugentbo01,Bob Nugent,Nugent Bob,Binghamton,NY,USA,1,T,34749,NA,NA
247518,2018,CLINTON70,Downriver,Canoe,F2,oc2stockmix,3,TRUE,34767,978,978,958,17,116,3,115,susquehanna70,NA,TRUE,paddler,gallaner01,Eric Gallandt,Gallandt Eric,Orono,ME,USA,1,T,34767,NA,NA
247518,2018,CLINTON70,Downriver,Canoe,F2,oc2stockmix,3,TRUE,34767,978,978,958,17,116,3,115,susquehanna70,NA,TRUE,paddler,rubinha01,Hannah Rubin,Rubin Hannah,NA,NA,NA,1,T,34767,NA,NA
237838,2017,CLINTON70,Downriver,Canoe,T10,oc2cruiser,13,TRUE,34773,979,979,959,78,117,13,116,susquehanna70,NA,TRUE,paddler,ralstowi01,William Ralston,Ralston William,Cooperstown,NY,USA,1,T,34773,NA,NA
237838,2017,CLINTON70,Downriver,Canoe,T10,oc2cruiser,13,TRUE,34773,979,979,959,78,117,13,116,susquehanna70,NA,TRUE,paddler,NA,Daniel Ralston,Ralston Daniel,Cooperstown,NY,USA,1,T,34773,NA,NA
237755,2017,CLINTON70,Downriver,Canoe,F4,oc2stockmix,2,TRUE,34776,980,980,960,18,118,2,117,susquehanna70,NA,TRUE,paddler,soccian01,Annie Socci,Socci Annie,Saegertown,PA,USA,1,T,34776,NA,NA
237755,2017,CLINTON70,Downriver,Canoe,F4,oc2stockmix,2,TRUE,34776,980,980,960,18,118,2,117,susquehanna70,NA,TRUE,paddler,NA,Patrick Maloney,Maloney Patrick,Venango,PA,USA,1,T,34776,NA,NA
227164,2016,CLINTON70,Downriver,Canoe,E3,oc2stock,4,TRUE,34794,981,981,961,59,105,4,103,susquehanna70,NA,TRUE,paddler,whitiner01,Erik Whiting,Whiting Erik,Ledyard,CT,USA,1,T,34794,NA,NA
227164,2016,CLINTON70,Downriver,Canoe,E3,oc2stock,4,TRUE,34794,981,981,961,59,105,4,103,susquehanna70,NA,TRUE,paddler,NA,William Whiting,Whiting William,Fultonville,NY,USA,1,T,34794,NA,NA
532354,2025,CLINTON70,Downriver,Canoe,B1,oc4stock,4,TRUE,34800,982,982,962,51,103,4,99,susquehanna70,NA,TRUE,paddler,NA,William Parry,Parry William,Morrisville,NY,USA,NA,NA,NA,DriftWood,NA
532354,2025,CLINTON70,Downriver,Canoe,B1,oc4stock,4,TRUE,34800,982,982,962,51,103,4,99,susquehanna70,NA,TRUE,paddler,NA,Squiggy Hagan,Hagan Squiggy,Cazenoiva,NY,USA,NA,NA,NA,DriftWood,NA
532354,2025,CLINTON70,Downriver,Canoe,B1,oc4stock,4,TRUE,34800,982,982,962,51,103,4,99,susquehanna70,NA,TRUE,paddler,NA,Erick Schwartz,Schwartz Erick,Cazenovia,NY,USA,NA,NA,NA,DriftWood,NA
532354,2025,CLINTON70,Downriver,Canoe,B1,oc4stock,4,TRUE,34800,982,982,962,51,103,4,99,susquehanna70,NA,TRUE,paddler,NA,Tim Aubertine,Aubertine Tim,Manlius,NY,USA,NA,NA,NA,DriftWood,NA
532395,2025,CLINTON70,Downriver,Canoe,X5,oc2cruisermix,6,TRUE,34807,983,983,963,91,104,6,100,susquehanna70,NA,TRUE,paddler,colliest01,Steve Collier,Collier Steve,Cooperstown,NY,USA,NA,NA,NA,Collier Family,NA
532395,2025,CLINTON70,Downriver,Canoe,X5,oc2cruisermix,6,TRUE,34807,983,983,963,91,104,6,100,susquehanna70,NA,TRUE,paddler,NA,Erin Collier,Collier Erin,Cooperstown,NY,USA,NA,NA,NA,Collier Family,NA
490029,2024,CLINTON70,Downriver,Canoe,B2,oc4stock,1,TRUE,34813,984,984,964,52,72,1,72,susquehanna70,NA,TRUE,paddler,NA,Artie Bigsby,Bigsby Artie,Cazenovia,NY,USA,NA,NA,NA,Team NRS,NA
490029,2024,CLINTON70,Downriver,Canoe,B2,oc4stock,1,TRUE,34813,984,984,964,52,72,1,72,susquehanna70,NA,TRUE,paddler,snyderja01,Jake Snyder,Snyder Jake,Ithaca,NY,USA,NA,NA,NA,Team NRS,NA
490029,2024,CLINTON70,Downriver,Canoe,B2,oc4stock,1,TRUE,34813,984,984,964,52,72,1,72,susquehanna70,NA,TRUE,paddler,gianfaan01,Tony Gianfagna,Gianfagna Tony,Evans Mills,NY,USA,NA,NA,NA,Team NRS,NA
490029,2024,CLINTON70,Downriver,Canoe,B2,oc4stock,1,TRUE,34813,984,984,964,52,72,1,72,susquehanna70,NA,TRUE,paddler,gianfach01,Chip Gianfagna,Gianfagna Chip,Watertown,NY,USA,NA,NA,NA,Team NRS,NA
208140,2014,CLINTON70,Downriver,Canoe,C2,oc2rec,3,TRUE,34822,985,985,965,4,129,3,127,susquehanna70,NA,TRUE,paddler,joyge01,Gerard Joy,Joy Gerard,Morris,NY,USA,1,T,34822,NA,NA
208140,2014,CLINTON70,Downriver,Canoe,C2,oc2rec,3,TRUE,34822,985,985,965,4,129,3,127,susquehanna70,NA,TRUE,paddler,NA,John Bugyi,Bugyi John,New Lisbon,NY,USA,1,T,34822,NA,NA
247582,2018,CLINTON70,Downriver,Canoe,L7,oc1master,5,TRUE,34824,986,986,966,35,117,5,116,susquehanna70,NA,TRUE,paddler,siegfrwi01,Will Siegfried,Siegfried Will,Potsdam,NY,USA,1,T,34824,NA,NA
256279,2019,CLINTON70,Downriver,Canoe,C1,oc2rec,1,TRUE,34840,987,987,967,5,129,1,122,susquehanna70,NA,TRUE,paddler,vanderri01,Rik Vandermeulen,Vandermeulen Rik,Unadilla,NY,USA,1,T,34840,NA,NA
256279,2019,CLINTON70,Downriver,Canoe,C1,oc2rec,1,TRUE,34840,987,987,967,5,129,1,122,susquehanna70,NA,TRUE,paddler,bonnaral01,Alex Bonnar,Bonnar Alex,Burlington,MA,USA,1,T,34840,NA,NA
370180,2022,CLINTON70,Downriver,Canoe,V8,oc2cruisermaster,7,TRUE,34845,988,988,968,50,76,7,75,susquehanna70,NA,TRUE,paddler,idesc01,Scott Ide,Ide Scott,Framingham ,MA,USA,NA,NA,NA,We Love Bob Allen,NA
370180,2022,CLINTON70,Downriver,Canoe,V8,oc2cruisermaster,7,TRUE,34845,988,988,968,50,76,7,75,susquehanna70,NA,TRUE,paddler,allenti01,Tim Allen,Allen Tim,Westfield,MA,USA,NA,NA,NA,We Love Bob Allen,NA
227165,2016,CLINTON70,Downriver,Canoe,E16,oc2stock,5,TRUE,34859,989,989,969,60,106,5,104,susquehanna70,NA,TRUE,paddler,deabrmi01,Mike De Abreu,De Abreu Mike,Arnprior,ON,CAN,1,T,34859,NA,NA
227165,2016,CLINTON70,Downriver,Canoe,E16,oc2stock,5,TRUE,34859,989,989,969,60,106,5,104,susquehanna70,NA,TRUE,paddler,phillito01,Tom Phillips,Phillips Tom,Gloucester,ON,CAN,1,T,34859,NA,NA
247633,2018,CLINTON70,Downriver,Canoe,V6,oc2cruisermaster,8,TRUE,34869,990,990,970,51,118,8,117,susquehanna70,NA,TRUE,paddler,danforbr01,Brian Danforth,Danforth Brian,Unadilla,NY,USA,1,T,34869,NA,NA
247633,2018,CLINTON70,Downriver,Canoe,V6,oc2cruisermaster,8,TRUE,34869,990,990,970,51,118,8,117,susquehanna70,NA,TRUE,paddler,buelky01,Kyle Buel,Buel Kyle,Unadilla,NY,USA,1,T,34869,NA,NA
247583,2018,CLINTON70,Downriver,Canoe,L10,oc1master,6,TRUE,34891,991,991,971,36,119,6,118,susquehanna70,NA,TRUE,paddler,anderswi01,William Anderson,Anderson William,Morrill,ME,USA,1,T,34891,NA,NA
217434,2015,CLINTON70,Downriver,Canoe,X1,oc2cruisermix,12,TRUE,34899,992,992,972,92,82,12,80,susquehanna70,NA,TRUE,paddler,NA,Glen Cooley,Cooley Glen,Scotia,NY,USA,1,T,34899,NA,NA
217434,2015,CLINTON70,Downriver,Canoe,X1,oc2cruisermix,12,TRUE,34899,992,992,972,92,82,12,80,susquehanna70,NA,TRUE,paddler,cooleyli01,Linda Cooley,Cooley Linda,Scotia,NY,USA,1,T,34899,NA,NA
490043,2024,CLINTON70,Downriver,Canoe,L1,oc1master,2,TRUE,34900,993,993,973,37,73,2,73,susquehanna70,NA,TRUE,paddler,hainesru01,Russel Haines,Haines Russel,Corsica,PA,USA,NA,NA,NA,NA,NA
227218,2016,CLINTON70,Downriver,Canoe,L15,oc1master,3,TRUE,34903,994,994,974,38,107,3,105,susquehanna70,NA,TRUE,paddler,anderswi01,William Anderson,Anderson William,Morrill,ME,USA,1,T,34903,NA,NA
237779,2017,CLINTON70,Downriver,Canoe,L10,oc1master,6,TRUE,34909,995,995,975,39,119,6,118,susquehanna70,NA,TRUE,paddler,allenbo01,Bob Allen,Allen Bob,Westfield,MA,USA,1,T,34909,NA,NA
237748,2017,CLINTON70,Downriver,Canoe,E14,oc2stock,9,TRUE,34925,996,996,976,61,120,9,119,susquehanna70,NA,TRUE,paddler,whitiner01,Erik Whiting,Whiting Erik,Ledyard,CT,USA,1,T,34925,NA,NA
237748,2017,CLINTON70,Downriver,Canoe,E14,oc2stock,9,TRUE,34925,996,996,976,61,120,9,119,susquehanna70,NA,TRUE,paddler,NA,William Whiting,Whiting William,Fultonville,NY,USA,1,T,34925,NA,NA
247514,2018,CLINTON70,Downriver,Canoe,B10,oc4stock,9,TRUE,34935,997,997,977,53,120,9,119,susquehanna70,NA,TRUE,paddler,neugebri01,Richard Neugebauer,Neugebauer Richard,Skaneateles,NY,USA,1,T,34935,NA,NA
247514,2018,CLINTON70,Downriver,Canoe,B10,oc4stock,9,TRUE,34935,997,997,977,53,120,9,119,susquehanna70,NA,TRUE,paddler,NA,Lincoln Fancher,Fancher Lincoln,Lacona,NY,USA,1,T,34935,NA,NA
247514,2018,CLINTON70,Downriver,Canoe,B10,oc4stock,9,TRUE,34935,997,997,977,53,120,9,119,susquehanna70,NA,TRUE,paddler,crouchho01,Holly Crouch,Crouch Holly,Sherburne,NY,USA,1,T,34935,NA,NA
247514,2018,CLINTON70,Downriver,Canoe,B10,oc4stock,9,TRUE,34935,997,997,977,53,120,9,119,susquehanna70,NA,TRUE,paddler,mcintysu01,Sue McIntyre,McIntyre Sue,Mount Upton,NY,USA,1,T,34935,NA,NA
208120,2014,CLINTON70,Downriver,Canoe,A2,oc2stockalum,2,TRUE,34939,998,998,978,6,130,2,128,susquehanna70,NA,TRUE,paddler,bannerlu01,Luke Banner,Banner Luke,Cooperstown,NY,USA,1,T,34939,NA,NA
208120,2014,CLINTON70,Downriver,Canoe,A2,oc2stockalum,2,TRUE,34939,998,998,978,6,130,2,128,susquehanna70,NA,TRUE,paddler,collieto01,Todd Collier,Collier Todd,Cooperstown,NY,USA,1,T,34939,NA,NA
227270,2016,CLINTON70,Downriver,Canoe,V2,oc2cruisermaster,7,TRUE,34943,999,999,979,52,108,7,106,susquehanna70,NA,TRUE,paddler,lewisjo01,John Lewis,Lewis John,Bainbridge,NY,USA,1,T,34943,NA,NA
227270,2016,CLINTON70,Downriver,Canoe,V2,oc2cruisermaster,7,TRUE,34943,999,999,979,52,108,7,106,susquehanna70,NA,TRUE,paddler,bauerlpe01,Peter Bauerle,Bauerle Peter,Bainbridge,NY,USA,1,T,34943,NA,NA
490066,2024,CLINTON70,Downriver,Canoe,X10,oc2cruisermix,4,TRUE,34950,1000,1000,980,93,74,4,74,susquehanna70,NA,TRUE,paddler,siegfrwi01,Will Siegfried,Siegfried Will,Potsdam,NY,USA,NA,NA,NA,SLVP,NA
490066,2024,CLINTON70,Downriver,Canoe,X10,oc2cruisermix,4,TRUE,34950,1000,1000,980,93,74,4,74,susquehanna70,NA,TRUE,paddler,visserei01,Eileen Visser,Visser Eileen,Potsdam,NY,USA,NA,NA,NA,SLVP,NA
208204,2014,CLINTON70,Downriver,Kayak,KL6,k1unlimited,3,TRUE,34952,1001,1001,14,14,131,3,3,susquehanna70,NA,TRUE,paddler,mcconado01,Don McConaghy,McConaghy Don,Haddon Twp,NJ,USA,1,T,34952,NA,NA
227286,2016,CLINTON70,Downriver,Canoe,X2,oc2cruisermix,15,TRUE,34970,1002,1002,981,94,109,15,107,susquehanna70,NA,TRUE,paddler,rossgi01,Gil Ross,Ross Gil,Staten Island,NY,USA,1,T,34970,NA,NA
227286,2016,CLINTON70,Downriver,Canoe,X2,oc2cruisermix,15,TRUE,34970,1002,1002,981,94,109,15,107,susquehanna70,NA,TRUE,paddler,lenschli01,Linda Lensch,Lensch Linda,Tinton Falls,NJ,USA,1,T,34970,NA,NA
208265,2014,CLINTON70,Downriver,Canoe,R2,oc1stock,4,TRUE,34976,1003,1003,982,5,132,4,129,susquehanna70,NA,TRUE,paddler,gallaner01,Eric Gallandt,Gallandt Eric,Orono,ME,USA,1,T,34976,NA,NA
370151,2022,CLINTON70,Downriver,Canoe,J4,oc1,1,TRUE,34989,1004,1004,983,18,77,1,76,susquehanna70,NA,TRUE,paddler,plourdga01,Gaetan Plourde,Plourde Gaetan,North Gower,ON,CAN,NA,NA,NA,Perfect Storm,NA
237780,2017,CLINTON70,Downriver,Canoe,L8,oc1master,7,TRUE,34998,1005,1005,984,40,121,7,120,susquehanna70,NA,TRUE,paddler,frederla01,Larry Frederick,Frederick Larry,Dunnellon,FL,USA,1,T,34998,NA,NA
247534,2018,CLINTON70,Downriver,Canoe,E5,oc2stock,11,TRUE,35002,1006,1006,985,62,121,11,120,susquehanna70,NA,TRUE,paddler,herrmast01,Steve Herrmann,Herrmann Steve,West Oneonta,NY,USA,1,T,35002,NA,NA
247534,2018,CLINTON70,Downriver,Canoe,E5,oc2stock,11,TRUE,35002,1006,1006,985,62,121,11,120,susquehanna70,NA,TRUE,paddler,birdsajo01,John Birdsall,Birdsall John,Gilbertsville,NY,USA,1,T,35002,NA,NA
256300,2019,CLINTON70,Downriver,Canoe,E18,oc2stock,15,TRUE,35004,1007,1007,986,63,130,15,123,susquehanna70,NA,TRUE,paddler,sherwobr01,Brett Sherwood,Sherwood Brett,Morris,NY,USA,1,T,35004,NA,NA
256300,2019,CLINTON70,Downriver,Canoe,E18,oc2stock,15,TRUE,35004,1007,1007,986,63,130,15,123,susquehanna70,NA,TRUE,paddler,stittda01,Dave Stitt,Stitt Dave,Boonville,NY,USA,1,T,35004,NA,NA
227219,2016,CLINTON70,Downriver,Canoe,L3,oc1master,4,TRUE,35017,1008,1008,987,41,110,4,108,susquehanna70,NA,TRUE,paddler,frederla01,Larry Frederick,Frederick Larry,Dunnellon,FL,USA,1,T,35017,NA,NA
370159,2022,CLINTON70,Downriver,Canoe,U3,oc2cruisersenior,3,TRUE,35023,1009,1009,988,34,78,3,77,susquehanna70,NA,TRUE,paddler,casalejo01,John Casale,Casale John,Southampton ,MA,USA,NA,NA,NA,NA,NA
370159,2022,CLINTON70,Downriver,Canoe,U3,oc2cruisersenior,3,TRUE,35023,1009,1009,988,34,78,3,77,susquehanna70,NA,TRUE,paddler,dugasda01,David Dugas,Dugas David,Orange,MA,USA,NA,NA,NA,NA,NA
370229,2022,CLINTON70,Downriver,Canoe,P28,oc2pro,47,TRUE,35024,1010,1010,989,419,79,47,78,susquehanna70,NA,TRUE,paddler,killinje01,Jerry Killingbeck,Killingbeck Jerry,East Tawas,NA,NA,NA,NA,NA,Wojahn-Killingbeck,NA
370229,2022,CLINTON70,Downriver,Canoe,P28,oc2pro,47,TRUE,35024,1010,1010,989,419,79,47,78,susquehanna70,NA,TRUE,paddler,wojahnke01,Keith Wojahn,Wojahn Keith,Tawas City,MI,USA,NA,NA,NA,Wojahn-Killingbeck,NA
247624,2018,CLINTON70,Downriver,Canoe,X4,oc2cruisermix,10,TRUE,35031,1011,1011,990,95,122,10,121,susquehanna70,NA,TRUE,paddler,evenjo01,Joan Even,Even Joan,Cedar Rapids,IA,USA,1,T,35031,NA,NA
247624,2018,CLINTON70,Downriver,Canoe,X4,oc2cruisermix,10,TRUE,35031,1011,1011,990,95,122,10,121,susquehanna70,NA,TRUE,paddler,hansenfr01,Fritz Hansen,Hansen Fritz,Burlington,WI,USA,1,T,35031,NA,NA
227183,2016,CLINTON70,Downriver,Unknown,G12,open,1,TRUE,35032,1012,1012,8,8,111,1,1,susquehanna70,NA,TRUE,paddler,robinsmi02,Miranda Robinson,Robinson Miranda,Highland Falls,NY,USA,1,T,35032,NA,NA
227183,2016,CLINTON70,Downriver,Unknown,G12,open,1,TRUE,35032,1012,1012,8,8,111,1,1,susquehanna70,NA,TRUE,paddler,robinsro01,Rodney Robinson,Robinson Rodney,Otego,NY,USA,1,T,35032,NA,NA
370181,2022,CLINTON70,Downriver,Canoe,V10,oc2cruisermaster,8,TRUE,35039,1013,1013,991,53,80,8,79,susquehanna70,NA,TRUE,paddler,newmanje01,Jeff Newman,Newman Jeff,Unadilla,NY,USA,NA,NA,NA,NA,NA
370181,2022,CLINTON70,Downriver,Canoe,V10,oc2cruisermaster,8,TRUE,35039,1013,1013,991,53,80,8,79,susquehanna70,NA,TRUE,paddler,maierjo01,John Maier,Maier John,Otego,NY,USA,NA,NA,NA,NA,NA
227178,2016,CLINTON70,Downriver,Canoe,F4,oc2stockmix,1,TRUE,35039,1014,1014,992,19,112,1,109,susquehanna70,NA,TRUE,paddler,visserei01,Eileen Visser,Visser Eileen,Potsdam,NY,USA,1,T,35039,NA,NA
227178,2016,CLINTON70,Downriver,Canoe,F4,oc2stockmix,1,TRUE,35039,1014,1014,992,19,112,1,109,susquehanna70,NA,TRUE,paddler,siegfrwi01,Will Siegfried,Siegfried Will,Potsdam,NY,USA,1,T,35039,NA,NA
370123,2022,CLINTON70,Downriver,Canoe,E5,oc2stock,2,TRUE,35042,1015,1015,993,64,81,2,80,susquehanna70,NA,TRUE,paddler,mclainga01,Gary McLain,McLain Gary,Ballston Spa,NY,USA,NA,NA,NA,Patâ€™s Team,NA
370123,2022,CLINTON70,Downriver,Canoe,E5,oc2stock,2,TRUE,35042,1015,1015,993,64,81,2,80,susquehanna70,NA,TRUE,paddler,amellji01,Jim Amell,Amell Jim,Gansevoort,NY,USA,NA,NA,NA,Patâ€™s Team,NA
532318,2025,CLINTON70,Downriver,Unknown,G1,opentour,3,TRUE,35071,1016,1016,9,10,105,3,3,susquehanna70,NA,TRUE,paddler,ciampaal01,Alex Ciampa,Ciampa Alex,Methuen,MA,USA,NA,NA,NA,Straight outta rehab,NA
436015,2023,CLINTON70,Downriver,Canoe,S4,oc1pro,4,TRUE,35074,1017,1017,994,61,58,4,58,susquehanna70,NA,TRUE,paddler,martinca01,Carlos Martinez,Martinez Carlos,Montreal,QC,CAN,NA,NA,NA,I love tacos,NA
237756,2017,CLINTON70,Downriver,Canoe,F6,oc2stockmix,3,TRUE,35079,1018,1018,995,20,122,3,121,susquehanna70,NA,TRUE,paddler,lafeveja01,Jim LaFever,LaFever Jim,Unadilla,NY,USA,1,T,35079,NA,NA
237756,2017,CLINTON70,Downriver,Canoe,F6,oc2stockmix,3,TRUE,35079,1018,1018,995,20,122,3,121,susquehanna70,NA,TRUE,paddler,lafeveam01,Amy Lafever,Lafever Amy,Unadilla,NY,USA,1,T,35079,NA,NA
256301,2019,CLINTON70,Downriver,Canoe,E7,oc2stock,16,TRUE,35097,1019,1019,996,65,131,16,124,susquehanna70,NA,TRUE,paddler,nicoloja01,James Nicoloff,Nicoloff James,Hornell,NY,USA,1,T,35097,NA,NA
256301,2019,CLINTON70,Downriver,Canoe,E7,oc2stock,16,TRUE,35097,1019,1019,996,65,131,16,124,susquehanna70,NA,TRUE,paddler,buchhobl01,Blair Buchholz,Buchholz Blair,Wellsville,NY,USA,1,T,35097,NA,NA
217290,2015,CLINTON70,Downriver,Canoe,E15,oc2stock,3,TRUE,35113,1020,1020,997,66,83,3,81,susquehanna70,NA,TRUE,paddler,bergdo01,Doug Berg,Berg Doug,Excelsior,MN,USA,1,T,35113,NA,NA
217290,2015,CLINTON70,Downriver,Canoe,E15,oc2stock,3,TRUE,35113,1020,1020,997,66,83,3,81,susquehanna70,NA,TRUE,paddler,zophygr01,Greg Zophy,Zophy Greg,St. Paul,MN,USA,1,T,35113,NA,NA
237757,2017,CLINTON70,Downriver,Canoe,F5,oc2stockmix,4,TRUE,35114,1021,1021,998,21,123,4,122,susquehanna70,NA,TRUE,paddler,petersjo01,John Peterson,Peterson John,Franklin,NY,USA,1,T,35114,NA,NA
237757,2017,CLINTON70,Downriver,Canoe,F5,oc2stockmix,4,TRUE,35114,1021,1021,998,21,123,4,122,susquehanna70,NA,TRUE,paddler,NA,Elizabeth Peterson,Peterson Elizabeth,Franklin,NY,USA,1,T,35114,NA,NA
247575,2018,CLINTON70,Downriver,Canoe,J5,oc1,2,TRUE,35117,1022,1022,999,19,123,2,122,susquehanna70,NA,TRUE,paddler,breierky01,Kyle Breier,Breier Kyle,Oneonta,NY,USA,1,T,35117,NA,NA
208173,2014,CLINTON70,Downriver,Canoe,G8,open,7,TRUE,35119,1023,1023,1000,9,133,7,130,susquehanna70,NA,TRUE,paddler,bonnaral01,Alex Bonnar,Bonnar Alex,Burlington,MA,USA,1,T,35119,NA,NA
208173,2014,CLINTON70,Downriver,Canoe,G8,open,7,TRUE,35119,1023,1023,1000,9,133,7,130,susquehanna70,NA,TRUE,paddler,vanderri01,Rik Vandermeulen,Vandermeulen Rik,Unadilla,NY,USA,1,T,35119,NA,NA
247559,2018,CLINTON70,Downriver,Canoe,G13,opentour,3,TRUE,35142,1024,1024,1001,11,124,3,123,susquehanna70,NA,TRUE,paddler,mcduffri01,River McDuffie,McDuffie River,Robbins,NC,USA,1,T,35142,NA,NA
247559,2018,CLINTON70,Downriver,Canoe,G13,opentour,3,TRUE,35142,1024,1024,1001,11,124,3,123,susquehanna70,NA,TRUE,paddler,mcduffwi01,William McDuffie,McDuffie William,Robbins,NC,USA,1,T,35142,NA,NA
436037,2023,CLINTON70,Downriver,Canoe,V1,oc2cruisermaster,2,TRUE,35164,1025,1025,1002,54,59,2,59,susquehanna70,NA,TRUE,paddler,lyesiuni01,Nick Lyesiuk,Lyesiuk Nick,Orange,MA,USA,NA,NA,NA,Brouillette HVAC,NA
436037,2023,CLINTON70,Downriver,Canoe,V1,oc2cruisermaster,2,TRUE,35164,1025,1025,1002,54,59,2,59,susquehanna70,NA,TRUE,paddler,bosske01,Kevin Boss,Boss Kevin,Swansea,MA,USA,NA,NA,NA,Brouillette HVAC,NA
247634,2018,CLINTON70,Downriver,Canoe,V3,oc2cruisermaster,9,TRUE,35164,1026,1026,1003,55,125,9,124,susquehanna70,NA,TRUE,paddler,bauerlpe01,Peter Bauerle,Bauerle Peter,Bainbridge,NY,USA,1,T,35164,NA,NA
247634,2018,CLINTON70,Downriver,Canoe,V3,oc2cruisermaster,9,TRUE,35164,1026,1026,1003,55,125,9,124,susquehanna70,NA,TRUE,paddler,lewisjo01,John Lewis,Lewis John,Bainbridge,NY,USA,1,T,35164,NA,NA
370146,2022,CLINTON70,Downriver,Canoe,L7,oc1master,2,TRUE,35165,1027,1027,1004,42,82,2,81,susquehanna70,NA,TRUE,paddler,palmerbr01,Brayton Palmer,Palmer Brayton,Media,PA,USA,NA,NA,NA,NA,NA
217383,2015,CLINTON70,Downriver,Canoe,P34,oc2pro,34,TRUE,35168,1028,1028,1005,420,84,34,82,susquehanna70,Mens 50 & Over,TRUE,paddler,gagnean01,Andre Gagne,Gagne Andre,La Tuque,QC,CAN,1,T,35168,NA,NA
217383,2015,CLINTON70,Downriver,Canoe,P34,oc2pro,34,TRUE,35168,1028,1028,1005,420,84,34,82,susquehanna70,Mens 50 & Over,TRUE,paddler,greffayv01,Yves Greffard,Greffard Yves,La Tuque,QC,CAN,1,T,35168,NA,NA
256383,2019,CLINTON70,Downriver,Canoe,X12,oc2cruisermix,11,TRUE,35169,1029,1029,1006,96,132,11,125,susquehanna70,NA,TRUE,paddler,walleybr01,Brian Walley,Walley Brian,Walton,NY,USA,1,T,35169,NA,NA
256383,2019,CLINTON70,Downriver,Canoe,X12,oc2cruisermix,11,TRUE,35169,1029,1029,1006,96,132,11,125,susquehanna70,NA,TRUE,paddler,NA,Emma Walley,Walley Emma,Walton,NY,USA,1,T,35169,NA,NA
436016,2023,CLINTON70,Downriver,Canoe,S8,oc1pro,5,TRUE,35173,1030,1030,1007,62,60,5,60,susquehanna70,NA,TRUE,paddler,chapplti01,Tim Chapple,Chapple Tim,Interlochen,MI,USA,NA,NA,NA,NA,NA
217342,2015,CLINTON70,Downriver,Canoe,L8,oc1master,3,TRUE,35225,1031,1031,1008,43,85,3,83,susquehanna70,NA,TRUE,paddler,kostrabi01,Bill Kostra,Kostra Bill,Transfer,PA,USA,1,T,35225,NA,NA
217414,2015,CLINTON70,Downriver,Canoe,U1,oc2cruiserjrsr,1,TRUE,35227,1032,1032,1009,1,86,1,84,susquehanna70,NA,TRUE,paddler,fitzgebr01,Briana Fitzgerald,Fitzgerald Briana,Scotia,NY,USA,1,T,35227,NA,NA
217414,2015,CLINTON70,Downriver,Canoe,U1,oc2cruiserjrsr,1,TRUE,35227,1032,1032,1009,1,86,1,84,susquehanna70,NA,TRUE,paddler,fitzgepa01,Pam Fitzgerald,Fitzgerald Pam,Scotia,NY,USA,1,T,35227,NA,NA
490067,2024,CLINTON70,Downriver,Canoe,X11,oc2cruisermix,5,TRUE,35230,1033,1033,1010,97,75,5,75,susquehanna70,NA,TRUE,paddler,trudelfr01,Francis Trudel,Trudel Francis,Shawinigan,QC,CAN,NA,NA,NA,NA,NA
490067,2024,CLINTON70,Downriver,Canoe,X11,oc2cruisermix,5,TRUE,35230,1033,1033,1010,97,75,5,75,susquehanna70,NA,TRUE,paddler,NA,Émilie Lapointe,Lapointe Émilie,Shawinigan,QC,CAN,NA,NA,NA,NA,NA
217435,2015,CLINTON70,Downriver,Canoe,X2,oc2cruisermix,13,TRUE,35235,1034,1034,1011,98,87,13,85,susquehanna70,NA,TRUE,paddler,schnelje01,Jeff Schnelle,Schnelle Jeff,Irma,WI,USA,1,T,35235,NA,NA
217435,2015,CLINTON70,Downriver,Canoe,X2,oc2cruisermix,13,TRUE,35235,1034,1034,1011,98,87,13,85,susquehanna70,NA,TRUE,paddler,reinerpr01,Priscilla Reinertsen,Reinertsen Priscilla,Contoocook,NH,USA,1,T,35235,NA,NA
208319,2014,CLINTON70,Downriver,Canoe,Y5,oc2cruiserwomen,4,TRUE,35235,1035,1035,1012,20,134,4,131,susquehanna70,NA,TRUE,paddler,rabuckca01,Carol Rabuck,Rabuck Carol,Philadelphia,PA,USA,1,T,35235,NA,NA
208319,2014,CLINTON70,Downriver,Canoe,Y5,oc2cruiserwomen,4,TRUE,35235,1035,1035,1012,20,134,4,131,susquehanna70,NA,TRUE,paddler,williasu01,Susan Williams,Williams Susan,Secane,PA,USA,1,T,35235,NA,NA
217329,2015,CLINTON70,Downriver,Canoe,J2,oc1,2,TRUE,35242,1036,1036,1013,20,88,2,86,susquehanna70,NA,TRUE,paddler,donovada01,Dan Donovan,Donovan Dan,Rochester,NY,USA,1,T,35242,NA,NA
256274,2019,CLINTON70,Downriver,Canoe,A3,oc2stockalum,2,TRUE,35274,1037,1037,1014,7,133,2,126,susquehanna70,NA,TRUE,paddler,bannerlu01,Luke Banner,Banner Luke,Milford,NY,USA,1,T,35274,NA,NA
256274,2019,CLINTON70,Downriver,Canoe,A3,oc2stockalum,2,TRUE,35274,1037,1037,1014,7,133,2,126,susquehanna70,NA,TRUE,paddler,collieto01,Todd Collier,Collier Todd,Cooperstown,NY,USA,1,T,35274,NA,NA
237839,2017,CLINTON70,Downriver,Canoe,T15,oc2cruiser,14,TRUE,35276,1038,1038,1015,79,124,14,123,susquehanna70,NA,TRUE,paddler,danforbr01,Brian Danforth,Danforth Brian,Unadilla,NY,USA,1,T,35276,NA,NA
237839,2017,CLINTON70,Downriver,Canoe,T15,oc2cruiser,14,TRUE,35276,1038,1038,1015,79,124,14,123,susquehanna70,NA,TRUE,paddler,buelky01,Kyle Buel,Buel Kyle,Unadilla,NY,USA,1,T,35276,NA,NA
436108,2023,CLINTON70,Downriver,Canoe,P37,oc2pro,43,TRUE,35281,1039,1039,1016,421,61,43,61,susquehanna70,NA,TRUE,paddler,landicst01,Steve Landick,Landick Steve,Marquette,MI,USA,NA,NA,NA,NA,NA
436108,2023,CLINTON70,Downriver,Canoe,P37,oc2pro,43,TRUE,35281,1039,1039,1016,421,61,43,61,susquehanna70,NA,TRUE,paddler,landicco01,Connor Landick,Landick Connor,Marquette,MI,USA,NA,NA,NA,NA,NA
490068,2024,CLINTON70,Downriver,Canoe,X2,oc2cruisermix,6,TRUE,35299,1040,1040,1017,99,76,6,76,susquehanna70,NA,TRUE,paddler,NA,David Johnston,Johnston David,Sarnia,ON,CAN,NA,NA,NA,Ziibi honey #1,NA
490068,2024,CLINTON70,Downriver,Canoe,X2,oc2cruisermix,6,TRUE,35299,1040,1040,1017,99,76,6,76,susquehanna70,NA,TRUE,paddler,NA,Sharilyn Johnston,Johnston Sharilyn,Sarnia,ON,CAN,NA,NA,NA,Ziibi honey #1,NA
436038,2023,CLINTON70,Downriver,Canoe,V4,oc2cruisermaster,3,TRUE,35303,1041,1041,1018,56,62,3,62,susquehanna70,NA,TRUE,paddler,sandne01,Neal Sand,Sand Neal,Milton,VT,USA,NA,NA,NA,Green Mountain Boys,NA
436038,2023,CLINTON70,Downriver,Canoe,V4,oc2cruisermaster,3,TRUE,35303,1041,1041,1018,56,62,3,62,susquehanna70,NA,TRUE,paddler,mcandrma01,Mark McAndrew,McAndrew Mark,East Hardwick,VT,USA,NA,NA,NA,Green Mountain Boys,NA
490039,2024,CLINTON70,Downriver,Canoe,S4,oc1pro,5,TRUE,35305,1042,1042,1019,63,77,5,77,susquehanna70,NA,TRUE,paddler,leebr01,Bruce Lee,Lee Bruce,Port Crane,NY,USA,NA,NA,NA,NA,NA
227220,2016,CLINTON70,Downriver,Canoe,L13,oc1master,5,TRUE,35321,1043,1043,1020,44,113,5,110,susquehanna70,NA,TRUE,paddler,armstrda01,David Armstrong,Armstrong David,Rockville,MD,USA,1,T,35321,NA,NA
256284,2019,CLINTON70,Downriver,Canoe,D2,oc2recmix,1,TRUE,35365,1044,1044,1021,2,134,1,127,susquehanna70,NA,TRUE,paddler,NA,Gwen Ketchum,Ketchum Gwen,Mt Upton,NY,USA,1,T,35365,NA,NA
256284,2019,CLINTON70,Downriver,Canoe,D2,oc2recmix,1,TRUE,35365,1044,1044,1021,2,134,1,127,susquehanna70,NA,TRUE,paddler,lafevedo01,Don LaFever,LaFever Don,Norwich,NY,USA,1,T,35365,NA,NA
532370,2025,CLINTON70,Downriver,Canoe,R3,oc1stock,1,TRUE,35401,1045,1045,1022,6,106,1,101,susquehanna70,NA,TRUE,paddler,henninti01,Tim Henning,Henning Tim,Marion,NY,USA,NA,NA,NA,NA,NA
227166,2016,CLINTON70,Downriver,Canoe,E13,oc2stock,6,TRUE,35412,1046,1046,1023,67,114,6,111,susquehanna70,NA,TRUE,paddler,birdsajo01,John Birdsall,Birdsall John,Gilbertsville,NY,USA,1,T,35412,NA,NA
227166,2016,CLINTON70,Downriver,Canoe,E13,oc2stock,6,TRUE,35412,1046,1046,1023,67,114,6,111,susquehanna70,NA,TRUE,paddler,herrmast01,Steve Herrmann,Herrmann Steve,West Oneonta,NY,USA,1,T,35412,NA,NA
435987,2023,CLINTON70,Downriver,Canoe,E8,oc2stock,1,TRUE,35438,1047,1047,1024,68,63,1,63,susquehanna70,NA,TRUE,paddler,macartse01,Seth Macarthur,Macarthur Seth,Staten Island,NY,USA,NA,NA,NA,Larry's Heirs,NA
435987,2023,CLINTON70,Downriver,Canoe,E8,oc2stock,1,TRUE,35438,1047,1047,1024,68,63,1,63,susquehanna70,NA,TRUE,paddler,NA,Austin Henchey,Henchey Austin,Otego,NY,USA,NA,NA,NA,Larry's Heirs,NA
247560,2018,CLINTON70,Downriver,Canoe,G6,opentour,4,TRUE,35451,1048,1048,1025,12,126,4,125,susquehanna70,NA,TRUE,paddler,bilsbari01,Richard Bilsback,Bilsback Richard,Webster,NY,USA,1,T,35451,NA,NA
247560,2018,CLINTON70,Downriver,Canoe,G6,opentour,4,TRUE,35451,1048,1048,1025,12,126,4,125,susquehanna70,NA,TRUE,paddler,bilsbade01,Denise Bilsback,Bilsback Denise,Webster,NY,USA,1,T,35451,NA,NA
217408,2015,CLINTON70,Downriver,Canoe,T11,oc2cruiser,10,TRUE,35457,1049,1049,1026,80,89,10,87,susquehanna70,NA,TRUE,paddler,allenbo01,Bob Allen,Allen Bob,Westfield,MA,USA,1,T,35457,NA,NA
217408,2015,CLINTON70,Downriver,Canoe,T11,oc2cruiser,10,TRUE,35457,1049,1049,1026,80,89,10,87,susquehanna70,NA,TRUE,paddler,allenti01,Tim Allen,Allen Tim,Westfield,MA,USA,1,T,35457,NA,NA
217343,2015,CLINTON70,Downriver,Canoe,L3,oc1master,4,TRUE,35463,1050,1050,1027,45,90,4,88,susquehanna70,NA,TRUE,paddler,ellswowi01,William Ellsworth,Ellsworth William,Orange,MA,USA,1,T,35463,NA,NA
532396,2025,CLINTON70,Downriver,Canoe,X8,oc2cruisermix,7,TRUE,35472,1051,1051,1028,100,107,7,102,susquehanna70,NA,TRUE,paddler,NA,Claire Blaudeau,Blaudeau Claire,Herndon,VA,USA,NA,NA,NA,Roro and the chicken,NA
532396,2025,CLINTON70,Downriver,Canoe,X8,oc2cruisermix,7,TRUE,35472,1051,1051,1028,100,107,7,102,susquehanna70,NA,TRUE,paddler,NA,Roan Chadsey,Chadsey Roan,Washington ,DC,USA,NA,NA,NA,Roro and the chicken,NA
247535,2018,CLINTON70,Downriver,Canoe,E15,oc2stock,12,TRUE,35474,1052,1052,1029,69,127,12,126,susquehanna70,NA,TRUE,paddler,galipeda01,Damon Galipeau,Galipeau Damon,Indian Island,ME,USA,1,T,35474,NA,NA
247535,2018,CLINTON70,Downriver,Canoe,E15,oc2stock,12,TRUE,35474,1052,1052,1029,69,127,12,126,susquehanna70,NA,TRUE,paddler,fremouke01,Kell Fremouw,Fremouw Kell,Orono,ME,USA,1,T,35474,NA,NA
436010,2023,CLINTON70,Downriver,Kayak,KL3,k1unlimited,1,TRUE,35481,1053,1053,15,15,64,1,1,susquehanna70,NA,TRUE,paddler,gloverda01,Dale Glover,Glover Dale,Montgomery,PA,USA,NA,NA,NA,NA,NA
370134,2022,CLINTON70,Downriver,Canoe,F3,oc2stockmix,1,TRUE,35498,1054,1054,1030,22,83,1,82,susquehanna70,NA,TRUE,paddler,visserei01,Eileen Visser,Visser Eileen,Potsdam,NY,USA,NA,NA,NA,SLVP,NA
370134,2022,CLINTON70,Downriver,Canoe,F3,oc2stockmix,1,TRUE,35498,1054,1054,1030,22,83,1,82,susquehanna70,NA,TRUE,paddler,siegfrwi01,Will Siegfried,Siegfried Will,Potsdam,NY,USA,NA,NA,NA,SLVP,NA
247536,2018,CLINTON70,Downriver,Canoe,E14,oc2stock,13,TRUE,35500,1055,1055,1031,70,128,13,127,susquehanna70,NA,TRUE,paddler,pinardpi01,Pierre Pinard,Pinard Pierre,L'Orignal,ON,CAN,1,T,35500,NA,NA
247536,2018,CLINTON70,Downriver,Canoe,E14,oc2stock,13,TRUE,35500,1055,1055,1031,70,128,13,127,susquehanna70,NA,TRUE,paddler,rouxcl01,Claude Roux,Roux Claude,Vandreuil-Dorion,QC,CAN,1,T,35500,NA,NA
217291,2015,CLINTON70,Downriver,Canoe,E3,oc2stock,4,TRUE,35516,1056,1056,1032,71,91,4,89,susquehanna70,NA,TRUE,paddler,whitiner01,Erik Whiting,Whiting Erik,Ledyard,CT,USA,1,T,35516,NA,NA
217291,2015,CLINTON70,Downriver,Canoe,E3,oc2stock,4,TRUE,35516,1056,1056,1032,71,91,4,89,susquehanna70,NA,TRUE,paddler,NA,William Whiting,Whiting William,Fultonville,NY,USA,1,T,35516,NA,NA
436059,2023,CLINTON70,Downriver,Canoe,T10,oc2cruiser,6,TRUE,35518,1057,1057,1033,81,65,6,64,susquehanna70,NA,TRUE,paddler,broderch01,Chris Broderson,Broderson Chris,Maple Grove,MN,USA,NA,NA,NA,Broderson,NA
436059,2023,CLINTON70,Downriver,Canoe,T10,oc2cruiser,6,TRUE,35518,1057,1057,1033,81,65,6,64,susquehanna70,NA,TRUE,paddler,NA,Matthew Broderson,Broderson Matthew,Maple Grove,MN,USA,NA,NA,NA,Broderson,NA
436017,2023,CLINTON70,Downriver,Canoe,S10,oc1pro,6,TRUE,35521,1058,1058,1034,64,66,6,65,susquehanna70,NA,TRUE,paddler,wernerer01,Erik Werner,Werner Erik,Philadelphia,PA,USA,NA,NA,NA,Mighty Mouse Racing,NA
237749,2017,CLINTON70,Downriver,Canoe,E7,oc2stock,10,TRUE,35527,1059,1059,1035,72,125,10,124,susquehanna70,NA,TRUE,paddler,pinardpi01,Pierre Pinard,Pinard Pierre,L'Orignal,ON,CAN,1,T,35527,NA,NA
237749,2017,CLINTON70,Downriver,Canoe,E7,oc2stock,10,TRUE,35527,1059,1059,1035,72,125,10,124,susquehanna70,NA,TRUE,paddler,gergke01,Ken Gerg,Gerg Ken,Emporium,PA,USA,1,T,35527,NA,NA
436047,2023,CLINTON70,Downriver,Canoe,X9,oc2cruisermix,2,TRUE,35529,1060,1060,1036,101,67,2,66,susquehanna70,NA,TRUE,paddler,defeoje01,Jeff Defeo,Defeo Jeff,Huntington,MA,USA,NA,NA,NA,NA,NA
436047,2023,CLINTON70,Downriver,Canoe,X9,oc2cruisermix,2,TRUE,35529,1060,1060,1036,101,67,2,66,susquehanna70,NA,TRUE,paddler,solakam01,Amy Solak,Solak Amy,Traverse City,MI,USA,NA,NA,NA,NA,NA
227287,2016,CLINTON70,Downriver,Canoe,X9,oc2cruisermix,16,TRUE,35532,1061,1061,1037,102,115,16,112,susquehanna70,NA,TRUE,paddler,johnstbr01,Brian Johnston,Johnston Brian,Hopkinton,MA,USA,1,T,35532,NA,NA
227287,2016,CLINTON70,Downriver,Canoe,X9,oc2cruisermix,16,TRUE,35532,1061,1061,1037,102,115,16,112,susquehanna70,NA,TRUE,paddler,NA,Debbie Johnston,Johnston Debbie,Hopkinton,MA,USA,1,T,35532,NA,NA
436048,2023,CLINTON70,Downriver,Canoe,X5,oc2cruisermix,3,TRUE,35555,1062,1062,1038,103,68,3,67,susquehanna70,NA,TRUE,paddler,levittka01,Karen Pleasant,Pleasant Karen,Greenfield,MA,USA,NA,NA,NA,NA,NA
436048,2023,CLINTON70,Downriver,Canoe,X5,oc2cruisermix,3,TRUE,35555,1062,1062,1038,103,68,3,67,susquehanna70,NA,TRUE,paddler,vandorda01,Dave Vandorpe,Vandorpe Dave,Haverhill,MA,USA,NA,NA,NA,NA,NA
237803,2017,CLINTON70,Downriver,Canoe,Y9,oc2cruiserwomen,6,TRUE,35577,1063,1063,1039,21,126,6,125,susquehanna70,NA,TRUE,paddler,reinerpr01,Priscilla Reinertsen,Reinertsen Priscilla,Contoocook,NH,USA,1,T,35577,NA,NA
237803,2017,CLINTON70,Downriver,Canoe,Y9,oc2cruiserwomen,6,TRUE,35577,1063,1063,1039,21,126,6,125,susquehanna70,NA,TRUE,paddler,perrinja01,Jan Perrin,Perrin Jan,Janesville,WI,USA,1,T,35577,NA,NA
532340,2025,CLINTON70,Downriver,Canoe,E4,oc2stock,7,TRUE,35578,1064,1064,1040,73,108,7,103,susquehanna70,NA,TRUE,paddler,buchhoge01,George Buchholz,Buchholz George,Ithaca,NY,USA,NA,NA,NA,Last but not least,NA
532340,2025,CLINTON70,Downriver,Canoe,E4,oc2stock,7,TRUE,35578,1064,1064,1040,73,108,7,103,susquehanna70,NA,TRUE,paddler,NA,Brian Loskamp,Loskamp Brian,San Mateo,CA,USA,NA,NA,NA,Last but not least,NA
436060,2023,CLINTON70,Downriver,Canoe,T9,oc2cruiser,7,TRUE,35608,1065,1065,1041,82,69,7,68,susquehanna70,NA,TRUE,paddler,NA,Gaétan Daviault,Daviault Gaétan,Trois-Rivières,QC,CAN,NA,NA,NA,Les Daviault,NA
436060,2023,CLINTON70,Downriver,Canoe,T9,oc2cruiser,7,TRUE,35608,1065,1065,1041,82,69,7,68,susquehanna70,NA,TRUE,paddler,daviauya01,Yannick Daviault,Daviault Yannick,Trois-Rivieres,QC,CAN,NA,NA,NA,Les Daviault,NA
370124,2022,CLINTON70,Downriver,Canoe,E14,oc2stock,3,TRUE,35623,1066,1066,1042,74,84,3,83,susquehanna70,NA,TRUE,paddler,risingma01,Mark Risinger,Risinger Mark,Saco,ME,USA,NA,NA,NA,Lookfar,NA
370124,2022,CLINTON70,Downriver,Canoe,E14,oc2stock,3,TRUE,35623,1066,1066,1042,74,84,3,83,susquehanna70,NA,TRUE,paddler,reddinde01,Dean Redding,Redding Dean,Bangor ,ME,USA,NA,NA,NA,Lookfar,NA
256302,2019,CLINTON70,Downriver,Canoe,E4,oc2stock,17,TRUE,35627,1067,1067,1043,75,135,17,128,susquehanna70,NA,TRUE,paddler,goocheji01,Jim Goochee,Goochee Jim,Port Allegany,PA,USA,1,T,35627,NA,NA
256302,2019,CLINTON70,Downriver,Canoe,E4,oc2stock,17,TRUE,35627,1067,1067,1043,75,135,17,128,susquehanna70,NA,TRUE,paddler,snookro01,Robert Snook,Snook Robert,Montoursville,PA,USA,1,T,35627,NA,NA
217344,2015,CLINTON70,Downriver,Canoe,L7,oc1master,5,TRUE,35643,1068,1068,1044,46,92,5,90,susquehanna70,NA,TRUE,paddler,stenslmi01,Mike Stensland,Stensland Mike,South New Berlin,NY,USA,1,T,35643,NA,NA
490020,2024,CLINTON70,Downriver,Canoe,F6,oc2stockmix,2,TRUE,35646,1069,1069,1045,23,78,2,78,susquehanna70,NA,TRUE,paddler,reedbr01,Brooks Reed,Reed Brooks,Unadilla,NY,USA,NA,NA,NA,Team Reediculousness,NA
490020,2024,CLINTON70,Downriver,Canoe,F6,oc2stockmix,2,TRUE,35646,1069,1069,1045,23,78,2,78,susquehanna70,NA,TRUE,paddler,NA,Taylor Reed,Reed Taylor,Unadilla ,NY,USA,NA,NA,NA,Team Reediculousness,NA
237822,2017,CLINTON70,Downriver,Canoe,X26,oc2cruisermix,18,TRUE,35672,1070,1070,1046,104,127,18,126,susquehanna70,NA,TRUE,paddler,NA,Jimmy Dangl,Dangl Jimmy,Cooperstown,NY,USA,1,T,35672,NA,NA
237822,2017,CLINTON70,Downriver,Canoe,X26,oc2cruisermix,18,TRUE,35672,1070,1070,1046,104,127,18,126,susquehanna70,NA,TRUE,paddler,NA,Susan Clark,Clark Susan,Cooperstown,NY,USA,1,T,35672,NA,NA
370182,2022,CLINTON70,Downriver,Canoe,V1,oc2cruisermaster,9,TRUE,35686,1071,1071,1047,57,85,9,84,susquehanna70,NA,TRUE,paddler,sennetda01,David Sennett,Sennett David,Auburn,NY,USA,NA,NA,NA,NA,NA
370182,2022,CLINTON70,Downriver,Canoe,V1,oc2cruisermaster,9,TRUE,35686,1071,1071,1047,57,85,9,84,susquehanna70,NA,TRUE,paddler,henninti01,Tim Henning,Henning Tim,Marion,NY,USA,NA,NA,NA,NA,NA
490069,2024,CLINTON70,Downriver,Canoe,X3,oc2cruisermix,7,TRUE,35690,1072,1072,1048,105,79,7,79,susquehanna70,NA,TRUE,paddler,NA,Janique Robillard,Robillard Janique,Waitsfield,VT,USA,NA,NA,NA,Chez Robillard,NA
490069,2024,CLINTON70,Downriver,Canoe,X3,oc2cruisermix,7,TRUE,35690,1072,1072,1048,105,79,7,79,susquehanna70,NA,TRUE,paddler,robilllu01,Luc Robillard,Robillard Luc,Waitsfield,VT,USA,NA,NA,NA,Chez Robillard,NA
370165,2022,CLINTON70,Downriver,Canoe,T6,oc2cruiser,5,TRUE,35693,1073,1073,1049,83,86,5,85,susquehanna70,NA,TRUE,paddler,daviauga01,Gaetan Daviault,Daviault Gaetan,Trois-Rivieres,QC,CAN,NA,NA,NA,Les Daviault,NA
370165,2022,CLINTON70,Downriver,Canoe,T6,oc2cruiser,5,TRUE,35693,1073,1073,1049,83,86,5,85,susquehanna70,NA,TRUE,paddler,daviauya01,Yannick Daviault,Daviault Yannick,Trois-Rivieres,QC,CAN,NA,NA,NA,Les Daviault,NA
490055,2024,CLINTON70,Downriver,Canoe,U4,oc2cruisersenior,4,TRUE,35727,1074,1074,1050,35,80,4,80,susquehanna70,NA,TRUE,paddler,dugasda01,David Dugas,Dugas David,Orange,MA,USA,NA,NA,NA,NA,NA
490055,2024,CLINTON70,Downriver,Canoe,U4,oc2cruisersenior,4,TRUE,35727,1074,1074,1050,35,80,4,80,susquehanna70,NA,TRUE,paddler,casalejo01,John Casale,Casale John,Southampton ,MA,USA,NA,NA,NA,NA,NA
370230,2022,CLINTON70,Downriver,Canoe,P8,oc2pro,48,TRUE,35728,1075,1075,1051,422,87,48,86,susquehanna70,NA,TRUE,paddler,NA,Nickie Owens,Owens Nickie,Frederic,MI,USA,NA,NA,NA,Nikki Sixx,NA
370230,2022,CLINTON70,Downriver,Canoe,P8,oc2pro,48,TRUE,35728,1075,1075,1051,422,87,48,86,susquehanna70,NA,TRUE,paddler,martinbr01,Bryce Martin,Martin Bryce,Kawkawlin,MI,USA,NA,NA,NA,Nikki Sixx,NA
436109,2023,CLINTON70,Downriver,Canoe,P5,oc2pro,44,TRUE,35735,1076,1076,1052,423,70,44,69,susquehanna70,NA,TRUE,paddler,phamth01,Thina Pham,Pham Thina,Saint Georges,QC,CAN,NA,NA,NA,Caro & Thina,NA
436109,2023,CLINTON70,Downriver,Canoe,P5,oc2pro,44,TRUE,35735,1076,1076,1052,423,70,44,69,susquehanna70,NA,TRUE,paddler,NA,Caroline Fortin,Fortin Caroline,Saint-Georges,QC,CAN,NA,NA,NA,Caro & Thina,NA
237731,2017,CLINTON70,Downriver,Canoe,C9,oc2rec,1,TRUE,35738,1077,1077,1053,6,128,1,127,susquehanna70,NA,TRUE,paddler,lafevedo01,Don LaFever,LaFever Don,Norwich,NY,USA,1,T,35738,NA,NA
237731,2017,CLINTON70,Downriver,Canoe,C9,oc2rec,1,TRUE,35738,1077,1077,1053,6,128,1,127,susquehanna70,NA,TRUE,paddler,hallri01,Rich Hall,Hall Rich,Gilbertsville,NY,USA,1,T,35738,NA,NA
227148,2016,CLINTON70,Downriver,Canoe,B8,oc4stock,9,TRUE,35747,1078,1078,1054,54,116,9,113,susquehanna70,NA,TRUE,paddler,crouchho01,Holly Crouch,Crouch Holly,Sherburne,NY,USA,1,T,35747,NA,NA
227148,2016,CLINTON70,Downriver,Canoe,B8,oc4stock,9,TRUE,35747,1078,1078,1054,54,116,9,113,susquehanna70,NA,TRUE,paddler,vermiljo01,Jon Vermilyea,Vermilyea Jon,Syracuse,NY,USA,1,T,35747,NA,NA
227148,2016,CLINTON70,Downriver,Canoe,B8,oc4stock,9,TRUE,35747,1078,1078,1054,54,116,9,113,susquehanna70,NA,TRUE,paddler,trumpmi01,Mike Trump,Trump Mike,York,PA,USA,1,T,35747,NA,NA
227148,2016,CLINTON70,Downriver,Canoe,B8,oc4stock,9,TRUE,35747,1078,1078,1054,54,116,9,113,susquehanna70,NA,TRUE,paddler,repakpa01,Paul Repak,Repak Paul,Boonsville,NY,USA,1,T,35747,NA,NA
227184,2016,CLINTON70,Downriver,Unknown,G22,open,2,TRUE,35763,1079,1079,10,10,117,2,2,susquehanna70,NA,TRUE,paddler,keanmi01,Michael Kean,Kean Michael,Rome,NY,USA,1,T,35763,NA,NA
227184,2016,CLINTON70,Downriver,Unknown,G22,open,2,TRUE,35763,1079,1079,10,10,117,2,2,susquehanna70,NA,TRUE,paddler,NA,Michael Pocchairi,Pocchairi Michael,Ava,NY,USA,1,T,35763,NA,NA
256303,2019,CLINTON70,Downriver,Canoe,E17,oc2stock,18,TRUE,35765,1080,1080,1055,76,136,18,129,susquehanna70,NA,TRUE,paddler,mokansma01,Matthew Mokanski,Mokanski Matthew,Oshawa,ON,CAN,1,T,35765,NA,NA
256303,2019,CLINTON70,Downriver,Canoe,E17,oc2stock,18,TRUE,35765,1080,1080,1055,76,136,18,129,susquehanna70,NA,TRUE,paddler,fande01,Desmond Fan,Fan Desmond,Holland Landing,ON,CAN,1,T,35765,NA,NA
227167,2016,CLINTON70,Downriver,Canoe,E12,oc2stock,7,TRUE,35769,1081,1081,1056,77,118,7,114,susquehanna70,NA,TRUE,paddler,joyge01,Gerard Joy,Joy Gerard,Morris,NY,USA,1,T,35769,NA,NA
227167,2016,CLINTON70,Downriver,Canoe,E12,oc2stock,7,TRUE,35769,1081,1081,1056,77,118,7,114,susquehanna70,NA,TRUE,paddler,sullivmi01,Mike Sullivan,Sullivan Mike,Bainbridge,NY,USA,1,T,35769,NA,NA
227168,2016,CLINTON70,Downriver,Canoe,E14,oc2stock,8,TRUE,35778,1082,1082,1057,78,119,8,115,susquehanna70,NA,TRUE,paddler,gergke01,Ken Gerg,Gerg Ken,Emporium,PA,USA,1,T,35778,NA,NA
227168,2016,CLINTON70,Downriver,Canoe,E14,oc2stock,8,TRUE,35778,1082,1082,1057,78,119,8,115,susquehanna70,NA,TRUE,paddler,youngla01,Laverne Young,Young Laverne,Niceville,FL,USA,1,T,35778,NA,NA
490008,2024,CLINTON70,Downriver,Canoe,E8,oc2stock,3,TRUE,35786,1083,1083,1058,79,81,3,81,susquehanna70,NA,TRUE,paddler,lullna01,Nate Lull,Lull Nate,Gilbertsville,NY,USA,NA,NA,NA,Team WCDO,NA
490008,2024,CLINTON70,Downriver,Canoe,E8,oc2stock,3,TRUE,35786,1083,1083,1058,79,81,3,81,susquehanna70,NA,TRUE,paddler,sherwobr01,Brett Sherwood,Sherwood Brett,Morris,NY,USA,NA,NA,NA,Team WCDO,NA
532397,2025,CLINTON70,Downriver,Canoe,X1,oc2cruisermix,8,TRUE,35787,1084,1084,1059,106,109,8,104,susquehanna70,NA,TRUE,paddler,robilllu01,Luc Robillard,Robillard Luc,Waitsfield,VT,USA,NA,NA,NA,Chez Robillard,NA
532397,2025,CLINTON70,Downriver,Canoe,X1,oc2cruisermix,8,TRUE,35787,1084,1084,1059,106,109,8,104,susquehanna70,NA,TRUE,paddler,NA,Janique Robillard,Robillard Janique,Waitsfield,VT,USA,NA,NA,NA,Chez Robillard,NA
370100,2022,CLINTON70,Downriver,Canoe,B8,oc4stock,3,TRUE,35802,1085,1085,1060,55,88,3,87,susquehanna70,NA,TRUE,paddler,codingbr01,Bruce Codington,Codington Bruce,Sidney,NY,USA,NA,NA,NA,NA,NA
370100,2022,CLINTON70,Downriver,Canoe,B8,oc4stock,3,TRUE,35802,1085,1085,1060,55,88,3,87,susquehanna70,NA,TRUE,paddler,marcyru01,Russell Marcy,Marcy Russell,Cooperstown,NY,USA,NA,NA,NA,NA,NA
370100,2022,CLINTON70,Downriver,Canoe,B8,oc4stock,3,TRUE,35802,1085,1085,1060,55,88,3,87,susquehanna70,NA,TRUE,paddler,primmemi01,Michael Primmer,Primmer Michael,Oneonta,NY,USA,NA,NA,NA,NA,NA
370100,2022,CLINTON70,Downriver,Canoe,B8,oc4stock,3,TRUE,35802,1085,1085,1060,55,88,3,87,susquehanna70,NA,TRUE,paddler,maddalan01,Andrew Maddalone,Maddalone Andrew,Bainbridge,NY,USA,NA,NA,NA,NA,NA
247537,2018,CLINTON70,Downriver,Canoe,E19,oc2stock,14,TRUE,35814,1086,1086,1061,80,129,14,128,susquehanna70,NA,TRUE,paddler,NA,Michael Hamilton Sr.,Hamilton Sr. Michael,Yaphank,NY,USA,1,T,35814,NA,NA
247537,2018,CLINTON70,Downriver,Canoe,E19,oc2stock,14,TRUE,35814,1086,1086,1061,80,129,14,128,susquehanna70,NA,TRUE,paddler,NA,Michael Hamilton Jr.,Hamilton Jr. Michael,Oneonta,NY,USA,1,T,35814,NA,NA
227169,2016,CLINTON70,Downriver,Canoe,E6,oc2stock,9,TRUE,35823,1087,1087,1062,81,120,9,116,susquehanna70,NA,TRUE,paddler,stittbr01,Brian Stitt,Stitt Brian,Ballston Lake,NY,USA,1,T,35823,NA,NA
227169,2016,CLINTON70,Downriver,Canoe,E6,oc2stock,9,TRUE,35823,1087,1087,1062,81,120,9,116,susquehanna70,NA,TRUE,paddler,stittda01,Dave Stitt,Stitt Dave,Ballston Spa,NY,USA,1,T,35823,NA,NA
435988,2023,CLINTON70,Downriver,Canoe,E12,oc2stock,2,TRUE,35846,1088,1088,1063,82,71,2,70,susquehanna70,NA,TRUE,paddler,anderswi01,William Anderson,Anderson William,Thorndike,ME,USA,NA,NA,NA,Gause-Anderson,NA
435988,2023,CLINTON70,Downriver,Canoe,E12,oc2stock,2,TRUE,35846,1088,1088,1063,82,71,2,70,susquehanna70,NA,TRUE,paddler,gauseri01,Rick Gause,Gause Rick,North Yarmouth,ME,USA,NA,NA,NA,Gause-Anderson,NA
256258,2019,CLINTON70,Downriver,Unknown,G15,opentour,6,TRUE,35850,1089,1089,11,13,137,6,6,susquehanna70,NA,TRUE,paddler,NA,Jason Jordan,Jordan Jason,Franklin,NY,USA,1,T,35850,NA,NA
256258,2019,CLINTON70,Downriver,Unknown,G15,opentour,6,TRUE,35850,1089,1089,11,13,137,6,6,susquehanna70,NA,TRUE,paddler,NA,Malorie Jordan,Jordan Malorie,franklin,NY,USA,1,T,35850,NA,NA
227207,2016,CLINTON70,Downriver,Canoe,J4,oc1,2,TRUE,35852,1090,1090,1064,21,121,2,117,susquehanna70,NA,TRUE,paddler,breierky01,Kyle Breier,Breier Kyle,Oneonta,NY,USA,1,T,35852,NA,NA
436042,2023,CLINTON70,Downriver,Canoe,Y2,oc2cruiserwomen,1,TRUE,35857,1091,1091,1065,22,72,1,71,susquehanna70,NA,TRUE,paddler,fitzgepa01,Pam Fitzgerald,Fitzgerald Pam,Scotia,NY,USA,NA,NA,NA,Fitz and fitz,NA
436042,2023,CLINTON70,Downriver,Canoe,Y2,oc2cruiserwomen,1,TRUE,35857,1091,1091,1065,22,72,1,71,susquehanna70,NA,TRUE,paddler,fitzgebr01,Briana Fitzgerald,Fitzgerald Briana,Scotia,NY,USA,NA,NA,NA,Fitz and fitz,NA
435989,2023,CLINTON70,Downriver,Canoe,E5,oc2stock,3,TRUE,35871,1092,1092,1066,83,73,3,72,susquehanna70,NA,TRUE,paddler,koptama01,Mark Kopta,Kopta Mark,Clymer,NY,USA,NA,NA,NA,once bitten twice shy,NA
435989,2023,CLINTON70,Downriver,Canoe,E5,oc2stock,3,TRUE,35871,1092,1092,1066,83,73,3,72,susquehanna70,NA,TRUE,paddler,martinst01,Steve Martin,Martin Steve,Ridgway,PA,USA,NA,NA,NA,once bitten twice shy,NA
217345,2015,CLINTON70,Downriver,Canoe,L5,oc1master,6,TRUE,35890,1093,1093,1067,47,93,6,91,susquehanna70,NA,TRUE,paddler,anusiest01,Stan Anusiewicz,Anusiewicz Stan,Brights Grove,ON,CAN,1,T,35890,NA,NA
436004,2023,CLINTON70,Downriver,Canoe,B6,oc4stock,1,TRUE,35891,1094,1094,1068,56,74,1,73,susquehanna70,NA,TRUE,paddler,robertri01,River Robertson,Robertson River,North Berwick,ME,USA,NA,NA,NA,Wicked,NA
436004,2023,CLINTON70,Downriver,Canoe,B6,oc4stock,1,TRUE,35891,1094,1094,1068,56,74,1,73,susquehanna70,NA,TRUE,paddler,robertra01,Ralph Robertson,Robertson Ralph,Bucksport,ME,USA,NA,NA,NA,Wicked,NA
436004,2023,CLINTON70,Downriver,Canoe,B6,oc4stock,1,TRUE,35891,1094,1094,1068,56,74,1,73,susquehanna70,NA,TRUE,paddler,NA,Ronald Harvey,Harvey Ronald,Bangor ,ME,USA,NA,NA,NA,Wicked,NA
436004,2023,CLINTON70,Downriver,Canoe,B6,oc4stock,1,TRUE,35891,1094,1094,1068,56,74,1,73,susquehanna70,NA,TRUE,paddler,NA,Josh Harvey,Harvey Josh,Garland,ME,USA,NA,NA,NA,Wicked,NA
256330,2019,CLINTON70,Downriver,Canoe,J6,oc1,5,TRUE,35895,1095,1095,1069,22,138,5,130,susquehanna70,NA,TRUE,paddler,robertri01,River Robertson,Robertson River,Eliot,ME,USA,1,T,35895,NA,NA
227256,2016,CLINTON70,Downriver,Canoe,T10,oc2cruiser,12,TRUE,35910,1096,1096,1070,84,122,12,118,susquehanna70,NA,TRUE,paddler,danforbr01,Brian Danforth,Danforth Brian,Unadilla,NY,USA,1,T,35910,NA,NA
227256,2016,CLINTON70,Downriver,Canoe,T10,oc2cruiser,12,TRUE,35910,1096,1096,1070,84,122,12,118,susquehanna70,NA,TRUE,paddler,buelky01,Kyle Buel,Buel Kyle,Franklin,NY,USA,1,T,35910,NA,NA
217311,2015,CLINTON70,Downriver,Canoe,G3,open,1,TRUE,35914,1097,1097,1071,11,94,1,92,susquehanna70,NA,TRUE,paddler,robinsmi02,Miranda Robinson,Robinson Miranda,Highland Falls,NY,USA,1,T,35914,NA,NA
217311,2015,CLINTON70,Downriver,Canoe,G3,open,1,TRUE,35914,1097,1097,1071,11,94,1,92,susquehanna70,NA,TRUE,paddler,robinsro01,Rodney Robinson,Robinson Rodney,Otego,NY,USA,1,T,35914,NA,NA
217346,2015,CLINTON70,Downriver,Canoe,L10,oc1master,7,TRUE,35943,1098,1098,1072,48,95,7,93,susquehanna70,NA,TRUE,paddler,anderswi01,William Anderson,Anderson William,Morrill,ME,USA,1,T,35943,NA,NA
217264,2015,CLINTON70,Downriver,Canoe,A5,oc2stockalum,1,TRUE,35951,1099,1099,1073,8,96,1,94,susquehanna70,NA,TRUE,paddler,walleybi01,Bill Walley,Walley Bill,Walton,NY,USA,1,T,35951,NA,NA
217264,2015,CLINTON70,Downriver,Canoe,A5,oc2stockalum,1,TRUE,35951,1099,1099,1073,8,96,1,94,susquehanna70,NA,TRUE,paddler,walleybr01,Brian Walley,Walley Brian,Walton,NY,USA,1,T,35951,NA,NA
370142,2022,CLINTON70,Downriver,Canoe,S4,oc1pro,5,TRUE,35955,1100,1100,1074,65,89,5,88,susquehanna70,NA,TRUE,paddler,packarmi01,Mike Packard,Packard Mike,Oneonta,NY,USA,NA,NA,NA,NA,NA
490125,2024,CLINTON70,Downriver,Canoe,P25,oc2pro,47,TRUE,35957,1101,1101,1075,424,82,47,82,susquehanna70,NA,TRUE,paddler,NA,Claude Boucher,Boucher Claude,St-Georges,QC,CAN,NA,NA,NA,NA,NA
490125,2024,CLINTON70,Downriver,Canoe,P25,oc2pro,47,TRUE,35957,1101,1101,1075,424,82,47,82,susquehanna70,NA,TRUE,paddler,NA,Nicole Boutin,Boutin Nicole,Saint-Georges,QC,CAN,NA,NA,NA,NA,NA
370152,2022,CLINTON70,Downriver,Canoe,J2,oc1,2,TRUE,35960,1102,1102,1076,23,90,2,89,susquehanna70,NA,TRUE,paddler,martinca01,Carlos Martinez,Martinez Carlos,Montreal,QC,CAN,NA,NA,NA,Charle's in charge,NA
237789,2017,CLINTON70,Downriver,Canoe,J8,oc1,4,TRUE,35963,1103,1103,1077,24,129,4,128,susquehanna70,NA,TRUE,paddler,breierky01,Kyle Breier,Breier Kyle,Oneonta,NY,USA,1,T,35963,NA,NA
490030,2024,CLINTON70,Downriver,Canoe,B3,oc4stock,2,TRUE,35978,1104,1104,1078,57,83,2,83,susquehanna70,NA,TRUE,paddler,vermiljo01,Jon Vermilyea,Vermilyea Jon,Baldwinsville ,NY,USA,NA,NA,NA,NA,NA
490030,2024,CLINTON70,Downriver,Canoe,B3,oc4stock,2,TRUE,35978,1104,1104,1078,57,83,2,83,susquehanna70,NA,TRUE,paddler,berlke01,Kevin Berl,Berl Kevin,Macedon,NY,USA,NA,NA,NA,NA,NA
490030,2024,CLINTON70,Downriver,Canoe,B3,oc4stock,2,TRUE,35978,1104,1104,1078,57,83,2,83,susquehanna70,NA,TRUE,paddler,henryro01,Roger Henry,Henry Roger,Rexford,NY,USA,NA,NA,NA,NA,NA
490030,2024,CLINTON70,Downriver,Canoe,B3,oc4stock,2,TRUE,35978,1104,1104,1078,57,83,2,83,susquehanna70,NA,TRUE,paddler,henninti01,Tim Henning,Henning Tim,Marion,NY,USA,NA,NA,NA,NA,NA
490009,2024,CLINTON70,Downriver,Canoe,E13,oc2stock,4,TRUE,35979,1105,1105,1079,84,84,4,84,susquehanna70,NA,TRUE,paddler,bagleyje01,Jeff Bagley,Bagley Jeff,Sidney,NY,USA,NA,NA,NA,B Squared,NA
490009,2024,CLINTON70,Downriver,Canoe,E13,oc2stock,4,TRUE,35979,1105,1105,1079,84,84,4,84,susquehanna70,NA,TRUE,paddler,beckwida01,Dale Beckwith,Beckwith Dale,Sidney,NY,USA,NA,NA,NA,B Squared,NA
256304,2019,CLINTON70,Downriver,Canoe,E21,oc2stock,19,TRUE,35979,1106,1106,1080,85,139,19,131,susquehanna70,NA,TRUE,paddler,NA,Carlton Seybolt,Seybolt Carlton,Perkasie,PA,USA,1,T,35979,NA,NA
256304,2019,CLINTON70,Downriver,Canoe,E21,oc2stock,19,TRUE,35979,1106,1106,1080,85,139,19,131,susquehanna70,NA,TRUE,paddler,NA,Ruslan Pietra,Pietra Ruslan,Perkasie,PA,USA,1,T,35979,NA,NA
247549,2018,CLINTON70,Downriver,Canoe,A6,oc2stockalum,2,TRUE,35988,1107,1107,1081,9,130,2,129,susquehanna70,NA,TRUE,paddler,robertri01,River Robertson,Robertson River,Old Town,ME,USA,1,T,35988,NA,NA
247549,2018,CLINTON70,Downriver,Canoe,A6,oc2stockalum,2,TRUE,35988,1107,1107,1081,9,130,2,129,susquehanna70,NA,TRUE,paddler,wardweju01,Justin Wardwell,Wardwell Justin,Hampden,ME,USA,1,T,35988,NA,NA
217334,2015,CLINTON70,Downriver,Kayak,KL1,k1unlimited,3,TRUE,35992,1108,1108,16,16,97,3,3,susquehanna70,NA,TRUE,paddler,burnetbi01,Bill Burnett,Burnett Bill,Dubois,PA,USA,1,T,35992,NA,NA
532363,2025,CLINTON70,Downriver,Canoe,L8,oc1master,4,TRUE,36010,1109,1109,1082,49,110,4,105,susquehanna70,NA,TRUE,paddler,defeoje01,Jeff Defeo,Defeo Jeff,Montgomery,MA,USA,NA,NA,NA,NA,NA
532371,2025,CLINTON70,Downriver,Canoe,R6,oc1stock,2,TRUE,36012,1110,1110,1083,7,111,2,106,susquehanna70,NA,TRUE,paddler,gianfaan01,Tony Gianfagna,Gianfagna Tony,Evans Mills,NY,USA,NA,NA,NA,Tony G,NA
370118,2022,CLINTON70,Downriver,Canoe,C5,oc2rec,1,TRUE,36041,1111,1111,1084,7,91,1,90,susquehanna70,NA,TRUE,paddler,lullna01,Nate Lull,Lull Nate,Gilbertsville,NY,USA,NA,NA,NA,Nate and Brett,NA
370118,2022,CLINTON70,Downriver,Canoe,C5,oc2rec,1,TRUE,36041,1111,1111,1084,7,91,1,90,susquehanna70,NA,TRUE,paddler,sherwobr01,Brett Sherwood,Sherwood Brett,Morris,NY,USA,NA,NA,NA,Nate and Brett,NA
208174,2014,CLINTON70,Downriver,Canoe,G19,open,8,TRUE,36044,1112,1112,1085,12,135,8,132,susquehanna70,NA,TRUE,paddler,NA,Emily Bachman,Bachman Emily,Bainbridge,NY,USA,1,T,36044,NA,NA
208174,2014,CLINTON70,Downriver,Canoe,G19,open,8,TRUE,36044,1112,1112,1085,12,135,8,132,susquehanna70,NA,TRUE,paddler,bachmami01,Mike Bachman,Bachman Mike,Bainbridge,NY,USA,1,T,36044,NA,NA
227179,2016,CLINTON70,Downriver,Canoe,F5,oc2stockmix,2,TRUE,36051,1113,1113,1086,24,123,2,119,susquehanna70,NA,TRUE,paddler,soccian01,Annie Socci,Socci Annie,Venango,PA,USA,1,T,36051,NA,NA
227179,2016,CLINTON70,Downriver,Canoe,F5,oc2stockmix,2,TRUE,36051,1113,1113,1086,24,123,2,119,susquehanna70,NA,TRUE,paddler,NA,Patrick Maloney,Maloney Patrick,Venango,PA,USA,1,T,36051,NA,NA
532369,2025,CLINTON70,Downriver,Canoe,J5,oc1,3,TRUE,36062,1114,1114,1087,25,112,3,107,susquehanna70,NA,TRUE,paddler,breierky01,Kyle Breier,Breier Kyle,Oneonta,NY,USA,NA,NA,NA,NA,NA
436061,2023,CLINTON70,Downriver,Canoe,T1,oc2cruiser,8,TRUE,36082,1115,1115,1088,85,75,8,74,susquehanna70,NA,TRUE,paddler,kenyonte01,Ted Kenyon,Kenyon Ted,Montville,CT,USA,NA,NA,NA,NA,NA
436061,2023,CLINTON70,Downriver,Canoe,T1,oc2cruiser,8,TRUE,36082,1115,1115,1088,85,75,8,74,susquehanna70,NA,TRUE,paddler,kenyonth01,Theo Kenyon,Kenyon Theo,Montville,CT,USA,NA,NA,NA,NA,NA
237823,2017,CLINTON70,Downriver,Canoe,X9,oc2cruisermix,19,TRUE,36100,1116,1116,1089,107,130,19,129,susquehanna70,NA,TRUE,paddler,rubinha01,Hannah Rubin,Rubin Hannah,NA,NA,NA,1,T,36100,NA,NA
237823,2017,CLINTON70,Downriver,Canoe,X9,oc2cruisermix,19,TRUE,36100,1116,1116,1089,107,130,19,129,susquehanna70,NA,TRUE,paddler,gallaner01,Eric Gallandt,Gallandt Eric,Orono,ME,USA,1,T,36100,NA,NA
256390,2019,CLINTON70,Downriver,Canoe,V3,oc2cruisermaster,4,TRUE,36102,1117,1117,1090,58,140,4,132,susquehanna70,NA,TRUE,paddler,johnstbr01,Brian Johnston,Johnston Brian,Hopkinton,MA,USA,1,T,36102,NA,NA
256390,2019,CLINTON70,Downriver,Canoe,V3,oc2cruisermaster,4,TRUE,36102,1117,1117,1090,58,140,4,132,susquehanna70,NA,TRUE,paddler,NA,Scott Hunter,Hunter Scott,Hopkinton,MA,USA,1,T,36102,NA,NA
247614,2018,CLINTON70,Downriver,Canoe,T12,oc2cruiser,11,TRUE,36107,1118,1118,1091,86,131,11,130,susquehanna70,NA,TRUE,paddler,NA,Brent Baysinger,Baysinger Brent,Cooperstown,NY,USA,1,T,36107,NA,NA
247614,2018,CLINTON70,Downriver,Canoe,T12,oc2cruiser,11,TRUE,36107,1118,1118,1091,86,131,11,130,susquehanna70,NA,TRUE,paddler,NA,Sean Murray,Murray Sean,Milford,NY,USA,1,T,36107,NA,NA
247561,2018,CLINTON70,Downriver,Canoe,G17,opentour,5,TRUE,36116,1119,1119,1092,14,132,5,131,susquehanna70,NA,TRUE,paddler,goocheji01,Jim Goochee,Goochee Jim,Port Allegany,PA,USA,1,T,36116,NA,NA
256259,2019,CLINTON70,Downriver,Unknown,G6,opentour,7,TRUE,36129,1120,1120,12,15,141,7,7,susquehanna70,NA,TRUE,paddler,NA,Henry Race,Race Henry,Morrisville,VT,USA,1,T,36129,NA,NA
256259,2019,CLINTON70,Downriver,Unknown,G6,opentour,7,TRUE,36129,1120,1120,12,15,141,7,7,susquehanna70,NA,TRUE,paddler,NA,soloman race,race soloman,Morrisville,VT,USA,1,T,36129,NA,NA
247635,2018,CLINTON70,Downriver,Canoe,V4,oc2cruisermaster,10,TRUE,36143,1121,1121,1093,59,133,10,132,susquehanna70,NA,TRUE,paddler,nicoloja01,James Nicoloff,Nicoloff James,Hornell,NY,USA,1,T,36143,NA,NA
247635,2018,CLINTON70,Downriver,Canoe,V4,oc2cruisermaster,10,TRUE,36143,1121,1121,1093,59,133,10,132,susquehanna70,NA,TRUE,paddler,buchhobl01,Blair Buchholz,Buchholz Blair,Wellsville,NY,USA,1,T,36143,NA,NA
237758,2017,CLINTON70,Downriver,Canoe,F2,oc2stockmix,5,TRUE,36144,1122,1122,1094,25,131,5,130,susquehanna70,NA,TRUE,paddler,murphysh01,Shauna Murphy,Murphy Shauna,Franklin,NY,USA,1,T,36144,NA,NA
237758,2017,CLINTON70,Downriver,Canoe,F2,oc2stockmix,5,TRUE,36144,1122,1122,1094,25,131,5,130,susquehanna70,NA,TRUE,paddler,NA,Christopher Murphy,Murphy Christopher,Franklin,NY,USA,1,T,36144,NA,NA
208221,2014,CLINTON70,Downriver,Canoe,L12,oc1master,13,TRUE,36145,1123,1123,1095,50,136,13,133,susquehanna70,NA,TRUE,paddler,crouchca01,Calvin Crouch Jr.,Crouch Jr. Calvin,Hubbardsville,NY,USA,1,T,36145,NA,NA
227151,2016,CLINTON70,Downriver,Canoe,C6,oc2rec,1,TRUE,36154,1124,1124,1096,8,124,1,120,susquehanna70,NA,TRUE,paddler,sherwobr01,Brett Sherwood,Sherwood Brett,Morris,NY,USA,1,T,36154,NA,NA
227151,2016,CLINTON70,Downriver,Canoe,C6,oc2rec,1,TRUE,36154,1124,1124,1096,8,124,1,120,susquehanna70,NA,TRUE,paddler,lullna01,Nate Lull,Lull Nate,Gilbertsville,NY,USA,1,T,36154,NA,NA
208175,2014,CLINTON70,Downriver,Canoe,G9,open,9,TRUE,36158,1125,1125,1097,13,137,9,134,susquehanna70,NA,TRUE,paddler,mccauldi01,Dick McCauley,McCauley Dick,Mt Upton,NY,USA,1,T,36158,NA,NA
208175,2014,CLINTON70,Downriver,Canoe,G9,open,9,TRUE,36158,1125,1125,1097,13,137,9,134,susquehanna70,NA,TRUE,paddler,NA,John Edwards,Edwards John,Bainbridge,NY,USA,1,T,36158,NA,NA
256305,2019,CLINTON70,Downriver,Canoe,E13,oc2stock,20,TRUE,36168,1126,1126,1098,86,142,20,133,susquehanna70,NA,TRUE,paddler,perryji01,Jim Perry,Perry Jim,Lanexa,VA,USA,1,T,36168,NA,NA
256305,2019,CLINTON70,Downriver,Canoe,E13,oc2stock,20,TRUE,36168,1126,1126,1098,86,142,20,133,susquehanna70,NA,TRUE,paddler,jonesti01,Tim Jones,Jones Tim,Smithfield,VA,USA,1,T,36168,NA,NA
490049,2024,CLINTON70,Downriver,Canoe,J1,oc1,1,TRUE,36169,1127,1127,1099,26,85,1,85,susquehanna70,NA,TRUE,paddler,robertri01,River Robertson,Robertson River,North Berwick,ME,USA,NA,NA,NA,NA,NA
490044,2024,CLINTON70,Downriver,Canoe,L11,oc1master,3,TRUE,36175,1128,1128,1100,51,86,3,86,susquehanna70,NA,TRUE,paddler,NA,Art Walker-Jones,Walker-Jones Art,Winnipeg,MB,CAN,NA,NA,NA,NA,NA
256313,2019,CLINTON70,Downriver,Canoe,F9,oc2stockmix,7,TRUE,36181,1129,1129,1101,26,143,7,134,susquehanna70,NA,TRUE,paddler,paradial01,Alan Paradise,Paradise Alan,Pittsfield,NH,USA,1,T,36181,NA,NA
256313,2019,CLINTON70,Downriver,Canoe,F9,oc2stockmix,7,TRUE,36181,1129,1129,1101,26,143,7,134,susquehanna70,NA,TRUE,paddler,paradish01,Shelby Paradise,Paradise Shelby,Pittsfield,NH,USA,1,T,36181,NA,NA
217347,2015,CLINTON70,Downriver,Canoe,L9,oc1master,8,TRUE,36186,1130,1130,1102,52,98,8,95,susquehanna70,NA,TRUE,paddler,jordanji01,Jim Jordan,Jordan Jim,Otegp,NY,USA,1,T,36186,NA,NA
227180,2016,CLINTON70,Downriver,Canoe,F3,oc2stockmix,3,TRUE,36189,1131,1131,1103,27,125,3,121,susquehanna70,NA,TRUE,paddler,NA,Elizabeth Peterson,Peterson Elizabeth,Franklin,NY,USA,1,T,36189,NA,NA
227180,2016,CLINTON70,Downriver,Canoe,F3,oc2stockmix,3,TRUE,36189,1131,1131,1103,27,125,3,121,susquehanna70,NA,TRUE,paddler,petersjo01,John Peterson,Peterson John,Franklin,NY,USA,1,T,36189,NA,NA
227221,2016,CLINTON70,Downriver,Canoe,L5,oc1master,6,TRUE,36230,1132,1132,1104,53,126,6,122,susquehanna70,NA,TRUE,paddler,dipeleja01,Jim Dipelesi,Dipelesi Jim,Kings Park,NY,USA,1,T,36230,NA,NA
237732,2017,CLINTON70,Downriver,Canoe,C5,oc2rec,2,TRUE,36237,1133,1133,1105,9,132,2,131,susquehanna70,NA,TRUE,paddler,bachorst01,Steve Bachorik Jr.,Bachorik Jr. Steve,Hartwick,NY,USA,1,T,36237,NA,NA
237732,2017,CLINTON70,Downriver,Canoe,C5,oc2rec,2,TRUE,36237,1133,1133,1105,9,132,2,131,susquehanna70,NA,TRUE,paddler,obrienpa01,Pat O'Brien,O'Brien Pat,Hartwick,NY,USA,1,T,36237,NA,NA
217292,2015,CLINTON70,Downriver,Canoe,E20,oc2stock,5,TRUE,36263,1134,1134,1106,87,99,5,96,susquehanna70,NA,TRUE,paddler,birdsajo01,John Birdsall,Birdsall John,Gilbertsville,NY,USA,1,T,36263,NA,NA
217292,2015,CLINTON70,Downriver,Canoe,E20,oc2stock,5,TRUE,36263,1134,1134,1106,87,99,5,96,susquehanna70,NA,TRUE,paddler,herrmast01,Steve Herrmann,Herrmann Steve,West Oneonta,NY,USA,1,T,36263,NA,NA
247538,2018,CLINTON70,Downriver,Canoe,E8,oc2stock,15,TRUE,36272,1135,1135,1107,88,134,15,133,susquehanna70,NA,TRUE,paddler,sherwobr01,Brett Sherwood,Sherwood Brett,Morris,NY,USA,1,T,36272,NA,NA
247538,2018,CLINTON70,Downriver,Canoe,E8,oc2stock,15,TRUE,36272,1135,1135,1107,88,134,15,133,susquehanna70,NA,TRUE,paddler,NA,Brent Williams,Williams Brent,Laurens,NY,USA,1,T,36272,NA,NA
490010,2024,CLINTON70,Downriver,Canoe,E12,oc2stock,5,TRUE,36274,1136,1136,1108,89,87,5,87,susquehanna70,NA,TRUE,paddler,reynolsc01,Scott Reynolds,Reynolds Scott,Stirling,ON,CAN,NA,NA,NA,NA,NA
490010,2024,CLINTON70,Downriver,Canoe,E12,oc2stock,5,TRUE,36274,1136,1136,1108,89,87,5,87,susquehanna70,NA,TRUE,paddler,woolfrad01,Adam Woolfrey,Woolfrey Adam,Tweed,ON,CAN,NA,NA,NA,NA,NA
208166,2014,CLINTON70,Downriver,Canoe,F3,oc2stockmix,3,TRUE,36275,1137,1137,1109,28,138,3,135,susquehanna70,NA,TRUE,paddler,okonukje01,Jennifer Okonuk,Okonuk Jennifer,Owls Head,NY,USA,1,T,36275,NA,NA
208166,2014,CLINTON70,Downriver,Canoe,F3,oc2stockmix,3,TRUE,36275,1137,1137,1109,28,138,3,135,susquehanna70,NA,TRUE,paddler,NA,Liza Bobseine,Bobseine Liza,Elmont,NY,USA,1,T,36275,NA,NA
217396,2015,CLINTON70,Downriver,Canoe,S7,oc1pro,9,TRUE,36298,1138,1138,1110,66,100,9,97,susquehanna70,NA,TRUE,paddler,rossem01,Emma Ross,Ross Emma,Orange,MA,USA,1,T,36298,NA,NA
237739,2017,CLINTON70,Downriver,Canoe,D1,oc2recmix,1,TRUE,36307,1139,1139,1111,3,133,1,132,susquehanna70,NA,TRUE,paddler,gilesam01,Amber Giles,Giles Amber,Sidney,NY,USA,1,T,36307,NA,NA
237739,2017,CLINTON70,Downriver,Canoe,D1,oc2recmix,1,TRUE,36307,1139,1139,1111,3,133,1,132,susquehanna70,NA,TRUE,paddler,fisherdu01,Duke Fisher,Fisher Duke,Bainbridge,NY,USA,1,T,36307,NA,NA
237781,2017,CLINTON70,Downriver,Canoe,L12,oc1master,8,TRUE,36315,1140,1140,1112,54,134,8,133,susquehanna70,NA,TRUE,paddler,dipeleja01,Jim Dipelesi,Dipelesi Jim,Kings Park,NY,USA,1,T,36315,NA,NA
490031,2024,CLINTON70,Downriver,Canoe,B5,oc4stock,3,TRUE,36316,1141,1141,1113,58,88,3,88,susquehanna70,NA,TRUE,paddler,flackme01,Meghan Flack,Flack Meghan,Ithaca,NY,USA,NA,NA,NA,Getting Our Ducks in a Row (but one's a chicken),NA
490031,2024,CLINTON70,Downriver,Canoe,B5,oc4stock,3,TRUE,36316,1141,1141,1113,58,88,3,88,susquehanna70,NA,TRUE,paddler,NA,Claire Blaudeau,Blaudeau Claire,Needham,MA,USA,NA,NA,NA,Getting Our Ducks in a Row (but one's a chicken),NA
490031,2024,CLINTON70,Downriver,Canoe,B5,oc4stock,3,TRUE,36316,1141,1141,1113,58,88,3,88,susquehanna70,NA,TRUE,paddler,vanossjo01,Johannes Van Osselaer,Van Osselaer Johannes,Ithaca,NY,USA,NA,NA,NA,Getting Our Ducks in a Row (but one's a chicken),NA
490031,2024,CLINTON70,Downriver,Canoe,B5,oc4stock,3,TRUE,36316,1141,1141,1113,58,88,3,88,susquehanna70,NA,TRUE,paddler,NA,Roan Chadsey,Chadsey Roan,Needham,MA,USA,NA,NA,NA,Getting Our Ducks in a Row (but one's a chicken),NA
217283,2015,CLINTON70,Downriver,Canoe,C5,oc2rec,1,TRUE,36318,1142,1142,1114,10,101,1,98,susquehanna70,NA,TRUE,paddler,joyge01,Gerard Joy,Joy Gerard,Morris,NY,USA,1,T,36318,NA,NA
217283,2015,CLINTON70,Downriver,Canoe,C5,oc2rec,1,TRUE,36318,1142,1142,1114,10,101,1,98,susquehanna70,NA,TRUE,paddler,sullivmi01,Mike Sullivan,Sullivan Mike,Bainbridge,NY,USA,1,T,36318,NA,NA
256275,2019,CLINTON70,Downriver,Canoe,A6,oc2stockalum,3,TRUE,36319,1143,1143,1115,10,144,3,135,susquehanna70,NA,TRUE,paddler,loringch01,Chip Loring,Loring Chip,Old Town,ME,USA,1,T,36319,NA,NA
256275,2019,CLINTON70,Downriver,Canoe,A6,oc2stockalum,3,TRUE,36319,1143,1143,1115,10,144,3,135,susquehanna70,NA,TRUE,paddler,rubinha01,Hannah Rubin,Rubin Hannah,Bangor,ME,USA,1,T,36319,NA,NA
227185,2016,CLINTON70,Downriver,Unknown,G8,open,3,TRUE,36319,1144,1144,13,14,127,3,3,susquehanna70,NA,TRUE,paddler,NA,Brent Williams,Williams Brent,Laurens,NY,USA,1,T,36319,NA,NA
227185,2016,CLINTON70,Downriver,Unknown,G8,open,3,TRUE,36319,1144,1144,13,14,127,3,3,susquehanna70,NA,TRUE,paddler,sawyerja01,James Sawyer,Sawyer James,Starksboro,VT,USA,1,T,36319,NA,NA
227185,2016,CLINTON70,Downriver,Unknown,G8,open,3,TRUE,36319,1144,1144,13,14,127,3,3,susquehanna70,NA,TRUE,paddler,NA,Ryan Greenberg,Greenberg Ryan,Oneonta,NY,USA,1,T,36319,NA,NA
490051,2024,CLINTON70,Downriver,Kayak,KL3,k1unlimited,1,TRUE,36323,1145,1145,17,17,89,1,1,susquehanna70,NA,TRUE,paddler,zoubakan01,Andrei Zoubakine,Zoubakine Andrei,Richmond Hill,ON,CAN,NA,NA,NA,AZ,NA
237782,2017,CLINTON70,Downriver,Canoe,L13,oc1master,9,TRUE,36329,1146,1146,1116,55,135,9,134,susquehanna70,NA,TRUE,paddler,jordanji01,Jim Jordan,Jordan Jim,Otego,NY,USA,1,T,36329,NA,NA
490056,2024,CLINTON70,Downriver,Canoe,U5,oc2cruisersenior,5,TRUE,36333,1147,1147,1117,36,90,5,89,susquehanna70,NA,TRUE,paddler,kuehneku01,Kurt Kuehnel,Kuehnel Kurt,Dalton,MA,USA,NA,NA,NA,Kurt and Dave,NA
490056,2024,CLINTON70,Downriver,Canoe,U5,oc2cruisersenior,5,TRUE,36333,1147,1147,1117,36,90,5,89,susquehanna70,NA,TRUE,paddler,vandorda01,David Vandorpe,Vandorpe David,Haverhill,MA,USA,NA,NA,NA,Kurt and Dave,NA
436049,2023,CLINTON70,Downriver,Canoe,X6,oc2cruisermix,4,TRUE,36365,1148,1148,1118,108,76,4,75,susquehanna70,NA,TRUE,paddler,visserei01,Eileen Visser,Visser Eileen,Potsdam,NY,USA,NA,NA,NA,SLVP,NA
436049,2023,CLINTON70,Downriver,Canoe,X6,oc2cruisermix,4,TRUE,36365,1148,1148,1118,108,76,4,75,susquehanna70,NA,TRUE,paddler,siegfrwi01,Will Siegfried,Siegfried Will,Potsdam,NY,USA,NA,NA,NA,SLVP,NA
237733,2017,CLINTON70,Downriver,Canoe,C2,oc2rec,3,TRUE,36370,1149,1149,1119,11,136,3,135,susquehanna70,NA,TRUE,paddler,allisojo01,Joseph Allison,Allison Joseph,Morris,NY,USA,1,T,36370,NA,NA
237733,2017,CLINTON70,Downriver,Canoe,C2,oc2rec,3,TRUE,36370,1149,1149,1119,11,136,3,135,susquehanna70,NA,TRUE,paddler,NA,Quinton Hasak,Hasak Quinton,Cooperstown,NY,USA,1,T,36370,NA,NA
532364,2025,CLINTON70,Downriver,Canoe,L4,oc1master,5,TRUE,36381,1150,1150,1120,56,113,5,108,susquehanna70,NA,TRUE,paddler,jordanji01,James Jordan,Jordan James,Cooperstown ,NY,USA,NA,NA,NA,NA,NA
436039,2023,CLINTON70,Downriver,Canoe,V3,oc2cruisermaster,4,TRUE,36382,1151,1151,1121,60,77,4,76,susquehanna70,NA,TRUE,paddler,mallerti01,Tim Mallery,Mallery Tim,South Williamsport,PA,USA,NA,NA,NA,Delhi Bad Bunch,NA
436039,2023,CLINTON70,Downriver,Canoe,V3,oc2cruisermaster,4,TRUE,36382,1151,1151,1121,60,77,4,76,susquehanna70,NA,TRUE,paddler,breenge01,Gerry Breen,Breen Gerry,Brooklyn,NY,USA,NA,NA,NA,Delhi Bad Bunch,NA
217293,2015,CLINTON70,Downriver,Canoe,E4,oc2stock,6,TRUE,36383,1152,1152,1122,90,102,6,99,susquehanna70,NA,TRUE,paddler,leetda01,Dana Leet,Leet Dana,Smethport,PA,USA,1,T,36383,NA,NA
217293,2015,CLINTON70,Downriver,Canoe,E4,oc2stock,6,TRUE,36383,1152,1152,1122,90,102,6,99,susquehanna70,NA,TRUE,paddler,goocheji01,Jim Goochee,Goochee Jim,Port Allegany,PA,USA,1,T,36383,NA,NA
247539,2018,CLINTON70,Downriver,Canoe,E20,oc2stock,16,TRUE,36428,1153,1153,1123,91,135,16,134,susquehanna70,NA,TRUE,paddler,NA,Jason Sarsfield,Sarsfield Jason,Harrison,MI,USA,1,T,36428,NA,NA
247539,2018,CLINTON70,Downriver,Canoe,E20,oc2stock,16,TRUE,36428,1153,1153,1123,91,135,16,134,susquehanna70,NA,TRUE,paddler,NA,Jordon Sarsfield,Sarsfield Jordon,Grayling,MI,USA,1,T,36428,NA,NA
256260,2019,CLINTON70,Downriver,Unknown,G12,opentour,8,TRUE,36436,1154,1154,14,16,145,8,8,susquehanna70,NA,TRUE,paddler,colliest01,Steven Collier,Collier Steven,Cooperstown,NY,USA,1,T,36436,NA,NA
256260,2019,CLINTON70,Downriver,Unknown,G12,opentour,8,TRUE,36436,1154,1154,14,16,145,8,8,susquehanna70,NA,TRUE,paddler,NA,Jessica Collier,Collier Jessica,Cooperstown,NY,USA,1,T,36436,NA,NA
247562,2018,CLINTON70,Downriver,Canoe,G10,opentour,6,TRUE,36458,1155,1155,1124,17,136,6,135,susquehanna70,NA,TRUE,paddler,walleybr01,Brian Walley,Walley Brian,Walton,NY,USA,1,T,36458,NA,NA
247562,2018,CLINTON70,Downriver,Canoe,G10,opentour,6,TRUE,36458,1155,1155,1124,17,136,6,135,susquehanna70,NA,TRUE,paddler,NA,Emma Walley,Walley Emma,NA,NA,NA,1,T,36458,NA,NA
436050,2023,CLINTON70,Downriver,Canoe,X2,oc2cruisermix,5,TRUE,36467,1156,1156,1125,109,78,5,77,susquehanna70,NA,TRUE,paddler,coulsode01,Dean Coulson,Coulson Dean,Kearney,ON,CAN,NA,NA,NA,Liz and Dean,NA
436050,2023,CLINTON70,Downriver,Canoe,X2,oc2cruisermix,5,TRUE,36467,1156,1156,1125,109,78,5,77,susquehanna70,NA,TRUE,paddler,loekli01,Liz Loek,Loek Liz,Mississauga,ON,CAN,NA,NA,NA,Liz and Dean,NA
490040,2024,CLINTON70,Downriver,Canoe,S5,oc1pro,6,TRUE,36475,1157,1157,1126,67,91,6,90,susquehanna70,NA,TRUE,paddler,hiscoxfr01,Frances Hiscox,Hiscox Frances,Newton Highlands,MA,USA,NA,NA,NA,NA,NA
490126,2024,CLINTON70,Downriver,Canoe,P44,oc2pro,48,TRUE,36482,1158,1158,1127,425,92,48,91,susquehanna70,NA,TRUE,paddler,millspan01,Andrew Millspaugh,Millspaugh Andrew,Niskayuna,NY,USA,NA,NA,NA,Flaming O's,NA
490126,2024,CLINTON70,Downriver,Canoe,P44,oc2pro,48,TRUE,36482,1158,1158,1127,425,92,48,91,susquehanna70,NA,TRUE,paddler,NA,Emma Kennedy,Kennedy Emma,Brooklyn,NY,USA,NA,NA,NA,Flaming O's,NA
490061,2024,CLINTON70,Downriver,Canoe,T5,oc2cruiser,4,TRUE,36496,1159,1159,1128,87,93,4,92,susquehanna70,NA,TRUE,paddler,NA,Lewis Madill,Madill Lewis,Frederic ,MI,USA,NA,NA,NA,Dan Lewis,NA
490061,2024,CLINTON70,Downriver,Canoe,T5,oc2cruiser,4,TRUE,36496,1159,1159,1128,87,93,4,92,susquehanna70,NA,TRUE,paddler,NA,Daniel Harazin,Harazin Daniel,Watervliet,MI,USA,NA,NA,NA,Dan Lewis,NA
436005,2023,CLINTON70,Downriver,Canoe,B5,oc4stock,2,TRUE,36572,1160,1160,1129,59,79,2,78,susquehanna70,NA,TRUE,paddler,vermiljo01,Jon Vermilyea,Vermilyea Jon,Baldwinsville ,NY,USA,NA,NA,NA,Four men in a tub,NA
436005,2023,CLINTON70,Downriver,Canoe,B5,oc4stock,2,TRUE,36572,1160,1160,1129,59,79,2,78,susquehanna70,NA,TRUE,paddler,berlke01,Kevin Berl,Berl Kevin,Macedon,NY,USA,NA,NA,NA,Four men in a tub,NA
436005,2023,CLINTON70,Downriver,Canoe,B5,oc4stock,2,TRUE,36572,1160,1160,1129,59,79,2,78,susquehanna70,NA,TRUE,paddler,buttsri01,Richard Butts,Butts Richard,Rochester,NY,USA,NA,NA,NA,Four men in a tub,NA
436005,2023,CLINTON70,Downriver,Canoe,B5,oc4stock,2,TRUE,36572,1160,1160,1129,59,79,2,78,susquehanna70,NA,TRUE,paddler,henryro01,Roger Henry,Henry Roger,Rexford,NY,USA,NA,NA,NA,Four men in a tub,NA
436022,2023,CLINTON70,Downriver,Canoe,L6,oc1master,1,TRUE,36575,1161,1161,1130,57,80,1,79,susquehanna70,NA,TRUE,paddler,corbetst01,Steve Corbett,Corbett Steve,New Market,MD,USA,NA,NA,NA,Steve Corbett,NA
370147,2022,CLINTON70,Downriver,Canoe,L18,oc1master,3,TRUE,36575,1162,1162,1131,58,92,3,91,susquehanna70,NA,TRUE,paddler,hainesru01,Russel Haines,Haines Russel,Chagrin Falls,OH,USA,NA,NA,NA,Brax/Haines,NA
208314,2014,CLINTON70,Downriver,Canoe,X14,oc2cruisermix,17,TRUE,36586,1163,1163,1132,110,139,17,136,susquehanna70,NA,TRUE,paddler,NA,Jessica Collier,Collier Jessica,Cooperstown,NY,USA,1,T,36586,NA,NA
208314,2014,CLINTON70,Downriver,Canoe,X14,oc2cruisermix,17,TRUE,36586,1163,1163,1132,110,139,17,136,susquehanna70,NA,TRUE,paddler,colliest01,Steven Collier,Collier Steven,Cooperstown,NY,USA,1,T,36586,NA,NA
490032,2024,CLINTON70,Downriver,Canoe,B6,oc4stock,4,TRUE,36595,1164,1164,1133,60,94,4,93,susquehanna70,NA,TRUE,paddler,mclainru01,Rusty McLain,McLain Rusty,Chesapeake,VA,USA,NA,NA,NA,Have a Mike Day,NA
490032,2024,CLINTON70,Downriver,Canoe,B6,oc4stock,4,TRUE,36595,1164,1164,1133,60,94,4,93,susquehanna70,NA,TRUE,paddler,perryji01,Jim Perry,Perry Jim,Lanexa,VA,USA,NA,NA,NA,Have a Mike Day,NA
490032,2024,CLINTON70,Downriver,Canoe,B6,oc4stock,4,TRUE,36595,1164,1164,1133,60,94,4,93,susquehanna70,NA,TRUE,paddler,loringch01,Chip Loring,Loring Chip,Old Town,ME,USA,NA,NA,NA,Have a Mike Day,NA
490032,2024,CLINTON70,Downriver,Canoe,B6,oc4stock,4,TRUE,36595,1164,1164,1133,60,94,4,93,susquehanna70,NA,TRUE,paddler,rancoma01,Mark Ranco,Ranco Mark,Bangor,ME,USA,NA,NA,NA,Have a Mike Day,NA
217421,2015,CLINTON70,Downriver,Canoe,V4,oc2cruisermaster,7,TRUE,36600,1165,1165,1134,61,103,7,100,susquehanna70,NA,TRUE,paddler,neugebri01,Richard Neugebauer,Neugebauer Richard,Skaneateles,NY,USA,1,T,36600,NA,NA
217421,2015,CLINTON70,Downriver,Canoe,V4,oc2cruisermaster,7,TRUE,36600,1165,1165,1134,61,103,7,100,susquehanna70,NA,TRUE,paddler,siegfrwi01,Will Siegfried,Siegfried Will,Potsdam,NY,USA,1,T,36600,NA,NA
247543,2018,CLINTON70,Downriver,Canoe,C7,oc2rec,2,TRUE,36675,1166,1166,1135,12,137,2,136,susquehanna70,NA,TRUE,paddler,lafevedo01,Don LaFever,LaFever Don,Norwich,NY,USA,1,T,36675,NA,NA
247543,2018,CLINTON70,Downriver,Canoe,C7,oc2rec,2,TRUE,36675,1166,1166,1135,12,137,2,136,susquehanna70,NA,TRUE,paddler,hallri01,Rich Hall,Hall Rich,Gilbertsville,NY,USA,1,T,36675,NA,NA
436023,2023,CLINTON70,Downriver,Canoe,L2,oc1master,2,TRUE,36690,1167,1167,1136,59,81,2,80,susquehanna70,NA,TRUE,paddler,owenje01,Jeff Owen,Owen Jeff,Orono,ME,USA,NA,NA,NA,NA,NA
436040,2023,CLINTON70,Downriver,Canoe,V5,oc2cruisermaster,5,TRUE,36693,1168,1168,1137,62,82,5,81,susquehanna70,NA,TRUE,paddler,allenti01,Timothy Allen,Allen Timothy,Westfield,MA,USA,NA,NA,NA,Allen Casale,NA
436040,2023,CLINTON70,Downriver,Canoe,V5,oc2cruisermaster,5,TRUE,36693,1168,1168,1137,62,82,5,81,susquehanna70,NA,TRUE,paddler,casalejo01,John Casale,Casale John,Southampton ,MA,USA,NA,NA,NA,Allen Casale,NA
237790,2017,CLINTON70,Downriver,Canoe,J4,oc1,5,TRUE,36722,1169,1169,1138,27,137,5,136,susquehanna70,NA,TRUE,paddler,schlimfr01,Francis Schlimmer,Schlimmer Francis,Cortland,NY,USA,1,T,36722,NA,NA
436006,2023,CLINTON70,Downriver,Canoe,B2,oc4stock,3,TRUE,36723,1170,1170,1139,61,83,3,82,susquehanna70,NA,TRUE,paddler,perryji01,Jim Perry,Perry Jim,Lanexa,VA,USA,NA,NA,NA,Have a Mike Day,NA
436006,2023,CLINTON70,Downriver,Canoe,B2,oc4stock,3,TRUE,36723,1170,1170,1139,61,83,3,82,susquehanna70,NA,TRUE,paddler,jonesti01,Tim Jones,Jones Tim,Smithfield,VA,USA,NA,NA,NA,Have a Mike Day,NA
436006,2023,CLINTON70,Downriver,Canoe,B2,oc4stock,3,TRUE,36723,1170,1170,1139,61,83,3,82,susquehanna70,NA,TRUE,paddler,mclainru01,Rusty McLain,McLain Rusty,Chesapeake,VA,USA,NA,NA,NA,Have a Mike Day,NA
436006,2023,CLINTON70,Downriver,Canoe,B2,oc4stock,3,TRUE,36723,1170,1170,1139,61,83,3,82,susquehanna70,NA,TRUE,paddler,mclainky01,Kyle McLain,McLain Kyle,Chesapeake,VA,USA,NA,NA,NA,Have a Mike Day,NA
532347,2025,CLINTON70,Downriver,Canoe,F5,oc2stockmix,5,TRUE,36733,1171,1171,1140,29,114,5,109,susquehanna70,NA,TRUE,paddler,turturlo01,Lorraine Turturro,Turturro Lorraine,Watertown,NY,USA,NA,NA,NA,NA,NA
532347,2025,CLINTON70,Downriver,Canoe,F5,oc2stockmix,5,TRUE,36733,1171,1171,1140,29,114,5,109,susquehanna70,NA,TRUE,paddler,watsonbr01,Brian Watson,Watson Brian,Watertown,NY,USA,NA,NA,NA,NA,NA
370101,2022,CLINTON70,Downriver,Canoe,B5,oc4stock,4,TRUE,36737,1172,1172,1141,62,93,4,92,susquehanna70,NA,TRUE,paddler,stoutte01,Teresa Stout,Stout Teresa,Corsica,PA,USA,NA,NA,NA,Yukon Girls,NA
370101,2022,CLINTON70,Downriver,Canoe,B5,oc4stock,4,TRUE,36737,1172,1172,1141,62,93,4,92,susquehanna70,NA,TRUE,paddler,NA,Ashley Vermilya,Vermilya Ashley,NA,NA,NA,NA,NA,NA,Yukon Girls,NA
370101,2022,CLINTON70,Downriver,Canoe,B5,oc4stock,4,TRUE,36737,1172,1172,1141,62,93,4,92,susquehanna70,NA,TRUE,paddler,crouchho01,Holly Crouch,Crouch Holly,Sherburne,NY,USA,NA,NA,NA,Yukon Girls,NA
370101,2022,CLINTON70,Downriver,Canoe,B5,oc4stock,4,TRUE,36737,1172,1172,1141,62,93,4,92,susquehanna70,NA,TRUE,paddler,flamento01,Toni Flament,Flament Toni,Emporium,PA,USA,NA,NA,NA,Yukon Girls,NA
247519,2018,CLINTON70,Downriver,Canoe,F4,oc2stockmix,4,TRUE,36750,1173,1173,1142,30,138,4,137,susquehanna70,NA,TRUE,paddler,jeanesju01,Judy Jeanes,Jeanes Judy,Wayne,PA,USA,1,T,36750,NA,NA
247519,2018,CLINTON70,Downriver,Canoe,F4,oc2stockmix,4,TRUE,36750,1173,1173,1142,30,138,4,137,susquehanna70,NA,TRUE,paddler,gergke01,Ken Gerg,Gerg Ken,Emporium,PA,USA,1,T,36750,NA,NA
208205,2014,CLINTON70,Downriver,Kayak,KL1,k1unlimited,4,TRUE,36754,1174,1174,18,18,140,4,4,susquehanna70,NA,TRUE,paddler,baumerda01,Dan Baumert,Baumert Dan,Levant,ME,USA,1,T,36754,NA,NA
237881,2017,CLINTON70,Downriver,Canoe,P1,oc2pro,33,TRUE,36761,1175,1175,1143,426,138,33,137,susquehanna70,NA,TRUE,paddler,NA,Ann Raiho,Raiho Ann,Grand Marais,MN,USA,1,T,36761,NA,NA
237881,2017,CLINTON70,Downriver,Canoe,P1,oc2pro,33,TRUE,36761,1175,1175,1143,426,138,33,137,susquehanna70,NA,TRUE,paddler,NA,Natalie Warren,Warren Natalie,NA,NA,NA,1,T,36761,NA,NA
490011,2024,CLINTON70,Downriver,Canoe,E10,oc2stock,6,TRUE,36765,1176,1176,1144,92,95,6,94,susquehanna70,NA,TRUE,paddler,savoylu01,Lucas Savoy,Savoy Lucas,Cumberland,ME,USA,NA,NA,NA,Maine and Mass,NA
490011,2024,CLINTON70,Downriver,Canoe,E10,oc2stock,6,TRUE,36765,1176,1176,1144,92,95,6,94,susquehanna70,NA,TRUE,paddler,jamesoel01,Elisha Jameson,Jameson Elisha,Chester,MA,USA,NA,NA,NA,Maine and Mass,NA
490078,2024,CLINTON70,Downriver,Canoe,V5,oc2cruisermaster,5,TRUE,36765,1177,1177,1145,63,96,5,95,susquehanna70,NA,TRUE,paddler,mallerti01,Tim Mallery,Mallery Tim,South Williamsport,PA,USA,NA,NA,NA,Delhi Bad Bunch,NA
490078,2024,CLINTON70,Downriver,Canoe,V5,oc2cruisermaster,5,TRUE,36765,1177,1177,1145,63,96,5,95,susquehanna70,NA,TRUE,paddler,breenge01,Gerry Breen,Breen Gerry,Brooklyn,NY,USA,NA,NA,NA,Delhi Bad Bunch,NA
247540,2018,CLINTON70,Downriver,Canoe,E2,oc2stock,17,TRUE,36789,1178,1178,1146,93,139,17,138,susquehanna70,NA,TRUE,paddler,buchhoge01,George Buchholz,Buchholz George,Ithaca,NY,USA,1,T,36789,NA,NA
247540,2018,CLINTON70,Downriver,Canoe,E2,oc2stock,17,TRUE,36789,1178,1178,1146,93,139,17,138,susquehanna70,NA,TRUE,paddler,NA,Brian Loskamp,Loskamp Brian,Babylon,NY,USA,1,T,36789,NA,NA
217436,2015,CLINTON70,Downriver,Canoe,X6,oc2cruisermix,14,TRUE,36803,1179,1179,1147,111,104,14,101,susquehanna70,NA,TRUE,paddler,mclainle01,Leza McLain,McLain Leza,Chesapeake,VA,USA,1,T,36803,NA,NA
217436,2015,CLINTON70,Downriver,Canoe,X6,oc2cruisermix,14,TRUE,36803,1179,1179,1147,111,104,14,101,susquehanna70,NA,TRUE,paddler,mclainru01,Rusty McLain,McLain Rusty,Chesapeake,VA,USA,1,T,36803,NA,NA
436007,2023,CLINTON70,Downriver,Canoe,B1,oc4stock,4,TRUE,36809,1180,1180,1148,63,84,4,83,susquehanna70,NA,TRUE,paddler,gianfach01,Chip Gianfagna,Gianfagna Chip,Northfield Falls ,VT,USA,NA,NA,NA,Team NRS,NA
436007,2023,CLINTON70,Downriver,Canoe,B1,oc4stock,4,TRUE,36809,1180,1180,1148,63,84,4,83,susquehanna70,NA,TRUE,paddler,snyderja01,Jake Snyder,Snyder Jake,Canastota ,NY,USA,NA,NA,NA,Team NRS,NA
436007,2023,CLINTON70,Downriver,Canoe,B1,oc4stock,4,TRUE,36809,1180,1180,1148,63,84,4,83,susquehanna70,NA,TRUE,paddler,gianfaan01,Tony Gianfagna,Gianfagna Tony,Evans Mills,NY,USA,NA,NA,NA,Team NRS,NA
436007,2023,CLINTON70,Downriver,Canoe,B1,oc4stock,4,TRUE,36809,1180,1180,1148,63,84,4,83,susquehanna70,NA,TRUE,paddler,NA,Artie Bigsby,Bigsby Artie,Cazenovia,NY,USA,NA,NA,NA,Team NRS,NA
237717,2017,CLINTON70,Downriver,Canoe,G5,open,2,TRUE,36814,1181,1181,1149,15,139,2,138,susquehanna70,NA,TRUE,paddler,bilsbari01,Richard Bilsback,Bilsback Richard,Webster,NY,USA,1,T,36814,NA,NA
237717,2017,CLINTON70,Downriver,Canoe,G5,open,2,TRUE,36814,1181,1181,1149,15,139,2,138,susquehanna70,NA,TRUE,paddler,bilsbade01,Denise Bilsback,Bilsback Denise,Webster,NY,USA,1,T,36814,NA,NA
490057,2024,CLINTON70,Downriver,Canoe,U3,oc2cruisersenior,6,TRUE,36824,1182,1182,1150,37,97,6,96,susquehanna70,NA,TRUE,paddler,ostrumpe01,Peter Ostrum,Ostrum Peter,Glenfield,NY,USA,NA,NA,NA,"""146""",NA
490057,2024,CLINTON70,Downriver,Canoe,U3,oc2cruisersenior,6,TRUE,36824,1182,1182,1150,37,97,6,96,susquehanna70,NA,TRUE,paddler,shapirro01,Roberta Shapiro,Shapiro Roberta,Whitesboro ,NY,USA,NA,NA,NA,"""146""",NA
227152,2016,CLINTON70,Downriver,Canoe,C8,oc2rec,2,TRUE,36826,1183,1183,1151,13,128,2,123,susquehanna70,NA,TRUE,paddler,lafevedo01,Don Lafever,Lafever Don,Norwich,NY,USA,1,T,36826,NA,NA
227152,2016,CLINTON70,Downriver,Canoe,C8,oc2rec,2,TRUE,36826,1183,1183,1151,13,128,2,123,susquehanna70,NA,TRUE,paddler,vandewgl01,Glen Vandewinckel,Vandewinckel Glen,Webster,NY,USA,1,T,36826,NA,NA
436051,2023,CLINTON70,Downriver,Canoe,X7,oc2cruisermix,6,TRUE,36828,1184,1184,1152,112,85,6,84,susquehanna70,NA,TRUE,paddler,collieer01,Erica Collier,Collier Erica,Latham ,NY,USA,NA,NA,NA,Collier kids,NA
436051,2023,CLINTON70,Downriver,Canoe,X7,oc2cruisermix,6,TRUE,36828,1184,1184,1152,112,85,6,84,susquehanna70,NA,TRUE,paddler,colliejo01,John Collier,Collier John,Richmondville,NY,USA,NA,NA,NA,Collier kids,NA
532348,2025,CLINTON70,Downriver,Canoe,F3,oc2stockmix,6,TRUE,36839,1185,1185,1153,31,115,6,110,susquehanna70,NA,TRUE,paddler,maddalan01,Andrew Maddalone,Maddalone Andrew,Bainbridge,NY,USA,NA,NA,NA,NA,NA
532348,2025,CLINTON70,Downriver,Canoe,F3,oc2stockmix,6,TRUE,36839,1185,1185,1153,31,115,6,110,susquehanna70,NA,TRUE,paddler,NA,Riley Smith,Smith Riley,Sidney,NY,USA,NA,NA,NA,NA,NA
370107,2022,CLINTON70,Downriver,Unknown,G7,opentour,1,TRUE,36850,1186,1186,15,18,94,1,1,susquehanna70,NA,TRUE,paddler,mcduffri01,River McDuffie,McDuffie River,Robbins,NC,USA,NA,NA,NA,McDuffie's,NA
370107,2022,CLINTON70,Downriver,Unknown,G7,opentour,1,TRUE,36850,1186,1186,15,18,94,1,1,susquehanna70,NA,TRUE,paddler,NA,William McDuffie,McDuffie William,Robbins,NC,USA,NA,NA,NA,McDuffie's,NA
489988,2024,CLINTON70,Downriver,Unknown,G3,opentour,1,TRUE,36855,1187,1187,16,19,98,1,1,susquehanna70,NA,TRUE,paddler,NA,Bradley Spooner,Spooner Bradley,Ottawa,ON,CAN,NA,NA,NA,NA,NA
227337,2016,CLINTON70,Downriver,Canoe,P40,oc2pro,43,TRUE,36886,1188,1188,1154,427,129,43,124,susquehanna70,Mixed,TRUE,paddler,griffiju01,Justin Griffith,Griffith Justin,Harrisville,MI,USA,1,T,36886,NA,NA
227337,2016,CLINTON70,Downriver,Canoe,P40,oc2pro,43,TRUE,36886,1188,1188,1154,427,129,43,124,susquehanna70,Mixed,TRUE,paddler,williasu01,Susan Williams,Williams Susan,Secane,PA,USA,1,T,36886,NA,NA
237726,2017,CLINTON70,Downriver,Canoe,A3,oc2stockalum,2,TRUE,36889,1189,1189,1155,11,140,2,139,susquehanna70,NA,TRUE,paddler,collieto01,Todd Collier,Collier Todd,Cooperstown,NY,USA,1,T,36889,NA,NA
237726,2017,CLINTON70,Downriver,Canoe,A3,oc2stockalum,2,TRUE,36889,1189,1189,1155,11,140,2,139,susquehanna70,NA,TRUE,paddler,bannerlu01,Luke Banner,Banner Luke,Cooperstown,NY,USA,1,T,36889,NA,NA
490045,2024,CLINTON70,Downriver,Canoe,L2,oc1master,4,TRUE,36899,1190,1190,1156,60,99,4,97,susquehanna70,NA,TRUE,paddler,anusiest01,Stan Anusiewicz,Anusiewicz Stan,Brights Grove,ON,CAN,NA,NA,NA,NA,NA
227186,2016,CLINTON70,Downriver,Unknown,G14,open,4,TRUE,36929,1191,1191,17,16,130,4,4,susquehanna70,NA,TRUE,paddler,NA,Roger Hatfield,Hatfield Roger,"Kingshill, St. Croix",VI,USA,1,T,36929,NA,NA
227186,2016,CLINTON70,Downriver,Unknown,G14,open,4,TRUE,36929,1191,1191,17,16,130,4,4,susquehanna70,NA,TRUE,paddler,NA,Seth Hatfield,Hatfield Seth,Sant Barbara,CA,USA,1,T,36929,NA,NA
217409,2015,CLINTON70,Downriver,Canoe,T15,oc2cruiser,11,TRUE,36952,1192,1192,1157,88,105,11,102,susquehanna70,NA,TRUE,paddler,paynema01,Matthew Payne,Payne Matthew,Watertown,MA,USA,1,T,36952,NA,NA
217409,2015,CLINTON70,Downriver,Canoe,T15,oc2cruiser,11,TRUE,36952,1192,1192,1157,88,105,11,102,susquehanna70,NA,TRUE,paddler,payneth01,Thomas Payne,Payne Thomas,Tewksbury,MA,USA,1,T,36952,NA,NA
208198,2014,CLINTON70,Downriver,Canoe,J3,oc1,6,TRUE,36957,1193,1193,1158,28,141,6,137,susquehanna70,NA,TRUE,paddler,elderkja01,Jamie Elderkin,Elderkin Jamie,Franklin,NY,USA,1,T,36957,NA,NA
217284,2015,CLINTON70,Downriver,Canoe,C4,oc2rec,2,TRUE,36960,1194,1194,1159,14,106,2,103,susquehanna70,NA,TRUE,paddler,hesslebo01,Bob Hessler,Hessler Bob,Ellsworth,ME,USA,1,T,36960,NA,NA
217284,2015,CLINTON70,Downriver,Canoe,C4,oc2rec,2,TRUE,36960,1194,1194,1159,14,106,2,103,susquehanna70,NA,TRUE,paddler,wescotte01,Terry Westcott,Westcott Terry,Thorndike,ME,USA,1,T,36960,NA,NA
256323,2019,CLINTON70,Downriver,Canoe,L6,oc1master,5,TRUE,36988,1195,1195,1160,61,146,5,136,susquehanna70,NA,TRUE,paddler,jordanji01,Jim Jordan,Jordan Jim,Otego,NY,USA,1,T,36988,NA,NA
370125,2022,CLINTON70,Downriver,Canoe,E12,oc2stock,4,TRUE,36991,1196,1196,1161,94,95,4,93,susquehanna70,NA,TRUE,paddler,beckwida01,Dale Beckwith,Beckwith Dale,Sidney,NY,USA,NA,NA,NA,NA,NA
370125,2022,CLINTON70,Downriver,Canoe,E12,oc2stock,4,TRUE,36991,1196,1196,1161,94,95,4,93,susquehanna70,NA,TRUE,paddler,bagleyje01,Jeff Bagley,Bagley Jeff,Sidney,NY,USA,NA,NA,NA,NA,NA
217308,2015,CLINTON70,Downriver,Canoe,F1,oc2stockmix,1,TRUE,37059,1197,1197,1162,32,107,1,104,susquehanna70,NA,TRUE,paddler,koptala01,Lauraellen Kopta,Kopta Lauraellen,Clymer,NY,USA,1,T,37059,NA,NA
217308,2015,CLINTON70,Downriver,Canoe,F1,oc2stockmix,1,TRUE,37059,1197,1197,1162,32,107,1,104,susquehanna70,NA,TRUE,paddler,koptama01,Mark Kopta,Kopta Mark,Clymer,NY,USA,1,T,37059,NA,NA
247544,2018,CLINTON70,Downriver,Canoe,C1,oc2rec,3,TRUE,37059,1198,1198,1163,15,140,3,139,susquehanna70,NA,TRUE,paddler,vanderri01,Rik Vandermeulen,Vandermeulen Rik,Unadilla,NY,USA,1,T,37059,NA,NA
247544,2018,CLINTON70,Downriver,Canoe,C1,oc2rec,3,TRUE,37059,1198,1198,1163,15,140,3,139,susquehanna70,NA,TRUE,paddler,bonnaral01,Alex Bonnar,Bonnar Alex,Burlington,MA,USA,1,T,37059,NA,NA
436008,2023,CLINTON70,Downriver,Canoe,B3,oc4stock,5,TRUE,37110,1199,1199,1164,64,86,5,85,susquehanna70,NA,TRUE,paddler,NA,Cameron Cummings,Cummings Cameron,Farmington,NY,USA,NA,NA,NA,The Foursomes,NA
436008,2023,CLINTON70,Downriver,Canoe,B3,oc4stock,5,TRUE,37110,1199,1199,1164,64,86,5,85,susquehanna70,NA,TRUE,paddler,NA,Timothy Henning,Henning Timothy,Marion,NY,USA,NA,NA,NA,The Foursomes,NA
436008,2023,CLINTON70,Downriver,Canoe,B3,oc4stock,5,TRUE,37110,1199,1199,1164,64,86,5,85,susquehanna70,NA,TRUE,paddler,neugebri01,Richard Neugebauer,Neugebauer Richard,Skaneateles,NY,USA,NA,NA,NA,The Foursomes,NA
436008,2023,CLINTON70,Downriver,Canoe,B3,oc4stock,5,TRUE,37110,1199,1199,1164,64,86,5,85,susquehanna70,NA,TRUE,paddler,crouchho01,Holly Crouch,Crouch Holly,Sherburne,NY,USA,NA,NA,NA,The Foursomes,NA
370126,2022,CLINTON70,Downriver,Canoe,E3,oc2stock,5,TRUE,37148,1200,1200,1165,95,96,5,94,susquehanna70,NA,TRUE,paddler,whitinwi01,Will Whiting,Whiting Will,Fultonville,NY,USA,NA,NA,NA,Whiting,NA
370126,2022,CLINTON70,Downriver,Canoe,E3,oc2stock,5,TRUE,37148,1200,1200,1165,95,96,5,94,susquehanna70,NA,TRUE,paddler,whitiner01,Erik Whiting,Whiting Erik,Ledyard,CT,USA,NA,NA,NA,Whiting,NA
208121,2014,CLINTON70,Downriver,Canoe,A6,oc2stockalum,3,TRUE,37169,1201,1201,1166,12,142,3,138,susquehanna70,NA,TRUE,paddler,NA,Ted La,La Ted,Monica Oneonta,NY,USA,1,T,37169,NA,NA
208121,2014,CLINTON70,Downriver,Canoe,A6,oc2stockalum,3,TRUE,37169,1201,1201,1166,12,142,3,138,susquehanna70,NA,TRUE,paddler,asheti01,Timothy Ashe,Ashe Timothy,Maryland,NY,USA,1,T,37169,NA,NA
237718,2017,CLINTON70,Downriver,Canoe,G1,open,3,TRUE,37187,1202,1202,1167,17,141,3,140,susquehanna70,NA,TRUE,paddler,watsonbr01,Brian Watson,Watson Brian,Watertown,NY,USA,1,T,37187,NA,NA
237718,2017,CLINTON70,Downriver,Canoe,G1,open,3,TRUE,37187,1202,1202,1167,17,141,3,140,susquehanna70,NA,TRUE,paddler,NA,Charles Goodnough,Goodnough Charles,Theresa,NY,USA,1,T,37187,NA,NA
490070,2024,CLINTON70,Downriver,Canoe,X8,oc2cruisermix,8,TRUE,37190,1203,1203,1168,113,100,8,98,susquehanna70,NA,TRUE,paddler,davenple01,Leslie Davenport,Davenport Leslie,Arnprior,ON,CAN,NA,NA,NA,Team Biddy,NA
490070,2024,CLINTON70,Downriver,Canoe,X8,oc2cruisermix,8,TRUE,37190,1203,1203,1168,113,100,8,98,susquehanna70,NA,TRUE,paddler,rouxcl01,Claude Roux,Roux Claude,Vaudreuil-Dorion,QC,CAN,NA,NA,NA,Team Biddy,NA
217279,2015,CLINTON70,Downriver,Canoe,B9,oc4stock,7,TRUE,37199,1204,1204,1169,65,108,7,105,susquehanna70,NA,TRUE,paddler,krehbiaa01,Aaron Krehbiel,Krehbiel Aaron,Buffalo,NY,USA,1,T,37199,NA,NA
217279,2015,CLINTON70,Downriver,Canoe,B9,oc4stock,7,TRUE,37199,1204,1204,1169,65,108,7,105,susquehanna70,NA,TRUE,paddler,NA,Dan Farrell,Farrell Dan,Buffalo,NY,USA,1,T,37199,NA,NA
217279,2015,CLINTON70,Downriver,Canoe,B9,oc4stock,7,TRUE,37199,1204,1204,1169,65,108,7,105,susquehanna70,NA,TRUE,paddler,NA,Fran Wagner,Wagner Fran,Buffalo,NY,USA,1,T,37199,NA,NA
217279,2015,CLINTON70,Downriver,Canoe,B9,oc4stock,7,TRUE,37199,1204,1204,1169,65,108,7,105,susquehanna70,NA,TRUE,paddler,NA,Mark Kogutowski,Kogutowski Mark,Buffalo,NY,USA,1,T,37199,NA,NA
370108,2022,CLINTON70,Downriver,Unknown,G3,opentour,2,TRUE,37202,1205,1205,18,20,97,2,2,susquehanna70,NA,TRUE,paddler,lepleymi01,Michael Lepley,Lepley Michael,Peabody,MA,USA,NA,NA,NA,NA,NA
370108,2022,CLINTON70,Downriver,Unknown,G3,opentour,2,TRUE,37202,1205,1205,18,20,97,2,2,susquehanna70,NA,TRUE,paddler,heldca01,Cameron Held,Held Cameron,Portland,ME,USA,NA,NA,NA,NA,NA
256331,2019,CLINTON70,Downriver,Canoe,J7,oc1,6,TRUE,37206,1206,1206,1170,29,147,6,137,susquehanna70,NA,TRUE,paddler,galipeda01,Damon Galipeau,Galipeau Damon,Indian Island,ME,USA,1,T,37206,NA,NA
237734,2017,CLINTON70,Downriver,Canoe,C1,oc2rec,4,TRUE,37215,1207,1207,1171,16,142,4,141,susquehanna70,NA,TRUE,paddler,bonnaral01,Alex Bonnar,Bonnar Alex,Burlington,MA,USA,1,T,37215,NA,NA
237734,2017,CLINTON70,Downriver,Canoe,C1,oc2rec,4,TRUE,37215,1207,1207,1171,16,142,4,141,susquehanna70,NA,TRUE,paddler,vanderri01,Rik Vandermeulen,Vandermeulen Rik,Unadilla,NY,USA,1,T,37215,NA,NA
227153,2016,CLINTON70,Downriver,Canoe,C2,oc2rec,3,TRUE,37232,1208,1208,1172,17,131,3,125,susquehanna70,NA,TRUE,paddler,obrienpa01,Pat O'Brien,O'Brien Pat,Hartwick,NY,USA,1,T,37232,NA,NA
227153,2016,CLINTON70,Downriver,Canoe,C2,oc2rec,3,TRUE,37232,1208,1208,1172,17,131,3,125,susquehanna70,NA,TRUE,paddler,bachorst01,Steven Bachorik,Bachorik Steven,Hartwick,NY,USA,1,T,37232,NA,NA
237824,2017,CLINTON70,Downriver,Canoe,X18,oc2cruisermix,20,TRUE,37241,1209,1209,1173,114,143,20,142,susquehanna70,NA,TRUE,paddler,NA,Jessica Collier,Collier Jessica,Cooperstown,NY,USA,1,T,37241,NA,NA
237824,2017,CLINTON70,Downriver,Canoe,X18,oc2cruisermix,20,TRUE,37241,1209,1209,1173,114,143,20,142,susquehanna70,NA,TRUE,paddler,colliest01,Steven Collier,Collier Steven,Cooperstown,NY,USA,1,T,37241,NA,NA
247584,2018,CLINTON70,Downriver,Canoe,L9,oc1master,7,TRUE,37249,1210,1210,1174,62,141,7,140,susquehanna70,NA,TRUE,paddler,jordanji01,Jim Jordan,Jordan Jim,Otego,NY,USA,1,T,37249,NA,NA
217330,2015,CLINTON70,Downriver,Canoe,J4,oc1,3,TRUE,37253,1211,1211,1175,30,109,3,106,susquehanna70,NA,TRUE,paddler,breierky01,Kyle Breier,Breier Kyle,Oneonta,NY,USA,1,T,37253,NA,NA
489989,2024,CLINTON70,Downriver,Unknown,G10,opentour,2,TRUE,37271,1212,1212,19,21,101,2,2,susquehanna70,NA,TRUE,paddler,NA,Zachary Craft,Craft Zachary,Unadilla,NY,USA,NA,NA,NA,Getting Crafty,NA
370127,2022,CLINTON70,Downriver,Canoe,E11,oc2stock,6,TRUE,37283,1213,1213,1176,96,98,6,95,susquehanna70,NA,TRUE,paddler,robertra01,Ralph Robertson,Robertson Ralph,Bucksport,ME,USA,NA,NA,NA,RR,NA
370127,2022,CLINTON70,Downriver,Canoe,E11,oc2stock,6,TRUE,37283,1213,1213,1176,96,98,6,95,susquehanna70,NA,TRUE,paddler,robertri01,River Robertson,Robertson River,North Berwick,ME,USA,NA,NA,NA,RR,NA
217294,2015,CLINTON70,Downriver,Canoe,E2,oc2stock,7,TRUE,37288,1214,1214,1177,97,110,7,107,susquehanna70,NA,TRUE,paddler,gergke01,Ken Gerg,Gerg Ken,Emporium,PA,USA,1,T,37288,NA,NA
217294,2015,CLINTON70,Downriver,Canoe,E2,oc2stock,7,TRUE,37288,1214,1214,1177,97,110,7,107,susquehanna70,NA,TRUE,paddler,youngla01,Laverne Young,Young Laverne,Niceville,FL,USA,1,T,37288,NA,NA
532359,2025,CLINTON70,Downriver,Canoe,S1,oc1pro,4,TRUE,37296,1215,1215,1178,68,116,4,111,susquehanna70,NA,TRUE,paddler,NA,Olivier Crête,Crête Olivier,Saint-Raymond,QC,CAN,NA,NA,NA,NA,NA
435990,2023,CLINTON70,Downriver,Canoe,E6,oc2stock,4,TRUE,37298,1216,1216,1179,98,87,4,86,susquehanna70,NA,TRUE,paddler,mclainga01,Gary McLain,McLain Gary,Ballston Spa,NY,USA,NA,NA,NA,Fish Creek Express,NA
435990,2023,CLINTON70,Downriver,Canoe,E6,oc2stock,4,TRUE,37298,1216,1216,1179,98,87,4,86,susquehanna70,NA,TRUE,paddler,amellji01,Jim Amell,Amell Jim,Gansevoort,NY,USA,NA,NA,NA,Fish Creek Express,NA
227131,2016,CLINTON70,Downriver,Canoe,A4,oc2stockalum,2,TRUE,37298,1217,1217,1180,13,132,2,126,susquehanna70,NA,TRUE,paddler,bannerlu01,Luke Banner,Banner Luke,Cooperstown,NY,USA,1,T,37298,NA,NA
227131,2016,CLINTON70,Downriver,Canoe,A4,oc2stockalum,2,TRUE,37298,1217,1217,1180,13,132,2,126,susquehanna70,NA,TRUE,paddler,collieto01,Todd Collier,Collier Todd,Cooperstown,NY,USA,1,T,37298,NA,NA
436019,2023,CLINTON70,Downriver,Canoe,J4,oc1,1,TRUE,37300,1218,1218,1181,31,88,1,87,susquehanna70,NA,TRUE,paddler,prestoda01,Dave Preston,Preston Dave,Pennellville,NY,USA,NA,NA,NA,Tracker Dave,NA
237750,2017,CLINTON70,Downriver,Canoe,E9,oc2stock,11,TRUE,37354,1219,1219,1182,99,144,11,143,susquehanna70,NA,TRUE,paddler,fande01,Desmond Fan,Fan Desmond,Toronto,ON,CAN,1,T,37354,NA,NA
237750,2017,CLINTON70,Downriver,Canoe,E9,oc2stock,11,TRUE,37354,1219,1219,1182,99,144,11,143,susquehanna70,NA,TRUE,paddler,mokansma01,Matthew Mokanski,Mokanski Matthew,Oshawa,ON,CAN,1,T,37354,NA,NA
370153,2022,CLINTON70,Downriver,Canoe,J3,oc1,3,TRUE,37372,1220,1220,1183,32,99,3,96,susquehanna70,NA,TRUE,paddler,breierky01,Kyle Breier,Breier Kyle,Oneonta,NY,USA,NA,NA,NA,NA,NA
532372,2025,CLINTON70,Downriver,Canoe,R4,oc1stock,3,TRUE,37373,1221,1221,1184,8,117,3,112,susquehanna70,NA,TRUE,paddler,NA,Jason Sarsfield,Sarsfield Jason,Harrison,MI,USA,NA,NA,NA,NA,NA
435991,2023,CLINTON70,Downriver,Canoe,E10,oc2stock,5,TRUE,37379,1222,1222,1185,100,89,5,88,susquehanna70,NA,TRUE,paddler,beckwida01,Dale Beckwith,Beckwith Dale,Sidney,NY,USA,NA,NA,NA,B Squared,NA
435991,2023,CLINTON70,Downriver,Canoe,E10,oc2stock,5,TRUE,37379,1222,1222,1185,100,89,5,88,susquehanna70,NA,TRUE,paddler,bagleyje01,Jeff Bagley,Bagley Jeff,Sidney,NY,USA,NA,NA,NA,B Squared,NA
436024,2023,CLINTON70,Downriver,Canoe,L5,oc1master,3,TRUE,37396,1223,1223,1186,63,90,3,89,susquehanna70,NA,TRUE,paddler,hainesru01,Russel Haines,Haines Russel,Corsica,PA,USA,NA,NA,NA,700orbust,NA
490021,2024,CLINTON70,Downriver,Canoe,F4,oc2stockmix,3,TRUE,37397,1224,1224,1187,33,102,3,99,susquehanna70,NA,TRUE,paddler,NA,Valerie Maddalone,Maddalone Valerie,Oneonta,NY,USA,NA,NA,NA,Herrmann/Maddalone,NA
490021,2024,CLINTON70,Downriver,Canoe,F4,oc2stockmix,3,TRUE,37397,1224,1224,1187,33,102,3,99,susquehanna70,NA,TRUE,paddler,herrmast01,Steve Herrmann,Herrmann Steve,West Oneonta,NY,USA,NA,NA,NA,Herrmann/Maddalone,NA
227231,2016,CLINTON70,Downriver,Canoe,R5,oc1stock,1,TRUE,37401,1225,1225,1188,9,133,1,127,susquehanna70,NA,TRUE,paddler,NA,Matt Leichty,Leichty Matt,Unadilla,NY,USA,1,T,37401,NA,NA
256314,2019,CLINTON70,Downriver,Canoe,F8,oc2stockmix,8,TRUE,37410,1226,1226,1189,34,148,8,138,susquehanna70,NA,TRUE,paddler,NA,Jay Gopal,Gopal Jay,Washington,DC,USA,1,T,37410,NA,NA
256314,2019,CLINTON70,Downriver,Canoe,F8,oc2stockmix,8,TRUE,37410,1226,1226,1189,34,148,8,138,susquehanna70,NA,TRUE,paddler,NA,Doug Brooks,Brooks Doug,Washington,DC,USA,1,T,37410,NA,NA
208122,2014,CLINTON70,Downriver,Canoe,A9,oc2stockalum,4,TRUE,37450,1227,1227,1190,14,143,4,139,susquehanna70,NA,TRUE,paddler,NA,Aaron Shelton,Shelton Aaron,Walton,NY,USA,1,T,37450,NA,NA
208122,2014,CLINTON70,Downriver,Canoe,A9,oc2stockalum,4,TRUE,37450,1227,1227,1190,14,143,4,139,susquehanna70,NA,TRUE,paddler,NA,Kevin Coons,Coons Kevin,Walton,NY,USA,1,T,37450,NA,NA
208222,2014,CLINTON70,Downriver,Canoe,L13,oc1master,14,TRUE,37451,1228,1228,1191,64,144,14,140,susquehanna70,NA,TRUE,paddler,lucknefr01,Francis Luckner IV,Luckner IV Francis,Corning,NY,USA,1,T,37451,NA,NA
532373,2025,CLINTON70,Downriver,Canoe,R2,oc1stock,4,TRUE,37468,1229,1229,1192,10,118,4,113,susquehanna70,NA,TRUE,paddler,primmemi01,Michael Primmer,Primmer Michael,Oneonta,NY,USA,NA,NA,NA,Tough Pups,NA
435992,2023,CLINTON70,Downriver,Canoe,E9,oc2stock,6,TRUE,37475,1230,1230,1193,101,91,6,90,susquehanna70,NA,TRUE,paddler,jamesoel01,Elisha Jameson,Jameson Elisha,Chester,MA,USA,NA,NA,NA,Mainely Mass,NA
435992,2023,CLINTON70,Downriver,Canoe,E9,oc2stock,6,TRUE,37475,1230,1230,1193,101,91,6,90,susquehanna70,NA,TRUE,paddler,savoylu01,Lucas Savoy,Savoy Lucas,Cumberland,ME,USA,NA,NA,NA,Mainely Mass,NA
227154,2016,CLINTON70,Downriver,Canoe,C3,oc2rec,4,TRUE,37511,1231,1231,1194,18,134,4,128,susquehanna70,NA,TRUE,paddler,NA,Joeseph Allison,Allison Joeseph,Morris,NY,USA,1,T,37511,NA,NA
227154,2016,CLINTON70,Downriver,Canoe,C3,oc2rec,4,TRUE,37511,1231,1231,1194,18,134,4,128,susquehanna70,NA,TRUE,paddler,NA,Quinton Hasak,Hasak Quinton,Cooperstown,NY,USA,1,T,37511,NA,NA
436025,2023,CLINTON70,Downriver,Canoe,L13,oc1master,4,TRUE,37534,1232,1232,1195,65,92,4,91,susquehanna70,NA,TRUE,paddler,fairchmi01,Michael Fairchild,Fairchild Michael,Battleboro,VT,USA,NA,NA,NA,NA,NA
532365,2025,CLINTON70,Downriver,Canoe,L7,oc1master,6,TRUE,37552,1233,1233,1196,66,119,6,114,susquehanna70,NA,TRUE,paddler,marcyru01,Russell Marcy,Marcy Russell,Cooperstown,NY,USA,NA,NA,NA,NA,NA
227187,2016,CLINTON70,Downriver,Unknown,G23,open,5,TRUE,37560,1234,1234,20,18,135,5,5,susquehanna70,NA,TRUE,paddler,goocheji01,Jim Goochee,Goochee Jim,Port Allegany,PA,USA,1,T,37560,NA,NA
227170,2016,CLINTON70,Downriver,Canoe,E11,oc2stock,10,TRUE,37563,1235,1235,1197,102,136,10,129,susquehanna70,NA,TRUE,paddler,eustisha01,Harold Eustis,Eustis Harold,Delhi,NY,USA,1,T,37563,NA,NA
227170,2016,CLINTON70,Downriver,Canoe,E11,oc2stock,10,TRUE,37563,1235,1235,1197,102,136,10,129,susquehanna70,NA,TRUE,paddler,mallerti01,Tim Mallery,Mallery Tim,South Williamsport,PA,USA,1,T,37563,NA,NA
237719,2017,CLINTON70,Downriver,Canoe,G9,open,4,TRUE,37576,1236,1236,1198,19,145,4,144,susquehanna70,NA,TRUE,paddler,mcduffwi01,William McDuffie,McDuffie William,Robbins,NC,USA,1,T,37576,NA,NA
237719,2017,CLINTON70,Downriver,Canoe,G9,open,4,TRUE,37576,1236,1236,1198,19,145,4,144,susquehanna70,NA,TRUE,paddler,mcduffri01,River McDuffie,McDuffie River,Robbins,NC,USA,1,T,37576,NA,NA
370102,2022,CLINTON70,Downriver,Canoe,B7,oc4stock,5,TRUE,37589,1237,1237,1199,66,100,5,97,susquehanna70,NA,TRUE,paddler,watsonbr01,Brian Watson,Watson Brian,Watertown,NY,USA,NA,NA,NA,NA,NA
370102,2022,CLINTON70,Downriver,Canoe,B7,oc4stock,5,TRUE,37589,1237,1237,1199,66,100,5,97,susquehanna70,NA,TRUE,paddler,neugebri01,Richard Neugebauer,Neugebauer Richard,Skaneateles,NY,USA,NA,NA,NA,NA,NA
370102,2022,CLINTON70,Downriver,Canoe,B7,oc4stock,5,TRUE,37589,1237,1237,1199,66,100,5,97,susquehanna70,NA,TRUE,paddler,NA,Mike Fiorentino,Fiorentino Mike,Watertown,NY,USA,NA,NA,NA,NA,NA
370102,2022,CLINTON70,Downriver,Canoe,B7,oc4stock,5,TRUE,37589,1237,1237,1199,66,100,5,97,susquehanna70,NA,TRUE,paddler,henekada01,Dan Heneka,Heneka Dan,Cranberry Lake,NY,USA,NA,NA,NA,NA,NA
247587,2018,CLINTON70,Downriver,Canoe,R1,oc1stock,1,TRUE,37599,1238,1238,1200,11,142,1,141,susquehanna70,NA,TRUE,paddler,nearch01,Chris Near,Near Chris,Huntsville,ON,CAN,1,T,37599,NA,NA
227188,2016,CLINTON70,Downriver,Unknown,G10,open,6,TRUE,37613,1239,1239,21,20,137,6,6,susquehanna70,NA,TRUE,paddler,mcduffri01,River McDuffie,McDuffie River,Robbins,NC,USA,1,T,37613,NA,NA
227188,2016,CLINTON70,Downriver,Unknown,G10,open,6,TRUE,37613,1239,1239,21,20,137,6,6,susquehanna70,NA,TRUE,paddler,mcduffwi01,William McDuffie,McDuffie William,Robbins,NC,USA,1,T,37613,NA,NA
227271,2016,CLINTON70,Downriver,Canoe,V8,oc2cruisermaster,8,TRUE,37623,1240,1240,1201,64,138,8,130,susquehanna70,NA,TRUE,paddler,buchhobl01,Blair Buchholz,Buchholz Blair,Wellsville,NY,USA,1,T,37623,NA,NA
227271,2016,CLINTON70,Downriver,Canoe,V8,oc2cruisermaster,8,TRUE,37623,1240,1240,1201,64,138,8,130,susquehanna70,NA,TRUE,paddler,nicoloja01,James Nicoloff,Nicoloff James,Hornell,NY,USA,1,T,37623,NA,NA
237751,2017,CLINTON70,Downriver,Canoe,E1,oc2stock,12,TRUE,37627,1241,1241,1202,103,146,12,145,susquehanna70,NA,TRUE,paddler,NA,Brian Loskamp,Loskamp Brian,Babylon,NY,USA,1,T,37627,NA,NA
237751,2017,CLINTON70,Downriver,Canoe,E1,oc2stock,12,TRUE,37627,1241,1241,1202,103,146,12,145,susquehanna70,NA,TRUE,paddler,buchhoge01,George Buchholz,Buchholz George,Ithaca,NY,USA,1,T,37627,NA,NA
208287,2014,CLINTON70,Downriver,Canoe,U1,oc2cruiserjrsr,1,TRUE,37630,1242,1242,1203,2,145,1,141,susquehanna70,NA,TRUE,paddler,riptonan01,Annie Ripton,Ripton Annie,Webster,NY,USA,1,T,37630,NA,NA
208287,2014,CLINTON70,Downriver,Canoe,U1,oc2cruiserjrsr,1,TRUE,37630,1242,1242,1203,2,145,1,141,susquehanna70,NA,TRUE,paddler,vandewgl01,Glen Vandewinckel,Vandewinckel Glen,Webster,NY,USA,1,T,37630,NA,NA
217265,2015,CLINTON70,Downriver,Canoe,A3,oc2stockalum,2,TRUE,37677,1243,1243,1204,15,111,2,108,susquehanna70,NA,TRUE,paddler,thebauan01,Ander Thebaud,Thebaud Ander,Mount Desert,ME,USA,1,T,37677,NA,NA
217265,2015,CLINTON70,Downriver,Canoe,A3,oc2stockalum,2,TRUE,37677,1243,1243,1204,15,111,2,108,susquehanna70,NA,TRUE,paddler,loringch01,Chip Loring,Loring Chip,Old Town,ME,USA,1,T,37677,NA,NA
208146,2014,CLINTON70,Downriver,Canoe,D3,oc2recmix,2,TRUE,37693,1244,1244,1205,4,146,2,142,susquehanna70,NA,TRUE,paddler,mitchesa01,Sandra Mitchell,Mitchell Sandra,Buxton,ME,USA,1,T,37693,NA,NA
208146,2014,CLINTON70,Downriver,Canoe,D3,oc2recmix,2,TRUE,37693,1244,1244,1205,4,146,2,142,susquehanna70,NA,TRUE,paddler,wescotte01,Terry Wescott,Wescott Terry,Thorndike,ME,USA,1,T,37693,NA,NA
490062,2024,CLINTON70,Downriver,Canoe,T3,oc2cruiser,5,TRUE,37693,1245,1245,1206,89,103,5,100,susquehanna70,NA,TRUE,paddler,colliejo01,John Collier,Collier John,Richmondville,NY,USA,NA,NA,NA,Collier Racing,NA
490062,2024,CLINTON70,Downriver,Canoe,T3,oc2cruiser,5,TRUE,37693,1245,1245,1206,89,103,5,100,susquehanna70,NA,TRUE,paddler,colliest01,Steve Collier,Collier Steve,Cooperstown,NY,USA,NA,NA,NA,Collier Racing,NA
227189,2016,CLINTON70,Downriver,Unknown,G18,open,7,TRUE,37707,1246,1246,22,21,139,7,7,susquehanna70,NA,TRUE,paddler,watsonbr01,Brian Watson,Watson Brian,Watertown,NY,USA,1,T,37707,NA,NA
227189,2016,CLINTON70,Downriver,Unknown,G18,open,7,TRUE,37707,1246,1246,22,21,139,7,7,susquehanna70,NA,TRUE,paddler,goodnofr01,Fred Goodnough,Goodnough Fred,Theresa,NY,USA,1,T,37707,NA,NA
237735,2017,CLINTON70,Downriver,Canoe,C3,oc2rec,5,TRUE,37713,1247,1247,1207,19,147,5,146,susquehanna70,NA,TRUE,paddler,NA,Terrance Wood,Wood Terrance,St. Theresa point,MB,CAN,1,T,37713,NA,NA
237735,2017,CLINTON70,Downriver,Canoe,C3,oc2rec,5,TRUE,37713,1247,1247,1207,19,147,5,146,susquehanna70,NA,TRUE,paddler,NA,Lyle Wood,Wood Lyle,Winnipeg,MB,CAN,1,T,37713,NA,NA
227190,2016,CLINTON70,Downriver,Unknown,G24,open,8,TRUE,37769,1248,1248,23,22,140,8,8,susquehanna70,NA,TRUE,paddler,NA,Lyle Wood,Wood Lyle,St Theresa,MB,CAN,1,T,37769,NA,NA
227190,2016,CLINTON70,Downriver,Unknown,G24,open,8,TRUE,37769,1248,1248,23,22,140,8,8,susquehanna70,NA,TRUE,paddler,NA,Terrance Wood,Wood Terrance,St Theresa,MB,CAN,1,T,37769,NA,NA
370135,2022,CLINTON70,Downriver,Canoe,F1,oc2stockmix,2,TRUE,37779,1249,1249,1208,35,101,2,98,susquehanna70,NA,TRUE,paddler,herrmast01,Steve Herrmann,Herrmann Steve,West Oneonta,NY,USA,NA,NA,NA,Herrmann2,NA
370135,2022,CLINTON70,Downriver,Canoe,F1,oc2stockmix,2,TRUE,37779,1249,1249,1208,35,101,2,98,susquehanna70,NA,TRUE,paddler,NA,Valerie Maddalone,Maddalone Valerie,Oneonta,NY,USA,NA,NA,NA,Herrmann2,NA
256324,2019,CLINTON70,Downriver,Canoe,L5,oc1master,6,TRUE,37785,1250,1250,1209,67,149,6,139,susquehanna70,NA,TRUE,paddler,rogersro01,Robert Rogers,Rogers Robert,Oneonta,NY,USA,1,T,37785,NA,NA
532319,2025,CLINTON70,Downriver,Unknown,G17,opentour,4,TRUE,37799,1251,1251,24,22,120,4,4,susquehanna70,NA,TRUE,paddler,NA,Victor Fisher,Fisher Victor,Bainbridge ,NY,USA,NA,NA,NA,Iron Brigade,NA
532319,2025,CLINTON70,Downriver,Unknown,G17,opentour,4,TRUE,37799,1251,1251,24,22,120,4,4,susquehanna70,NA,TRUE,paddler,NA,Dario Loriato,Loriato Dario,Brookline ,MA,USA,NA,NA,NA,Iron Brigade,NA
370160,2022,CLINTON70,Downriver,Canoe,U5,oc2cruisersenior,4,TRUE,37802,1252,1252,1210,38,102,4,99,susquehanna70,NA,TRUE,paddler,deanwi01,William Dean,Dean William,Grayling ,MI,USA,NA,NA,NA,Bill lewis,NA
370160,2022,CLINTON70,Downriver,Canoe,U5,oc2cruisersenior,4,TRUE,37802,1252,1252,1210,38,102,4,99,susquehanna70,NA,TRUE,paddler,NA,Lewis Madill,Madill Lewis,Frederic ,MI,USA,NA,NA,NA,Bill lewis,NA
247550,2018,CLINTON70,Downriver,Canoe,A2,oc2stockalum,3,TRUE,37816,1253,1253,1211,16,143,3,142,susquehanna70,NA,TRUE,paddler,collieto01,Todd Collier,Collier Todd,Cooperstown,NY,USA,1,T,37816,NA,NA
247550,2018,CLINTON70,Downriver,Canoe,A2,oc2stockalum,3,TRUE,37816,1253,1253,1211,16,143,3,142,susquehanna70,NA,TRUE,paddler,bannerlu01,Luke Banner,Banner Luke,Cooperstown,NY,USA,1,T,37816,NA,NA
208206,2014,CLINTON70,Downriver,Kayak,KL2,k1unlimited,5,TRUE,37832,1254,1254,19,19,147,5,5,susquehanna70,NA,TRUE,paddler,NA,Jim Kazda,Kazda Jim,Candor,NY,USA,1,T,37832,NA,NA
247541,2018,CLINTON70,Downriver,Canoe,E17,oc2stock,18,TRUE,37906,1255,1255,1212,104,144,18,143,susquehanna70,NA,TRUE,paddler,mokansma01,Matthew Mokanski,Mokanski Matthew,Oshawa,ON,CAN,1,T,37906,NA,NA
247541,2018,CLINTON70,Downriver,Canoe,E17,oc2stock,18,TRUE,37906,1255,1255,1212,104,144,18,143,susquehanna70,NA,TRUE,paddler,fande01,Desmond Fan,Fan Desmond,Toronto,ON,CAN,1,T,37906,NA,NA
256315,2019,CLINTON70,Downriver,Canoe,F6,oc2stockmix,9,TRUE,37942,1256,1256,1213,36,150,9,140,susquehanna70,NA,TRUE,paddler,raceda01,Dan Race,Race Dan,Hyde Park,VT,USA,1,T,37942,NA,NA
256315,2019,CLINTON70,Downriver,Canoe,F6,oc2stockmix,9,TRUE,37942,1256,1256,1213,36,150,9,140,susquehanna70,NA,TRUE,paddler,NA,Molly Hatfield,Hatfield Molly,Hyde Park,VT,USA,1,T,37942,NA,NA
247576,2018,CLINTON70,Downriver,Canoe,J1,oc1,3,TRUE,37946,1257,1257,1214,33,145,3,144,susquehanna70,NA,TRUE,paddler,loeffltr01,Tres Loeffler,Loeffler Tres,Milford,NY,USA,1,T,37946,NA,NA
490012,2024,CLINTON70,Downriver,Canoe,E3,oc2stock,7,TRUE,37953,1258,1258,1215,105,104,7,101,susquehanna70,NA,TRUE,paddler,whitinwi01,Will Whiting,Whiting Will,Fultonville,NY,USA,NA,NA,NA,NA,NA
490012,2024,CLINTON70,Downriver,Canoe,E3,oc2stock,7,TRUE,37953,1258,1258,1215,105,104,7,101,susquehanna70,NA,TRUE,paddler,whitiner01,Erik Whiting,Whiting Erik,Ledyard,CT,USA,NA,NA,NA,NA,NA
237759,2017,CLINTON70,Downriver,Canoe,F3,oc2stockmix,6,TRUE,37960,1259,1259,1216,37,148,6,147,susquehanna70,NA,TRUE,paddler,paradial01,Alan Paradise,Paradise Alan,Pittsfield,NH,USA,1,T,37960,NA,NA
237759,2017,CLINTON70,Downriver,Canoe,F3,oc2stockmix,6,TRUE,37960,1259,1259,1216,37,148,6,147,susquehanna70,NA,TRUE,paddler,paradish01,Shelby Paradise,Paradise Shelby,Pittsfield,NH,USA,1,T,37960,NA,NA
436062,2023,CLINTON70,Downriver,Canoe,T6,oc2cruiser,9,TRUE,37964,1260,1260,1217,90,93,9,92,susquehanna70,NA,TRUE,paddler,mabeeas01,Ashton Mabee,Mabee Ashton,Bangor,ME,USA,NA,NA,NA,NA,NA
436062,2023,CLINTON70,Downriver,Canoe,T6,oc2cruiser,9,TRUE,37964,1260,1260,1217,90,93,9,92,susquehanna70,NA,TRUE,paddler,burkeja01,Jack Burke,Burke Jack,Hampden,ME,USA,NA,NA,NA,NA,NA
217295,2015,CLINTON70,Downriver,Canoe,E16,oc2stock,8,TRUE,37982,1261,1261,1218,106,112,8,109,susquehanna70,NA,TRUE,paddler,lafevedo01,Don Lafever,Lafever Don,Norwich,NY,USA,1,T,37982,NA,NA
217295,2015,CLINTON70,Downriver,Canoe,E16,oc2stock,8,TRUE,37982,1261,1261,1218,106,112,8,109,susquehanna70,NA,TRUE,paddler,NA,Scott Lafever,Lafever Scott,Leesburg,VA,USA,1,T,37982,NA,NA
227294,2016,CLINTON70,Downriver,Canoe,Y2,oc2cruiserwomen,4,TRUE,38007,1262,1262,1219,23,141,4,131,susquehanna70,NA,TRUE,paddler,mcduffly01,Lynne McDuffie,McDuffie Lynne,Robbins,NC,USA,1,T,38007,NA,NA
227294,2016,CLINTON70,Downriver,Canoe,Y2,oc2cruiserwomen,4,TRUE,38007,1262,1262,1219,23,141,4,131,susquehanna70,NA,TRUE,paddler,reinerpr01,Priscilla Reinertsen,Reinertsen Priscilla,Contoocook,NH,USA,1,T,38007,NA,NA
489990,2024,CLINTON70,Downriver,Unknown,G11,opentour,3,TRUE,38012,1263,1263,25,23,105,3,3,susquehanna70,NA,TRUE,paddler,NA,William McDuffie,McDuffie William,Robbins,NC,USA,NA,NA,NA,Palebellies,NA
489990,2024,CLINTON70,Downriver,Unknown,G11,opentour,3,TRUE,38012,1263,1263,25,23,105,3,3,susquehanna70,NA,TRUE,paddler,mcduffri01,River McDuffie,McDuffie River,Robbins,NC,USA,NA,NA,NA,Palebellies,NA
208266,2014,CLINTON70,Downriver,Canoe,R5,oc1stock,5,TRUE,38013,1264,1264,1220,12,148,5,143,susquehanna70,NA,TRUE,paddler,primmemi01,Michael Primmer,Primmer Michael,Oneonta,NY,USA,1,T,38013,NA,NA
208296,2014,CLINTON70,Downriver,Canoe,V10,oc2cruisermaster,9,TRUE,38015,1265,1265,1221,65,149,9,144,susquehanna70,NA,TRUE,paddler,marcyru01,Russell Marcy,Marcy Russell,Cooperstown,NY,USA,1,T,38015,NA,NA
208296,2014,CLINTON70,Downriver,Canoe,V10,oc2cruisermaster,9,TRUE,38015,1265,1265,1221,65,149,9,144,susquehanna70,NA,TRUE,paddler,daldegvi01,Vick Daldegan,Daldegan Vick,Worcester,NY,USA,1,T,38015,NA,NA
208123,2014,CLINTON70,Downriver,Canoe,A4,oc2stockalum,5,TRUE,38017,1266,1266,1222,17,150,5,145,susquehanna70,NA,TRUE,paddler,NA,Eric Lamanna,Lamanna Eric,Rochester,NY,USA,1,T,38017,NA,NA
208123,2014,CLINTON70,Downriver,Canoe,A4,oc2stockalum,5,TRUE,38017,1266,1266,1222,17,150,5,145,susquehanna70,NA,TRUE,paddler,NA,Steve Ost,Ost Steve,North Chili,NY,USA,1,T,38017,NA,NA
237752,2017,CLINTON70,Downriver,Canoe,E4,oc2stock,13,TRUE,38045,1267,1267,1223,107,149,13,148,susquehanna70,NA,TRUE,paddler,jonesti01,Tim Jones,Jones Tim,Smithfield,VA,USA,1,T,38045,NA,NA
237752,2017,CLINTON70,Downriver,Canoe,E4,oc2stock,13,TRUE,38045,1267,1267,1223,107,149,13,148,susquehanna70,NA,TRUE,paddler,perryji01,Jim Perry,Perry Jim,Lanexa,VA,USA,1,T,38045,NA,NA
436026,2023,CLINTON70,Downriver,Canoe,L7,oc1master,5,TRUE,38070,1268,1268,1224,68,94,5,93,susquehanna70,NA,TRUE,paddler,anusiest01,Stan Anusiewicz,Anusiewicz Stan,Brights Grove,ON,CAN,NA,NA,NA,NA,NA
237840,2017,CLINTON70,Downriver,Canoe,T11,oc2cruiser,15,TRUE,38080,1269,1269,1225,91,150,15,149,susquehanna70,NA,TRUE,paddler,NA,Michael Hamilton Jr.,Hamilton Jr. Michael,Oneonta,NY,USA,1,T,38080,NA,NA
237840,2017,CLINTON70,Downriver,Canoe,T11,oc2cruiser,15,TRUE,38080,1269,1269,1225,91,150,15,149,susquehanna70,NA,TRUE,paddler,NA,Michael Hamilton Sr.,Hamilton Sr. Michael,Yaphank,NY,USA,1,T,38080,NA,NA
227159,2016,CLINTON70,Downriver,Canoe,D2,oc2recmix,1,TRUE,38091,1270,1270,1226,5,142,1,132,susquehanna70,NA,TRUE,paddler,NA,Angus Campbell,Campbell Angus,Nelson House,MB,CAN,1,T,38091,NA,NA
227159,2016,CLINTON70,Downriver,Canoe,D2,oc2recmix,1,TRUE,38091,1270,1270,1226,5,142,1,132,susquehanna70,NA,TRUE,paddler,linklabo01,Bonnie Linklater,Linklater Bonnie,Nelson House,MB,CAN,1,T,38091,NA,NA
208199,2014,CLINTON70,Downriver,Canoe,J1,oc1,7,TRUE,38098,1271,1271,1227,34,151,7,146,susquehanna70,NA,TRUE,paddler,schlimfr01,Francis Schlimmer,Schlimmer Francis,Cortland,NY,USA,1,T,38098,NA,NA
208286,2014,CLINTON70,Downriver,Canoe,T1,oc2cruiser,10,TRUE,38105,1272,1272,1228,92,152,10,147,susquehanna70,NA,TRUE,paddler,buchhoge01,George Buchholz,Buchholz George,North Babylon,NY,USA,1,T,38105,NA,NA
208286,2014,CLINTON70,Downriver,Canoe,T1,oc2cruiser,10,TRUE,38105,1272,1272,1228,92,152,10,147,susquehanna70,NA,TRUE,paddler,buchhojo01,John Buchholz,Buchholz John,Cambridge,MA,USA,1,T,38105,NA,NA
237727,2017,CLINTON70,Downriver,Canoe,A8,oc2stockalum,3,TRUE,38116,1273,1273,1229,18,151,3,150,susquehanna70,NA,TRUE,paddler,danaev01,Eve Dana,Dana Eve,NA,NA,NA,1,T,38116,NA,NA
237727,2017,CLINTON70,Downriver,Canoe,A8,oc2stockalum,3,TRUE,38116,1273,1273,1229,18,151,3,150,susquehanna70,NA,TRUE,paddler,wardweju01,Justin Wardwell,Wardwell Justin,Hampden,ME,USA,1,T,38116,NA,NA
435983,2023,CLINTON70,Downriver,Canoe,C1,oc2rec,1,TRUE,38152,1274,1274,1230,20,95,1,94,susquehanna70,NA,TRUE,paddler,sherwobr01,Brett Sherwood,Sherwood Brett,Morris,NY,USA,NA,NA,NA,Team WCDO,NA
435983,2023,CLINTON70,Downriver,Canoe,C1,oc2rec,1,TRUE,38152,1274,1274,1230,20,95,1,94,susquehanna70,NA,TRUE,paddler,lullna01,Nate Lull,Lull Nate,Gilbertsville,NY,USA,NA,NA,NA,Team WCDO,NA
256332,2019,CLINTON70,Downriver,Canoe,J9,oc1,7,TRUE,38158,1275,1275,1231,35,151,7,141,susquehanna70,NA,TRUE,paddler,meaderbe01,Benjamin Meader,Meader Benjamin,South Bristol,ME,USA,1,T,38158,NA,NA
436065,2023,CLINTON70,Downriver,Canoe,U4,oc2cruisersenior,3,TRUE,38160,1276,1276,1232,39,96,3,95,susquehanna70,NA,TRUE,paddler,kellogje02,Jerry Kellogg,Kellogg Jerry,Morley,MI,USA,NA,NA,NA,A Blast From The Past,NA
436065,2023,CLINTON70,Downriver,Canoe,U4,oc2cruisersenior,3,TRUE,38160,1276,1276,1232,39,96,3,95,susquehanna70,NA,TRUE,paddler,robilllu01,Luc Robillard,Robillard Luc,Waitsfield,VT,USA,NA,NA,NA,A Blast From The Past,NA
217348,2015,CLINTON70,Downriver,Canoe,L4,oc1master,9,TRUE,38165,1277,1277,1233,69,113,9,110,susquehanna70,NA,TRUE,paddler,dipeleja01,Jim Dipelesi,Dipelesi Jim,Kings Park,NY,USA,1,T,38165,NA,NA
532320,2025,CLINTON70,Downriver,Unknown,G16,opentour,5,TRUE,38174,1278,1278,26,24,121,5,5,susquehanna70,NA,TRUE,paddler,NA,Jacob Taylor,Taylor Jacob,Otego,NY,USA,NA,NA,NA,Best Friends,NA
532320,2025,CLINTON70,Downriver,Unknown,G16,opentour,5,TRUE,38174,1278,1278,26,24,121,5,5,susquehanna70,NA,TRUE,paddler,NA,Ethan Mazzarella,Mazzarella Ethan,Bainbridge,NY,USA,NA,NA,NA,Best Friends,NA
227171,2016,CLINTON70,Downriver,Canoe,E17,oc2stock,11,TRUE,38185,1279,1279,1234,108,143,11,133,susquehanna70,NA,TRUE,paddler,fande01,Desmond Fan,Fan Desmond,Toronto,ON,CAN,1,T,38185,NA,NA
227171,2016,CLINTON70,Downriver,Canoe,E17,oc2stock,11,TRUE,38185,1279,1279,1234,108,143,11,133,susquehanna70,NA,TRUE,paddler,mokansma01,Matthew Mokanski,Mokanski Matthew,North York,ON,CAN,1,T,38185,NA,NA
208147,2014,CLINTON70,Downriver,Canoe,D1,oc2recmix,3,TRUE,38189,1280,1280,1235,6,153,3,148,susquehanna70,NA,TRUE,paddler,mattinji01,Jim Mattingly,Mattingly Jim,Theresa,NY,USA,1,T,38189,NA,NA
208147,2014,CLINTON70,Downriver,Canoe,D1,oc2recmix,3,TRUE,38189,1280,1280,1235,6,153,3,148,susquehanna70,NA,TRUE,paddler,turturlo01,Lorraine Turturro,Turturro Lorraine,Watertown,NY,USA,1,T,38189,NA,NA
217422,2015,CLINTON70,Downriver,Canoe,V6,oc2cruisermaster,8,TRUE,38195,1281,1281,1236,66,114,8,111,susquehanna70,NA,TRUE,paddler,buchhobl01,Blair Buchholz,Buchholz Blair,Wellsville,NY,USA,1,T,38195,NA,NA
217422,2015,CLINTON70,Downriver,Canoe,V6,oc2cruisermaster,8,TRUE,38195,1281,1281,1236,66,114,8,111,susquehanna70,NA,TRUE,paddler,nicoloja01,James Nicoloff,Nicoloff James,Hornell,NY,USA,1,T,38195,NA,NA
217312,2015,CLINTON70,Downriver,Canoe,G13,open,2,TRUE,38201,1282,1282,1237,23,115,2,112,susquehanna70,NA,TRUE,paddler,fisherdu01,Duke Fisher,Fisher Duke,Bainbridge,NY,USA,1,T,38201,NA,NA
217312,2015,CLINTON70,Downriver,Canoe,G13,open,2,TRUE,38201,1282,1282,1237,23,115,2,112,susquehanna70,NA,TRUE,paddler,fishergr01,Griffin Fisher,Fisher Griffin,Bainbridge,NY,USA,1,T,38201,NA,NA
490050,2024,CLINTON70,Downriver,Canoe,J2,oc1,2,TRUE,38214,1283,1283,1238,36,106,2,102,susquehanna70,NA,TRUE,paddler,breierky01,Kyle Breier,Breier Kyle,Oneonta,NY,USA,NA,NA,NA,Byle Kreier,NA
237783,2017,CLINTON70,Downriver,Canoe,L15,oc1master,10,TRUE,38223,1284,1284,1239,70,152,10,151,susquehanna70,NA,TRUE,paddler,deighabi01,Bill Deighan,Deighan Bill,Newburgh,ME,USA,1,T,38223,NA,NA
217296,2015,CLINTON70,Downriver,Canoe,E8,oc2stock,9,TRUE,38255,1285,1285,1240,109,116,9,113,susquehanna70,NA,TRUE,paddler,jesterbr01,Brian Jester,Jester Brian,Vestal,NY,USA,1,T,38255,NA,NA
217296,2015,CLINTON70,Downriver,Canoe,E8,oc2stock,9,TRUE,38255,1285,1285,1240,109,116,9,113,susquehanna70,NA,TRUE,paddler,eichlest01,Steve Eichler,Eichler Steve,Oneonta,NY,USA,1,T,38255,NA,NA
490013,2024,CLINTON70,Downriver,Canoe,E6,oc2stock,8,TRUE,38258,1286,1286,1241,110,107,8,103,susquehanna70,NA,TRUE,paddler,maddalan01,Andrew Maddalone,Maddalone Andrew,Bainbridge,NY,USA,NA,NA,NA,NA,NA
490013,2024,CLINTON70,Downriver,Canoe,E6,oc2stock,8,TRUE,38258,1286,1286,1241,110,107,8,103,susquehanna70,NA,TRUE,paddler,pricero01,Rod Price,Price Rod,Orlando,FL,USA,NA,NA,NA,NA,NA
532321,2025,CLINTON70,Downriver,Unknown,G4,opentour,6,TRUE,38258,1287,1287,27,25,122,6,6,susquehanna70,NA,TRUE,paddler,NA,Lance Thomas,Thomas Lance,Oneonta,NY,USA,NA,NA,NA,Have A Day,NA
532321,2025,CLINTON70,Downriver,Unknown,G4,opentour,6,TRUE,38258,1287,1287,27,25,122,6,6,susquehanna70,NA,TRUE,paddler,NA,Alex Scorzafava,Scorzafava Alex,Oneonta,NY,USA,NA,NA,NA,Have A Day,NA
227172,2016,CLINTON70,Downriver,Canoe,E1,oc2stock,12,TRUE,38262,1288,1288,1242,111,144,12,134,susquehanna70,NA,TRUE,paddler,NA,Brian Loskamp,Loskamp Brian,Babylon,NY,USA,1,T,38262,NA,NA
227172,2016,CLINTON70,Downriver,Canoe,E1,oc2stock,12,TRUE,38262,1288,1288,1242,111,144,12,134,susquehanna70,NA,TRUE,paddler,buchhoge01,George Buchholz,Buchholz George,North Babylon,NY,USA,1,T,38262,NA,NA
237753,2017,CLINTON70,Downriver,Canoe,E12,oc2stock,14,TRUE,38269,1289,1289,1243,112,153,14,152,susquehanna70,NA,TRUE,paddler,NA,Christopher Brown,Brown Christopher,Washington,DC,USA,1,T,38269,NA,NA
237753,2017,CLINTON70,Downriver,Canoe,E12,oc2stock,14,TRUE,38269,1289,1289,1243,112,153,14,152,susquehanna70,NA,TRUE,paddler,NA,Doug Brooks,Brooks Doug,Washington,DC,USA,1,T,38269,NA,NA
217331,2015,CLINTON70,Downriver,Canoe,J3,oc1,4,TRUE,38272,1290,1290,1244,37,117,4,114,susquehanna70,NA,TRUE,paddler,loeffltr01,Tres Loeffler,Loeffler Tres,Milford,NY,USA,1,T,38272,NA,NA
227222,2016,CLINTON70,Downriver,Canoe,L14,oc1master,7,TRUE,38277,1291,1291,1245,71,145,7,135,susquehanna70,NA,TRUE,paddler,stonemdo01,Don Stoneman,Stoneman Don,Cambridge,ON,CAN,1,T,38277,NA,NA
237771,2017,CLINTON70,Downriver,Canoe,R2,oc1stock,1,TRUE,38279,1292,1292,1246,13,154,1,153,susquehanna70,NA,TRUE,paddler,nearch01,Chris Near,Near Chris,Huntsville,ON,CAN,1,T,38279,NA,NA
227149,2016,CLINTON70,Downriver,Canoe,B11,oc4stock,10,TRUE,38303,1293,1293,1247,67,146,10,136,susquehanna70,NA,TRUE,paddler,krehbiaa01,Aaron Krehbiel,Krehbiel Aaron,Buffalo,NY,USA,1,T,38303,NA,NA
227149,2016,CLINTON70,Downriver,Canoe,B11,oc4stock,10,TRUE,38303,1293,1293,1247,67,146,10,136,susquehanna70,NA,TRUE,paddler,NA,Dan Farrell,Farrell Dan,Buffalo,NY,USA,1,T,38303,NA,NA
227149,2016,CLINTON70,Downriver,Canoe,B11,oc4stock,10,TRUE,38303,1293,1293,1247,67,146,10,136,susquehanna70,NA,TRUE,paddler,NA,Esmerelda Jiminez,Jiminez Esmerelda,Buffalo,NY,USA,1,T,38303,NA,NA
227149,2016,CLINTON70,Downriver,Canoe,B11,oc4stock,10,TRUE,38303,1293,1293,1247,67,146,10,136,susquehanna70,NA,TRUE,paddler,NA,Fran Wagner,Wagner Fran,Buffalo,NY,USA,1,T,38303,NA,NA
227132,2016,CLINTON70,Downriver,Canoe,A1,oc2stockalum,3,TRUE,38332,1294,1294,1248,19,147,3,137,susquehanna70,NA,TRUE,paddler,NA,Dustin Dumond,Dumond Dustin,Bainbridge,NY,USA,1,T,38332,NA,NA
227132,2016,CLINTON70,Downriver,Canoe,A1,oc2stockalum,3,TRUE,38332,1294,1294,1248,19,147,3,137,susquehanna70,NA,TRUE,paddler,NA,Nathan Seymour,Seymour Nathan,Bainbridge,NY,USA,1,T,38332,NA,NA
227232,2016,CLINTON70,Downriver,Canoe,R4,oc1stock,2,TRUE,38344,1295,1295,1249,14,148,2,138,susquehanna70,NA,TRUE,paddler,newmanje01,Jeff Newman,Newman Jeff,Unadilla,NY,USA,1,T,38344,NA,NA
532389,2025,CLINTON70,Downriver,Canoe,Y2,oc2cruiserwomen,3,TRUE,38352,1296,1296,1250,24,123,3,115,susquehanna70,NA,TRUE,paddler,reinerpr01,Priscilla Reinertsen,Reinertsen Priscilla,Contoocook,NH,USA,NA,NA,NA,NA,NA
532389,2025,CLINTON70,Downriver,Canoe,Y2,oc2cruiserwomen,3,TRUE,38352,1296,1296,1250,24,123,3,115,susquehanna70,NA,TRUE,paddler,helferel01,Elizabeth Helfer,Helfer Elizabeth,Waltham,MA,USA,NA,NA,NA,NA,NA
370128,2022,CLINTON70,Downriver,Canoe,E6,oc2stock,7,TRUE,38376,1297,1297,1251,113,103,7,100,susquehanna70,NA,TRUE,paddler,NA,Brian Loskamp,Loskamp Brian,Long Beach,CA,USA,NA,NA,NA,Brian and JorJ,NA
370128,2022,CLINTON70,Downriver,Canoe,E6,oc2stock,7,TRUE,38376,1297,1297,1251,113,103,7,100,susquehanna70,NA,TRUE,paddler,buchhoge01,George Buchholz,Buchholz George,Ithaca,NY,USA,NA,NA,NA,Brian and JorJ,NA
208124,2014,CLINTON70,Downriver,Canoe,A8,oc2stockalum,6,TRUE,38383,1298,1298,1252,20,154,6,149,susquehanna70,NA,TRUE,paddler,NA,Bryan Beers,Beers Bryan,Mount Vision,NY,USA,1,T,38383,NA,NA
208124,2014,CLINTON70,Downriver,Canoe,A8,oc2stockalum,6,TRUE,38383,1298,1298,1252,20,154,6,149,susquehanna70,NA,TRUE,paddler,NA,Josh Johnson,Johnson Josh,Mt. Vision,NY,USA,1,T,38383,NA,NA
227150,2016,CLINTON70,Downriver,Canoe,B9,oc4stock,11,TRUE,38388,1299,1299,1253,68,149,11,139,susquehanna70,NA,TRUE,paddler,gilesam01,Amber Giles,Giles Amber,Bainbridge,NY,USA,1,T,38388,NA,NA
227150,2016,CLINTON70,Downriver,Canoe,B9,oc4stock,11,TRUE,38388,1299,1299,1253,68,149,11,139,susquehanna70,NA,TRUE,paddler,fisherbu01,Buddy Fisher,Fisher Buddy,Bainbridge,NY,USA,1,T,38388,NA,NA
227150,2016,CLINTON70,Downriver,Canoe,B9,oc4stock,11,TRUE,38388,1299,1299,1253,68,149,11,139,susquehanna70,NA,TRUE,paddler,fisherdu01,Duke Fisher,Fisher Duke,Bainbridge,NY,USA,1,T,38388,NA,NA
227150,2016,CLINTON70,Downriver,Canoe,B9,oc4stock,11,TRUE,38388,1299,1299,1253,68,149,11,139,susquehanna70,NA,TRUE,paddler,NA,Wyatt Mosher,Mosher Wyatt,Bainbridge,NY,USA,1,T,38388,NA,NA
532366,2025,CLINTON70,Downriver,Canoe,L6,oc1master,7,TRUE,38398,1300,1300,1254,72,124,7,116,susquehanna70,NA,TRUE,paddler,casalejo01,John Casale,Casale John,Southampton ,MA,USA,NA,NA,NA,NA,NA
532374,2025,CLINTON70,Downriver,Canoe,R5,oc1stock,5,TRUE,38399,1301,1301,1255,15,125,5,117,susquehanna70,NA,TRUE,paddler,NA,Mark Kogutowski,Kogutowski Mark,Grand Island,NY,USA,NA,NA,NA,Scajaquada Canoe Club,NA
217313,2015,CLINTON70,Downriver,Canoe,G16,open,3,TRUE,38407,1302,1302,1256,24,118,3,115,susquehanna70,NA,TRUE,paddler,watsonbr01,Brian Watson,Watson Brian,Watertown,NY,USA,1,T,38407,NA,NA
217313,2015,CLINTON70,Downriver,Canoe,G16,open,3,TRUE,38407,1302,1302,1256,24,118,3,115,susquehanna70,NA,TRUE,paddler,goodnofr01,Fred Goodnough,Goodnough Fred,Theresa,NY,USA,1,T,38407,NA,NA
256280,2019,CLINTON70,Downriver,Canoe,C4,oc2rec,2,TRUE,38412,1303,1303,1257,21,152,2,142,susquehanna70,NA,TRUE,paddler,NA,Justin McMillan,McMillan Justin,Unadilla,NY,USA,1,T,38412,NA,NA
256280,2019,CLINTON70,Downriver,Canoe,C4,oc2rec,2,TRUE,38412,1303,1303,1257,21,152,2,142,susquehanna70,NA,TRUE,paddler,NA,Alex Hoskins,Hoskins Alex,Sidney,NY,USA,1,T,38412,NA,NA
247588,2018,CLINTON70,Downriver,Canoe,R3,oc1stock,2,TRUE,38437,1304,1304,1258,16,146,2,145,susquehanna70,NA,TRUE,paddler,staubach01,Chad Staubach,Staubach Chad,Altamont,NY,USA,1,T,38437,NA,NA
256261,2019,CLINTON70,Downriver,Unknown,G1,opentour,9,TRUE,38442,1305,1305,28,26,153,9,9,susquehanna70,NA,TRUE,paddler,NA,Charles Goodnough,Goodnough Charles,Theresa,NY,USA,1,T,38442,NA,NA
256261,2019,CLINTON70,Downriver,Unknown,G1,opentour,9,TRUE,38442,1305,1305,28,26,153,9,9,susquehanna70,NA,TRUE,paddler,watsonbr01,Brian Watson,Watson Brian,Watertown,NY,USA,1,T,38442,NA,NA
247563,2018,CLINTON70,Downriver,Canoe,G4,opentour,7,TRUE,38452,1306,1306,1259,27,147,7,146,susquehanna70,NA,TRUE,paddler,watsonbr01,Brian Watson,Watson Brian,Watertown,NY,USA,1,T,38452,NA,NA
247563,2018,CLINTON70,Downriver,Canoe,G4,opentour,7,TRUE,38452,1306,1306,1259,27,147,7,146,susquehanna70,NA,TRUE,paddler,NA,Charles Goodnough,Goodnough Charles,Theresa,NY,USA,1,T,38452,NA,NA
217439,2015,CLINTON70,Downriver,Canoe,Y1,oc2cruiserwomen,2,TRUE,38471,1307,1307,1260,25,119,2,116,susquehanna70,NA,TRUE,paddler,jeanesju01,Judy Jeanes,Jeanes Judy,Devon,PA,USA,1,T,38471,NA,NA
217439,2015,CLINTON70,Downriver,Canoe,Y1,oc2cruiserwomen,2,TRUE,38471,1307,1307,1260,25,119,2,116,susquehanna70,NA,TRUE,paddler,NA,Maureen Leardi,Leardi Maureen,Philadelphia,PA,USA,1,T,38471,NA,NA
208297,2014,CLINTON70,Downriver,Canoe,V4,oc2cruisermaster,10,TRUE,38481,1308,1308,1261,67,155,10,150,susquehanna70,NA,TRUE,paddler,perryji01,Jim Perry,Perry Jim,Smithfield,VA,USA,1,T,38481,NA,NA
208297,2014,CLINTON70,Downriver,Canoe,V4,oc2cruisermaster,10,TRUE,38481,1308,1308,1261,67,155,10,150,susquehanna70,NA,TRUE,paddler,jonesti01,Tim Jones,Jones Tim,Smithfield,VA,USA,1,T,38481,NA,NA
532341,2025,CLINTON70,Downriver,Canoe,E5,oc2stock,8,TRUE,38484,1309,1309,1262,114,126,8,118,susquehanna70,NA,TRUE,paddler,nicoloja01,James Nicoloff,Nicoloff James,Hornell,NY,USA,NA,NA,NA,Lions,NA
532341,2025,CLINTON70,Downriver,Canoe,E5,oc2stock,8,TRUE,38484,1309,1309,1262,114,126,8,118,susquehanna70,NA,TRUE,paddler,NA,Frank Davies,Davies Frank,Malabar,FL,USA,NA,NA,NA,Lions,NA
436027,2023,CLINTON70,Downriver,Canoe,L15,oc1master,6,TRUE,38490,1310,1310,1263,73,97,6,96,susquehanna70,NA,TRUE,paddler,lafeveja01,Jim Lafever,Lafever Jim,Unadilla,NY,USA,NA,NA,NA,NA,NA
227223,2016,CLINTON70,Downriver,Canoe,L4,oc1master,8,TRUE,38514,1311,1311,1264,74,150,8,140,susquehanna70,NA,TRUE,paddler,inghamco01,Colin Ingham,Ingham Colin,Okatie,SC,USA,1,T,38514,NA,NA
208267,2014,CLINTON70,Downriver,Canoe,R1,oc1stock,6,TRUE,38521,1312,1312,1265,17,156,6,151,susquehanna70,NA,TRUE,paddler,NA,Thomas Givens,Givens Thomas,Rougemont,NC,USA,1,T,38521,NA,NA
208141,2014,CLINTON70,Downriver,Canoe,C5,oc2rec,4,TRUE,38522,1313,1313,1266,22,157,4,152,susquehanna70,NA,TRUE,paddler,bachorst01,Steven Bachorik Jr.,Bachorik Jr. Steven,Hartwick,NY,USA,1,T,38522,NA,NA
208141,2014,CLINTON70,Downriver,Canoe,C5,oc2rec,4,TRUE,38522,1313,1313,1266,22,157,4,152,susquehanna70,NA,TRUE,paddler,NA,Steven Bochorik Sr.,Bochorik Sr. Steven,Hartwick,NY,USA,1,T,38522,NA,NA
435993,2023,CLINTON70,Downriver,Canoe,E11,oc2stock,7,TRUE,38533,1314,1314,1267,115,98,7,97,susquehanna70,NA,TRUE,paddler,wesselri01,Richard Wessels,Wessels Richard,Chesapeake,VA,USA,NA,NA,NA,WessLee,NA
435993,2023,CLINTON70,Downriver,Canoe,E11,oc2stock,7,TRUE,38533,1314,1314,1267,115,98,7,97,susquehanna70,NA,TRUE,paddler,NA,Wayne Duncan,Duncan Wayne,Ivor,VA,USA,NA,NA,NA,WessLee,NA
227181,2016,CLINTON70,Downriver,Canoe,F1,oc2stockmix,4,TRUE,38553,1315,1315,1268,38,151,4,141,susquehanna70,NA,TRUE,paddler,paradial01,Alan Paradise,Paradise Alan,Pittsfield,NH,USA,1,T,38553,NA,NA
227181,2016,CLINTON70,Downriver,Canoe,F1,oc2stockmix,4,TRUE,38553,1315,1315,1268,38,151,4,141,susquehanna70,NA,TRUE,paddler,paradish01,Shelby Paradise,Paradise Shelby,Pittsfield,NH,USA,1,T,38553,NA,NA
435998,2023,CLINTON70,Downriver,Canoe,F1,oc2stockmix,1,TRUE,38579,1316,1316,1269,39,99,1,98,susquehanna70,NA,TRUE,paddler,NA,Julie Burkholder,Burkholder Julie,Niskayuna,NY,USA,NA,NA,NA,Herrmanator,NA
435998,2023,CLINTON70,Downriver,Canoe,F1,oc2stockmix,1,TRUE,38579,1316,1316,1269,39,99,1,98,susquehanna70,NA,TRUE,paddler,herrmast01,Steve Herrmann,Herrmann Steve,West Oneonta,NY,USA,NA,NA,NA,Herrmanator,NA
436041,2023,CLINTON70,Downriver,Canoe,V6,oc2cruisermaster,6,TRUE,38590,1317,1317,1270,68,100,6,99,susquehanna70,NA,TRUE,paddler,newmanje01,Jeff Newman,Newman Jeff,Unadilla,NY,USA,NA,NA,NA,Clydesdale Pulling Team,NA
436041,2023,CLINTON70,Downriver,Canoe,V6,oc2cruisermaster,6,TRUE,38590,1317,1317,1270,68,100,6,99,susquehanna70,NA,TRUE,paddler,maierjo01,John Maier,Maier John,Otego,NY,USA,NA,NA,NA,Clydesdale Pulling Team,NA
435999,2023,CLINTON70,Downriver,Canoe,F5,oc2stockmix,2,TRUE,38591,1318,1318,1271,40,101,2,100,susquehanna70,NA,TRUE,paddler,lafevedo01,Don Lafever,Lafever Don,Norwich,NY,USA,NA,NA,NA,NA,NA
435999,2023,CLINTON70,Downriver,Canoe,F5,oc2stockmix,2,TRUE,38591,1318,1318,1271,40,101,2,100,susquehanna70,NA,TRUE,paddler,swislome01,Melissa Swislosky,Swislosky Melissa,Mount Upton,NY,USA,NA,NA,NA,NA,NA
256348,2019,CLINTON70,Downriver,Kayak,KL1,k1unlimited,3,TRUE,38599,1319,1319,20,20,154,3,3,susquehanna70,NA,TRUE,paddler,NA,Michael Mros,Mros Michael,FALLS CHURCH,VA,USA,1,T,38599,NA,NA
217297,2015,CLINTON70,Downriver,Canoe,E6,oc2stock,10,TRUE,38605,1320,1320,1272,116,120,10,117,susquehanna70,NA,TRUE,paddler,deabrmi01,Mike De Abreu,De Abreu Mike,Arnprior,ON,CAN,1,T,38605,NA,NA
217297,2015,CLINTON70,Downriver,Canoe,E6,oc2stock,10,TRUE,38605,1320,1320,1272,116,120,10,117,susquehanna70,NA,TRUE,paddler,phillito01,Tom Phillips,Phillips Tom,Gloucester,ON,CAN,1,T,38605,NA,NA
532349,2025,CLINTON70,Downriver,Canoe,F1,oc2stockmix,7,TRUE,38607,1321,1321,1273,41,127,7,119,susquehanna70,NA,TRUE,paddler,NA,Robert Bofinger,Bofinger Robert,New Market,MD,USA,NA,NA,NA,Rode Waves,NA
532349,2025,CLINTON70,Downriver,Canoe,F1,oc2stockmix,7,TRUE,38607,1321,1321,1273,41,127,7,119,susquehanna70,NA,TRUE,paddler,NA,Deb Bofinger,Bofinger Deb,New Market,MD,USA,NA,NA,NA,Rode Waves,NA
237728,2017,CLINTON70,Downriver,Canoe,A5,oc2stockalum,4,TRUE,38631,1322,1322,1274,21,155,4,154,susquehanna70,NA,TRUE,paddler,NA,Dustin DuMond,DuMond Dustin,Bainbridge,NY,USA,1,T,38631,NA,NA
237728,2017,CLINTON70,Downriver,Canoe,A5,oc2stockalum,4,TRUE,38631,1322,1322,1274,21,155,4,154,susquehanna70,NA,TRUE,paddler,NA,Nathan Seymour,Seymour Nathan,Bainbridge,NY,USA,1,T,38631,NA,NA
217280,2015,CLINTON70,Downriver,Canoe,B8,oc4stock,8,TRUE,38631,1323,1323,1275,69,121,8,118,susquehanna70,NA,TRUE,paddler,NA,Cary Ashley,Ashley Cary,Syracuse,NY,USA,1,T,38631,NA,NA
217280,2015,CLINTON70,Downriver,Canoe,B8,oc4stock,8,TRUE,38631,1323,1323,1275,69,121,8,118,susquehanna70,NA,TRUE,paddler,crouchho01,Holly Crouch,Crouch Holly,Sherburne,NY,USA,1,T,38631,NA,NA
217280,2015,CLINTON70,Downriver,Canoe,B8,oc4stock,8,TRUE,38631,1323,1323,1275,69,121,8,118,susquehanna70,NA,TRUE,paddler,vermiljo01,Jon Vermilyea,Vermilyea Jon,Syracuse,NY,USA,1,T,38631,NA,NA
217280,2015,CLINTON70,Downriver,Canoe,B8,oc4stock,8,TRUE,38631,1323,1323,1275,69,121,8,118,susquehanna70,NA,TRUE,paddler,repakpa01,Paul Repak,Repak Paul,Boonsville,NY,USA,1,T,38631,NA,NA
247577,2018,CLINTON70,Downriver,Canoe,J3,oc1,4,TRUE,38642,1324,1324,1276,38,148,4,147,susquehanna70,NA,TRUE,paddler,meaderbe01,Benjamin Meader,Meader Benjamin,Newcastle,ME,USA,1,T,38642,NA,NA
370109,2022,CLINTON70,Downriver,Unknown,G10,opentour,3,TRUE,38698,1325,1325,29,28,104,3,3,susquehanna70,NA,TRUE,paddler,NA,Tim Barry,Barry Tim,Seal Beach,CA,USA,NA,NA,NA,NA,NA
370109,2022,CLINTON70,Downriver,Unknown,G10,opentour,3,TRUE,38698,1325,1325,29,28,104,3,3,susquehanna70,NA,TRUE,paddler,NA,Douglas Barthold,Barthold Douglas,Seattle,WA,USA,NA,NA,NA,NA,NA
370103,2022,CLINTON70,Downriver,Canoe,B1,oc4stock,6,TRUE,38699,1326,1326,1277,70,105,6,101,susquehanna70,NA,TRUE,paddler,NA,Masako Ohashi,Ohashi Masako,NA,NA,NA,NA,NA,NA,Notorious,NA
370103,2022,CLINTON70,Downriver,Canoe,B1,oc4stock,6,TRUE,38699,1326,1326,1277,70,105,6,101,susquehanna70,NA,TRUE,paddler,monteomo01,Monica Monteon,Monteon Monica,NA,NA,NA,NA,NA,NA,Notorious,NA
370103,2022,CLINTON70,Downriver,Canoe,B1,oc4stock,6,TRUE,38699,1326,1326,1277,70,105,6,101,susquehanna70,NA,TRUE,paddler,goodalsh01,Sharon Goodall,Goodall Sharon,NA,NA,NA,NA,NA,NA,Notorious,NA
370103,2022,CLINTON70,Downriver,Canoe,B1,oc4stock,6,TRUE,38699,1326,1326,1277,70,105,6,101,susquehanna70,NA,TRUE,paddler,NA,Elizabeth Pennisi,Pennisi Elizabeth,Arlington,VA,USA,NA,NA,NA,Notorious,NA
227208,2016,CLINTON70,Downriver,Canoe,J3,oc1,3,TRUE,38703,1327,1327,1278,39,152,3,142,susquehanna70,NA,TRUE,paddler,loeffltr01,Tres Loeffler,Loeffler Tres,Milford,NY,USA,1,T,38703,NA,NA
532330,2025,CLINTON70,Downriver,Canoe,A2,oc2stockalum,1,TRUE,38733,1328,1328,1279,22,128,1,120,susquehanna70,NA,TRUE,paddler,walleybi01,Bill Walley,Walley Bill,Walton,NY,USA,NA,NA,NA,NA,NA
532330,2025,CLINTON70,Downriver,Canoe,A2,oc2stockalum,1,TRUE,38733,1328,1328,1279,22,128,1,120,susquehanna70,NA,TRUE,paddler,NA,Grace Walley,Walley Grace,Walton,NY,USA,NA,NA,NA,NA,NA
370110,2022,CLINTON70,Downriver,Unknown,G5,opentour,4,TRUE,38758,1329,1329,30,29,106,4,4,susquehanna70,NA,TRUE,paddler,gilesam01,Amber Giles,Giles Amber,Bainbridge ,NY,USA,NA,NA,NA,NA,NA
370110,2022,CLINTON70,Downriver,Unknown,G5,opentour,4,TRUE,38758,1329,1329,30,29,106,4,4,susquehanna70,NA,TRUE,paddler,fisherdu01,Duke Fisher,Fisher Duke,Bainbridge,NY,USA,NA,NA,NA,NA,NA
247520,2018,CLINTON70,Downriver,Canoe,F6,oc2stockmix,5,TRUE,38806,1330,1330,1280,42,149,5,148,susquehanna70,NA,TRUE,paddler,paradial01,Alan Paradise,Paradise Alan,Pittsfield,NH,USA,1,T,38806,NA,NA
247520,2018,CLINTON70,Downriver,Canoe,F6,oc2stockmix,5,TRUE,38806,1330,1330,1280,42,149,5,148,susquehanna70,NA,TRUE,paddler,paradish01,Shelby Paradise,Paradise Shelby,Pittsfield,NH,USA,1,T,38806,NA,NA
227191,2016,CLINTON70,Downriver,Unknown,G6,open,9,TRUE,38807,1331,1331,31,25,153,9,9,susquehanna70,NA,TRUE,paddler,bilsbade01,Denise Bilsback,Bilsback Denise,Webster,NY,USA,1,T,38807,NA,NA
227191,2016,CLINTON70,Downriver,Unknown,G6,open,9,TRUE,38807,1331,1331,31,25,153,9,9,susquehanna70,NA,TRUE,paddler,bilsbari01,Richard Bilsback,Bilsback Richard,Webster,NY,USA,1,T,38807,NA,NA
256333,2019,CLINTON70,Downriver,Canoe,J1,oc1,8,TRUE,38811,1332,1332,1281,40,155,8,143,susquehanna70,NA,TRUE,paddler,NA,william parry,parry william,Morrisville,NY,USA,1,T,38811,NA,NA
370114,2022,CLINTON70,Downriver,Canoe,A4,oc2stockalum,1,TRUE,38811,1333,1333,1282,23,107,1,102,susquehanna70,NA,TRUE,paddler,NA,Dalton Walley,Walley Dalton,Walton,NY,USA,NA,NA,NA,NA,NA
370114,2022,CLINTON70,Downriver,Canoe,A4,oc2stockalum,1,TRUE,38811,1333,1333,1282,23,107,1,102,susquehanna70,NA,TRUE,paddler,walleybi01,Bill Walley,Walley Bill,Walton,NY,USA,NA,NA,NA,NA,NA
490033,2024,CLINTON70,Downriver,Canoe,B4,oc4stock,5,TRUE,38838,1334,1334,1283,71,108,5,104,susquehanna70,NA,TRUE,paddler,crouchho01,Holly Crouch,Crouch Holly,Sherburne,NY,USA,NA,NA,NA,Paddling Women,NA
490033,2024,CLINTON70,Downriver,Canoe,B4,oc4stock,5,TRUE,38838,1334,1334,1283,71,108,5,104,susquehanna70,NA,TRUE,paddler,greineki01,Kim Greiner,Greiner Kim,Esperance,NY,USA,NA,NA,NA,Paddling Women,NA
490033,2024,CLINTON70,Downriver,Canoe,B4,oc4stock,5,TRUE,38838,1334,1334,1283,71,108,5,104,susquehanna70,NA,TRUE,paddler,NA,Ann Stitt,Stitt Ann,Ballston Lake,NY,USA,NA,NA,NA,Paddling Women,NA
490033,2024,CLINTON70,Downriver,Canoe,B4,oc4stock,5,TRUE,38838,1334,1334,1283,71,108,5,104,susquehanna70,NA,TRUE,paddler,reinerpr01,Priscilla Reinertsen,Reinertsen Priscilla,Contoocook,NH,USA,NA,NA,NA,Paddling Women,NA
247521,2018,CLINTON70,Downriver,Canoe,F8,oc2stockmix,6,TRUE,38883,1335,1335,1284,43,150,6,149,susquehanna70,NA,TRUE,paddler,NA,Mark Kogutowski,Kogutowski Mark,Buffalo,NY,USA,1,T,38883,NA,NA
247521,2018,CLINTON70,Downriver,Canoe,F8,oc2stockmix,6,TRUE,38883,1335,1335,1284,43,150,6,149,susquehanna70,NA,TRUE,paddler,NA,Esmeralda (Es) Jimenez,Jimenez Esmeralda (Es),Buffalo,NY,USA,1,T,38883,NA,NA
436009,2023,CLINTON70,Downriver,Canoe,B4,oc4stock,6,TRUE,38898,1336,1336,1285,72,102,6,101,susquehanna70,NA,TRUE,paddler,NA,Emilia Rastrick,Rastrick Emilia,Fairfax,VA,USA,NA,NA,NA,Marshall in the Middle,NA
436009,2023,CLINTON70,Downriver,Canoe,B4,oc4stock,6,TRUE,38898,1336,1336,1285,72,102,6,101,susquehanna70,NA,TRUE,paddler,rammli01,Lisa Ramm,Ramm Lisa,Alexandria,VA,USA,NA,NA,NA,Marshall in the Middle,NA
436009,2023,CLINTON70,Downriver,Canoe,B4,oc4stock,6,TRUE,38898,1336,1336,1285,72,102,6,101,susquehanna70,NA,TRUE,paddler,NA,Lisa Man,Man Lisa,Arlington,VA,USA,NA,NA,NA,Marshall in the Middle,NA
436009,2023,CLINTON70,Downriver,Canoe,B4,oc4stock,6,TRUE,38898,1336,1336,1285,72,102,6,101,susquehanna70,NA,TRUE,paddler,NA,Marshall Hoskins,Hoskins Marshall,NA,NA,NA,NA,NA,NA,Marshall in the Middle,NA
237772,2017,CLINTON70,Downriver,Canoe,R4,oc1stock,2,TRUE,38898,1337,1337,1286,18,156,2,155,susquehanna70,NA,TRUE,paddler,primmemi01,Michael Primmer,Primmer Michael,Oneonta,NY,USA,1,T,38898,NA,NA
227133,2016,CLINTON70,Downriver,Canoe,A7,oc2stockalum,4,TRUE,38935,1338,1338,1287,24,154,4,143,susquehanna70,NA,TRUE,paddler,bagleyje01,Jeff Bagley,Bagley Jeff,Sidney,NY,USA,1,T,38935,NA,NA
227133,2016,CLINTON70,Downriver,Canoe,A7,oc2stockalum,4,TRUE,38935,1338,1338,1287,24,154,4,143,susquehanna70,NA,TRUE,paddler,NA,Mike Knapp,Knapp Mike,Germantown,MD,USA,1,T,38935,NA,NA
208176,2014,CLINTON70,Downriver,Canoe,G13,open,10,TRUE,38954,1339,1339,1288,26,158,10,153,susquehanna70,NA,TRUE,paddler,roosabe01,Ben Roosa,Roosa Ben,Bainbridge,NY,USA,1,T,38954,NA,NA
208176,2014,CLINTON70,Downriver,Canoe,G13,open,10,TRUE,38954,1339,1339,1288,26,158,10,153,susquehanna70,NA,TRUE,paddler,NA,Hannah George,George Hannah,Ithaca,NY,USA,1,T,38954,NA,NA
247564,2018,CLINTON70,Downriver,Canoe,G18,opentour,8,TRUE,38977,1340,1340,1289,30,151,8,150,susquehanna70,NA,TRUE,paddler,NA,Malorie Jordan,Jordan Malorie,franklin,NY,USA,1,T,38977,NA,NA
247564,2018,CLINTON70,Downriver,Canoe,G18,opentour,8,TRUE,38977,1340,1340,1289,30,151,8,150,susquehanna70,NA,TRUE,paddler,NA,Jason Jordan,Jordan Jason,Franklin,NY,USA,1,T,38977,NA,NA
208125,2014,CLINTON70,Downriver,Canoe,A10,oc2stockalum,7,TRUE,39007,1341,1341,1290,25,159,7,154,susquehanna70,NA,TRUE,paddler,NA,Dustin Dumond,Dumond Dustin,Bainbridge,NY,USA,1,T,39007,NA,NA
208125,2014,CLINTON70,Downriver,Canoe,A10,oc2stockalum,7,TRUE,39007,1341,1341,1290,25,159,7,154,susquehanna70,NA,TRUE,paddler,NA,Nathan Seymour,Seymour Nathan,Bainbridge,NY,USA,1,T,39007,NA,NA
490022,2024,CLINTON70,Downriver,Canoe,F2,oc2stockmix,4,TRUE,39009,1342,1342,1291,44,109,4,105,susquehanna70,NA,TRUE,paddler,risingal01,Allisen Risinger,Risinger Allisen,Saco,ME,USA,NA,NA,NA,Risinger River Rats,NA
490022,2024,CLINTON70,Downriver,Canoe,F2,oc2stockmix,4,TRUE,39009,1342,1342,1291,44,109,4,105,susquehanna70,NA,TRUE,paddler,risingma01,Mark Risinger,Risinger Mark,Saco,ME,USA,NA,NA,NA,Risinger River Rats,NA
256262,2019,CLINTON70,Downriver,Unknown,G110,opentour,10,TRUE,39014,1343,1343,32,31,156,10,10,susquehanna70,NA,TRUE,paddler,NA,Jason Blanchard,Blanchard Jason,Charlotte,NC,USA,1,T,39014,NA,NA
532378,2025,CLINTON70,Downriver,Kayak,KL2,k1unlimited,3,TRUE,39025,1344,1344,21,21,129,3,3,susquehanna70,NA,TRUE,paddler,luntpa01,Paula Lunt,Lunt Paula,Tenants Harbor,ME,USA,NA,NA,NA,NA,NA
217298,2015,CLINTON70,Downriver,Canoe,E7,oc2stock,11,TRUE,39027,1345,1345,1292,117,122,11,119,susquehanna70,NA,TRUE,paddler,fande01,Desmond Fan,Fan Desmond,Toronto,ON,CAN,1,T,39027,NA,NA
217298,2015,CLINTON70,Downriver,Canoe,E7,oc2stock,11,TRUE,39027,1345,1345,1292,117,122,11,119,susquehanna70,NA,TRUE,paddler,mokansma01,Matthew Mokanski,Mokanski Matthew,North York,ON,CAN,1,T,39027,NA,NA
490127,2024,CLINTON70,Downriver,Canoe,P40,oc2pro,49,TRUE,39029,1346,1346,1293,428,110,49,106,susquehanna70,NA,TRUE,paddler,NA,Stefanie Mullins,Mullins Stefanie,Milton Keynes,ENG,GBR,NA,NA,NA,Galleon Girls,NA
490127,2024,CLINTON70,Downriver,Canoe,P40,oc2pro,49,TRUE,39029,1346,1346,1293,428,110,49,106,susquehanna70,NA,TRUE,paddler,NA,Rachel Self,Self Rachel,Milton Keynes,ENG,GBR,NA,NA,NA,Galleon Girls,NA
217299,2015,CLINTON70,Downriver,Canoe,E13,oc2stock,12,TRUE,39047,1347,1347,1294,118,123,12,120,susquehanna70,NA,TRUE,paddler,NA,Brian Loskamp,Loskamp Brian,Babylon,NY,USA,1,T,39047,NA,NA
217299,2015,CLINTON70,Downriver,Canoe,E13,oc2stock,12,TRUE,39047,1347,1347,1294,118,123,12,120,susquehanna70,NA,TRUE,paddler,buchhoge01,George Buchholz,Buchholz George,North Babylon,NY,USA,1,T,39047,NA,NA
489991,2024,CLINTON70,Downriver,Unknown,G8,opentour,4,TRUE,39057,1348,1348,33,32,111,4,4,susquehanna70,NA,TRUE,paddler,gilesam01,Amber Giles,Giles Amber,Bainbridge ,NY,USA,NA,NA,NA,NA,NA
489991,2024,CLINTON70,Downriver,Unknown,G8,opentour,4,TRUE,39057,1348,1348,33,32,111,4,4,susquehanna70,NA,TRUE,paddler,fisherdu01,Duke Fisher,Fisher Duke,Bainbridge,NY,USA,NA,NA,NA,NA,NA
247522,2018,CLINTON70,Downriver,Canoe,F3,oc2stockmix,7,TRUE,39104,1349,1349,1295,45,152,7,151,susquehanna70,NA,TRUE,paddler,NA,Doug Brooks,Brooks Doug,Washington,DC,USA,1,T,39104,NA,NA
247522,2018,CLINTON70,Downriver,Canoe,F3,oc2stockmix,7,TRUE,39104,1349,1349,1295,45,152,7,151,susquehanna70,NA,TRUE,paddler,NA,Jay Gopal,Gopal Jay,Washington,DC,USA,1,T,39104,NA,NA
208315,2014,CLINTON70,Downriver,Canoe,X1,oc2cruisermix,18,TRUE,39133,1350,1350,1296,115,160,18,155,susquehanna70,NA,TRUE,paddler,NA,Molly Hatfield,Hatfield Molly,Wolutt,VT,USA,1,T,39133,NA,NA
208315,2014,CLINTON70,Downriver,Canoe,X1,oc2cruisermix,18,TRUE,39133,1350,1350,1296,115,160,18,155,susquehanna70,NA,TRUE,paddler,hatfiest01,Steve Hatfield,Hatfield Steve,Schenevus,NY,USA,1,T,39133,NA,NA
435961,2023,CLINTON70,Downriver,Unknown,G22,opentour,1,TRUE,39154,1351,1351,34,33,103,1,1,susquehanna70,NA,TRUE,paddler,mcduffri01,River McDuffie,McDuffie River,Robbins,NC,USA,NA,NA,NA,Pinky and the Brain,NA
435961,2023,CLINTON70,Downriver,Unknown,G22,opentour,1,TRUE,39154,1351,1351,34,33,103,1,1,susquehanna70,NA,TRUE,paddler,NA,William McDuffie,McDuffie William,Robbins,NC,USA,NA,NA,NA,Pinky and the Brain,NA
227233,2016,CLINTON70,Downriver,Canoe,R1,oc1stock,3,TRUE,39173,1352,1352,1297,19,155,3,144,susquehanna70,NA,TRUE,paddler,primmemi01,Michael Primmer,Primmer Michael,Oneonta,NY,USA,1,T,39173,NA,NA
237848,2017,CLINTON70,Downriver,Canoe,U2,oc2cruisersenior,8,TRUE,39180,1353,1353,1298,40,157,8,156,susquehanna70,NA,TRUE,paddler,sanderne01,Neal Sanders,Sanders Neal,Johnson City,TN,USA,1,T,39180,NA,NA
237848,2017,CLINTON70,Downriver,Canoe,U2,oc2cruisersenior,8,TRUE,39180,1353,1353,1298,40,157,8,156,susquehanna70,NA,TRUE,paddler,dockstda01,David Dockstader,Dockstader David,Prospect,KY,USA,1,T,39180,NA,NA
532379,2025,CLINTON70,Downriver,Kayak,KL3,k1unlimited,4,TRUE,39197,1354,1354,22,22,130,4,4,susquehanna70,NA,TRUE,paddler,baumerda01,Daniel Baumert,Baumert Daniel,Levant,ME,USA,NA,NA,NA,Dan B,NA
217266,2015,CLINTON70,Downriver,Canoe,A9,oc2stockalum,3,TRUE,39198,1355,1355,1299,26,124,3,121,susquehanna70,NA,TRUE,paddler,rogersro01,Robert Rogers,Rogers Robert,Oneonta,NY,USA,1,T,39198,NA,NA
217266,2015,CLINTON70,Downriver,Canoe,A9,oc2stockalum,3,TRUE,39198,1355,1355,1299,26,124,3,121,susquehanna70,NA,TRUE,paddler,marcyru01,Russell Marcy,Marcy Russell,Cooperstown,NY,USA,1,T,39198,NA,NA
217281,2015,CLINTON70,Downriver,Canoe,B10,oc4stock,9,TRUE,39203,1356,1356,1300,73,125,9,122,susquehanna70,NA,TRUE,paddler,chungban01,Anthony Chungbin,Chungbin Anthony,East Amherst,NY,USA,1,T,39203,NA,NA
217281,2015,CLINTON70,Downriver,Canoe,B10,oc4stock,9,TRUE,39203,1356,1356,1300,73,125,9,122,susquehanna70,NA,TRUE,paddler,NA,Christopher Chungbin,Chungbin Christopher,East Amherst,NY,USA,1,T,39203,NA,NA
217281,2015,CLINTON70,Downriver,Canoe,B10,oc4stock,9,TRUE,39203,1356,1356,1300,73,125,9,122,susquehanna70,NA,TRUE,paddler,donnerda01,David Donner,Donner David,Amherst,NY,USA,1,T,39203,NA,NA
217281,2015,CLINTON70,Downriver,Canoe,B10,oc4stock,9,TRUE,39203,1356,1356,1300,73,125,9,122,susquehanna70,NA,TRUE,paddler,NA,Katie Chungbin,Chungbin Katie,East Amherst,NY,USA,1,T,39203,NA,NA
217384,2015,CLINTON70,Downriver,Canoe,R4,oc1stock,1,TRUE,39254,1357,1357,1301,20,126,1,123,susquehanna70,NA,TRUE,paddler,hallri01,Rich Hall,Hall Rich,Gilbertsville,NY,USA,1,T,39254,NA,NA
227134,2016,CLINTON70,Downriver,Canoe,A9,oc2stockalum,5,TRUE,39259,1358,1358,1302,27,156,5,145,susquehanna70,NA,TRUE,paddler,NA,Jimmy Dangl,Dangl Jimmy,Cooperstown,NY,USA,1,T,39259,NA,NA
227134,2016,CLINTON70,Downriver,Canoe,A9,oc2stockalum,5,TRUE,39259,1358,1358,1302,27,156,5,145,susquehanna70,NA,TRUE,paddler,NA,Susan Clark,Clark Susan,Cooperstown,NY,USA,1,T,39259,NA,NA
436028,2023,CLINTON70,Downriver,Canoe,L11,oc1master,7,TRUE,39265,1359,1359,1303,75,104,7,102,susquehanna70,NA,TRUE,paddler,brunoch01,Charlie Bruno,Bruno Charlie,Saylorsburg,PA,USA,NA,NA,NA,Bruno,NA
217282,2015,CLINTON70,Downriver,Canoe,B2,oc4stock,10,TRUE,39265,1360,1360,1304,74,127,10,124,susquehanna70,NA,TRUE,paddler,NA,Brent Williams,Williams Brent,Laurens,NY,USA,1,T,39265,NA,NA
217282,2015,CLINTON70,Downriver,Canoe,B2,oc4stock,10,TRUE,39265,1360,1360,1304,74,127,10,124,susquehanna70,NA,TRUE,paddler,sawyerja01,James Sawyer,Sawyer James,Starksboro,VT,USA,1,T,39265,NA,NA
217282,2015,CLINTON70,Downriver,Canoe,B2,oc4stock,10,TRUE,39265,1360,1360,1304,74,127,10,124,susquehanna70,NA,TRUE,paddler,NA,Larry Sawyer,Sawyer Larry,Oneonta,NY,USA,1,T,39265,NA,NA
217282,2015,CLINTON70,Downriver,Canoe,B2,oc4stock,10,TRUE,39265,1360,1360,1304,74,127,10,124,susquehanna70,NA,TRUE,paddler,lullna01,Nate Lull,Lull Nate,Gilbertsville,NY,USA,1,T,39265,NA,NA
256263,2019,CLINTON70,Downriver,Unknown,G9,opentour,11,TRUE,39271,1361,1361,35,34,157,11,11,susquehanna70,NA,TRUE,paddler,NA,Ross Peele,Peele Ross,Sanford,NC,USA,1,T,39271,NA,NA
436029,2023,CLINTON70,Downriver,Canoe,L9,oc1master,8,TRUE,39287,1362,1362,1305,76,105,8,103,susquehanna70,NA,TRUE,paddler,dugasda01,David Dugas,Dugas David,Orange,MA,USA,NA,NA,NA,NA,NA
370129,2022,CLINTON70,Downriver,Canoe,E10,oc2stock,8,TRUE,39289,1363,1363,1306,119,108,8,103,susquehanna70,NA,TRUE,paddler,meaderbe01,Benjamin Meader,Meader Benjamin,South Bristol,ME,USA,NA,NA,NA,The Stafford Gambit,NA
370129,2022,CLINTON70,Downriver,Canoe,E10,oc2stock,8,TRUE,39289,1363,1363,1306,119,108,8,103,susquehanna70,NA,TRUE,paddler,NA,Sam Mathes,Mathes Sam,New Portland,ME,USA,NA,NA,NA,The Stafford Gambit,NA
256281,2019,CLINTON70,Downriver,Canoe,C2,oc2rec,3,TRUE,39316,1364,1364,1307,23,158,3,144,susquehanna70,NA,TRUE,paddler,estelarw01,RW Estela,Estela RW,Orono,ME,USA,1,T,39316,NA,NA
256281,2019,CLINTON70,Downriver,Canoe,C2,oc2rec,3,TRUE,39316,1364,1364,1307,23,158,3,144,susquehanna70,NA,TRUE,paddler,wescotte01,Terry Westcott,Westcott Terry,Thorndike,ME,USA,1,T,39316,NA,NA
208200,2014,CLINTON70,Downriver,Canoe,J7,oc1,8,TRUE,39327,1365,1365,1308,41,161,8,156,susquehanna70,NA,TRUE,paddler,whalanje01,Jerry Whaland,Whaland Jerry,Hubbardston,MA,USA,1,T,39327,NA,NA
208142,2014,CLINTON70,Downriver,Canoe,C7,oc2rec,5,TRUE,39331,1366,1366,1309,24,162,5,157,susquehanna70,NA,TRUE,paddler,obrienke01,Kevin O'Brien,O'Brien Kevin,Northfield,MN,USA,1,T,39331,NA,NA
208142,2014,CLINTON70,Downriver,Canoe,C7,oc2rec,5,TRUE,39331,1366,1366,1309,24,162,5,157,susquehanna70,NA,TRUE,paddler,piersoro01,Robert Pierson,Pierson Robert,Scottsville,NY,USA,1,T,39331,NA,NA
237784,2017,CLINTON70,Downriver,Canoe,L9,oc1master,11,TRUE,39355,1367,1367,1310,77,158,11,157,susquehanna70,NA,TRUE,paddler,lucknefr01,Francis Luckner,Luckner Francis,Corning,NY,USA,1,T,39355,NA,NA
217410,2015,CLINTON70,Downriver,Canoe,T12,oc2cruiser,12,TRUE,39356,1368,1368,1311,93,128,12,125,susquehanna70,NA,TRUE,paddler,danforbr01,Brian Danforth,Danforth Brian,Unadilla,NY,USA,1,T,39356,NA,NA
217410,2015,CLINTON70,Downriver,Canoe,T12,oc2cruiser,12,TRUE,39356,1368,1368,1311,93,128,12,125,susquehanna70,NA,TRUE,paddler,buelky01,Kyle Buel,Buel Kyle,Franklin,NY,USA,1,T,39356,NA,NA
532375,2025,CLINTON70,Downriver,Canoe,R7,oc1stock,6,TRUE,39404,1369,1369,1312,21,131,6,121,susquehanna70,NA,TRUE,paddler,lewisjo01,John Lewis,Lewis John,Bainbridge,NY,USA,NA,NA,NA,NA,NA
247585,2018,CLINTON70,Downriver,Canoe,L1,oc1master,8,TRUE,39432,1370,1370,1313,78,153,8,152,susquehanna70,NA,TRUE,paddler,lucknefr01,Francis Luckner,Luckner Francis,Corning,NY,USA,1,T,39432,NA,NA
227224,2016,CLINTON70,Downriver,Canoe,L7,oc1master,9,TRUE,39432,1371,1371,1314,79,157,9,146,susquehanna70,NA,TRUE,paddler,elderkja01,Jamie Elderkin,Elderkin Jamie,Franklin,NY,USA,1,T,39432,NA,NA
370130,2022,CLINTON70,Downriver,Canoe,E9,oc2stock,9,TRUE,39444,1372,1372,1315,120,109,9,104,susquehanna70,NA,TRUE,paddler,lafevedo01,Don Lafever,Lafever Don,Norwich,NY,USA,NA,NA,NA,NA,NA
370130,2022,CLINTON70,Downriver,Canoe,E9,oc2stock,9,TRUE,39444,1372,1372,1315,120,109,9,104,susquehanna70,NA,TRUE,paddler,wingal01,Alex Wing,Wing Alex,Morris,NY,USA,NA,NA,NA,NA,NA
256345,2019,CLINTON70,Downriver,Canoe,S14,oc1pro,12,TRUE,39496,1373,1373,1316,69,159,12,145,susquehanna70,NA,TRUE,paddler,fremouke01,Kell Fremouw,Fremouw Kell,Orono,ME,USA,1,T,39496,NA,NA
217314,2015,CLINTON70,Downriver,Canoe,G15,open,4,TRUE,39502,1374,1374,1317,27,129,4,126,susquehanna70,NA,TRUE,paddler,sherwobr01,Brett Sherwood,Sherwood Brett,Morris,NY,USA,1,T,39502,NA,NA
217314,2015,CLINTON70,Downriver,Canoe,G15,open,4,TRUE,39502,1374,1374,1317,27,129,4,126,susquehanna70,NA,TRUE,paddler,stittda01,Dave Stitt,Stitt Dave,Ballston Spa,NY,USA,1,T,39502,NA,NA
436020,2023,CLINTON70,Downriver,Canoe,J3,oc1,2,TRUE,39510,1375,1375,1318,42,106,2,104,susquehanna70,NA,TRUE,paddler,breierky01,Kyle Breier,Breier Kyle,Oneonta,NY,USA,NA,NA,NA,Byle Kreier,NA
490023,2024,CLINTON70,Downriver,Canoe,F5,oc2stockmix,5,TRUE,39517,1376,1376,1319,46,112,5,107,susquehanna70,NA,TRUE,paddler,turturlo01,Lorraine Turturro,Turturro Lorraine,Watertown,NY,USA,NA,NA,NA,NA,NA
490023,2024,CLINTON70,Downriver,Canoe,F5,oc2stockmix,5,TRUE,39517,1376,1376,1319,46,112,5,107,susquehanna70,NA,TRUE,paddler,watsonbr01,Brian Watson,Watson Brian,Watertown,NY,USA,NA,NA,NA,NA,NA
227182,2016,CLINTON70,Downriver,Canoe,F2,oc2stockmix,5,TRUE,39538,1377,1377,1320,47,158,5,147,susquehanna70,NA,TRUE,paddler,NA,Jason Jordan,Jordan Jason,Franklin,NY,USA,1,T,39538,NA,NA
227182,2016,CLINTON70,Downriver,Canoe,F2,oc2stockmix,5,TRUE,39538,1377,1377,1320,47,158,5,147,susquehanna70,NA,TRUE,paddler,murphysh01,Shauna Murphy,Murphy Shauna,Franklin,NY,USA,1,T,39538,NA,NA
247597,2018,CLINTON70,Downriver,Kayak,KL4,k1unlimited,2,TRUE,39548,1378,1378,23,23,154,2,2,susquehanna70,NA,TRUE,paddler,baumerda01,Dan Baumert,Baumert Dan,Levant,ME,USA,1,T,39548,NA,NA
436052,2023,CLINTON70,Downriver,Canoe,X1,oc2cruisermix,7,TRUE,39565,1379,1379,1321,116,107,7,105,susquehanna70,NA,TRUE,paddler,reinerpr01,Priscilla Reinertsen,Reinertsen Priscilla,Contoocook,NH,USA,NA,NA,NA,NA,NA
436052,2023,CLINTON70,Downriver,Canoe,X1,oc2cruisermix,7,TRUE,39565,1379,1379,1321,116,107,7,105,susquehanna70,NA,TRUE,paddler,hannonja01,Jamie Hannon,Hannon Jamie,Wentworth,NH,USA,NA,NA,NA,NA,NA
370131,2022,CLINTON70,Downriver,Canoe,E2,oc2stock,10,TRUE,39589,1380,1380,1322,121,110,10,105,susquehanna70,NA,TRUE,paddler,gianfach01,Chip Gianfagna,Gianfagna Chip,Northfield Falls ,VT,USA,NA,NA,NA,NA,NA
370131,2022,CLINTON70,Downriver,Canoe,E2,oc2stock,10,TRUE,39589,1380,1380,1322,121,110,10,105,susquehanna70,NA,TRUE,paddler,snyderja01,Jake Snyder,Snyder Jake,Canastota ,NY,USA,NA,NA,NA,NA,NA
370119,2022,CLINTON70,Downriver,Canoe,C1,oc2rec,2,TRUE,39593,1381,1381,1323,25,111,2,106,susquehanna70,NA,TRUE,paddler,vanderri01,Rik Vandermeulen,Vandermeulen Rik,Unadilla,NY,USA,NA,NA,NA,Dutch Oven and the Seagull,NA
370119,2022,CLINTON70,Downriver,Canoe,C1,oc2rec,2,TRUE,39593,1381,1381,1323,25,111,2,106,susquehanna70,NA,TRUE,paddler,bonnaral01,Alex Bonnar,Bonnar Alex,Burlington,MA,USA,NA,NA,NA,Dutch Oven and the Seagull,NA
237720,2017,CLINTON70,Downriver,Canoe,G3,open,5,TRUE,39625,1382,1382,1324,28,159,5,158,susquehanna70,NA,TRUE,paddler,mallerti01,Tim Mallery,Mallery Tim,South Williamsport,PA,USA,1,T,39625,NA,NA
237720,2017,CLINTON70,Downriver,Canoe,G3,open,5,TRUE,39625,1382,1382,1324,28,159,5,158,susquehanna70,NA,TRUE,paddler,NA,Kyle Duffy,Duffy Kyle,Waterbury Center,VT,USA,1,T,39625,NA,NA
217300,2015,CLINTON70,Downriver,Canoe,E9,oc2stock,13,TRUE,39645,1383,1383,1325,122,130,13,127,susquehanna70,NA,TRUE,paddler,NA,Kyle Duffy,Duffy Kyle,Waterbury Center,VT,USA,1,T,39645,NA,NA
217300,2015,CLINTON70,Downriver,Canoe,E9,oc2stock,13,TRUE,39645,1383,1383,1325,122,130,13,127,susquehanna70,NA,TRUE,paddler,mallerti01,Tim Mallery,Mallery Tim,South Williamsport,PA,USA,1,T,39645,NA,NA
256264,2019,CLINTON70,Downriver,Unknown,G2,opentour,12,TRUE,39647,1384,1384,36,35,160,12,12,susquehanna70,NA,TRUE,paddler,marcyru01,Russell Marcy,Marcy Russell,Cooperstown,NY,USA,1,T,39647,NA,NA
256318,2019,CLINTON70,Downriver,Canoe,R1,oc1stock,2,TRUE,39660,1385,1385,1326,22,161,2,146,susquehanna70,NA,TRUE,paddler,NA,Mark Kogutowski,Kogutowski Mark,Grand Island,NY,USA,1,T,39660,NA,NA
436053,2023,CLINTON70,Downriver,Canoe,X11,oc2cruisermix,8,TRUE,39693,1386,1386,1327,117,108,8,106,susquehanna70,NA,TRUE,paddler,vincenbo01,Bob Vincent,Vincent Bob,Huntsville,ON,CAN,NA,NA,NA,Bob and Gwyn,NA
436053,2023,CLINTON70,Downriver,Canoe,X11,oc2cruisermix,8,TRUE,39693,1386,1386,1327,117,108,8,106,susquehanna70,NA,TRUE,paddler,haymangw01,Gwyn Hayman,Hayman Gwyn,Huntsville ,ON,CAN,NA,NA,NA,Bob and Gwyn,NA
490014,2024,CLINTON70,Downriver,Canoe,E2,oc2stock,9,TRUE,39707,1387,1387,1328,123,113,9,108,susquehanna70,NA,TRUE,paddler,NA,Brian Loskamp,Loskamp Brian,San Mateo,CA,USA,NA,NA,NA,Brian,NA
490014,2024,CLINTON70,Downriver,Canoe,E2,oc2stock,9,TRUE,39707,1387,1387,1328,123,113,9,108,susquehanna70,NA,TRUE,paddler,buchhoge01,George Buchholz,Buchholz George,Ithaca,NY,USA,NA,NA,NA,Brian,NA
489992,2024,CLINTON70,Downriver,Unknown,G12,opentour,5,TRUE,39738,1388,1388,37,36,114,5,5,susquehanna70,NA,TRUE,paddler,NA,Gunner Ives,Ives Gunner,Bainbridge ,NY,USA,NA,NA,NA,NA,NA
489992,2024,CLINTON70,Downriver,Unknown,G12,opentour,5,TRUE,39738,1388,1388,37,36,114,5,5,susquehanna70,NA,TRUE,paddler,NA,Zack Wheeler,Wheeler Zack,Bainbridge ,NY,USA,NA,NA,NA,NA,NA
436043,2023,CLINTON70,Downriver,Canoe,Y1,oc2cruiserwomen,2,TRUE,39776,1389,1389,1329,26,109,2,107,susquehanna70,NA,TRUE,paddler,hiscoxfr01,Francis Hiscox,Hiscox Francis,Waban,MA,USA,NA,NA,NA,East Coast Racing,NA
436043,2023,CLINTON70,Downriver,Canoe,Y1,oc2cruiserwomen,2,TRUE,39776,1389,1389,1329,26,109,2,107,susquehanna70,NA,TRUE,paddler,hymessh01,Shari Hymes,Hymes Shari,Southold ,NY,USA,NA,NA,NA,East Coast Racing,NA
247515,2018,CLINTON70,Downriver,Canoe,B7,oc4stock,10,TRUE,39781,1390,1390,1330,75,155,10,153,susquehanna70,NA,TRUE,paddler,loringch01,Chip Loring,Loring Chip,Old Town,ME,USA,1,T,39781,NA,NA
247515,2018,CLINTON70,Downriver,Canoe,B7,oc4stock,10,TRUE,39781,1390,1390,1330,75,155,10,153,susquehanna70,NA,TRUE,paddler,wescotte01,Terry Wescott,Wescott Terry,Thorndike,ME,USA,1,T,39781,NA,NA
247515,2018,CLINTON70,Downriver,Canoe,B7,oc4stock,10,TRUE,39781,1390,1390,1330,75,155,10,153,susquehanna70,NA,TRUE,paddler,deighabi01,Bill Deighan,Deighan Bill,Newburgh,ME,USA,1,T,39781,NA,NA
247515,2018,CLINTON70,Downriver,Canoe,B7,oc4stock,10,TRUE,39781,1390,1390,1330,75,155,10,153,susquehanna70,NA,TRUE,paddler,NA,Rob McClain,McClain Rob,NA,NA,NA,1,T,39781,NA,NA
227225,2016,CLINTON70,Downriver,Canoe,L1,oc1master,10,TRUE,39783,1391,1391,1331,80,159,10,148,susquehanna70,NA,TRUE,paddler,lucknefr01,Francis Luckner Iv,Iv Francis Luckner,Corning,NY,USA,1,T,39783,NA,NA
435962,2023,CLINTON70,Downriver,Unknown,G20,opentour,2,TRUE,39786,1392,1392,38,37,110,2,2,susquehanna70,NA,TRUE,paddler,NA,Bradley Spooner,Spooner Bradley,Ottawa,ON,CAN,NA,NA,NA,Spoon Ahoy,NA
435963,2023,CLINTON70,Downriver,Unknown,G24,opentour,3,TRUE,39819,1393,1393,39,38,111,3,3,susquehanna70,NA,TRUE,paddler,gilesam01,Amber Giles,Giles Amber,Bainbridge ,NY,USA,NA,NA,NA,NA,NA
435963,2023,CLINTON70,Downriver,Unknown,G24,opentour,3,TRUE,39819,1393,1393,39,38,111,3,3,susquehanna70,NA,TRUE,paddler,fisherdu01,Duke Fisher,Fisher Duke,Bainbridge,NY,USA,NA,NA,NA,NA,NA
217315,2015,CLINTON70,Downriver,Canoe,G12,open,5,TRUE,39828,1394,1394,1332,29,131,5,128,susquehanna70,NA,TRUE,paddler,lewisjo01,John Lewis,Lewis John,Bainbridge,NY,USA,1,T,39828,NA,NA
217315,2015,CLINTON70,Downriver,Canoe,G12,open,5,TRUE,39828,1394,1394,1332,29,131,5,128,susquehanna70,NA,TRUE,paddler,NA,Ken Pixley,Pixley Ken,Bainbridge,NY,USA,1,T,39828,NA,NA
247589,2018,CLINTON70,Downriver,Canoe,R2,oc1stock,3,TRUE,39853,1395,1395,1333,23,156,3,154,susquehanna70,NA,TRUE,paddler,primmemi01,Michael Primmer,Primmer Michael,Oneonta,NY,USA,1,T,39853,NA,NA
237791,2017,CLINTON70,Downriver,Canoe,J9,oc1,6,TRUE,39856,1396,1396,1334,43,160,6,159,susquehanna70,NA,TRUE,paddler,NA,Bernard Moller,Moller Bernard,Cincinnati,OH,USA,1,T,39856,NA,NA
227226,2016,CLINTON70,Downriver,Canoe,L6,oc1master,11,TRUE,39904,1397,1397,1335,81,160,11,149,susquehanna70,NA,TRUE,paddler,huebneda01,Dan Huebner,Huebner Dan,Frederick,MD,USA,1,T,39904,NA,NA
490071,2024,CLINTON70,Downriver,Canoe,X6,oc2cruisermix,9,TRUE,39929,1398,1398,1336,118,115,9,109,susquehanna70,NA,TRUE,paddler,NA,Doug Deleo,Deleo Doug,Gaylord,MI,USA,NA,NA,NA,NA,NA
490071,2024,CLINTON70,Downriver,Canoe,X6,oc2cruisermix,9,TRUE,39929,1398,1398,1336,118,115,9,109,susquehanna70,NA,TRUE,paddler,NA,Josephine Deleo,Deleo Josephine,Gaylord,MI,USA,NA,NA,NA,NA,NA
208177,2014,CLINTON70,Downriver,Canoe,G18,open,11,TRUE,39939,1399,1399,1337,30,163,11,158,susquehanna70,NA,TRUE,paddler,NA,Kouri Killmeier,Killmeier Kouri,Brooklyn,NY,USA,1,T,39939,NA,NA
237825,2017,CLINTON70,Downriver,Canoe,X11,oc2cruisermix,21,TRUE,39955,1400,1400,1338,119,161,21,160,susquehanna70,NA,TRUE,paddler,rossgi01,Gil Ross,Ross Gil,Staten Island,NY,USA,1,T,39955,NA,NA
237825,2017,CLINTON70,Downriver,Canoe,X11,oc2cruisermix,21,TRUE,39955,1400,1400,1338,119,161,21,160,susquehanna70,NA,TRUE,paddler,raybe01,Betsy Ray,Ray Betsy,New York,NY,USA,1,T,39955,NA,NA
247586,2018,CLINTON70,Downriver,Canoe,L3,oc1master,9,TRUE,39959,1401,1401,1339,82,157,9,155,susquehanna70,NA,TRUE,paddler,marcyru01,Russell Marcy,Marcy Russell,Cooperstown,NY,USA,1,T,39959,NA,NA
227173,2016,CLINTON70,Downriver,Canoe,E8,oc2stock,13,TRUE,39963,1402,1402,1340,124,161,13,150,susquehanna70,NA,TRUE,paddler,NA,Chris Givens,Givens Chris,Rougemont,NC,USA,1,T,39963,NA,NA
227173,2016,CLINTON70,Downriver,Canoe,E8,oc2stock,13,TRUE,39963,1402,1402,1340,124,161,13,150,susquehanna70,NA,TRUE,paddler,NA,Thomas Givens,Givens Thomas,Rougemont,NC,USA,1,T,39963,NA,NA
237804,2017,CLINTON70,Downriver,Canoe,Y8,oc2cruiserwomen,7,TRUE,39979,1403,1403,1341,27,162,7,161,susquehanna70,NA,TRUE,paddler,williasu01,Susan Williams,Williams Susan,Secane,PA,USA,1,T,39979,NA,NA
237804,2017,CLINTON70,Downriver,Canoe,Y8,oc2cruiserwomen,7,TRUE,39979,1403,1403,1341,27,162,7,161,susquehanna70,NA,TRUE,paddler,englispe01,Peggy English,English Peggy,Oscoda,MI,USA,1,T,39979,NA,NA
227192,2016,CLINTON70,Downriver,Unknown,G4,open,10,TRUE,40004,1404,1404,40,31,162,10,10,susquehanna70,NA,TRUE,paddler,millerbo01,Bob Miller,Miller Bob,Harmony,ME,USA,1,T,40004,NA,NA
227192,2016,CLINTON70,Downriver,Unknown,G4,open,10,TRUE,40004,1404,1404,40,31,162,10,10,susquehanna70,NA,TRUE,paddler,mitchero01,Robert Mitchell,Mitchell Robert,Clinton Corners,NY,USA,1,T,40004,NA,NA
370120,2022,CLINTON70,Downriver,Canoe,C2,oc2rec,3,TRUE,40047,1405,1405,1342,26,112,3,107,susquehanna70,NA,TRUE,paddler,burkesh01,Shawn Burke,Burke Shawn,Andover,MA,USA,NA,NA,NA,WCC,NA
370120,2022,CLINTON70,Downriver,Canoe,C2,oc2rec,3,TRUE,40047,1405,1405,1342,26,112,3,107,susquehanna70,NA,TRUE,paddler,waltonto01,Tom Walton,Walton Tom,Contoocook,NH,USA,NA,NA,NA,WCC,NA
256265,2019,CLINTON70,Downriver,Unknown,G18,opentour,13,TRUE,40060,1406,1406,41,39,162,13,13,susquehanna70,NA,TRUE,paddler,NA,Elizabeth Butler,Butler Elizabeth,Ithaca,NY,USA,1,T,40060,NA,NA
256265,2019,CLINTON70,Downriver,Unknown,G18,opentour,13,TRUE,40060,1406,1406,41,39,162,13,13,susquehanna70,NA,TRUE,paddler,NA,Amy Somchanhmavong,Somchanhmavong Amy,Ithaca,NY,USA,1,T,40060,NA,NA
237721,2017,CLINTON70,Downriver,Canoe,G10,open,6,TRUE,40064,1407,1407,1343,32,163,6,162,susquehanna70,NA,TRUE,paddler,NA,Jason Jordan,Jordan Jason,Franklin,NY,USA,1,T,40064,NA,NA
237721,2017,CLINTON70,Downriver,Canoe,G10,open,6,TRUE,40064,1407,1407,1343,32,163,6,162,susquehanna70,NA,TRUE,paddler,NA,Malorie Jordan,Jordan Malorie,franklin,NY,USA,1,T,40064,NA,NA
436044,2023,CLINTON70,Downriver,Canoe,Y3,oc2cruiserwomen,3,TRUE,40068,1408,1408,1344,28,112,3,108,susquehanna70,NA,TRUE,paddler,NA,Myriam Belanger,Belanger Myriam,Montréal,QC,CAN,NA,NA,NA,The B&B,NA
436044,2023,CLINTON70,Downriver,Canoe,Y3,oc2cruiserwomen,3,TRUE,40068,1408,1408,1344,28,112,3,108,susquehanna70,NA,TRUE,paddler,NA,Noemie Boudreau,Boudreau Noemie,Sherbrooke ,QC,CAN,NA,NA,NA,The B&B,NA
490046,2024,CLINTON70,Downriver,Canoe,L5,oc1master,5,TRUE,40081,1409,1409,1345,83,116,5,110,susquehanna70,NA,TRUE,paddler,jordanji01,James Jordan,Jordan James,Cooperstown ,NY,USA,NA,NA,NA,NA,NA
435964,2023,CLINTON70,Downriver,Unknown,G18,opentour,4,TRUE,40121,1410,1410,42,40,113,4,4,susquehanna70,NA,TRUE,paddler,primmemi01,Michael Primmer,Primmer Michael,Oneonta,NY,USA,NA,NA,NA,A & M,NA
435964,2023,CLINTON70,Downriver,Unknown,G18,opentour,4,TRUE,40121,1410,1410,42,40,113,4,4,susquehanna70,NA,TRUE,paddler,maddalan01,Andrew Maddalone,Maddalone Andrew,Bainbridge,NY,USA,NA,NA,NA,A & M,NA
237715,2017,CLINTON70,Downriver,Canoe,B9,oc4stock,10,TRUE,40133,1411,1411,1346,76,164,10,163,susquehanna70,NA,TRUE,paddler,NA,Carlos Dachary,Dachary Carlos,NA,NA,NA,1,T,40133,NA,NA
237715,2017,CLINTON70,Downriver,Canoe,B9,oc4stock,10,TRUE,40133,1411,1411,1346,76,164,10,163,susquehanna70,NA,TRUE,paddler,NA,Tom Stern,Stern Tom,NA,NA,NA,1,T,40133,NA,NA
237715,2017,CLINTON70,Downriver,Canoe,B9,oc4stock,10,TRUE,40133,1411,1411,1346,76,164,10,163,susquehanna70,NA,TRUE,paddler,NA,Tom Wyble,Wyble Tom,NA,NA,NA,1,T,40133,NA,NA
237715,2017,CLINTON70,Downriver,Canoe,B9,oc4stock,10,TRUE,40133,1411,1411,1346,76,164,10,163,susquehanna70,NA,TRUE,paddler,NA,Tom Mayer,Mayer Tom,NA,NA,NA,1,T,40133,NA,NA
247523,2018,CLINTON70,Downriver,Canoe,F7,oc2stockmix,8,TRUE,40145,1412,1412,1347,48,158,8,156,susquehanna70,NA,TRUE,paddler,schlimfr01,Francis Schlimmer,Schlimmer Francis,Cortland,NY,USA,1,T,40145,NA,NA
247523,2018,CLINTON70,Downriver,Canoe,F7,oc2stockmix,8,TRUE,40145,1412,1412,1347,48,158,8,156,susquehanna70,NA,TRUE,paddler,schlimth01,Theresa Schlimmer,Schlimmer Theresa,Cortland,NY,USA,1,T,40145,NA,NA
256325,2019,CLINTON70,Downriver,Canoe,L3,oc1master,7,TRUE,40180,1413,1413,1348,84,163,7,147,susquehanna70,NA,TRUE,paddler,mcduffly01,Lynne McDuffie,McDuffie Lynne,Robbins,NC,USA,1,T,40180,NA,NA
532331,2025,CLINTON70,Downriver,Canoe,A5,oc2stockalum,2,TRUE,40215,1414,1414,1349,28,132,2,122,susquehanna70,NA,TRUE,paddler,NA,Connor Winchenbach,Winchenbach Connor,Hermon ,ME,USA,NA,NA,NA,NA,NA
532331,2025,CLINTON70,Downriver,Canoe,A5,oc2stockalum,2,TRUE,40215,1414,1414,1349,28,132,2,122,susquehanna70,NA,TRUE,paddler,NA,Vincent Bonarrigo,Bonarrigo Vincent,Belmont,ME,USA,NA,NA,NA,NA,NA
208178,2014,CLINTON70,Downriver,Canoe,G12,open,12,TRUE,40223,1415,1415,1350,33,164,12,159,susquehanna70,NA,TRUE,paddler,fishergr01,Griffin Fisher,Fisher Griffin,Bainbridge,NY,USA,1,T,40223,NA,NA
208178,2014,CLINTON70,Downriver,Canoe,G12,open,12,TRUE,40223,1415,1415,1350,33,164,12,159,susquehanna70,NA,TRUE,paddler,fishersh01,Sharon Fisher,Fisher Sharon,Guilford,NY,USA,1,T,40223,NA,NA
370148,2022,CLINTON70,Downriver,Canoe,L8,oc1master,4,TRUE,40224,1416,1416,1351,85,113,4,108,susquehanna70,NA,TRUE,paddler,jordanji01,James Jordan,Jordan James,Cooperstown ,NY,USA,NA,NA,NA,NA,NA
370149,2022,CLINTON70,Downriver,Canoe,L1,oc1master,5,TRUE,40225,1417,1417,1352,86,114,5,109,susquehanna70,NA,TRUE,paddler,edwardsc01,Scott Edwards,Edwards Scott,Orange,VT,USA,NA,NA,NA,Scott Edwards,NA
217316,2015,CLINTON70,Downriver,Canoe,G2,open,6,TRUE,40233,1418,1418,1353,34,132,6,129,susquehanna70,NA,TRUE,paddler,bonnaral01,Alex Bonnar,Bonnar Alex,Burlington,MA,USA,1,T,40233,NA,NA
217316,2015,CLINTON70,Downriver,Canoe,G2,open,6,TRUE,40233,1418,1418,1353,34,132,6,129,susquehanna70,NA,TRUE,paddler,vanderri01,Rik Vandermeulen,Vandermeulen Rik,Unadilla,NY,USA,1,T,40233,NA,NA
217437,2015,CLINTON70,Downriver,Canoe,X15,oc2cruisermix,15,TRUE,40241,1419,1419,1354,120,133,15,130,susquehanna70,NA,TRUE,paddler,NA,Jessica Collier,Collier Jessica,Cooperstown,NY,USA,1,T,40241,NA,NA
217437,2015,CLINTON70,Downriver,Canoe,X15,oc2cruisermix,15,TRUE,40241,1419,1419,1354,120,133,15,130,susquehanna70,NA,TRUE,paddler,colliest01,Steven Collier,Collier Steven,Cooperstown,NY,USA,1,T,40241,NA,NA
370121,2022,CLINTON70,Downriver,Canoe,C4,oc2rec,4,TRUE,40273,1420,1420,1355,27,115,4,110,susquehanna70,NA,TRUE,paddler,colliest01,Steve Collier,Collier Steve,Cooperstown,NY,USA,NA,NA,NA,Last Child,NA
370121,2022,CLINTON70,Downriver,Canoe,C4,oc2rec,4,TRUE,40273,1420,1420,1355,27,115,4,110,susquehanna70,NA,TRUE,paddler,NA,Erin Collier,Collier Erin,NA,NA,NA,NA,NA,NA,Last Child,NA
435994,2023,CLINTON70,Downriver,Canoe,E4,oc2stock,8,TRUE,40288,1421,1421,1356,125,114,8,109,susquehanna70,NA,TRUE,paddler,whitinwi01,Will Whiting,Whiting Will,Fultonville,NY,USA,NA,NA,NA,Whiting,NA
435994,2023,CLINTON70,Downriver,Canoe,E4,oc2stock,8,TRUE,40288,1421,1421,1356,125,114,8,109,susquehanna70,NA,TRUE,paddler,whitiner01,Erik Whiting,Whiting Erik,Ledyard,CT,USA,NA,NA,NA,Whiting,NA
489993,2024,CLINTON70,Downriver,Unknown,G4,opentour,6,TRUE,40309,1422,1422,43,41,117,6,6,susquehanna70,NA,TRUE,paddler,ciampaal01,Alex Ciampa,Ciampa Alex,Amesbury,MA,USA,NA,NA,NA,Straight outta rehab,NA
490015,2024,CLINTON70,Downriver,Canoe,E7,oc2stock,10,TRUE,40310,1423,1423,1357,126,118,10,111,susquehanna70,NA,TRUE,paddler,NA,Shane Hansen,Hansen Shane,Tilbury ,ON,CAN,NA,NA,NA,Pisten Broke,NA
490015,2024,CLINTON70,Downriver,Canoe,E7,oc2stock,10,TRUE,40310,1423,1423,1357,126,118,10,111,susquehanna70,NA,TRUE,paddler,terrypa01,Paul Terry,Terry Paul,Stirling,ON,CAN,NA,NA,NA,Pisten Broke,NA
237773,2017,CLINTON70,Downriver,Canoe,R1,oc1stock,3,TRUE,40339,1424,1424,1358,24,165,3,164,susquehanna70,NA,TRUE,paddler,NA,Mark Kogutowski,Kogutowski Mark,Buffalo,NY,USA,1,T,40339,NA,NA
370136,2022,CLINTON70,Downriver,Canoe,F2,oc2stockmix,3,TRUE,40343,1425,1425,1359,49,116,3,111,susquehanna70,NA,TRUE,paddler,turturlo01,Lorraine Turturro,Turturro Lorraine,Watertown,NY,USA,NA,NA,NA,NA,NA
370136,2022,CLINTON70,Downriver,Canoe,F2,oc2stockmix,3,TRUE,40343,1425,1425,1359,49,116,3,111,susquehanna70,NA,TRUE,paddler,cookka01,Karl Cook,Cook Karl,Martville,NY,USA,NA,NA,NA,NA,NA
256349,2019,CLINTON70,Downriver,Kayak,KL8,k1unlimited,4,TRUE,40370,1426,1426,24,24,164,4,4,susquehanna70,NA,TRUE,paddler,NA,Kurt Kalweit,Kalweit Kurt,Elmira,NY,USA,1,T,40370,NA,NA
256282,2019,CLINTON70,Downriver,Canoe,C5,oc2rec,4,TRUE,40438,1427,1427,1360,28,165,4,148,susquehanna70,NA,TRUE,paddler,NA,Dennis Kropp,Kropp Dennis,Maryland,NY,USA,1,T,40438,NA,NA
256282,2019,CLINTON70,Downriver,Canoe,C5,oc2rec,4,TRUE,40438,1427,1427,1360,28,165,4,148,susquehanna70,NA,TRUE,paddler,daldegvi01,Vick Daldegan,Daldegan Vick,Worcester,NY,USA,1,T,40438,NA,NA
217267,2015,CLINTON70,Downriver,Canoe,A2,oc2stockalum,4,TRUE,40464,1428,1428,1361,29,134,4,131,susquehanna70,NA,TRUE,paddler,bannerlu01,Luke Banner,Banner Luke,Cooperstown,NY,USA,1,T,40464,NA,NA
217267,2015,CLINTON70,Downriver,Canoe,A2,oc2stockalum,4,TRUE,40464,1428,1428,1361,29,134,4,131,susquehanna70,NA,TRUE,paddler,collieto01,Todd Collier,Collier Todd,Cooperstown,NY,USA,1,T,40464,NA,NA
227288,2016,CLINTON70,Downriver,Canoe,X19,oc2cruisermix,17,TRUE,40492,1429,1429,1362,121,163,17,151,susquehanna70,NA,TRUE,paddler,schlimfr01,Francis Schlimmer,Schlimmer Francis,Cortland,NY,USA,1,T,40492,NA,NA
227288,2016,CLINTON70,Downriver,Canoe,X19,oc2cruisermix,17,TRUE,40492,1429,1429,1362,121,163,17,151,susquehanna70,NA,TRUE,paddler,schlimth01,Theresa Schlimmer,Schlimmer Theresa,Cortland,NY,USA,1,T,40492,NA,NA
217301,2015,CLINTON70,Downriver,Canoe,E11,oc2stock,14,TRUE,40494,1430,1430,1363,127,135,14,132,susquehanna70,NA,TRUE,paddler,NA,Daniel Bettiol,Bettiol Daniel,College Station,TX,USA,1,T,40494,NA,NA
217301,2015,CLINTON70,Downriver,Canoe,E11,oc2stock,14,TRUE,40494,1430,1430,1363,127,135,14,132,susquehanna70,NA,TRUE,paddler,clarkdo01,Doug Clark,Clark Doug,Oneonta,NY,USA,1,T,40494,NA,NA
208161,2014,CLINTON70,Downriver,Canoe,E3,oc2stock,13,TRUE,40529,1431,1431,1364,128,165,13,160,susquehanna70,NA,TRUE,paddler,NA,Charles Newcomb,Newcomb Charles,San Antonio,TX,USA,1,T,40529,NA,NA
208161,2014,CLINTON70,Downriver,Canoe,E3,oc2stock,13,TRUE,40529,1431,1431,1364,128,165,13,160,susquehanna70,NA,TRUE,paddler,selkirch01,Chris Selkirk,Selkirk Chris,Mechanicville,NY,USA,1,T,40529,NA,NA
208179,2014,CLINTON70,Downriver,Canoe,G23,open,13,TRUE,40621,1432,1432,1365,35,166,13,161,susquehanna70,NA,TRUE,paddler,NA,Andy Race,Race Andy,Syracuse,NY,USA,1,T,40621,NA,NA
208179,2014,CLINTON70,Downriver,Canoe,G23,open,13,TRUE,40621,1432,1432,1365,35,166,13,161,susquehanna70,NA,TRUE,paddler,raceda01,Dan Race,Race Dan,Wolutt,VT,USA,1,T,40621,NA,NA
227174,2016,CLINTON70,Downriver,Canoe,E9,oc2stock,14,TRUE,40630,1433,1433,1366,129,164,14,152,susquehanna70,NA,TRUE,paddler,NA,Brian Carvalho,Carvalho Brian,Skanneateles,NY,USA,1,T,40630,NA,NA
227174,2016,CLINTON70,Downriver,Canoe,E9,oc2stock,14,TRUE,40630,1433,1433,1366,129,164,14,152,susquehanna70,NA,TRUE,paddler,NA,Jacob Carvalho,Carvalho Jacob,Skaneateles,NY,USA,1,T,40630,NA,NA
217309,2015,CLINTON70,Downriver,Canoe,F2,oc2stockmix,2,TRUE,40643,1434,1434,1367,50,136,2,133,susquehanna70,NA,TRUE,paddler,paradial01,Alan Paradise,Paradise Alan,Pittsfield,NH,USA,1,T,40643,NA,NA
217309,2015,CLINTON70,Downriver,Canoe,F2,oc2stockmix,2,TRUE,40643,1434,1434,1367,50,136,2,133,susquehanna70,NA,TRUE,paddler,paradish01,Shelby Paradise,Paradise Shelby,Pittsfield,NH,USA,1,T,40643,NA,NA
247565,2018,CLINTON70,Downriver,Canoe,G8,opentour,9,TRUE,40659,1435,1435,1368,42,159,9,157,susquehanna70,NA,TRUE,paddler,raceda01,Dan Race,Race Dan,Hyde Park,VT,USA,1,T,40659,NA,NA
247565,2018,CLINTON70,Downriver,Canoe,G8,opentour,9,TRUE,40659,1435,1435,1368,42,159,9,157,susquehanna70,NA,TRUE,paddler,NA,Molly Hatfield,Hatfield Molly,Wolutt,VT,USA,1,T,40659,NA,NA
436000,2023,CLINTON70,Downriver,Canoe,F6,oc2stockmix,3,TRUE,40681,1436,1436,1369,51,115,3,110,susquehanna70,NA,TRUE,paddler,risingal01,Allisen Risinger,Risinger Allisen,Saco,ME,USA,NA,NA,NA,Power Fluffs,NA
436000,2023,CLINTON70,Downriver,Canoe,F6,oc2stockmix,3,TRUE,40681,1436,1436,1369,51,115,3,110,susquehanna70,NA,TRUE,paddler,risingma01,Mark Risinger,Risinger Mark,Saco,ME,USA,NA,NA,NA,Power Fluffs,NA
217317,2015,CLINTON70,Downriver,Canoe,G18,open,7,TRUE,40690,1437,1437,1370,36,137,7,134,susquehanna70,NA,TRUE,paddler,pinardpi01,Pierre Pinard,Pinard Pierre,L'orignal,ON,CAN,1,T,40690,NA,NA
247551,2018,CLINTON70,Downriver,Canoe,A4,oc2stockalum,4,TRUE,40703,1438,1438,1371,30,160,4,158,susquehanna70,NA,TRUE,paddler,NA,Chrissy Adamo,Adamo Chrissy,Walton,NY,USA,1,T,40703,NA,NA
247551,2018,CLINTON70,Downriver,Canoe,A4,oc2stockalum,4,TRUE,40703,1438,1438,1371,30,160,4,158,susquehanna70,NA,TRUE,paddler,NA,Morgan George,George Morgan,Sidney Center,NY,USA,1,T,40703,NA,NA
435965,2023,CLINTON70,Downriver,Unknown,G16,opentour,5,TRUE,40705,1439,1439,44,43,116,5,5,susquehanna70,NA,TRUE,paddler,NA,Zachary Craft,Craft Zachary,Unadilla,NY,USA,NA,NA,NA,Getting Crafty,NA
227227,2016,CLINTON70,Downriver,Canoe,L2,oc1master,12,TRUE,40780,1440,1440,1372,87,165,12,153,susquehanna70,NA,TRUE,paddler,crouchca01,Calvin Crouch,Crouch Calvin,Hubbardsville,NY,USA,1,T,40780,NA,NA
208180,2014,CLINTON70,Downriver,Canoe,G21,open,14,TRUE,40798,1441,1441,1373,37,167,14,162,susquehanna70,NA,TRUE,paddler,NA,Jason MacDonald,MacDonald Jason,Oneonta,NY,USA,1,T,40798,NA,NA
208180,2014,CLINTON70,Downriver,Canoe,G21,open,14,TRUE,40798,1441,1441,1373,37,167,14,162,susquehanna70,NA,TRUE,paddler,NA,Tom Cobbe,Cobbe Tom,Delhi,NY,USA,1,T,40798,NA,NA
217349,2015,CLINTON70,Downriver,Canoe,L1,oc1master,10,TRUE,40824,1442,1442,1374,88,138,10,135,susquehanna70,NA,TRUE,paddler,lucknefr01,Francis Luckner IV,Luckner IV Francis,Corning,NY,USA,1,T,40824,NA,NA
532355,2025,CLINTON70,Downriver,Canoe,B5,oc4stock,5,TRUE,40869,1443,1443,1375,77,133,5,123,susquehanna70,NA,TRUE,paddler,NA,Lilly Woodward,Woodward Lilly,Washington,DC,USA,NA,NA,NA,Harold's Henchmen,NA
532355,2025,CLINTON70,Downriver,Canoe,B5,oc4stock,5,TRUE,40869,1443,1443,1375,77,133,5,123,susquehanna70,NA,TRUE,paddler,NA,Blue Shapiro,Shapiro Blue,Frederick,MD,USA,NA,NA,NA,Harold's Henchmen,NA
532355,2025,CLINTON70,Downriver,Canoe,B5,oc4stock,5,TRUE,40869,1443,1443,1375,77,133,5,123,susquehanna70,NA,TRUE,paddler,NA,Vada Andrews,Andrews Vada,Austin,TX,USA,NA,NA,NA,Harold's Henchmen,NA
532355,2025,CLINTON70,Downriver,Canoe,B5,oc4stock,5,TRUE,40869,1443,1443,1375,77,133,5,123,susquehanna70,NA,TRUE,paddler,NA,Maya Salpekar,Salpekar Maya,Ithaca,NY,USA,NA,NA,NA,Harold's Henchmen,NA
256350,2019,CLINTON70,Downriver,Kayak,KL11,k1unlimited,5,TRUE,40932,1444,1444,25,25,166,5,5,susquehanna70,NA,TRUE,paddler,baumerda01,Dan Baumert,Baumert Dan,Levant,ME,USA,1,T,40932,NA,NA
436001,2023,CLINTON70,Downriver,Canoe,F3,oc2stockmix,4,TRUE,40937,1445,1445,1376,52,117,4,111,susquehanna70,NA,TRUE,paddler,turturlo01,Lorraine Turturro,Turturro Lorraine,Watertown,NY,USA,NA,NA,NA,Turturro/Mason,NA
436001,2023,CLINTON70,Downriver,Canoe,F3,oc2stockmix,4,TRUE,40937,1445,1445,1376,52,117,4,111,susquehanna70,NA,TRUE,paddler,NA,Hugh Mason,Mason Hugh,Constableville,NY,USA,NA,NA,NA,Turturro/Mason,NA
490024,2024,CLINTON70,Downriver,Canoe,F8,oc2stockmix,6,TRUE,40949,1446,1446,1377,53,119,6,112,susquehanna70,NA,TRUE,paddler,NA,Kate Hale,Hale Kate,Saranac Lake,NY,USA,NA,NA,NA,Drilldos,NA
490024,2024,CLINTON70,Downriver,Canoe,F8,oc2stockmix,6,TRUE,40949,1446,1446,1377,53,119,6,112,susquehanna70,NA,TRUE,paddler,NA,Gerard Smith,Smith Gerard,Saranac Lake ,NY,USA,NA,NA,NA,Drilldos,NA
227193,2016,CLINTON70,Downriver,Unknown,G17,open,11,TRUE,40961,1447,1447,45,38,166,11,11,susquehanna70,NA,TRUE,paddler,raceda01,Dan Race,Race Dan,Wolutt,VT,USA,1,T,40961,NA,NA
227193,2016,CLINTON70,Downriver,Unknown,G17,open,11,TRUE,40961,1447,1447,45,38,166,11,11,susquehanna70,NA,TRUE,paddler,NA,Henry Race,Race Henry,Wolcott,VT,USA,1,T,40961,NA,NA
532332,2025,CLINTON70,Downriver,Canoe,A1,oc2stockalum,3,TRUE,41007,1448,1448,1378,31,134,3,124,susquehanna70,NA,TRUE,paddler,NA,Michael Balthazor,Balthazor Michael,Schenectady,NY,USA,NA,NA,NA,uncrustables,NA
532332,2025,CLINTON70,Downriver,Canoe,A1,oc2stockalum,3,TRUE,41007,1448,1448,1378,31,134,3,124,susquehanna70,NA,TRUE,paddler,lyonswi01,Will Lyons,Lyons Will,Wynantskill,NY,USA,NA,NA,NA,uncrustables,NA
435995,2023,CLINTON70,Downriver,Canoe,E7,oc2stock,9,TRUE,41018,1449,1449,1379,130,118,9,112,susquehanna70,NA,TRUE,paddler,meaderbe01,Benjamin Meader,Meader Benjamin,South Bristol,ME,USA,NA,NA,NA,The Najdorf Variation,NA
435995,2023,CLINTON70,Downriver,Canoe,E7,oc2stock,9,TRUE,41018,1449,1449,1379,130,118,9,112,susquehanna70,NA,TRUE,paddler,NA,Sam Mathes,Mathes Sam,New Portland,ME,USA,NA,NA,NA,The Najdorf Variation,NA
490047,2024,CLINTON70,Downriver,Canoe,L4,oc1master,6,TRUE,41036,1450,1450,1380,89,120,6,113,susquehanna70,NA,TRUE,paddler,marcyru01,Russell Marcy,Marcy Russell,Cooperstown,NY,USA,NA,NA,NA,Pickle Juice Heroes,NA
217385,2015,CLINTON70,Downriver,Canoe,R3,oc1stock,2,TRUE,41069,1451,1451,1381,25,139,2,136,susquehanna70,NA,TRUE,paddler,bagleyje01,Jeff Bagley,Bagley Jeff,Sidney,NY,USA,1,T,41069,NA,NA
490072,2024,CLINTON70,Downriver,Canoe,X1,oc2cruisermix,10,TRUE,41076,1452,1452,1382,122,121,10,114,susquehanna70,NA,TRUE,paddler,NA,Christina Kingston,Kingston Christina,Williamstown,VT,USA,NA,NA,NA,802 crew,NA
490072,2024,CLINTON70,Downriver,Canoe,X1,oc2cruisermix,10,TRUE,41076,1452,1452,1382,122,121,10,114,susquehanna70,NA,TRUE,paddler,edwardsc01,Scott Edwards,Edwards Scott,Orange,VT,USA,NA,NA,NA,802 crew,NA
490041,2024,CLINTON70,Downriver,Canoe,R1,oc1stock,1,TRUE,41099,1453,1453,1383,26,122,1,115,susquehanna70,NA,TRUE,paddler,staubach01,Chad Staubach,Staubach Chad,Altamont,NY,USA,NA,NA,NA,Bring It,NA
370170,2022,CLINTON70,Downriver,Canoe,X8,oc2cruisermix,5,TRUE,41113,1454,1454,1384,123,117,5,112,susquehanna70,NA,TRUE,paddler,NA,Martyn Inkley,Inkley Martyn,Conewango,NY,USA,NA,NA,NA,NA,NA
370170,2022,CLINTON70,Downriver,Canoe,X8,oc2cruisermix,5,TRUE,41113,1454,1454,1384,123,117,5,112,susquehanna70,NA,TRUE,paddler,NA,Liza Bobseine,Bobseine Liza,Conewango Valley,NY,USA,NA,NA,NA,NA,NA
436045,2023,CLINTON70,Downriver,Canoe,Y4,oc2cruiserwomen,4,TRUE,41119,1455,1455,1385,29,119,4,113,susquehanna70,NA,TRUE,paddler,NA,Rebecca Pinkus,Pinkus Rebecca,Rockville,MD,USA,NA,NA,NA,Steph and Becca,NA
436045,2023,CLINTON70,Downriver,Canoe,Y4,oc2cruiserwomen,4,TRUE,41119,1455,1455,1385,29,119,4,113,susquehanna70,NA,TRUE,paddler,NA,Stephanie Knabe,Knabe Stephanie,Mn,NA,NA,NA,NA,NA,Steph and Becca,NA
208181,2014,CLINTON70,Downriver,Canoe,G6,open,15,TRUE,41133,1456,1456,1386,39,168,15,163,susquehanna70,NA,TRUE,paddler,hustedwa01,Wayne Husted,Husted Wayne,Sherburne,NY,USA,1,T,41133,NA,NA
208143,2014,CLINTON70,Downriver,Canoe,C1,oc2rec,6,TRUE,41172,1457,1457,1387,29,169,6,164,susquehanna70,NA,TRUE,paddler,NA,Bill Davidson,Davidson Bill,Brooklyn,NY,USA,1,T,41172,NA,NA
208143,2014,CLINTON70,Downriver,Canoe,C1,oc2rec,6,TRUE,41172,1457,1457,1387,29,169,6,164,susquehanna70,NA,TRUE,paddler,NA,Timothy Barry,Barry Timothy,Long Beach,CA,USA,1,T,41172,NA,NA
370115,2022,CLINTON70,Downriver,Canoe,A1,oc2stockalum,2,TRUE,41175,1458,1458,1388,32,118,2,113,susquehanna70,NA,TRUE,paddler,collieto01,Todd Collier,Collier Todd,Cooperstown,NY,USA,NA,NA,NA,Bc,NA
370115,2022,CLINTON70,Downriver,Canoe,A1,oc2stockalum,2,TRUE,41175,1458,1458,1388,32,118,2,113,susquehanna70,NA,TRUE,paddler,bannerlu01,Luke Banner,Banner Luke,Milford,NY,USA,NA,NA,NA,Bc,NA
208182,2014,CLINTON70,Downriver,Canoe,G2,open,16,TRUE,41197,1459,1459,1389,40,170,16,165,susquehanna70,NA,TRUE,paddler,NA,Joshua Enck,Enck Joshua,Chittenango,NY,USA,1,T,41197,NA,NA
208182,2014,CLINTON70,Downriver,Canoe,G2,open,16,TRUE,41197,1459,1459,1389,40,170,16,165,susquehanna70,NA,TRUE,paddler,NA,Rebecca Enck,Enck Rebecca,Chittenango,NY,USA,1,T,41197,NA,NA
237761,2017,CLINTON70,Downriver,Kayak,KL4,k1unlimited,2,TRUE,41245,1460,1460,26,26,166,2,2,susquehanna70,NA,TRUE,paddler,baumerda01,Dan Baumert,Baumert Dan,Levant,ME,USA,1,T,41245,NA,NA
227257,2016,CLINTON70,Downriver,Canoe,T5,oc2cruiser,13,TRUE,41258,1461,1461,1390,94,167,13,154,susquehanna70,NA,TRUE,paddler,NA,Michael Hamilton Jr.,Hamilton Jr. Michael,Oneonta,NY,USA,1,T,41258,NA,NA
227257,2016,CLINTON70,Downriver,Canoe,T5,oc2cruiser,13,TRUE,41258,1461,1461,1390,94,167,13,154,susquehanna70,NA,TRUE,paddler,NA,Michael Hamilton Sr.,Hamilton Sr. Michael,Yaphank,NY,USA,1,T,41258,NA,NA
532350,2025,CLINTON70,Downriver,Canoe,F6,oc2stockmix,8,TRUE,41259,1462,1462,1391,54,135,8,125,susquehanna70,NA,TRUE,paddler,crouchho01,Holly Crouch,Crouch Holly,Sherburne,NY,USA,NA,NA,NA,NA,NA
532350,2025,CLINTON70,Downriver,Canoe,F6,oc2stockmix,8,TRUE,41259,1462,1462,1391,54,135,8,125,susquehanna70,NA,TRUE,paddler,goocheji01,Jim Goochee,Goochee Jim,Port Allegany,PA,USA,NA,NA,NA,NA,NA
490001,2024,CLINTON70,Downriver,Canoe,A2,oc2stockalum,1,TRUE,41270,1463,1463,1392,33,123,1,116,susquehanna70,NA,TRUE,paddler,NA,Mat Robinson,Robinson Mat,Oneonta,NY,USA,NA,NA,NA,NA,NA
490001,2024,CLINTON70,Downriver,Canoe,A2,oc2stockalum,1,TRUE,41270,1463,1463,1392,33,123,1,116,susquehanna70,NA,TRUE,paddler,NA,Gareth Austin,Austin Gareth,Hartwick,NY,USA,NA,NA,NA,NA,NA
532322,2025,CLINTON70,Downriver,Unknown,G3,opentour,7,TRUE,41307,1464,1464,46,44,136,7,7,susquehanna70,NA,TRUE,paddler,NA,Holley Reynolds,Reynolds Holley,Walton,NY,USA,NA,NA,NA,Wet Dream,NA
435966,2023,CLINTON70,Downriver,Unknown,G23,opentour,6,TRUE,41341,1465,1465,47,45,120,6,6,susquehanna70,NA,TRUE,paddler,pinardpi01,Pierre Pinard,Pinard Pierre,L Orignal,ON,CAN,NA,NA,NA,Bear Paw Track,NA
435966,2023,CLINTON70,Downriver,Unknown,G23,opentour,6,TRUE,41341,1465,1465,47,45,120,6,6,susquehanna70,NA,TRUE,paddler,rouxcl01,Claude Roux,Roux Claude,Vaudreuil-Dorion,QC,CAN,NA,NA,NA,Bear Paw Track,NA
256266,2019,CLINTON70,Downriver,Unknown,G11,opentour,14,TRUE,41385,1466,1466,48,46,167,14,14,susquehanna70,NA,TRUE,paddler,NA,John Olearczyk,Olearczyk John,Williamsville,NY,USA,1,T,41385,NA,NA
256266,2019,CLINTON70,Downriver,Unknown,G11,opentour,14,TRUE,41385,1466,1466,48,46,167,14,14,susquehanna70,NA,TRUE,paddler,NA,Ron Lytel,Lytel Ron,cooperstown,NY,USA,1,T,41385,NA,NA
256316,2019,CLINTON70,Downriver,Canoe,F4,oc2stockmix,10,TRUE,41396,1467,1467,1393,55,168,10,149,susquehanna70,NA,TRUE,paddler,turturlo01,Lorraine Turturro,Turturro Lorraine,Watertown,NY,USA,1,T,41396,NA,NA
256316,2019,CLINTON70,Downriver,Canoe,F4,oc2stockmix,10,TRUE,41396,1467,1467,1393,55,168,10,149,susquehanna70,NA,TRUE,paddler,mattinji01,Jim Mattingly,Mattingly Jim,Theresa,NY,USA,1,T,41396,NA,NA
217285,2015,CLINTON70,Downriver,Canoe,C2,oc2rec,3,TRUE,41407,1468,1468,1394,30,140,3,137,susquehanna70,NA,TRUE,paddler,obrienpa01,Pat O'Brien,O'Brien Pat,Hartwick,NY,USA,1,T,41407,NA,NA
217285,2015,CLINTON70,Downriver,Canoe,C2,oc2rec,3,TRUE,41407,1468,1468,1394,30,140,3,137,susquehanna70,NA,TRUE,paddler,bachorst01,Steven Bachorik Jr.,Bachorik Jr. Steven,Hartwick,NY,USA,1,T,41407,NA,NA
227258,2016,CLINTON70,Downriver,Canoe,T14,oc2cruiser,14,TRUE,41417,1469,1469,1395,95,168,14,155,susquehanna70,NA,TRUE,paddler,NA,Alex Bechtold,Bechtold Alex,Chester,MD,USA,1,T,41417,NA,NA
227258,2016,CLINTON70,Downriver,Canoe,T14,oc2cruiser,14,TRUE,41417,1469,1469,1395,95,168,14,155,susquehanna70,NA,TRUE,paddler,NA,Harold Wilson,Wilson Harold,Chester,MD,USA,1,T,41417,NA,NA
227135,2016,CLINTON70,Downriver,Canoe,A8,oc2stockalum,6,TRUE,41452,1470,1470,1396,34,169,6,156,susquehanna70,NA,TRUE,paddler,NA,Jarrett Newby,Newby Jarrett,Binghamton,NY,USA,1,T,41452,NA,NA
227135,2016,CLINTON70,Downriver,Canoe,A8,oc2stockalum,6,TRUE,41452,1470,1470,1396,34,169,6,156,susquehanna70,NA,TRUE,paddler,NA,Jarry Newby,Newby Jarry,Bingahmton,NY,USA,1,T,41452,NA,NA
237729,2017,CLINTON70,Downriver,Canoe,A4,oc2stockalum,5,TRUE,41466,1471,1471,1397,35,167,5,165,susquehanna70,NA,TRUE,paddler,NA,Chrissy Adamo,Adamo Chrissy,Walton,NY,USA,1,T,41466,NA,NA
237729,2017,CLINTON70,Downriver,Canoe,A4,oc2stockalum,5,TRUE,41466,1471,1471,1397,35,167,5,165,susquehanna70,NA,TRUE,paddler,NA,Morgan George,George Morgan,Sidney Center,NY,USA,1,T,41466,NA,NA
227194,2016,CLINTON70,Downriver,Unknown,G15,open,12,TRUE,41544,1472,1472,49,41,170,12,12,susquehanna70,NA,TRUE,paddler,NA,Jon Greco,Greco Jon,Westlake,OH,USA,1,T,41544,NA,NA
227195,2016,CLINTON70,Downriver,Unknown,G2,open,13,TRUE,41547,1473,1473,50,42,171,13,13,susquehanna70,NA,TRUE,paddler,NA,Ryan Farley,Farley Ryan,Clifton Park,NY,USA,1,T,41547,NA,NA
532323,2025,CLINTON70,Downriver,Unknown,G12,opentour,8,TRUE,41554,1474,1474,51,47,137,8,8,susquehanna70,NA,TRUE,paddler,mcduffly01,Lynne McDuffie,McDuffie Lynne,Robbins,NC,USA,NA,NA,NA,Possum,NA
490073,2024,CLINTON70,Downriver,Canoe,X4,oc2cruisermix,11,TRUE,41562,1475,1475,1398,124,124,11,117,susquehanna70,NA,TRUE,paddler,NA,Jacques Supper,Supper Jacques,Lac Des Ecorces,QC,CAN,NA,NA,NA,Supper,NA
490073,2024,CLINTON70,Downriver,Canoe,X4,oc2cruisermix,11,TRUE,41562,1475,1475,1398,124,124,11,117,susquehanna70,NA,TRUE,paddler,NA,Catherine Gagné-Supper,Gagné-Supper Catherine,Mont-Laurier,QC,CAN,NA,NA,NA,Supper,NA
435984,2023,CLINTON70,Downriver,Canoe,C2,oc2rec,2,TRUE,41583,1476,1476,1399,31,121,2,114,susquehanna70,NA,TRUE,paddler,colliest01,Steve Collier,Collier Steve,Cooperstown,NY,USA,NA,NA,NA,Last Child Again,NA
435984,2023,CLINTON70,Downriver,Canoe,C2,oc2rec,2,TRUE,41583,1476,1476,1399,31,121,2,114,susquehanna70,NA,TRUE,paddler,NA,Erin Collier,Collier Erin,Cooperstown,NY,USA,NA,NA,NA,Last Child Again,NA
490002,2024,CLINTON70,Downriver,Canoe,A6,oc2stockalum,2,TRUE,41629,1477,1477,1400,36,125,2,118,susquehanna70,NA,TRUE,paddler,NA,Emma Walley,Walley Emma,Walton,NY,USA,NA,NA,NA,NA,NA
490002,2024,CLINTON70,Downriver,Canoe,A6,oc2stockalum,2,TRUE,41629,1477,1477,1400,36,125,2,118,susquehanna70,NA,TRUE,paddler,NA,Dalton Walley,Walley Dalton,Walton,NY,USA,NA,NA,NA,NA,NA
237797,2017,CLINTON70,Downriver,Canoe,V3,oc2cruisermaster,6,TRUE,41629,1478,1478,1401,69,168,6,166,susquehanna70,NA,TRUE,paddler,bechtegr01,Greg Bechtel,Bechtel Greg,Cincinnati,OH,USA,1,T,41629,NA,NA
237797,2017,CLINTON70,Downriver,Canoe,V3,oc2cruisermaster,6,TRUE,41629,1478,1478,1401,69,168,6,166,susquehanna70,NA,TRUE,paddler,fremonmi01,Mike Fremont,Fremont Mike,Cincinnati,OH,USA,1,T,41629,NA,NA
247566,2018,CLINTON70,Downriver,Canoe,G7,opentour,10,TRUE,41663,1479,1479,1402,48,161,10,159,susquehanna70,NA,TRUE,paddler,mcduffly01,Lynne McDuffie,McDuffie Lynne,Robbins,NC,USA,1,T,41663,NA,NA
247566,2018,CLINTON70,Downriver,Canoe,G7,opentour,10,TRUE,41663,1479,1479,1402,48,161,10,159,susquehanna70,NA,TRUE,paddler,NA,Renee Dunlap,Dunlap Renee,Seagrove,NC,USA,1,T,41663,NA,NA
256351,2019,CLINTON70,Downriver,Kayak,KL3,k1unlimited,6,TRUE,41692,1480,1480,27,27,169,6,6,susquehanna70,NA,TRUE,paddler,merrilja01,James Merrill,Merrill James,West Henrietta,NY,USA,1,T,41692,NA,NA
490025,2024,CLINTON70,Downriver,Canoe,F10,oc2stockmix,7,TRUE,41697,1481,1481,1403,56,126,7,119,susquehanna70,NA,TRUE,paddler,NA,Bonnie Campbell,Campbell Bonnie,Nelson House ,MB,CAN,NA,NA,NA,Team Manitoba,NA
490025,2024,CLINTON70,Downriver,Canoe,F10,oc2stockmix,7,TRUE,41697,1481,1481,1403,56,126,7,119,susquehanna70,NA,TRUE,paddler,NA,Terrance Thomas,Thomas Terrance,Nelson House,MB,CAN,NA,NA,NA,Team Manitoba,NA
217318,2015,CLINTON70,Downriver,Canoe,G1,open,8,TRUE,41744,1482,1482,1404,43,141,8,138,susquehanna70,NA,TRUE,paddler,hughesan01,Andy Hughes,Hughes Andy,New Hartford,CT,USA,1,T,41744,NA,NA
217318,2015,CLINTON70,Downriver,Canoe,G1,open,8,TRUE,41744,1482,1482,1404,43,141,8,138,susquehanna70,NA,TRUE,paddler,evansed01,Ed Evans,Evans Ed,New Woodstock,NY,USA,1,T,41744,NA,NA
247567,2018,CLINTON70,Downriver,Canoe,G20,opentour,11,TRUE,41753,1483,1483,1405,49,162,11,160,susquehanna70,NA,TRUE,paddler,NA,Josh Smith,Smith Josh,TERRY,MT,USA,1,T,41753,NA,NA
436018,2023,CLINTON70,Downriver,Canoe,S7,oc1pro,7,TRUE,41761,1484,1484,1406,70,122,7,115,susquehanna70,NA,TRUE,paddler,broderem01,Emily Broderson,Broderson Emily,Maple Grove,MN,USA,NA,NA,NA,Emily Broderson,NA
436002,2023,CLINTON70,Downriver,Canoe,F4,oc2stockmix,5,TRUE,41789,1485,1485,1407,57,123,5,116,susquehanna70,NA,TRUE,paddler,mcduffly01,Lynne McDuffie,McDuffie Lynne,Robbins,NC,USA,NA,NA,NA,NA,NA
436002,2023,CLINTON70,Downriver,Canoe,F4,oc2stockmix,5,TRUE,41789,1485,1485,1407,57,123,5,116,susquehanna70,NA,TRUE,paddler,NA,Jim Boochee,Boochee Jim,Port Allegeny,PA,USA,NA,NA,NA,NA,NA
435967,2023,CLINTON70,Downriver,Unknown,G14,opentour,7,TRUE,41799,1486,1486,52,50,124,7,7,susquehanna70,NA,TRUE,paddler,NA,Aidan Cutting,Cutting Aidan,Unadilla,NY,USA,NA,NA,NA,AC,NA
208268,2014,CLINTON70,Downriver,Canoe,R3,oc1stock,7,TRUE,41827,1487,1487,1408,27,171,7,166,susquehanna70,NA,TRUE,paddler,bealejo01,John Beale III,Beale III John,Franklin,VA,USA,1,T,41827,NA,NA
217319,2015,CLINTON70,Downriver,Canoe,G14,open,9,TRUE,41891,1488,1488,1409,44,142,9,139,susquehanna70,NA,TRUE,paddler,hatfiest01,Steve Hatfield,Hatfield Steve,Schenevus,NY,USA,1,T,41891,NA,NA
217319,2015,CLINTON70,Downriver,Canoe,G14,open,9,TRUE,41891,1488,1488,1409,44,142,9,139,susquehanna70,NA,TRUE,paddler,daldegvi01,Vick Daldegan,Daldegan Vick,Worcester,NY,USA,1,T,41891,NA,NA
217268,2015,CLINTON70,Downriver,Canoe,A6,oc2stockalum,5,TRUE,41897,1489,1489,1410,37,143,5,140,susquehanna70,NA,TRUE,paddler,NA,Dustin Dumond,Dumond Dustin,Bainbridge,NY,USA,1,T,41897,NA,NA
217268,2015,CLINTON70,Downriver,Canoe,A6,oc2stockalum,5,TRUE,41897,1489,1489,1410,37,143,5,140,susquehanna70,NA,TRUE,paddler,NA,Nathan Seymour,Seymour Nathan,Bainbridge,NY,USA,1,T,41897,NA,NA
256267,2019,CLINTON70,Downriver,Unknown,G19,opentour,15,TRUE,41921,1490,1490,53,51,170,15,15,susquehanna70,NA,TRUE,paddler,NA,Brian Guzy,Guzy Brian,Cooperstown,NY,USA,1,T,41921,NA,NA
256267,2019,CLINTON70,Downriver,Unknown,G19,opentour,15,TRUE,41921,1490,1490,53,51,170,15,15,susquehanna70,NA,TRUE,paddler,NA,Cooper Guzy,Guzy Cooper,Cooperstown,NY,USA,1,T,41921,NA,NA
217320,2015,CLINTON70,Downriver,Canoe,G17,open,10,TRUE,41926,1491,1491,1411,45,144,10,141,susquehanna70,NA,TRUE,paddler,NA,Jeremy Scudder,Scudder Jeremy,Maryland,NY,USA,1,T,41926,NA,NA
217320,2015,CLINTON70,Downriver,Canoe,G17,open,10,TRUE,41926,1491,1491,1411,45,144,10,141,susquehanna70,NA,TRUE,paddler,NA,Will Weinert,Weinert Will,Schenevus,NY,USA,1,T,41926,NA,NA
436011,2023,CLINTON70,Downriver,Kayak,KL4,k1unlimited,2,TRUE,41960,1492,1492,28,28,125,2,2,susquehanna70,NA,TRUE,paddler,baumerda01,Daniel Baumert,Baumert Daniel,Levant,ME,USA,NA,NA,NA,NA,NA
217321,2015,CLINTON70,Downriver,Canoe,G5,open,11,TRUE,41977,1493,1493,1412,46,145,11,142,susquehanna70,NA,TRUE,paddler,millerbo01,Bob Miller,Miller Bob,Harmony,ME,USA,1,T,41977,NA,NA
217321,2015,CLINTON70,Downriver,Canoe,G5,open,11,TRUE,41977,1493,1493,1412,46,145,11,142,susquehanna70,NA,TRUE,paddler,mitchero01,Robert Mitchell,Mitchell Robert,Clinton Corners,NY,USA,1,T,41977,NA,NA
489994,2024,CLINTON70,Downriver,Unknown,G1,opentour,7,TRUE,42043,1494,1494,54,52,127,7,7,susquehanna70,NA,TRUE,paddler,NA,Sara Kidder,Kidder Sara,Huntington,WV,USA,NA,NA,NA,Just keep paddling,NA
217302,2015,CLINTON70,Downriver,Canoe,E12,oc2stock,15,TRUE,42089,1495,1495,1413,131,146,15,143,susquehanna70,NA,TRUE,paddler,NA,David Garvey,Garvey David,NA,NA,NA,1,T,42089,NA,NA
217302,2015,CLINTON70,Downriver,Canoe,E12,oc2stock,15,TRUE,42089,1495,1495,1413,131,146,15,143,susquehanna70,NA,TRUE,paddler,NA,William Bechtold,Bechtold William,Chester,MD,USA,1,T,42089,NA,NA
208183,2014,CLINTON70,Downriver,Canoe,G26,open,17,TRUE,42090,1496,1496,1414,47,172,17,167,susquehanna70,NA,TRUE,paddler,NA,Anna Hineline,Hineline Anna,Ithaca,NY,USA,1,T,42090,NA,NA
208183,2014,CLINTON70,Downriver,Canoe,G26,open,17,TRUE,42090,1496,1496,1414,47,172,17,167,susquehanna70,NA,TRUE,paddler,hogueje01,Jeff Hogue,Hogue Jeff,Romulus,NY,USA,1,T,42090,NA,NA
247568,2018,CLINTON70,Downriver,Canoe,G19,opentour,12,TRUE,42092,1497,1497,1415,53,163,12,161,susquehanna70,NA,TRUE,paddler,NA,Brian Guzy,Guzy Brian,Cooperstown,NY,USA,1,T,42092,NA,NA
247568,2018,CLINTON70,Downriver,Canoe,G19,opentour,12,TRUE,42092,1497,1497,1415,53,163,12,161,susquehanna70,NA,TRUE,paddler,NA,Carson Guzy,Guzy Carson,Cooperstown,NY,USA,1,T,42092,NA,NA
217269,2015,CLINTON70,Downriver,Canoe,A8,oc2stockalum,6,TRUE,42165,1498,1498,1416,38,147,6,144,susquehanna70,NA,TRUE,paddler,allisojo01,Joseph Allison,Allison Joseph,Oxford,NY,USA,1,T,42165,NA,NA
217269,2015,CLINTON70,Downriver,Canoe,A8,oc2stockalum,6,TRUE,42165,1498,1498,1416,38,147,6,144,susquehanna70,NA,TRUE,paddler,NA,Quinton Hasak,Hasak Quinton,Cooperstown,NY,USA,1,T,42165,NA,NA
370173,2022,CLINTON70,Downriver,Canoe,Y2,oc2cruiserwomen,2,TRUE,42202,1499,1499,1417,30,119,2,114,susquehanna70,NA,TRUE,paddler,rubinha01,Hannah Rubin,Rubin Hannah,Knoxville,TN,USA,NA,NA,NA,NA,NA
370173,2022,CLINTON70,Downriver,Canoe,Y2,oc2cruiserwomen,2,TRUE,42202,1499,1499,1417,30,119,2,114,susquehanna70,NA,TRUE,paddler,reinerpr01,Priscilla Reinertsen,Reinertsen Priscilla,Contoocook,NH,USA,NA,NA,NA,NA,NA
370150,2022,CLINTON70,Downriver,Canoe,L3,oc1master,6,TRUE,42205,1500,1500,1418,90,120,6,115,susquehanna70,NA,TRUE,paddler,paradial01,Alan Paradise,Paradise Alan,Pittsfield,NH,USA,NA,NA,NA,ihurtalready!,NA
217335,2015,CLINTON70,Downriver,Kayak,KL4,k1unlimited,4,TRUE,42209,1501,1501,29,29,148,4,4,susquehanna70,NA,TRUE,paddler,baumerda01,Dan Baumert,Baumert Dan,Levant,ME,USA,1,T,42209,NA,NA
370137,2022,CLINTON70,Downriver,Canoe,F5,oc2stockmix,4,TRUE,42227,1502,1502,1419,58,121,4,116,susquehanna70,NA,TRUE,paddler,NA,Elizabeth Butler,Butler Elizabeth,Ithaca,NY,USA,NA,NA,NA,NA,NA
370137,2022,CLINTON70,Downriver,Canoe,F5,oc2stockmix,4,TRUE,42227,1502,1502,1419,58,121,4,116,susquehanna70,NA,TRUE,paddler,NA,Amy Kuo,Kuo Amy,Ithaca,NY,USA,NA,NA,NA,NA,NA
532342,2025,CLINTON70,Downriver,Canoe,E3,oc2stock,9,TRUE,42262,1503,1503,1420,132,138,9,126,susquehanna70,NA,TRUE,paddler,mitchero01,Robert Mitchell,Mitchell Robert,Clinton Corners,NY,USA,NA,NA,NA,"Yeah,right",NA
532342,2025,CLINTON70,Downriver,Canoe,E3,oc2stock,9,TRUE,42262,1503,1503,1420,132,138,9,126,susquehanna70,NA,TRUE,paddler,wescotte01,Terry Wescott,Wescott Terry,Thorndike,ME,USA,NA,NA,NA,"Yeah,right",NA
532324,2025,CLINTON70,Downriver,Unknown,G2,opentour,9,TRUE,42280,1504,1504,55,54,139,9,9,susquehanna70,NA,TRUE,paddler,NA,Girolamo Mammolito,Mammolito Girolamo,Phoenix,NY,USA,NA,NA,NA,Finger Lakes 2 Dot Com,NA
532324,2025,CLINTON70,Downriver,Unknown,G2,opentour,9,TRUE,42280,1504,1504,55,54,139,9,9,susquehanna70,NA,TRUE,paddler,NA,Paul Campbell,Campbell Paul,Hamlin,NY,USA,NA,NA,NA,Finger Lakes 2 Dot Com,NA
227196,2016,CLINTON70,Downriver,Unknown,G1,open,14,TRUE,42301,1505,1505,56,48,172,14,14,susquehanna70,NA,TRUE,paddler,mattinji01,Jim Mattingly,Mattingly Jim,Theresa,NY,USA,1,T,42301,NA,NA
227196,2016,CLINTON70,Downriver,Unknown,G1,open,14,TRUE,42301,1505,1505,56,48,172,14,14,susquehanna70,NA,TRUE,paddler,turturlo01,Lorraine Turturro,Turturro Lorraine,Watertown,NY,USA,1,T,42301,NA,NA
370111,2022,CLINTON70,Downriver,Unknown,G1,opentour,5,TRUE,42314,1506,1506,57,55,122,5,5,susquehanna70,NA,TRUE,paddler,NA,Jason Blanchard,Blanchard Jason,Charlotte,NC,USA,NA,NA,NA,Ship of fools,NA
490026,2024,CLINTON70,Downriver,Canoe,F3,oc2stockmix,8,TRUE,42324,1507,1507,1421,59,128,8,120,susquehanna70,NA,TRUE,paddler,NA,Cheryl Constant,Constant Cheryl,Pukatawagan,MB,CAN,NA,NA,NA,Paddling thru life together,NA
490026,2024,CLINTON70,Downriver,Canoe,F3,oc2stockmix,8,TRUE,42324,1507,1507,1421,59,128,8,120,susquehanna70,NA,TRUE,paddler,NA,William Young,Young William,Winnipeg,MB,CAN,NA,NA,NA,Paddling thru life together,NA
208126,2014,CLINTON70,Downriver,Canoe,A11,oc2stockalum,8,TRUE,42358,1508,1508,1422,39,173,8,168,susquehanna70,NA,TRUE,paddler,NA,Brian Taggart,Taggart Brian,Unadilla,NY,USA,1,T,42358,NA,NA
208126,2014,CLINTON70,Downriver,Canoe,A11,oc2stockalum,8,TRUE,42358,1508,1508,1422,39,173,8,168,susquehanna70,NA,TRUE,paddler,NA,Jason Jordan,Jordan Jason,Franklin,NY,USA,1,T,42358,NA,NA
237722,2017,CLINTON70,Downriver,Canoe,G101,open,7,TRUE,42380,1509,1509,1423,49,169,7,167,susquehanna70,NA,TRUE,paddler,NA,Ian Bernier,Bernier Ian,Sidney,ME,USA,1,T,42380,NA,NA
227136,2016,CLINTON70,Downriver,Canoe,A3,oc2stockalum,7,TRUE,42397,1510,1510,1424,40,173,7,157,susquehanna70,NA,TRUE,paddler,NA,Joseph Powers,Powers Joseph,Milford,NY,USA,1,T,42397,NA,NA
227136,2016,CLINTON70,Downriver,Canoe,A3,oc2stockalum,7,TRUE,42397,1510,1510,1424,40,173,7,157,susquehanna70,NA,TRUE,paddler,NA,Thomas Pinello,Pinello Thomas,Ithaca,NY,USA,1,T,42397,NA,NA
208269,2014,CLINTON70,Downriver,Canoe,R6,oc1stock,8,TRUE,42422,1511,1511,1425,28,174,8,169,susquehanna70,NA,TRUE,paddler,buellda01,Daniel Buell,Buell Daniel,New Berlin,NY,USA,1,T,42422,NA,NA
435985,2023,CLINTON70,Downriver,Canoe,D2,oc2recmix,1,TRUE,42438,1512,1512,1426,7,126,1,117,susquehanna70,NA,TRUE,paddler,gallagfr01,Francis Gallagher,Gallagher Francis,Wilson,NY,USA,NA,NA,NA,700 or Bust,NA
435985,2023,CLINTON70,Downriver,Canoe,D2,oc2recmix,1,TRUE,42438,1512,1512,1426,7,126,1,117,susquehanna70,NA,TRUE,paddler,gallagli01,Linda Gallagher,Gallagher Linda,Wilson,NY,USA,NA,NA,NA,700 or Bust,NA
227137,2016,CLINTON70,Downriver,Canoe,A2,oc2stockalum,8,TRUE,42453,1513,1513,1427,41,174,8,158,susquehanna70,NA,TRUE,paddler,NA,Chrissy Adamo,Adamo Chrissy,Walton,NY,USA,1,T,42453,NA,NA
227137,2016,CLINTON70,Downriver,Canoe,A2,oc2stockalum,8,TRUE,42453,1513,1513,1427,41,174,8,158,susquehanna70,NA,TRUE,paddler,NA,Morgan George,George Morgan,Sidney Center,NY,USA,1,T,42453,NA,NA
370116,2022,CLINTON70,Downriver,Canoe,A2,oc2stockalum,3,TRUE,42458,1514,1514,1428,42,123,3,117,susquehanna70,NA,TRUE,paddler,NA,Emma Walley,Walley Emma,Walton,NY,USA,NA,NA,NA,NA,NA
370116,2022,CLINTON70,Downriver,Canoe,A2,oc2stockalum,3,TRUE,42458,1514,1514,1428,42,123,3,117,susquehanna70,NA,TRUE,paddler,NA,Darrin Walley,Walley Darrin,Walton,NY,USA,NA,NA,NA,NA,NA
370117,2022,CLINTON70,Downriver,Canoe,A3,oc2stockalum,4,TRUE,42462,1515,1515,1429,43,124,4,118,susquehanna70,NA,TRUE,paddler,walleybr01,Brian Walley,Walley Brian,Walton,NY,USA,NA,NA,NA,NA,NA
370117,2022,CLINTON70,Downriver,Canoe,A3,oc2stockalum,4,TRUE,42462,1515,1515,1429,43,124,4,118,susquehanna70,NA,TRUE,paddler,NA,Corbin Walley,Walley Corbin,Walton,NY,USA,NA,NA,NA,NA,NA
370112,2022,CLINTON70,Downriver,Unknown,G2,opentour,6,TRUE,42468,1516,1516,58,56,125,6,6,susquehanna70,NA,TRUE,paddler,NA,Austin Longcoy,Longcoy Austin,Binghamton,NY,USA,NA,NA,NA,Big Chungus,NA
217270,2015,CLINTON70,Downriver,Canoe,A7,oc2stockalum,7,TRUE,42567,1517,1517,1430,44,149,7,145,susquehanna70,NA,TRUE,paddler,NA,John Bugyi,Bugyi John,New Lisbon,NY,USA,1,T,42567,NA,NA
217270,2015,CLINTON70,Downriver,Canoe,A7,oc2stockalum,7,TRUE,42567,1517,1517,1430,44,149,7,145,susquehanna70,NA,TRUE,paddler,NA,Ryan Klein,Klein Ryan,New Lisbon,NY,USA,1,T,42567,NA,NA
532325,2025,CLINTON70,Downriver,Unknown,G15,opentour,10,TRUE,42599,1518,1518,59,57,140,10,10,susquehanna70,NA,TRUE,paddler,NA,Ava Cirigliano,Cirigliano Ava,Unadilla,NY,USA,NA,NA,NA,Cirigliano's,NA
532325,2025,CLINTON70,Downriver,Unknown,G15,opentour,10,TRUE,42599,1518,1518,59,57,140,10,10,susquehanna70,NA,TRUE,paddler,NA,Gabriel Cirigliano,Cirigliano Gabriel,Unadilla,NY,USA,NA,NA,NA,Cirigliano's,NA
370171,2022,CLINTON70,Downriver,Canoe,X7,oc2cruisermix,6,TRUE,42601,1519,1519,1431,125,126,6,119,susquehanna70,NA,TRUE,paddler,staubach01,Chad Staubach,Staubach Chad,Altamont,NY,USA,NA,NA,NA,Staubach's,NA
370171,2022,CLINTON70,Downriver,Canoe,X7,oc2cruisermix,6,TRUE,42601,1519,1519,1431,125,126,6,119,susquehanna70,NA,TRUE,paddler,staubasa01,Samantha Staubach,Staubach Samantha,Altamont,NY,USA,NA,NA,NA,Staubach's,NA
435996,2023,CLINTON70,Downriver,Canoe,E3,oc2stock,10,TRUE,42603,1520,1520,1432,133,127,10,118,susquehanna70,NA,TRUE,paddler,NA,William Quinlan,Quinlan William,Ithaca,NY,USA,NA,NA,NA,Dragons,NA
435996,2023,CLINTON70,Downriver,Canoe,E3,oc2stock,10,TRUE,42603,1520,1520,1432,133,127,10,118,susquehanna70,NA,TRUE,paddler,nicoloja01,James Nicoloff,Nicoloff James,Hornell,NY,USA,NA,NA,NA,Dragons,NA
247569,2018,CLINTON70,Downriver,Canoe,G15,opentour,13,TRUE,42607,1521,1521,1433,58,164,13,162,susquehanna70,NA,TRUE,paddler,turturlo01,Lorraine Turturro,Turturro Lorraine,Watertown,NY,USA,1,T,42607,NA,NA
247569,2018,CLINTON70,Downriver,Canoe,G15,opentour,13,TRUE,42607,1521,1521,1433,58,164,13,162,susquehanna70,NA,TRUE,paddler,mattinji01,Jim Mattingly,Mattingly Jim,Theresa,NY,USA,1,T,42607,NA,NA
435968,2023,CLINTON70,Downriver,Unknown,G5,opentour,8,TRUE,42612,1522,1522,60,59,128,8,8,susquehanna70,NA,TRUE,paddler,NA,Jason Blanchard,Blanchard Jason,Charlotte,NC,USA,NA,NA,NA,Ship of fools,NA
217303,2015,CLINTON70,Downriver,Canoe,E1,oc2stock,16,TRUE,42639,1523,1523,1434,134,150,16,146,susquehanna70,NA,TRUE,paddler,schlimfr01,Francis Schlimmer,Schlimmer Francis,Cortland,NY,USA,1,T,42639,NA,NA
217303,2015,CLINTON70,Downriver,Canoe,E1,oc2stock,16,TRUE,42639,1523,1523,1434,134,150,16,146,susquehanna70,NA,TRUE,paddler,schlimjo01,Joseph Schlimmer,Schlimmer Joseph,Cortland,NY,USA,1,T,42639,NA,NA
532326,2025,CLINTON70,Downriver,Unknown,G14,opentour,11,TRUE,42648,1524,1524,61,60,141,11,11,susquehanna70,NA,TRUE,paddler,NA,Griffin Cirigliano,Cirigliano Griffin,Unadilla,NY,USA,NA,NA,NA,Squirrely Fish,NA
532326,2025,CLINTON70,Downriver,Unknown,G14,opentour,11,TRUE,42648,1524,1524,61,60,141,11,11,susquehanna70,NA,TRUE,paddler,ciriglda01,Daniel Cirigliano,Cirigliano Daniel,Unadilla,NY,USA,NA,NA,NA,Squirrely Fish,NA
256283,2019,CLINTON70,Downriver,Canoe,C6,oc2rec,5,TRUE,42676,1525,1525,1435,32,171,5,150,susquehanna70,NA,TRUE,paddler,NA,Ken Pixley,Pixley Ken,Unadilla,NY,USA,1,T,42676,NA,NA
256283,2019,CLINTON70,Downriver,Canoe,C6,oc2rec,5,TRUE,42676,1525,1525,1435,32,171,5,150,susquehanna70,NA,TRUE,paddler,NA,Caitlin Ferrante,Ferrante Caitlin,Guilderland,NY,USA,1,T,42676,NA,NA
370154,2022,CLINTON70,Downriver,Canoe,J1,oc1,4,TRUE,42709,1526,1526,1436,44,127,4,120,susquehanna70,NA,TRUE,paddler,loeffltr01,Tres Loeffler,Loeffler Tres,Milford,NY,USA,NA,NA,NA,NA,NA
370143,2022,CLINTON70,Downriver,Canoe,R1,oc1stock,1,TRUE,42726,1527,1527,1437,29,128,1,121,susquehanna70,NA,TRUE,paddler,NA,Mark Kogutowski,Kogutowski Mark,Grand Island,NY,USA,NA,NA,NA,Scajaquada Canoe Club,NA
435969,2023,CLINTON70,Downriver,Unknown,G1,opentour,9,TRUE,42784,1528,1528,62,61,129,9,9,susquehanna70,NA,TRUE,paddler,ciampaal01,Alex Ciampa,Ciampa Alex,Amesbury,MA,USA,NA,NA,NA,Straight outta rehab,NA
256268,2019,CLINTON70,Downriver,Unknown,G3,opentour,16,TRUE,42787,1529,1529,63,62,172,16,16,susquehanna70,NA,TRUE,paddler,hustedwa01,Wayne Husted,Husted Wayne,Norwich,NY,USA,1,T,42787,NA,NA
208184,2014,CLINTON70,Downriver,Canoe,G5,open,18,TRUE,42858,1530,1530,1438,50,175,18,170,susquehanna70,NA,TRUE,paddler,NA,Chris Buckley,Buckley Chris,Lake Forest,IL,USA,1,T,42858,NA,NA
208184,2014,CLINTON70,Downriver,Canoe,G5,open,18,TRUE,42858,1530,1530,1438,50,175,18,170,susquehanna70,NA,TRUE,paddler,NA,Patrick Buckley,Buckley Patrick,New Hartford,NY,USA,1,T,42858,NA,NA
247545,2018,CLINTON70,Downriver,Canoe,C2,oc2rec,4,TRUE,42909,1531,1531,1439,33,165,4,163,susquehanna70,NA,TRUE,paddler,NA,Jason Dilworth,Dilworth Jason,Fredonia,NY,USA,1,T,42909,NA,NA
247545,2018,CLINTON70,Downriver,Canoe,C2,oc2rec,4,TRUE,42909,1531,1531,1439,33,165,4,163,susquehanna70,NA,TRUE,paddler,NA,John Dilworth,Dilworth John,Ogden,UT,USA,1,T,42909,NA,NA
489995,2024,CLINTON70,Downriver,Unknown,G13,opentour,8,TRUE,42947,1532,1532,64,63,129,8,8,susquehanna70,NA,TRUE,paddler,NA,Victor Fisher,Fisher Victor,Bainbridge ,NY,USA,NA,NA,NA,Iron Brigade,NA
489995,2024,CLINTON70,Downriver,Unknown,G13,opentour,8,TRUE,42947,1532,1532,64,63,129,8,8,susquehanna70,NA,TRUE,paddler,NA,Dario Loriato,Loriato Dario,Brookline ,MA,USA,NA,NA,NA,Iron Brigade,NA
247552,2018,CLINTON70,Downriver,Canoe,A7,oc2stockalum,5,TRUE,42991,1533,1533,1440,45,166,5,164,susquehanna70,NA,TRUE,paddler,NA,Nick Sobers,Sobers Nick,laurens,NY,USA,1,T,42991,NA,NA
247552,2018,CLINTON70,Downriver,Canoe,A7,oc2stockalum,5,TRUE,42991,1533,1533,1440,45,166,5,164,susquehanna70,NA,TRUE,paddler,NA,Anne Pallischeck,Pallischeck Anne,Maryland,NY,USA,1,T,42991,NA,NA
436030,2023,CLINTON70,Downriver,Canoe,L8,oc1master,9,TRUE,43051,1534,1534,1441,91,130,9,119,susquehanna70,NA,TRUE,paddler,jordanji01,James Jordan,Jordan James,Cooperstown ,NY,USA,NA,NA,NA,NA,NA
217304,2015,CLINTON70,Downriver,Canoe,E18,oc2stock,17,TRUE,43144,1535,1535,1442,135,151,17,147,susquehanna70,NA,TRUE,paddler,NA,Frank Getman,Getman Frank,Portsmouth,NH,USA,1,T,43144,NA,NA
217304,2015,CLINTON70,Downriver,Canoe,E18,oc2stock,17,TRUE,43144,1535,1535,1442,135,151,17,147,susquehanna70,NA,TRUE,paddler,NA,Gerald Pondolfino,Pondolfino Gerald,Oneonta,NY,USA,1,T,43144,NA,NA
435997,2023,CLINTON70,Downriver,Canoe,E2,oc2stock,11,TRUE,43148,1536,1536,1443,136,131,11,120,susquehanna70,NA,TRUE,paddler,NA,Brian Loskamp,Loskamp Brian,San Mateo,CA,USA,NA,NA,NA,Paddling Fools,NA
435997,2023,CLINTON70,Downriver,Canoe,E2,oc2stock,11,TRUE,43148,1536,1536,1443,136,131,11,120,susquehanna70,NA,TRUE,paddler,buchhoge01,George Buchholz,Buchholz George,Ithaca,NY,USA,NA,NA,NA,Paddling Fools,NA
217386,2015,CLINTON70,Downriver,Canoe,R2,oc1stock,3,TRUE,43203,1537,1537,1444,30,152,3,148,susquehanna70,NA,TRUE,paddler,primmemi01,Michael Primmer,Primmer Michael,Oneonta,NY,USA,1,T,43203,NA,NA
256269,2019,CLINTON70,Downriver,Unknown,G14,opentour,17,TRUE,43243,1538,1538,65,64,173,17,17,susquehanna70,NA,TRUE,paddler,schlimjo01,Joseph Schlimmer,Schlimmer Joseph,Cortland,NY,USA,1,T,43243,NA,NA
256269,2019,CLINTON70,Downriver,Unknown,G14,opentour,17,TRUE,43243,1538,1538,65,64,173,17,17,susquehanna70,NA,TRUE,paddler,schlimth01,Theresa Schlimmer,Schlimmer Theresa,Cortland,NY,USA,1,T,43243,NA,NA
208223,2014,CLINTON70,Downriver,Canoe,L8,oc1master,15,TRUE,43246,1539,1539,1445,92,176,15,171,susquehanna70,NA,TRUE,paddler,mitchero01,Robert Mitchell,Mitchell Robert,Saco,ME,USA,1,T,43246,NA,NA
435970,2023,CLINTON70,Downriver,Unknown,G25,opentour,10,TRUE,43256,1540,1540,66,65,132,10,10,susquehanna70,NA,TRUE,paddler,NA,Darrin Walley,Walley Darrin,Walton,NY,USA,NA,NA,NA,NA,NA
227197,2016,CLINTON70,Downriver,Unknown,G7,open,15,TRUE,43285,1541,1541,67,51,175,15,15,susquehanna70,NA,TRUE,paddler,NA,Steven Marks,Marks Steven,Bloomsburg,PA,USA,1,T,43285,NA,NA
217336,2015,CLINTON70,Downriver,Kayak,KL6,k1unlimited,5,TRUE,43294,1542,1542,30,30,153,5,5,susquehanna70,NA,TRUE,paddler,ryanti01,Tim Ryan,Ryan Tim,Manilus,NY,USA,1,T,43294,NA,NA
237736,2017,CLINTON70,Downriver,Canoe,C8,oc2rec,6,TRUE,43328,1543,1543,1446,34,170,6,168,susquehanna70,NA,TRUE,paddler,NA,Scott Sellers,Sellers Scott,Cazenovia,NY,USA,1,T,43328,NA,NA
237736,2017,CLINTON70,Downriver,Canoe,C8,oc2rec,6,TRUE,43328,1543,1543,1446,34,170,6,168,susquehanna70,NA,TRUE,paddler,seiferer01,Eric Seifer,Seifer Eric,Potsdam,NY,USA,1,T,43328,NA,NA
490048,2024,CLINTON70,Downriver,Canoe,L6,oc1master,7,TRUE,43339,1544,1544,1447,93,130,7,121,susquehanna70,NA,TRUE,paddler,lewisjo01,John Lewis,Lewis John,Bainbridge,NY,USA,NA,NA,NA,NA,NA
370132,2022,CLINTON70,Downriver,Canoe,E7,oc2stock,11,TRUE,43347,1545,1545,1448,137,129,11,122,susquehanna70,NA,TRUE,paddler,goocheji01,Jim Goochee,Goochee Jim,Port Allegany,PA,USA,NA,NA,NA,NA,NA
370132,2022,CLINTON70,Downriver,Canoe,E7,oc2stock,11,TRUE,43347,1545,1545,1448,137,129,11,122,susquehanna70,NA,TRUE,paddler,nicoloja01,James Nicoloff,Nicoloff James,Hornell,NY,USA,NA,NA,NA,NA,NA
532333,2025,CLINTON70,Downriver,Canoe,A3,oc2stockalum,4,TRUE,43360,1546,1546,1449,46,142,4,127,susquehanna70,NA,TRUE,paddler,NA,Emma Walley,Walley Emma,Walton,NY,USA,NA,NA,NA,NA,NA
532333,2025,CLINTON70,Downriver,Canoe,A3,oc2stockalum,4,TRUE,43360,1546,1546,1449,46,142,4,127,susquehanna70,NA,TRUE,paddler,NA,Jacob Kissell,Kissell Jacob,Phelps,NY,USA,NA,NA,NA,NA,NA
490016,2024,CLINTON70,Downriver,Canoe,E5,oc2stock,11,TRUE,43423,1547,1547,1450,138,131,11,122,susquehanna70,NA,TRUE,paddler,NA,Mark Kogutowski,Kogutowski Mark,Grand Island,NY,USA,NA,NA,NA,Scajaquada Canoe Club,NA
490016,2024,CLINTON70,Downriver,Canoe,E5,oc2stock,11,TRUE,43423,1547,1547,1450,138,131,11,122,susquehanna70,NA,TRUE,paddler,NA,Francis Wagner,Wagner Francis,Buffalo,NY,USA,NA,NA,NA,Scajaquada Canoe Club,NA
208185,2014,CLINTON70,Downriver,Canoe,G4,open,19,TRUE,43542,1548,1548,1451,52,177,19,172,susquehanna70,NA,TRUE,paddler,NA,Steven Marks,Marks Steven,Bloomsburg,PA,USA,1,T,43542,NA,NA
208144,2014,CLINTON70,Downriver,Canoe,C3,oc2rec,7,TRUE,43576,1549,1549,1452,35,178,7,173,susquehanna70,NA,TRUE,paddler,NA,Kenneth Baker,Baker Kenneth,Culpeper,VA,USA,1,T,43576,NA,NA
208144,2014,CLINTON70,Downriver,Canoe,C3,oc2rec,7,TRUE,43576,1549,1549,1452,35,178,7,173,susquehanna70,NA,TRUE,paddler,NA,Victor Cruz,Cruz Victor,Culpeper,VA,USA,1,T,43576,NA,NA
436031,2023,CLINTON70,Downriver,Canoe,L3,oc1master,10,TRUE,43581,1550,1550,1453,94,133,10,121,susquehanna70,NA,TRUE,paddler,NA,David Chan,Chan David,Cranford,NJ,USA,NA,NA,NA,Team Chan,NA
489996,2024,CLINTON70,Downriver,Unknown,G9,opentour,9,TRUE,43611,1551,1551,68,66,132,9,9,susquehanna70,NA,TRUE,paddler,NA,Austin Longcoy,Longcoy Austin,Binghamton,NY,USA,NA,NA,NA,Big Mode,NA
227228,2016,CLINTON70,Downriver,Canoe,L11,oc1master,13,TRUE,43618,1552,1552,1454,95,176,13,159,susquehanna70,NA,TRUE,paddler,lancasja01,Jay Lancaster,Lancaster Jay,Darlington,WI,USA,1,T,43618,NA,NA
370156,2022,CLINTON70,Downriver,Kayak,KL1,k1unlimited,2,TRUE,43643,1553,1553,31,31,130,2,2,susquehanna70,NA,TRUE,paddler,frigoncl01,Claude Frigon,Frigon Claude,Terrebonne,QC,CAN,NA,NA,NA,Surfski Bum,NA
489997,2024,CLINTON70,Downriver,Unknown,G15,opentour,10,TRUE,43873,1554,1554,69,67,133,10,10,susquehanna70,NA,TRUE,paddler,ciriglda01,Daniel Cirigliano,Cirigliano Daniel,Unadilla,NY,USA,NA,NA,NA,Cirigliano x2,NA
489997,2024,CLINTON70,Downriver,Unknown,G15,opentour,10,TRUE,43873,1554,1554,69,67,133,10,10,susquehanna70,NA,TRUE,paddler,NA,Ava Cirigliano,Cirigliano Ava,Unadilla,NY,USA,NA,NA,NA,Cirigliano x2,NA
208207,2014,CLINTON70,Downriver,Kayak,KL4,k1unlimited,6,TRUE,43980,1555,1555,32,32,179,6,6,susquehanna70,NA,TRUE,paddler,NA,Michael Close,Close Michael,Apalachin,NY,USA,1,T,43980,NA,NA
435980,2023,CLINTON70,Downriver,Canoe,A6,oc2stockalum,1,TRUE,44019,1556,1556,1455,47,134,1,122,susquehanna70,NA,TRUE,paddler,NA,Dalton Walley,Walley Dalton,Walton,NY,USA,NA,NA,NA,NA,NA
435980,2023,CLINTON70,Downriver,Canoe,A6,oc2stockalum,1,TRUE,44019,1556,1556,1455,47,134,1,122,susquehanna70,NA,TRUE,paddler,NA,Emma Walley,Walley Emma,Walton,NY,USA,NA,NA,NA,NA,NA
435971,2023,CLINTON70,Downriver,Unknown,G12,opentour,11,TRUE,44022,1557,1557,70,68,135,11,11,susquehanna70,NA,TRUE,paddler,NA,Lance Thomas,Thomas Lance,Oneonta,NY,USA,NA,NA,NA,Play Some Ball Here,NA
435971,2023,CLINTON70,Downriver,Unknown,G12,opentour,11,TRUE,44022,1557,1557,70,68,135,11,11,susquehanna70,NA,TRUE,paddler,NA,Alex Scorzafava,Scorzafava Alex,Oneonta,NY,USA,NA,NA,NA,Play Some Ball Here,NA
370144,2022,CLINTON70,Downriver,Canoe,R5,oc1stock,2,TRUE,44054,1558,1558,1456,31,131,2,123,susquehanna70,NA,TRUE,paddler,lewisjo01,John Lewis,Lewis John,Bainbridge,NY,USA,NA,NA,NA,NA,NA
490003,2024,CLINTON70,Downriver,Canoe,A1,oc2stockalum,3,TRUE,44229,1559,1559,1457,48,134,3,123,susquehanna70,NA,TRUE,paddler,NA,Mitch Cromer,Cromer Mitch,Newark Valley,NY,USA,NA,NA,NA,Crom-azor,NA
490003,2024,CLINTON70,Downriver,Canoe,A1,oc2stockalum,3,TRUE,44229,1559,1559,1457,48,134,3,123,susquehanna70,NA,TRUE,paddler,NA,Michael Balthazor,Balthazor Michael,Schenectady,NY,USA,NA,NA,NA,Crom-azor,NA
532327,2025,CLINTON70,Downriver,Unknown,G18,opentour,12,TRUE,44300,1560,1560,71,69,143,12,12,susquehanna70,NA,TRUE,paddler,NA,Nathaniel Gueltzau,Gueltzau Nathaniel,Burke,VA,USA,NA,NA,NA,Penguin Viking,NA
436033,2023,CLINTON70,Downriver,Canoe,R4,oc1stock,1,TRUE,44333,1561,1561,1458,32,136,1,123,susquehanna70,NA,TRUE,paddler,staubach01,Chad Staubach,Staubach Chad,Altamont,NY,USA,NA,NA,NA,Staubach,NA
247598,2018,CLINTON70,Downriver,Kayak,KL6,k1unlimited,3,TRUE,44358,1562,1562,33,33,167,3,3,susquehanna70,NA,TRUE,paddler,NA,Paul McClelland,McClelland Paul,Bridgewater,NJ,USA,1,T,44358,NA,NA
247599,2018,CLINTON70,Downriver,Kayak,KL5,k1unlimited,4,TRUE,44359,1563,1563,34,34,168,4,4,susquehanna70,NA,TRUE,paddler,NA,Hal Heifetz,Heifetz Hal,Scotch Plains,NJ,USA,1,T,44359,NA,NA
237723,2017,CLINTON70,Downriver,Canoe,G6,open,8,TRUE,44438,1564,1564,1459,53,171,8,169,susquehanna70,NA,TRUE,paddler,NA,Gerald Pondolfino,Pondolfino Gerald,Oneonta,NY,USA,1,T,44438,NA,NA
237723,2017,CLINTON70,Downriver,Canoe,G6,open,8,TRUE,44438,1564,1564,1459,53,171,8,169,susquehanna70,NA,TRUE,paddler,NA,Bo Minogue,Minogue Bo,Orchard Park,NY,USA,1,T,44438,NA,NA
256270,2019,CLINTON70,Downriver,Unknown,G109,opentour,18,TRUE,44466,1565,1565,72,70,174,18,18,susquehanna70,NA,TRUE,paddler,NA,David Avolio,Avolio David,New Berlin,NY,USA,1,T,44466,NA,NA
256270,2019,CLINTON70,Downriver,Unknown,G109,opentour,18,TRUE,44466,1565,1565,72,70,174,18,18,susquehanna70,NA,TRUE,paddler,NA,Alex Avolio,Avolio Alex,New Berlin,NY,USA,1,T,44466,NA,NA
436034,2023,CLINTON70,Downriver,Canoe,R1,oc1stock,2,TRUE,44470,1566,1566,1460,33,137,2,124,susquehanna70,NA,TRUE,paddler,NA,Mark Kogutowski,Kogutowski Mark,Grand Island,NY,USA,NA,NA,NA,Scajaquada Canoe Club,NA
217310,2015,CLINTON70,Downriver,Canoe,F3,oc2stockmix,3,TRUE,44491,1567,1567,1461,60,154,3,149,susquehanna70,NA,TRUE,paddler,NA,Jason Jordan,Jordan Jason,Franklin,NY,USA,1,T,44491,NA,NA
217310,2015,CLINTON70,Downriver,Canoe,F3,oc2stockmix,3,TRUE,44491,1567,1567,1461,60,154,3,149,susquehanna70,NA,TRUE,paddler,murphysh01,Shauna Murphy,Murphy Shauna,Franklin,NY,USA,1,T,44491,NA,NA
217305,2015,CLINTON70,Downriver,Canoe,E17,oc2stock,18,TRUE,44507,1568,1568,1462,139,155,18,150,susquehanna70,NA,TRUE,paddler,NA,Chris Ek,Ek Chris,Vienna,VA,USA,1,T,44507,NA,NA
217305,2015,CLINTON70,Downriver,Canoe,E17,oc2stock,18,TRUE,44507,1568,1568,1462,139,155,18,150,susquehanna70,NA,TRUE,paddler,NA,Doug Brooks,Brooks Doug,Washington,DC,USA,1,T,44507,NA,NA
370133,2022,CLINTON70,Downriver,Canoe,E13,oc2stock,12,TRUE,44755,1569,1569,1463,140,132,12,124,susquehanna70,NA,TRUE,paddler,loringch01,Chip Loring,Loring Chip,Old Town,ME,USA,NA,NA,NA,Team Penobscot,NA
370133,2022,CLINTON70,Downriver,Canoe,E13,oc2stock,12,TRUE,44755,1569,1569,1463,140,132,12,124,susquehanna70,NA,TRUE,paddler,wescotte01,Terry Wescott,Wescott Terry,Thorndike,ME,USA,NA,NA,NA,Team Penobscot,NA
435972,2023,CLINTON70,Downriver,Unknown,G21,opentour,12,TRUE,44816,1570,1570,73,71,138,12,12,susquehanna70,NA,TRUE,paddler,NA,Austin Longcoy,Longcoy Austin,Binghamton,NY,USA,NA,NA,NA,Get Good,NA
208127,2014,CLINTON70,Downriver,Canoe,A1,oc2stockalum,9,TRUE,44831,1571,1571,1464,49,180,9,174,susquehanna70,NA,TRUE,paddler,NA,Colin Hosely,Hosely Colin,Amherst,MA,USA,1,T,44831,NA,NA
208127,2014,CLINTON70,Downriver,Canoe,A1,oc2stockalum,9,TRUE,44831,1571,1571,1464,49,180,9,174,susquehanna70,NA,TRUE,paddler,NA,Kacy Meyers,Meyers Kacy,South Deerfield,MA,USA,1,T,44831,NA,NA
247553,2018,CLINTON70,Downriver,Canoe,A11,oc2stockalum,6,TRUE,44862,1572,1572,1465,50,169,6,165,susquehanna70,NA,TRUE,paddler,NA,William Norton,Norton William,Morris,NY,USA,1,T,44862,NA,NA
247553,2018,CLINTON70,Downriver,Canoe,A11,oc2stockalum,6,TRUE,44862,1572,1572,1465,50,169,6,165,susquehanna70,NA,TRUE,paddler,NA,Brian Norton,Norton Brian,Morris,NY,USA,1,T,44862,NA,NA
490017,2024,CLINTON70,Downriver,Canoe,E4,oc2stock,12,TRUE,44908,1573,1573,1466,141,135,12,124,susquehanna70,NA,TRUE,paddler,NA,Luke Van Der Veur,Van Der Veur Luke,Warnerville,NY,USA,NA,NA,NA,Snowin April,NA
490017,2024,CLINTON70,Downriver,Canoe,E4,oc2stock,12,TRUE,44908,1573,1573,1466,141,135,12,124,susquehanna70,NA,TRUE,paddler,NA,Donald Guest,Guest Donald,Middleburgh,NY,USA,NA,NA,NA,Snowin April,NA
435973,2023,CLINTON70,Downriver,Unknown,G17,opentour,13,TRUE,44962,1574,1574,74,72,139,13,13,susquehanna70,NA,TRUE,paddler,raceda01,Dan Race,Race Dan,Hyde Park,VT,USA,NA,NA,NA,Steve Hatfield and Sons,NA
435973,2023,CLINTON70,Downriver,Unknown,G17,opentour,13,TRUE,44962,1574,1574,74,72,139,13,13,susquehanna70,NA,TRUE,paddler,NA,Henry Race,Race Henry,Hyde Park,VT,USA,NA,NA,NA,Steve Hatfield and Sons,NA
247570,2018,CLINTON70,Downriver,Canoe,G16,opentour,14,TRUE,45005,1575,1575,1467,73,170,14,166,susquehanna70,NA,TRUE,paddler,NA,Ross Peele,Peele Ross,Sanford,NC,USA,1,T,45005,NA,NA
490027,2024,CLINTON70,Downriver,Canoe,F7,oc2stockmix,9,TRUE,45051,1576,1576,1468,61,136,9,125,susquehanna70,NA,TRUE,paddler,goocheji01,Jim Goochee,Goochee Jim,Port Allegany,PA,USA,NA,NA,NA,NA,NA
490027,2024,CLINTON70,Downriver,Canoe,F7,oc2stockmix,9,TRUE,45051,1576,1576,1468,61,136,9,125,susquehanna70,NA,TRUE,paddler,mcduffly01,Lynne McDuffie,McDuffie Lynne,Robbins,NC,USA,NA,NA,NA,NA,NA
490004,2024,CLINTON70,Downriver,Canoe,A3,oc2stockalum,4,TRUE,45105,1577,1577,1469,51,137,4,126,susquehanna70,NA,TRUE,paddler,collieto01,Todd Collier,Collier Todd,Cooperstown,NY,USA,NA,NA,NA,Luke's last year,NA
490004,2024,CLINTON70,Downriver,Canoe,A3,oc2stockalum,4,TRUE,45105,1577,1577,1469,51,137,4,126,susquehanna70,NA,TRUE,paddler,bannerlu01,Luke Banner,Banner Luke,Milford,NY,USA,NA,NA,NA,Luke's last year,NA
227234,2016,CLINTON70,Downriver,Canoe,R3,oc1stock,4,TRUE,45204,1578,1578,1470,34,177,4,160,susquehanna70,NA,TRUE,paddler,sanderne01,Neal Sanders,Sanders Neal,Johnson City,TN,USA,1,T,45204,NA,NA
435981,2023,CLINTON70,Downriver,Canoe,A3,oc2stockalum,2,TRUE,45219,1579,1579,1471,52,140,2,125,susquehanna70,NA,TRUE,paddler,collieto01,Todd Collier,Collier Todd,Cooperstown,NY,USA,NA,NA,NA,Bc,NA
435981,2023,CLINTON70,Downriver,Canoe,A3,oc2stockalum,2,TRUE,45219,1579,1579,1471,52,140,2,125,susquehanna70,NA,TRUE,paddler,bannerlu01,Luke Banner,Banner Luke,Milford,NY,USA,NA,NA,NA,Bc,NA
436035,2023,CLINTON70,Downriver,Canoe,R3,oc1stock,3,TRUE,45232,1580,1580,1472,35,141,3,126,susquehanna70,NA,TRUE,paddler,lewisjo01,John Lewis,Lewis John,Bainbridge,NY,USA,NA,NA,NA,NA,NA
247571,2018,CLINTON70,Downriver,Canoe,G3,opentour,15,TRUE,45259,1581,1581,1473,74,171,15,167,susquehanna70,NA,TRUE,paddler,NA,Jason Blanchard,Blanchard Jason,Charleta,NC,USA,1,T,45259,NA,NA
247572,2018,CLINTON70,Downriver,Canoe,G14,opentour,16,TRUE,45298,1582,1582,1474,75,172,16,168,susquehanna70,NA,TRUE,paddler,hustedwa01,Wayne Husted,Husted Wayne,Norwich,NY,USA,1,T,45298,NA,NA
208186,2014,CLINTON70,Downriver,Canoe,G27,open,20,TRUE,45315,1583,1583,1475,54,181,20,175,susquehanna70,NA,TRUE,paddler,NA,Jackie Yambor,Yambor Jackie,Franklin,NY,USA,1,T,45315,NA,NA
208186,2014,CLINTON70,Downriver,Canoe,G27,open,20,TRUE,45315,1583,1583,1475,54,181,20,175,susquehanna70,NA,TRUE,paddler,NA,Jeff Yambor,Yambor Jeff,Franklin,NY,USA,1,T,45315,NA,NA
227198,2016,CLINTON70,Downriver,Unknown,G11,open,16,TRUE,45400,1584,1584,75,55,178,16,16,susquehanna70,NA,TRUE,paddler,NA,Blake Guzy,Guzy Blake,New York,NY,USA,1,T,45400,NA,NA
227198,2016,CLINTON70,Downriver,Unknown,G11,open,16,TRUE,45400,1584,1584,75,55,178,16,16,susquehanna70,NA,TRUE,paddler,NA,Brian Guzy,Guzy Brian,New York,NY,USA,1,T,45400,NA,NA
227160,2016,CLINTON70,Downriver,Canoe,D1,oc2recmix,2,TRUE,45401,1585,1585,1476,8,179,2,161,susquehanna70,NA,TRUE,paddler,NA,Elizabeth Edington,Edington Elizabeth,Sequin,ON,CAN,1,T,45401,NA,NA
227160,2016,CLINTON70,Downriver,Canoe,D1,oc2recmix,2,TRUE,45401,1585,1585,1476,8,179,2,161,susquehanna70,NA,TRUE,paddler,NA,Lindsay Raymond,Raymond Lindsay,Macdougall,ON,CAN,1,T,45401,NA,NA
256352,2019,CLINTON70,Downriver,Kayak,KL5,k1unlimited,7,TRUE,45432,1586,1586,35,35,175,7,7,susquehanna70,NA,TRUE,paddler,NA,Danika Clair,Clair Danika,Sidney,NY,USA,1,T,45432,NA,NA
256353,2019,CLINTON70,Downriver,Kayak,KL6,k1unlimited,8,TRUE,45433,1587,1587,36,36,176,8,8,susquehanna70,NA,TRUE,paddler,NA,Nathan Sloan,Sloan Nathan,Sidney,NY,USA,1,T,45433,NA,NA
490028,2024,CLINTON70,Downriver,Canoe,F9,oc2stockmix,10,TRUE,45445,1588,1588,1477,62,138,10,127,susquehanna70,NA,TRUE,paddler,adamsje01,Jen Adams,Adams Jen,Westport Island,ME,USA,NA,NA,NA,Pickle Lovers,NA
490028,2024,CLINTON70,Downriver,Canoe,F9,oc2stockmix,10,TRUE,45445,1588,1588,1477,62,138,10,127,susquehanna70,NA,TRUE,paddler,NA,Elly Thomas,Thomas Elly,Wiscasset,ME,USA,NA,NA,NA,Pickle Lovers,NA
247573,2018,CLINTON70,Downriver,Canoe,G9,opentour,17,TRUE,45496,1589,1589,1478,76,173,17,169,susquehanna70,NA,TRUE,paddler,NA,Henry Race,Race Henry,Wolcott,VT,USA,1,T,45496,NA,NA
247573,2018,CLINTON70,Downriver,Canoe,G9,opentour,17,TRUE,45496,1589,1589,1478,76,173,17,169,susquehanna70,NA,TRUE,paddler,NA,soloman race,race soloman,NA,NA,NA,1,T,45496,NA,NA
227199,2016,CLINTON70,Downriver,Unknown,G3,open,17,TRUE,45575,1590,1590,76,56,180,17,17,susquehanna70,NA,TRUE,paddler,hustedwa01,Wayne Husted,Husted Wayne,Sherburne,NY,USA,1,T,45575,NA,NA
532328,2025,CLINTON70,Downriver,Unknown,G7,opentour,13,TRUE,45634,1591,1591,77,77,144,13,13,susquehanna70,NA,TRUE,paddler,NA,Carman Myers,Myers Carman,Cicero,NY,USA,NA,NA,NA,Team thunder,NA
532328,2025,CLINTON70,Downriver,Unknown,G7,opentour,13,TRUE,45634,1591,1591,77,77,144,13,13,susquehanna70,NA,TRUE,paddler,NA,Adrian Barber,Barber Adrian,East Greenbush ,NY,USA,NA,NA,NA,Team thunder,NA
227138,2016,CLINTON70,Downriver,Canoe,A10,oc2stockalum,9,TRUE,45663,1592,1592,1479,53,181,9,162,susquehanna70,NA,TRUE,paddler,NA,Greg Smyder,Smyder Greg,Binghamton,NY,USA,1,T,45663,NA,NA
227138,2016,CLINTON70,Downriver,Canoe,A10,oc2stockalum,9,TRUE,45663,1592,1592,1479,53,181,9,162,susquehanna70,NA,TRUE,paddler,NA,Mattt Pullano,Pullano Mattt,Endwell,NY,USA,1,T,45663,NA,NA
532329,2025,CLINTON70,Downriver,Unknown,G11,opentour,14,TRUE,45669,1593,1593,78,78,145,14,14,susquehanna70,NA,TRUE,paddler,NA,Will Rowland,Rowland Will,Cooperstown,NY,USA,NA,NA,NA,Beaver Street Boys,NA
532329,2025,CLINTON70,Downriver,Unknown,G11,opentour,14,TRUE,45669,1593,1593,78,78,145,14,14,susquehanna70,NA,TRUE,paddler,NA,Vince Valenza,Valenza Vince,Cooperstown,NY,USA,NA,NA,NA,Beaver Street Boys,NA
217322,2015,CLINTON70,Downriver,Canoe,G8,open,12,TRUE,45673,1594,1594,1480,57,156,12,151,susquehanna70,NA,TRUE,paddler,NA,Dan Mosely,Mosely Dan,Cooperstown,NY,USA,1,T,45673,NA,NA
217322,2015,CLINTON70,Downriver,Canoe,G8,open,12,TRUE,45673,1594,1594,1480,57,156,12,151,susquehanna70,NA,TRUE,paddler,NA,Luke Mosely,Mosely Luke,East Sandwich,MA,USA,1,T,45673,NA,NA
217271,2015,CLINTON70,Downriver,Canoe,A4,oc2stockalum,8,TRUE,45782,1595,1595,1481,54,157,8,152,susquehanna70,NA,TRUE,paddler,NA,Chrissy Adamo,Adamo Chrissy,Walton,NY,USA,1,T,45782,NA,NA
217271,2015,CLINTON70,Downriver,Canoe,A4,oc2stockalum,8,TRUE,45782,1595,1595,1481,54,157,8,152,susquehanna70,NA,TRUE,paddler,NA,Morgan George,George Morgan,Franklin,NY,USA,1,T,45782,NA,NA
237737,2017,CLINTON70,Downriver,Canoe,C12,oc2rec,7,TRUE,45954,1596,1596,1482,36,172,7,170,susquehanna70,NA,TRUE,paddler,dannja01,James Dann,Dann James,Endwell,NY,USA,1,T,45954,NA,NA
237737,2017,CLINTON70,Downriver,Canoe,C12,oc2rec,7,TRUE,45954,1596,1596,1482,36,172,7,170,susquehanna70,NA,TRUE,paddler,NA,Dinar Galembush,Galembush Dinar,Knox,PA,USA,1,T,45954,NA,NA
256276,2019,CLINTON70,Downriver,Canoe,A2,oc2stockalum,4,TRUE,45968,1597,1597,1483,55,177,4,151,susquehanna70,NA,TRUE,paddler,riosbe01,Benjamin Rios,Rios Benjamin,Brooklyn,NY,USA,1,T,45968,NA,NA
256276,2019,CLINTON70,Downriver,Canoe,A2,oc2stockalum,4,TRUE,45968,1597,1597,1483,55,177,4,151,susquehanna70,NA,TRUE,paddler,NA,Clara Rios,Rios Clara,Brooklyn,NY,USA,1,T,45968,NA,NA
227139,2016,CLINTON70,Downriver,Canoe,A6,oc2stockalum,10,TRUE,45983,1598,1598,1484,56,182,10,163,susquehanna70,NA,TRUE,paddler,NA,Nicholas Howell,Howell Nicholas,Brooklyn,NY,USA,1,T,45983,NA,NA
227139,2016,CLINTON70,Downriver,Canoe,A6,oc2stockalum,10,TRUE,45983,1598,1598,1484,56,182,10,163,susquehanna70,NA,TRUE,paddler,NA,Patrick Howell,Howell Patrick,Brooklyn,NY,USA,1,T,45983,NA,NA
256271,2019,CLINTON70,Downriver,Unknown,G17,opentour,19,TRUE,46315,1599,1599,79,79,178,19,19,susquehanna70,NA,TRUE,paddler,NA,Dinar Galembush,Galembush Dinar,Franklin,PA,USA,1,T,46315,NA,NA
227155,2016,CLINTON70,Downriver,Canoe,C4,oc2rec,5,TRUE,46534,1600,1600,1485,37,183,5,164,susquehanna70,NA,TRUE,paddler,NA,Girolamo Mammolito,Mammolito Girolamo,Phoenix,NY,USA,1,T,46534,NA,NA
227155,2016,CLINTON70,Downriver,Canoe,C4,oc2rec,5,TRUE,46534,1600,1600,1485,37,183,5,164,susquehanna70,NA,TRUE,paddler,NA,Paul Campbell,Campbell Paul,Hamlin,NY,USA,1,T,46534,NA,NA
489998,2024,CLINTON70,Downriver,Unknown,G2,opentour,11,TRUE,46705,1601,1601,80,80,139,11,11,susquehanna70,NA,TRUE,paddler,NA,Dan Ames,Ames Dan,Alexandria Bay,NY,USA,NA,NA,NA,Freya-G,NA
217323,2015,CLINTON70,Downriver,Canoe,G4,open,13,TRUE,46756,1602,1602,1486,58,158,13,153,susquehanna70,NA,TRUE,paddler,hustedwa01,Wayne Husted,Husted Wayne,Sherburne,NY,USA,1,T,46756,NA,NA
435974,2023,CLINTON70,Downriver,Unknown,G15,opentour,14,TRUE,46825,1603,1603,81,81,142,14,14,susquehanna70,NA,TRUE,paddler,NA,Vincent Vanmaaren,Vanmaaren Vincent,Meridale ,NY,USA,NA,NA,NA,Vincent VanMaaren,NA
208148,2014,CLINTON70,Downriver,Canoe,D2,oc2recmix,4,TRUE,46967,1604,1604,1487,9,182,4,176,susquehanna70,NA,TRUE,paddler,wolfgoca01,Carolyn Wolf-Gould,Wolf-Gould Carolyn,Oneonta,NY,USA,1,T,46967,NA,NA
217286,2015,CLINTON70,Downriver,Canoe,C1,oc2rec,4,TRUE,47030,1605,1605,1488,38,159,4,154,susquehanna70,NA,TRUE,paddler,NA,Alex Hoskins,Hoskins Alex,Sidney,NY,USA,1,T,47030,NA,NA
217286,2015,CLINTON70,Downriver,Canoe,C1,oc2rec,4,TRUE,47030,1605,1605,1488,38,159,4,154,susquehanna70,NA,TRUE,paddler,NA,E. David,David E.,Hoskins Baltimore,NY,USA,1,T,47030,NA,NA
208128,2014,CLINTON70,Downriver,Canoe,A5,oc2stockalum,10,TRUE,47110,1606,1606,1489,57,183,10,177,susquehanna70,NA,TRUE,paddler,harmanba01,Barbara Harman,Harman Barbara,Cooperstown,NY,USA,1,T,47110,NA,NA
208128,2014,CLINTON70,Downriver,Canoe,A5,oc2stockalum,10,TRUE,47110,1606,1606,1489,57,183,10,177,susquehanna70,NA,TRUE,paddler,edwardda01,David Edwards,Edwards David,Sayville,NY,USA,1,T,47110,NA,NA
435975,2023,CLINTON70,Downriver,Unknown,G26,opentour,15,TRUE,47132,1607,1607,82,82,143,15,15,susquehanna70,NA,TRUE,paddler,NA,Damian Stobierski,Stobierski Damian,Brooklyn,NY,USA,NA,NA,NA,"Shenan once, shenagain!",NA
435975,2023,CLINTON70,Downriver,Unknown,G26,opentour,15,TRUE,47132,1607,1607,82,82,143,15,15,susquehanna70,NA,TRUE,paddler,zolnielu01,Luke Zolnierowski,Zolnierowski Luke,Boulder,CO,USA,NA,NA,NA,"Shenan once, shenagain!",NA
490018,2024,CLINTON70,Downriver,Canoe,E1,oc2stock,13,TRUE,47245,1608,1608,1490,142,140,13,128,susquehanna70,NA,TRUE,paddler,wescotte01,Terry Wescott,Wescott Terry,Thorndike,ME,USA,NA,NA,NA,"Yeah,right",NA
490018,2024,CLINTON70,Downriver,Canoe,E1,oc2stock,13,TRUE,47245,1608,1608,1490,142,140,13,128,susquehanna70,NA,TRUE,paddler,mitchero01,Robert Mitchell,Mitchell Robert,Clinton Corners,NY,USA,NA,NA,NA,"Yeah,right",NA
227200,2016,CLINTON70,Downriver,Unknown,G19,open,18,TRUE,47592,1609,1609,83,59,184,18,18,susquehanna70,NA,TRUE,paddler,NA,Michael Swavola,Swavola Michael,Wayne,PA,USA,1,T,47592,NA,NA
256277,2019,CLINTON70,Downriver,Canoe,A1,oc2stockalum,5,TRUE,47689,1610,1610,1491,58,179,5,152,susquehanna70,NA,TRUE,paddler,NA,Tyler Briggs,Briggs Tyler,Albany,NY,USA,1,T,47689,NA,NA
256277,2019,CLINTON70,Downriver,Canoe,A1,oc2stockalum,5,TRUE,47689,1610,1610,1491,58,179,5,152,susquehanna70,NA,TRUE,paddler,NA,Jackie Giffune,Giffune Jackie,Albany,NY,USA,1,T,47689,NA,NA
489999,2024,CLINTON70,Downriver,Unknown,G14,opentour,12,TRUE,47740,1611,1611,84,83,141,12,12,susquehanna70,NA,TRUE,paddler,NA,Jesse Fendryk,Fendryk Jesse,Greene,NY,USA,NA,NA,NA,Maggie's Revenge,NA
489999,2024,CLINTON70,Downriver,Unknown,G14,opentour,12,TRUE,47740,1611,1611,84,83,141,12,12,susquehanna70,NA,TRUE,paddler,NA,Ben Curtis,Curtis Ben,Brooklyn ,NY,USA,NA,NA,NA,Maggie's Revenge,NA
227156,2016,CLINTON70,Downriver,Canoe,C1,oc2rec,6,TRUE,47770,1612,1612,1492,39,185,6,165,susquehanna70,NA,TRUE,paddler,NA,E. David Hoskins,Hoskins E. David,Baltimore,NY,USA,1,T,47770,NA,NA
227156,2016,CLINTON70,Downriver,Canoe,C1,oc2rec,6,TRUE,47770,1612,1612,1492,39,185,6,165,susquehanna70,NA,TRUE,paddler,NA,Thomas Hoskins,Hoskins Thomas,Sidney,NY,USA,1,T,47770,NA,NA
217324,2015,CLINTON70,Downriver,Canoe,G10,open,14,TRUE,47822,1613,1613,1493,60,160,14,155,susquehanna70,NA,TRUE,paddler,loefflha01,Hank Loeffler,Loeffler Hank,Milford,NY,USA,1,T,47822,NA,NA
217324,2015,CLINTON70,Downriver,Canoe,G10,open,14,TRUE,47822,1613,1613,1493,60,160,14,155,susquehanna70,NA,TRUE,paddler,NA,Johanna Loeffler,Loeffler Johanna,Cooperstown,NY,USA,1,T,47822,NA,NA
435976,2023,CLINTON70,Downriver,Unknown,G9,opentour,16,TRUE,47931,1614,1614,85,84,144,16,16,susquehanna70,NA,TRUE,paddler,NA,Dario Loriato,Loriato Dario,Brookline ,MA,USA,NA,NA,NA,Iron Brigade,NA
435976,2023,CLINTON70,Downriver,Unknown,G9,opentour,16,TRUE,47931,1614,1614,85,84,144,16,16,susquehanna70,NA,TRUE,paddler,fisherbu01,Buddy Fisher,Fisher Buddy,Bainbridge,NY,USA,NA,NA,NA,Iron Brigade,NA
435982,2023,CLINTON70,Downriver,Canoe,A5,oc2stockalum,3,TRUE,47978,1615,1615,1494,59,145,3,127,susquehanna70,NA,TRUE,paddler,NA,Corbin Walley,Walley Corbin,Walton,NY,USA,NA,NA,NA,NA,NA
435982,2023,CLINTON70,Downriver,Canoe,A5,oc2stockalum,3,TRUE,47978,1615,1615,1494,59,145,3,127,susquehanna70,NA,TRUE,paddler,walleybi01,Bill Walley,Walley Bill,Walton,NY,USA,NA,NA,NA,NA,NA
436003,2023,CLINTON70,Downriver,Canoe,F7,oc2stockmix,6,TRUE,48012,1616,1616,1495,63,146,6,128,susquehanna70,NA,TRUE,paddler,NA,Jf Legault,Legault Jf,Ottawa,ON,CAN,NA,NA,NA,Team Biddy,NA
436003,2023,CLINTON70,Downriver,Canoe,F7,oc2stockmix,6,TRUE,48012,1616,1616,1495,63,146,6,128,susquehanna70,NA,TRUE,paddler,davenple01,Leslie Davenport,Davenport Leslie,Arnprior,ON,CAN,NA,NA,NA,Team Biddy,NA
217287,2015,CLINTON70,Downriver,Canoe,C3,oc2rec,5,TRUE,48246,1617,1617,1496,40,161,5,156,susquehanna70,NA,TRUE,paddler,NA,Degroat Dan,Dan Degroat,Midland,VA,USA,1,T,48246,NA,NA
217287,2015,CLINTON70,Downriver,Canoe,C3,oc2rec,5,TRUE,48246,1617,1617,1496,40,161,5,156,susquehanna70,NA,TRUE,paddler,NA,Victor Cruz,Cruz Victor,Midland,VA,USA,1,T,48246,NA,NA
247546,2018,CLINTON70,Downriver,Canoe,C3,oc2rec,5,TRUE,48271,1618,1618,1497,41,174,5,170,susquehanna70,NA,TRUE,paddler,NA,Kevin Wilbur,Wilbur Kevin,NA,NA,NA,1,T,48271,NA,NA
247546,2018,CLINTON70,Downriver,Canoe,C3,oc2rec,5,TRUE,48271,1618,1618,1497,41,174,5,170,susquehanna70,NA,TRUE,paddler,NA,Zack Picnich,Picnich Zack,NA,NA,NA,1,T,48271,NA,NA
237738,2017,CLINTON70,Downriver,Canoe,C6,oc2rec,8,TRUE,48328,1619,1619,1498,42,173,8,171,susquehanna70,NA,TRUE,paddler,NA,Matthew Hoskins,Hoskins Matthew,Sidney,NY,USA,1,T,48328,NA,NA
237738,2017,CLINTON70,Downriver,Canoe,C6,oc2rec,8,TRUE,48328,1619,1619,1498,42,173,8,171,susquehanna70,NA,TRUE,paddler,NA,E. David Hoskins,Hoskins E. David,Baltimore,NY,USA,1,T,48328,NA,NA
208187,2014,CLINTON70,Downriver,Canoe,G10,open,21,TRUE,48398,1620,1620,1499,61,184,21,178,susquehanna70,NA,TRUE,paddler,NA,Shawn Kiernan,Kiernan Shawn,Swvern,MD,USA,1,T,48398,NA,NA
208188,2014,CLINTON70,Downriver,Canoe,G22,open,22,TRUE,48627,1621,1621,1500,62,185,22,179,susquehanna70,NA,TRUE,paddler,NA,Bethany Mallett,Mallett Bethany,Montpelier,VT,USA,1,T,48627,NA,NA
208188,2014,CLINTON70,Downriver,Canoe,G22,open,22,TRUE,48627,1621,1621,1500,62,185,22,179,susquehanna70,NA,TRUE,paddler,NA,Olive Race,Race Olive,Wolutt,VT,USA,1,T,48627,NA,NA
370113,2022,CLINTON70,Downriver,Unknown,G4,opentour,7,TRUE,48759,1622,1622,86,85,133,7,7,susquehanna70,NA,TRUE,paddler,lucknefr01,Francis Luckner,Luckner Francis,Corning,NY,USA,NA,NA,NA,NA,NA
370113,2022,CLINTON70,Downriver,Unknown,G4,opentour,7,TRUE,48759,1622,1622,86,85,133,7,7,susquehanna70,NA,TRUE,paddler,NA,Carrie Luckner,Luckner Carrie,Great Neck,NY,USA,NA,NA,NA,NA,NA
490034,2024,CLINTON70,Downriver,Canoe,B1,oc4stock,6,TRUE,48794,1623,1623,1501,78,142,6,129,susquehanna70,NA,TRUE,paddler,NA,Christian Vanpatten,Vanpatten Christian,Cortland ,NY,USA,NA,NA,NA,3 Generations,NA
490034,2024,CLINTON70,Downriver,Canoe,B1,oc4stock,6,TRUE,48794,1623,1623,1501,78,142,6,129,susquehanna70,NA,TRUE,paddler,gillwoan01,Anne Gill-Wood,Gill-Wood Anne,Whitesboro,NY,USA,NA,NA,NA,3 Generations,NA
490034,2024,CLINTON70,Downriver,Canoe,B1,oc4stock,6,TRUE,48794,1623,1623,1501,78,142,6,129,susquehanna70,NA,TRUE,paddler,woodro01,Robert Wood,Wood Robert,Whitesboro,NY,USA,NA,NA,NA,3 Generations,NA
247554,2018,CLINTON70,Downriver,Canoe,A12,oc2stockalum,7,TRUE,48818,1624,1624,1502,60,175,7,171,susquehanna70,NA,TRUE,paddler,NA,Laura Zellner,Zellner Laura,Parrish,FL,USA,1,T,48818,NA,NA
247554,2018,CLINTON70,Downriver,Canoe,A12,oc2stockalum,7,TRUE,48818,1624,1624,1502,60,175,7,171,susquehanna70,NA,TRUE,paddler,NA,David Zellner,Zellner David,Parrish,FL,USA,1,T,48818,NA,NA
208208,2014,CLINTON70,Downriver,Kayak,KL3,k1unlimited,7,TRUE,48851,1625,1625,37,37,186,7,7,susquehanna70,NA,TRUE,paddler,NA,Joshua Smith,Smith Joshua,Terry,MT,USA,1,T,48851,NA,NA
217325,2015,CLINTON70,Downriver,Canoe,G7,open,15,TRUE,48881,1626,1626,1503,63,162,15,157,susquehanna70,NA,TRUE,paddler,raceda01,Dan Race,Race Dan,Wolutt,VT,USA,1,T,48881,NA,NA
217325,2015,CLINTON70,Downriver,Canoe,G7,open,15,TRUE,48881,1626,1626,1503,63,162,15,157,susquehanna70,NA,TRUE,paddler,NA,Henry Race,Race Henry,Wolcott,VT,USA,1,T,48881,NA,NA
237724,2017,CLINTON70,Downriver,Canoe,G7,open,9,TRUE,48899,1627,1627,1504,64,174,9,172,susquehanna70,NA,TRUE,paddler,NA,Josh Smith,Smith Josh,TERRY,MT,USA,1,T,48899,NA,NA
217337,2015,CLINTON70,Downriver,Kayak,KL2,k1unlimited,6,TRUE,48962,1628,1628,38,38,163,6,6,susquehanna70,NA,TRUE,paddler,dannja01,James Dann,Dann James,Clarks Summit,PA,USA,1,T,48962,NA,NA
208189,2014,CLINTON70,Downriver,Canoe,G24,open,23,TRUE,48994,1629,1629,1505,65,187,23,180,susquehanna70,NA,TRUE,paddler,NA,Donald Hayes,Hayes Donald,Binghamton,NY,USA,1,T,48994,NA,NA
208189,2014,CLINTON70,Downriver,Canoe,G24,open,23,TRUE,48994,1629,1629,1505,65,187,23,180,susquehanna70,NA,TRUE,paddler,NA,Jed Rowley,Rowley Jed,Windsor,NY,USA,1,T,48994,NA,NA
217411,2015,CLINTON70,Downriver,Canoe,T17,oc2cruiser,13,TRUE,49071,1630,1630,1506,96,164,13,158,susquehanna70,NA,TRUE,paddler,deando01,Donald Dean,Dean Donald,Binghamton,NY,USA,1,T,49071,NA,NA
217411,2015,CLINTON70,Downriver,Canoe,T17,oc2cruiser,13,TRUE,49071,1630,1630,1506,96,164,13,158,susquehanna70,NA,TRUE,paddler,NA,Jack Sorell,Sorell Jack,Washington,CT,USA,1,T,49071,NA,NA
208129,2014,CLINTON70,Downriver,Canoe,A3,oc2stockalum,11,TRUE,49374,1631,1631,1507,61,188,11,181,susquehanna70,NA,TRUE,paddler,NA,Camille Arter,Arter Camille,Saugerties,NY,USA,1,T,49374,NA,NA
208129,2014,CLINTON70,Downriver,Canoe,A3,oc2stockalum,11,TRUE,49374,1631,1631,1507,61,188,11,181,susquehanna70,NA,TRUE,paddler,NA,Sara Forsythe,Forsythe Sara,Saugerties,NY,USA,1,T,49374,NA,NA
247555,2018,CLINTON70,Downriver,Canoe,A8,oc2stockalum,8,TRUE,49472,1632,1632,1508,62,176,8,172,susquehanna70,NA,TRUE,paddler,riosbe01,Benjamin Rios,Rios Benjamin,Brooklyn,NY,USA,1,T,49472,NA,NA
247555,2018,CLINTON70,Downriver,Canoe,A8,oc2stockalum,8,TRUE,49472,1632,1632,1508,62,176,8,172,susquehanna70,NA,TRUE,paddler,NA,Clara Rios,Rios Clara,Brooklyn,NY,USA,1,T,49472,NA,NA
436021,2023,CLINTON70,Downriver,Canoe,J1,oc1,3,TRUE,49947,1633,1633,1509,45,147,3,129,susquehanna70,NA,TRUE,paddler,whalanje01,Jerry Whaland,Whaland Jerry,Hubbardston,MA,USA,NA,NA,NA,Billy Goat Boats,NA
237730,2017,CLINTON70,Downriver,Canoe,A7,oc2stockalum,6,TRUE,50398,1634,1634,1510,63,175,6,173,susquehanna70,NA,TRUE,paddler,NA,Catal Breen,Breen Catal,Richmond,VA,USA,1,T,50398,NA,NA
237730,2017,CLINTON70,Downriver,Canoe,A7,oc2stockalum,6,TRUE,50398,1634,1634,1510,63,175,6,173,susquehanna70,NA,TRUE,paddler,cannonwa01,Wayne Cannon,Cannon Wayne,Richmond,VA,USA,1,T,50398,NA,NA
490005,2024,CLINTON70,Downriver,Canoe,A4,oc2stockalum,5,TRUE,50501,1635,1635,1511,64,143,5,130,susquehanna70,NA,TRUE,paddler,NA,Garrett Bavosa,Bavosa Garrett,Eastport,NY,USA,NA,NA,NA,Butternut Berserkers,NA
490005,2024,CLINTON70,Downriver,Canoe,A4,oc2stockalum,5,TRUE,50501,1635,1635,1511,64,143,5,130,susquehanna70,NA,TRUE,paddler,NA,Jason Kostuk,Kostuk Jason,Burlington Flats,NY,USA,NA,NA,NA,Butternut Berserkers,NA
237785,2017,CLINTON70,Downriver,Canoe,L14,oc1master,12,TRUE,50570,1636,1636,1512,96,176,12,174,susquehanna70,NA,TRUE,paddler,prattke01,Kelly Pratt,Pratt Kelly,Montrose,PA,USA,1,T,50570,NA,NA
435977,2023,CLINTON70,Downriver,Unknown,G11,opentour,17,TRUE,50576,1637,1637,87,86,148,17,17,susquehanna70,NA,TRUE,paddler,NA,Luke Van Der Veur,Van Der Veur Luke,Warnerville,NY,USA,NA,NA,NA,Floaters,NA
435977,2023,CLINTON70,Downriver,Unknown,G11,opentour,17,TRUE,50576,1637,1637,87,86,148,17,17,susquehanna70,NA,TRUE,paddler,NA,Donald Guest,Guest Donald,Middleburgh,NY,USA,NA,NA,NA,Floaters,NA
247547,2018,CLINTON70,Downriver,Canoe,C6,oc2rec,6,TRUE,50576,1638,1638,1513,43,177,6,173,susquehanna70,NA,TRUE,paddler,NA,Dinar Galembush,Galembush Dinar,Knox,PA,USA,1,T,50576,NA,NA
247547,2018,CLINTON70,Downriver,Canoe,C6,oc2rec,6,TRUE,50576,1638,1638,1513,43,177,6,173,susquehanna70,NA,TRUE,paddler,dannja01,James Dann,Dann James,Endwell,NY,USA,1,T,50576,NA,NA
436032,2023,CLINTON70,Downriver,Canoe,L14,oc1master,11,TRUE,50637,1639,1639,1514,97,149,11,130,susquehanna70,NA,TRUE,paddler,coddinbr01,Bruce Coddington,Coddington Bruce,Sidney,NY,USA,NA,NA,NA,NA,NA
227201,2016,CLINTON70,Downriver,Unknown,G16,open,19,TRUE,51860,1640,1640,88,66,186,19,19,susquehanna70,NA,TRUE,paddler,NA,Joshua Smith,Smith Joshua,Terry,MT,USA,1,T,51860,NA,NA
435986,2023,CLINTON70,Downriver,Canoe,D1,oc2recmix,2,TRUE,51914,1641,1641,1515,10,150,2,131,susquehanna70,NA,TRUE,paddler,NA,Devon Kane,Kane Devon,Bangor,ME,USA,NA,NA,NA,Wicked Wild Weavers,NA
435986,2023,CLINTON70,Downriver,Canoe,D1,oc2recmix,2,TRUE,51914,1641,1641,1515,10,150,2,131,susquehanna70,NA,TRUE,paddler,NA,Jessica Steele,Steele Jessica,Thorndike,ME,USA,NA,NA,NA,Wicked Wild Weavers,NA
435978,2023,CLINTON70,Downriver,Unknown,G7,opentour,18,TRUE,51941,1642,1642,89,87,151,18,18,susquehanna70,NA,TRUE,paddler,NA,David Mellor,Mellor David,Schenevus,NY,USA,NA,NA,NA,Mellor,NA
490000,2024,CLINTON70,Downriver,Unknown,G7,opentour,13,TRUE,52929,1643,1643,90,88,144,13,13,susquehanna70,NA,TRUE,paddler,NA,David Mellor,Mellor David,Schenevus,NY,USA,NA,NA,NA,Paddle Powerhouse,NA
490000,2024,CLINTON70,Downriver,Unknown,G7,opentour,13,TRUE,52929,1643,1643,90,88,144,13,13,susquehanna70,NA,TRUE,paddler,NA,Mark Borthwick,Borthwick Mark,Fleetwood ,PA,USA,NA,NA,NA,Paddle Powerhouse,NA
247556,2018,CLINTON70,Downriver,Canoe,A1,oc2stockalum,9,TRUE,52967,1644,1644,1516,65,178,9,174,susquehanna70,NA,TRUE,paddler,NA,Brett Davenport,Davenport Brett,Auburn,NY,USA,1,T,52967,NA,NA
247556,2018,CLINTON70,Downriver,Canoe,A1,oc2stockalum,9,TRUE,52967,1644,1644,1516,65,178,9,174,susquehanna70,NA,TRUE,paddler,NA,Christopher Mee,Mee Christopher,Palm Beach Gardens,FL,USA,1,T,52967,NA,NA
435979,2023,CLINTON70,Downriver,Unknown,G13,opentour,19,TRUE,59460,1645,1645,91,89,152,19,19,susquehanna70,NA,TRUE,paddler,NA,Clifford Ehmke,Ehmke Clifford,Ithaca,NY,USA,NA,NA,NA,Ehmke Brothers,NA
435979,2023,CLINTON70,Downriver,Unknown,G13,opentour,19,TRUE,59460,1645,1645,91,89,152,19,19,susquehanna70,NA,TRUE,paddler,NA,James Ehmke,Ehmke James,Binghamton,NY,USA,NA,NA,NA,Ehmke Brothers,NA
227338,2016,CLINTON70,Downriver,Canoe,P4,oc2pro,NA,TRUE,0,1646,1646,1517,429,187,44,166,susquehanna70,Mens Under 50,TRUE,paddler,litcheja01,Jason Litchenberger,Litchenberger Jason,Athol,MA,USA,NA,NA,NA,NA,DNF
227338,2016,CLINTON70,Downriver,Canoe,P4,oc2pro,NA,TRUE,0,1646,1646,1517,429,187,44,166,susquehanna70,Mens Under 50,TRUE,paddler,kingma01,Matt King,King Matt,Athol,MA,USA,NA,NA,NA,NA,DNF
227339,2016,CLINTON70,Downriver,Canoe,P19,oc2pro,NA,TRUE,0,1647,1647,1518,430,188,45,167,susquehanna70,Mens Under 50,TRUE,paddler,sheldojo01,Josh Sheldon,Sheldon Josh,Grayling,MI,USA,NA,NA,NA,NA,DNF
227339,2016,CLINTON70,Downriver,Canoe,P19,oc2pro,NA,TRUE,0,1647,1647,1518,430,188,45,167,susquehanna70,Mens Under 50,TRUE,paddler,halstery01,Ryan Halstead,Halstead Ryan,Grayling,MI,USA,NA,NA,NA,NA,DNF
227340,2016,CLINTON70,Downriver,Canoe,P39,oc2pro,NA,TRUE,0,1648,1648,1519,431,189,46,168,susquehanna70,Mens 50 & Over,TRUE,paddler,limberal01,Allen Limberg,Limberg Allen,Wausau,WI,USA,NA,NA,NA,NA,DNF
227340,2016,CLINTON70,Downriver,Canoe,P39,oc2pro,NA,TRUE,0,1648,1648,1519,431,189,46,168,susquehanna70,Mens 50 & Over,TRUE,paddler,mannsjo01,Joe Manns,Manns Joe,Maplewood,MN,USA,NA,NA,NA,NA,DNF
227341,2016,CLINTON70,Downriver,Canoe,P37,oc2pro,NA,TRUE,0,1649,1649,1520,432,190,47,169,susquehanna70,Mens Under 50,TRUE,paddler,landicco01,Connor Landick,Landick Connor,Marquette,MI,USA,NA,NA,NA,NA,DNS
227341,2016,CLINTON70,Downriver,Canoe,P37,oc2pro,NA,TRUE,0,1649,1649,1520,432,190,47,169,susquehanna70,Mens Under 50,TRUE,paddler,landicst01,Steve Landick,Landick Steve,Marquette,MI,USA,NA,NA,NA,NA,DNS
256272,2019,CLINTON70,Downriver,Unknown,G16,opentour,NA,TRUE,0,1650,1650,92,90,180,20,20,susquehanna70,NA,TRUE,paddler,dannja01,Jim Dann,Dann Jim,Endwell,NY,USA,NA,NA,NA,NA,DNF
256278,2019,CLINTON70,Downriver,Canoe,A5,oc2stockalum,NA,TRUE,0,1651,1651,1521,66,181,6,153,susquehanna70,NA,TRUE,paddler,NA,Morgan George,George Morgan,Sidney Center,NY,USA,NA,NA,NA,NA,DNF
256278,2019,CLINTON70,Downriver,Canoe,A5,oc2stockalum,NA,TRUE,0,1651,1651,1521,66,181,6,153,susquehanna70,NA,TRUE,paddler,NA,Chrissy Adamo,Adamo Chrissy,Walton,NY,USA,NA,NA,NA,NA,DNF
256285,2019,CLINTON70,Downriver,Canoe,D3,oc2recmix,NA,TRUE,0,1652,1652,1522,11,182,2,154,susquehanna70,NA,TRUE,paddler,deando01,Donald Dean,Dean Donald,Binghamton,NY,USA,NA,NA,NA,NA,NA
256285,2019,CLINTON70,Downriver,Canoe,D3,oc2recmix,NA,TRUE,0,1652,1652,1522,11,182,2,154,susquehanna70,NA,TRUE,paddler,NA,Jenny Cordis,Cordis Jenny,Binghamton,NY,USA,NA,NA,NA,NA,NA
208162,2014,CLINTON70,Downriver,Canoe,E8,oc2stock,NA,TRUE,0,1653,1653,1523,143,189,14,182,susquehanna70,NA,TRUE,paddler,NA,Alan Haight,Haight Alan,Manlius,NY,USA,NA,NA,NA,NA,DNS
208162,2014,CLINTON70,Downriver,Canoe,E8,oc2stock,NA,TRUE,0,1653,1653,1523,143,189,14,182,susquehanna70,NA,TRUE,paddler,NA,Russ Haight,Haight Russ,Manlius,NY,USA,NA,NA,NA,NA,DNS
208163,2014,CLINTON70,Downriver,Canoe,E15,oc2stock,NA,TRUE,0,1654,1654,1524,144,190,15,183,susquehanna70,NA,TRUE,paddler,gergke01,Ken Gerg,Gerg Ken,Emporium,PA,USA,NA,NA,NA,NA,DNS
208163,2014,CLINTON70,Downriver,Canoe,E15,oc2stock,NA,TRUE,0,1654,1654,1524,144,190,15,183,susquehanna70,NA,TRUE,paddler,youngla01,Laverne Young,Young Laverne,Niceville,FL,USA,NA,NA,NA,NA,DNS
217387,2015,CLINTON70,Downriver,Canoe,R1,oc1stock,NA,TRUE,0,1655,1655,1525,36,165,4,159,susquehanna70,NA,TRUE,paddler,bealejo01,John Beale III,Beale III John,Franklin,VA,USA,NA,NA,NA,NA,DNS
256306,2019,CLINTON70,Downriver,Canoe,E12,oc2stock,NA,TRUE,0,1656,1656,1526,145,183,21,155,susquehanna70,NA,TRUE,paddler,NA,Gary McClain,McClain Gary,Ballston Spa,NY,USA,NA,NA,NA,NA,DNF
256306,2019,CLINTON70,Downriver,Canoe,E12,oc2stock,NA,TRUE,0,1656,1656,1526,145,183,21,155,susquehanna70,NA,TRUE,paddler,burtonst01,Stephen Burton,Burton Stephen,Glenville,NY,USA,NA,NA,NA,NA,DNF
217397,2015,CLINTON70,Downriver,Canoe,S1,oc1pro,NA,TRUE,0,1657,1657,1527,71,166,10,160,susquehanna70,NA,TRUE,paddler,packarmi01,Mike Packard,Packard Mike,Oneonta,NY,USA,NA,NA,NA,NA,DNF
217398,2015,CLINTON70,Downriver,Canoe,S4,oc1pro,NA,TRUE,0,1658,1658,1528,72,167,11,161,susquehanna70,NA,TRUE,paddler,NA,Joeseph Roman,Roman Joeseph,Royal Oak,MI,USA,NA,NA,NA,NA,DNS
208190,2014,CLINTON70,Downriver,Canoe,G1,open,NA,TRUE,0,1659,1659,1529,67,191,24,184,susquehanna70,NA,TRUE,paddler,NA,Sean Charette,Charette Sean,Afton,NY,USA,NA,NA,NA,NA,DNS
208190,2014,CLINTON70,Downriver,Canoe,G1,open,NA,TRUE,0,1659,1659,1529,67,191,24,184,susquehanna70,NA,TRUE,paddler,NA,Vincent Buss,Buss Vincent,Bainbridge,NY,USA,NA,NA,NA,NA,DNS
208191,2014,CLINTON70,Downriver,Canoe,G16,open,NA,TRUE,0,1660,1660,1530,68,192,25,185,susquehanna70,NA,TRUE,paddler,NA,Scott Thiele,Thiele Scott,Binghamton,NY,USA,NA,NA,NA,NA,DNS
208192,2014,CLINTON70,Downriver,Canoe,G17,open,NA,TRUE,0,1661,1661,1531,69,193,26,186,susquehanna70,NA,TRUE,paddler,NA,Adrianne Blocklin,Blocklin Adrianne,Baltimore,MD,USA,NA,NA,NA,NA,DNS
208192,2014,CLINTON70,Downriver,Canoe,G17,open,NA,TRUE,0,1661,1661,1531,69,193,26,186,susquehanna70,NA,TRUE,paddler,NA,Nicholas Blocklin,Blocklin Nicholas,Troy,NY,USA,NA,NA,NA,NA,DNS
217412,2015,CLINTON70,Downriver,Canoe,T5,oc2cruiser,NA,TRUE,0,1662,1662,1532,97,168,14,162,susquehanna70,NA,TRUE,paddler,gallaner01,Eric Gallandt,Gallandt Eric,Orono,ME,USA,NA,NA,NA,NA,DNF
217412,2015,CLINTON70,Downriver,Canoe,T5,oc2cruiser,NA,TRUE,0,1662,1662,1532,97,168,14,162,susquehanna70,NA,TRUE,paddler,owenje01,Jeff Owen,Owen Jeff,Orono,ME,USA,NA,NA,NA,NA,DNF
217413,2015,CLINTON70,Downriver,Canoe,T1,oc2cruiser,NA,TRUE,0,1663,1663,1533,98,169,15,163,susquehanna70,NA,TRUE,paddler,NA,Jeff Kuhn,Kuhn Jeff,Alexandria,VA,USA,NA,NA,NA,NA,DNS
217413,2015,CLINTON70,Downriver,Canoe,T1,oc2cruiser,NA,TRUE,0,1663,1663,1533,98,169,15,163,susquehanna70,NA,TRUE,paddler,NA,Phillip Rogers,Rogers Phillip,Arlington,VA,USA,NA,NA,NA,NA,DNS
208201,2014,CLINTON70,Downriver,Canoe,J8,oc1,NA,TRUE,0,1664,1664,1534,46,194,9,187,susquehanna70,NA,TRUE,paddler,burtonst01,Stephen Burton,Burton Stephen,Scotia,NY,USA,NA,NA,NA,NA,DNS
227157,2016,CLINTON70,Downriver,Canoe,C5,oc2rec,NA,TRUE,0,1665,1665,1535,44,191,7,170,susquehanna70,NA,TRUE,paddler,NA,John Bugyi,Bugyi John,New Lisbon,NY,USA,NA,NA,NA,NA,DNF
227157,2016,CLINTON70,Downriver,Canoe,C5,oc2rec,NA,TRUE,0,1665,1665,1535,44,191,7,170,susquehanna70,NA,TRUE,paddler,NA,Mike Silicato,Silicato Mike,Garrattsville,NY,USA,NA,NA,NA,NA,DNF
227158,2016,CLINTON70,Downriver,Canoe,C7,oc2rec,NA,TRUE,0,1666,1666,1536,45,192,8,171,susquehanna70,NA,TRUE,paddler,NA,Andy Race,Race Andy,Syracuse,NY,USA,NA,NA,NA,NA,DNF
227158,2016,CLINTON70,Downriver,Canoe,C7,oc2rec,NA,TRUE,0,1666,1666,1536,45,192,8,171,susquehanna70,NA,TRUE,paddler,NA,Joshua Race,Race Joshua,Syracuse,NY,USA,NA,NA,NA,NA,DNF
208224,2014,CLINTON70,Downriver,Canoe,L5,oc1master,NA,TRUE,0,1667,1667,1537,98,195,16,188,susquehanna70,NA,TRUE,paddler,lancasja01,Jay Lancaster,Lancaster Jay,Darlington,WI,USA,NA,NA,NA,NA,DNF
208225,2014,CLINTON70,Downriver,Canoe,L9,oc1master,NA,TRUE,0,1668,1668,1538,99,196,17,189,susquehanna70,NA,TRUE,paddler,winterma01,Mark Winter,Winter Mark,Bloomingdale,NY,USA,NA,NA,NA,NA,DNF
208226,2014,CLINTON70,Downriver,Canoe,L1,oc1master,NA,TRUE,0,1669,1669,1539,100,197,18,190,susquehanna70,NA,TRUE,paddler,pylegr01,Greg Pyle,Pyle Greg,Bedford,PA,USA,NA,NA,NA,NA,DNS
227175,2016,CLINTON70,Downriver,Canoe,E4,oc2stock,NA,TRUE,0,1670,1670,1540,146,193,15,172,susquehanna70,NA,TRUE,paddler,harrisjo01,John Harrison,Harrison John,Oneonta,NY,USA,NA,NA,NA,NA,DNF
227175,2016,CLINTON70,Downriver,Canoe,E4,oc2stock,NA,TRUE,0,1670,1670,1540,146,193,15,172,susquehanna70,NA,TRUE,paddler,maierjo01,John Maier,Maier John,Otego,NY,USA,NA,NA,NA,NA,DNF
227176,2016,CLINTON70,Downriver,Canoe,E10,oc2stock,NA,TRUE,0,1671,1671,1541,147,194,16,173,susquehanna70,NA,TRUE,paddler,jesterbr01,Brian Jester,Jester Brian,Vestal,NY,USA,NA,NA,NA,NA,DNS
227176,2016,CLINTON70,Downriver,Canoe,E10,oc2stock,NA,TRUE,0,1671,1671,1541,147,194,16,173,susquehanna70,NA,TRUE,paddler,eichlest01,Steve Eichler,Eichler Steve,Oneonta,NY,USA,NA,NA,NA,NA,DNS
227177,2016,CLINTON70,Downriver,Canoe,E18,oc2stock,NA,TRUE,0,1672,1672,1542,148,195,17,174,susquehanna70,NA,TRUE,paddler,coddinbr01,Bruce Coddington,Coddington Bruce,Sidney,NY,USA,NA,NA,NA,NA,DNS
227177,2016,CLINTON70,Downriver,Canoe,E18,oc2stock,NA,TRUE,0,1672,1672,1542,148,195,17,174,susquehanna70,NA,TRUE,paddler,koptama01,Mark Kopta,Kopta Mark,Clymer,NY,USA,NA,NA,NA,NA,DNS
256371,2019,CLINTON70,Downriver,Canoe,T3,oc2cruiser,NA,TRUE,0,1673,1673,1543,99,184,12,156,susquehanna70,NA,TRUE,paddler,thielra01,Ray Thiel,Thiel Ray,Voluntown,CT,USA,NA,NA,NA,NA,DNF
256371,2019,CLINTON70,Downriver,Canoe,T3,oc2cruiser,NA,TRUE,0,1673,1673,1543,99,184,12,156,susquehanna70,NA,TRUE,paddler,kenyonte01,Ted Kenyon,Kenyon Ted,Montville,CT,USA,NA,NA,NA,NA,DNF
256372,2019,CLINTON70,Downriver,Canoe,T16,oc2cruiser,NA,TRUE,0,1674,1674,1544,100,185,13,157,susquehanna70,NA,TRUE,paddler,koptafr01,Fran Kopta,Kopta Fran,Sherman,NY,USA,NA,NA,NA,NA,DNF
256372,2019,CLINTON70,Downriver,Canoe,T16,oc2cruiser,NA,TRUE,0,1674,1674,1544,100,185,13,157,susquehanna70,NA,TRUE,paddler,koptama01,Mark Kopta,Kopta Mark,Clymer,NY,USA,NA,NA,NA,NA,DNF
227202,2016,CLINTON70,Downriver,Unknown,G5,open,NA,TRUE,0,1675,1675,93,70,196,20,20,susquehanna70,NA,TRUE,paddler,NA,Eric Desbonner,Desbonner Eric,Milford,NY,USA,NA,NA,NA,NA,DNF
208259,2014,CLINTON70,Downriver,Canoe,P24,oc2pro,NA,TRUE,0,1676,1676,1545,433,198,33,191,susquehanna70,Mixed,TRUE,paddler,rossem01,Emma Ross,Ross Emma,Orange,MA,USA,NA,NA,NA,NA,DNF
208259,2014,CLINTON70,Downriver,Canoe,P24,oc2pro,NA,TRUE,0,1676,1676,1545,433,198,33,191,susquehanna70,Mixed,TRUE,paddler,ellswoth01,Thomas Ellsworth,Ellsworth Thomas,Orange,MA,USA,NA,NA,NA,NA,DNF
227203,2016,CLINTON70,Downriver,Unknown,G13,open,NA,TRUE,0,1677,1677,94,71,197,21,21,susquehanna70,NA,TRUE,paddler,NA,Molly Hatfield,Hatfield Molly,Wolutt,VT,USA,NA,NA,NA,NA,DNF
227203,2016,CLINTON70,Downriver,Unknown,G13,open,NA,TRUE,0,1677,1677,94,71,197,21,21,susquehanna70,NA,TRUE,paddler,hatfiest01,Steve Hatfield,Hatfield Steve,Schenevus,NY,USA,NA,NA,NA,NA,DNF
208260,2014,CLINTON70,Downriver,Canoe,P3,oc2pro,NA,TRUE,0,1678,1678,1546,434,199,34,192,susquehanna70,Mens Under 50,TRUE,paddler,NA,Sawyer Harris,Harris Sawyer,Traverse City,MI,USA,NA,NA,NA,NA,DNF
208260,2014,CLINTON70,Downriver,Canoe,P3,oc2pro,NA,TRUE,0,1678,1678,1546,434,199,34,192,susquehanna70,Mens Under 50,TRUE,paddler,brabanse01,Sean Brabant,Brabant Sean,Kalamazoo,MI,USA,NA,NA,NA,NA,DNF
227204,2016,CLINTON70,Downriver,Unknown,G20,open,NA,TRUE,0,1679,1679,95,72,198,22,22,susquehanna70,NA,TRUE,paddler,NA,Janice Whaley,Whaley Janice,Wesley Chapel,FL,USA,NA,NA,NA,NA,DNF
208261,2014,CLINTON70,Downriver,Canoe,P31,oc2pro,NA,TRUE,0,1680,1680,1547,435,200,35,193,susquehanna70,Mens 50 & Over,TRUE,paddler,lepagest01,Steve Lepage,Lepage Steve,St Georges De Champlain,QC,CAN,NA,NA,NA,NA,DNS
208261,2014,CLINTON70,Downriver,Canoe,P31,oc2pro,NA,TRUE,0,1680,1680,1547,435,200,35,193,susquehanna70,Mens 50 & Over,TRUE,paddler,NA,Yves Prouix,Prouix Yves,Shawinigan-Sud,QC,CAN,NA,NA,NA,NA,DNS
227205,2016,CLINTON70,Downriver,Unknown,G21,open,NA,TRUE,0,1681,1681,96,73,199,23,23,susquehanna70,NA,TRUE,paddler,NA,Chris Boushier,Boushier Chris,Hume,VA,USA,NA,NA,NA,NA,DNF
227205,2016,CLINTON70,Downriver,Unknown,G21,open,NA,TRUE,0,1681,1681,96,73,199,23,23,susquehanna70,NA,TRUE,paddler,dannja01,James Dann,Dann James,Endwell,NY,USA,NA,NA,NA,NA,DNF
227209,2016,CLINTON70,Downriver,Canoe,J5,oc1,NA,TRUE,0,1682,1682,1548,47,200,4,175,susquehanna70,NA,TRUE,paddler,whalanje01,Jerry Whaland,Whaland Jerry,Hubbardston,MA,USA,NA,NA,NA,NA,DNF
227210,2016,CLINTON70,Downriver,Canoe,J2,oc1,NA,TRUE,0,1683,1683,1549,48,201,5,176,susquehanna70,NA,TRUE,paddler,burtonst01,Stephen Burton,Burton Stephen,Scotia,NY,USA,NA,NA,NA,NA,DNS
227213,2016,CLINTON70,Downriver,Kayak,KL1,k1unlimited,NA,TRUE,0,1684,1684,39,39,202,3,3,susquehanna70,NA,TRUE,paddler,NA,Michael Hildebrandt,Hildebrandt Michael,Sayre,PA,USA,NA,NA,NA,NA,DNF
227214,2016,CLINTON70,Downriver,Kayak,KL2,k1unlimited,NA,TRUE,0,1685,1685,40,40,203,4,4,susquehanna70,NA,TRUE,paddler,NA,Rachel Sason,Sason Rachel,Franklin,NY,USA,NA,NA,NA,NA,DNF
227215,2016,CLINTON70,Downriver,Kayak,KL3,k1unlimited,NA,TRUE,0,1686,1686,41,41,204,5,5,susquehanna70,NA,TRUE,paddler,NA,Kathryn Dailey,Dailey Kathryn,Oneonta,NY,USA,NA,NA,NA,NA,DNF
208276,2014,CLINTON70,Downriver,Canoe,S5,oc1pro,NA,TRUE,0,1687,1687,1550,73,201,7,194,susquehanna70,NA,TRUE,paddler,arenzde01,Devin Arenz,Arenz Devin,St Paul,MN,USA,NA,NA,NA,NA,DNS
227229,2016,CLINTON70,Downriver,Canoe,L10,oc1master,NA,TRUE,0,1688,1688,1551,101,205,14,177,susquehanna70,NA,TRUE,paddler,daldegvi01,Vick Daldegan,Daldegan Vick,Worcester,NY,USA,NA,NA,NA,NA,DNF
227230,2016,CLINTON70,Downriver,Canoe,L12,oc1master,NA,TRUE,0,1689,1689,1552,102,206,15,178,susquehanna70,NA,TRUE,paddler,hindleni01,Nick Hindley,Hindley Nick,Honesdale,PA,USA,NA,NA,NA,NA,DNS
227235,2016,CLINTON70,Downriver,Canoe,R2,oc1stock,NA,TRUE,0,1690,1690,1553,37,207,5,179,susquehanna70,NA,TRUE,paddler,lomasnjo01,John Lomasney,Lomasney John,Apalachin,NY,USA,NA,NA,NA,NA,DNS
227242,2016,CLINTON70,Downriver,Canoe,S3,oc1pro,NA,TRUE,0,1691,1691,1554,74,208,7,180,susquehanna70,NA,TRUE,paddler,youngjo01,John Young,Young John,Portlandville,NY,USA,NA,NA,NA,NA,DNF
227243,2016,CLINTON70,Downriver,Canoe,S6,oc1pro,NA,TRUE,0,1692,1692,1555,75,209,8,181,susquehanna70,NA,TRUE,paddler,runyonjo01,Jody Runyon,Runyon Jody,Tamaroa,IL,USA,NA,NA,NA,NA,DNF
227244,2016,CLINTON70,Downriver,Canoe,S1,oc1pro,NA,TRUE,0,1693,1693,1556,76,210,9,182,susquehanna70,NA,TRUE,paddler,blaisfr01,Frederic Blais,Blais Frederic,Shawinigan,QC,CAN,NA,NA,NA,NA,DNS
256432,2019,CLINTON70,Downriver,Canoe,P39,oc2pro,NA,TRUE,0,1694,1694,1557,436,186,42,158,susquehanna70,NA,TRUE,paddler,NA,Allan Rudquist,Rudquist Allan,Grand Rapids,MN,USA,NA,NA,NA,NA,DNF
256432,2019,CLINTON70,Downriver,Canoe,P39,oc2pro,NA,TRUE,0,1694,1694,1557,436,186,42,158,susquehanna70,NA,TRUE,paddler,NA,Michael Fries,Fries Michael,Westernville,NY,USA,NA,NA,NA,NA,DNF
217272,2015,CLINTON70,Downriver,Canoe,A1,oc2stockalum,NA,TRUE,0,1695,1695,1558,67,170,9,164,susquehanna70,NA,TRUE,paddler,NA,Nicholas Howell,Howell Nicholas,Brooklyn,NY,USA,NA,NA,NA,NA,DNS
217272,2015,CLINTON70,Downriver,Canoe,A1,oc2stockalum,NA,TRUE,0,1695,1695,1558,67,170,9,164,susquehanna70,NA,TRUE,paddler,NA,Patrick Howell,Howell Patrick,Brooklyn,NY,USA,NA,NA,NA,NA,DNS
227289,2016,CLINTON70,Downriver,Canoe,X1,oc2cruisermix,NA,TRUE,0,1696,1696,1559,126,211,18,183,susquehanna70,NA,TRUE,paddler,perrinja01,Jan Perrin,Perrin Jan,Janesville,WI,USA,NA,NA,NA,NA,DNF
227289,2016,CLINTON70,Downriver,Canoe,X1,oc2cruisermix,NA,TRUE,0,1696,1696,1559,126,211,18,183,susquehanna70,NA,TRUE,paddler,cramerto01,Tommy Cramer,Cramer Tommy,Rock Rapids,IA,USA,NA,NA,NA,NA,DNF
217306,2015,CLINTON70,Downriver,Canoe,E14,oc2stock,NA,TRUE,0,1697,1697,1560,149,171,19,165,susquehanna70,NA,TRUE,paddler,NA,Charles Newcomb,Newcomb Charles,Malone,NY,USA,NA,NA,NA,NA,DNF
217306,2015,CLINTON70,Downriver,Canoe,E14,oc2stock,NA,TRUE,0,1697,1697,1560,149,171,19,165,susquehanna70,NA,TRUE,paddler,selkirch01,Chris Selkirk,Selkirk Chris,Mechanicville,NY,USA,NA,NA,NA,NA,DNF
227290,2016,CLINTON70,Downriver,Canoe,X14,oc2cruisermix,NA,TRUE,0,1698,1698,1561,127,212,19,184,susquehanna70,NA,TRUE,paddler,mcnameka01,Kathleen McNamee,McNamee Kathleen,Arlington,VA,USA,NA,NA,NA,NA,DNS
227290,2016,CLINTON70,Downriver,Canoe,X14,oc2cruisermix,NA,TRUE,0,1698,1698,1561,127,212,19,184,susquehanna70,NA,TRUE,paddler,rhodeswi01,William Rhodes,Rhodes William,Columbia,MD,USA,NA,NA,NA,NA,DNS
217307,2015,CLINTON70,Downriver,Canoe,E10,oc2stock,NA,TRUE,0,1699,1699,1562,150,172,20,166,susquehanna70,NA,TRUE,paddler,keanmi01,Michael Kean,Kean Michael,Rome,NY,USA,NA,NA,NA,NA,DNS
217307,2015,CLINTON70,Downriver,Canoe,E10,oc2stock,NA,TRUE,0,1699,1699,1562,150,172,20,166,susquehanna70,NA,TRUE,paddler,NA,Michael Pocchairi,Pocchairi Michael,Ava,NY,USA,NA,NA,NA,NA,DNS
217326,2015,CLINTON70,Downriver,Canoe,G6,open,NA,TRUE,0,1700,1700,1563,74,173,16,167,susquehanna70,NA,TRUE,paddler,NA,Steven Marks,Marks Steven,Bloomsburg,PA,USA,NA,NA,NA,NA,DNS
217327,2015,CLINTON70,Downriver,Canoe,G9,open,NA,TRUE,0,1701,1701,1564,75,174,17,168,susquehanna70,NA,TRUE,paddler,mcduffly01,Lynne McDuffie,McDuffie Lynne,Robbins,NC,USA,NA,NA,NA,NA,DNS
217327,2015,CLINTON70,Downriver,Canoe,G9,open,NA,TRUE,0,1701,1701,1564,75,174,17,168,susquehanna70,NA,TRUE,paddler,mcduffwi01,William McDuffie,McDuffie William,Robbins,NC,USA,NA,NA,NA,NA,DNS
217338,2015,CLINTON70,Downriver,Kayak,KL3,k1unlimited,NA,TRUE,0,1702,1702,42,42,175,7,7,susquehanna70,NA,TRUE,paddler,phillija01,Jim Phillips,Phillips Jim,Bergen,NY,USA,NA,NA,NA,NA,DNS
217339,2015,CLINTON70,Downriver,Kayak,KL5,k1unlimited,NA,TRUE,0,1703,1703,43,43,176,8,8,susquehanna70,NA,TRUE,paddler,NA,Peter Mahunik,Mahunik Peter,Homer,NY,USA,NA,NA,NA,NA,DNS
